{
  "type": "Feature",
  "properties": {
    "source": "BRouter trekking",
    "coordinateHash": "ba7f8f952a90708d0ee78062cd8fc9fb1d9744719105b9a99a2abb857847acb1",
    "simplificationToleranceM": 25,
    "vertexCount": 13024
  },
  "geometry": {
    "type": "LineString",
    "coordinates": [
      [
        19.936805,
        50.061873,
        210.5
      ],
      [
        19.941264,
        50.06025,
        207.75
      ],
      [
        19.940396,
        50.058975,
        206.75
      ],
      [
        19.939196,
        50.054786,
        205.0
      ],
      [
        19.938308,
        50.054509,
        207.0
      ],
      [
        19.938431,
        50.053887,
        204.75
      ],
      [
        19.93447,
        50.05224,
        206.0
      ],
      [
        19.935652,
        50.050448,
        205.75
      ],
      [
        19.936132,
        50.050522,
        205.0
      ],
      [
        19.936381,
        50.050123,
        205.0
      ],
      [
        19.922171,
        50.045406,
        203.25
      ],
      [
        19.923036,
        50.043812,
        204.0
      ],
      [
        19.919935,
        50.04188,
        204.0
      ],
      [
        19.91768,
        50.041233,
        205.5
      ],
      [
        19.91746,
        50.039631,
        210.0
      ],
      [
        19.916035,
        50.038637,
        209.0
      ],
      [
        19.9136,
        50.035758,
        215.0
      ],
      [
        19.911535,
        50.03202,
        216.25
      ],
      [
        19.912606,
        50.030013,
        214.0
      ],
      [
        19.903151,
        50.026026,
        215.25
      ],
      [
        19.900543,
        50.022976,
        217.25
      ],
      [
        19.895139,
        50.018593,
        227.5
      ],
      [
        19.890037,
        50.018186,
        230.25
      ],
      [
        19.8889,
        50.017503,
        230.75
      ],
      [
        19.879432,
        50.016279,
        224.75
      ],
      [
        19.874171,
        50.016059,
        229.0
      ],
      [
        19.874082,
        50.01036,
        236.25
      ],
      [
        19.873743,
        50.009582,
        241.0
      ],
      [
        19.871628,
        50.008065,
        250.75
      ],
      [
        19.871,
        50.005396,
        249.75
      ],
      [
        19.868705,
        50.003971,
        236.5
      ],
      [
        19.869319,
        50.003362,
        230.75
      ],
      [
        19.866434,
        50.000589,
        221.0
      ],
      [
        19.856059,
        49.997541,
        220.0
      ],
      [
        19.852036,
        49.995417,
        214.5
      ],
      [
        19.853604,
        49.993216,
        215.0
      ],
      [
        19.853186,
        49.992682,
        215.25
      ],
      [
        19.850109,
        49.991931,
        216.0
      ],
      [
        19.849482,
        49.992145,
        216.0
      ],
      [
        19.848136,
        49.991134,
        219.75
      ],
      [
        19.847525,
        49.991664,
        217.75
      ],
      [
        19.84621,
        49.991816,
        219.25
      ],
      [
        19.833707,
        49.988889,
        229.0
      ],
      [
        19.833602,
        49.985275,
        218.75
      ],
      [
        19.834675,
        49.984323,
        217.75
      ],
      [
        19.835129,
        49.980845,
        219.75
      ],
      [
        19.836703,
        49.981816,
        220.25
      ],
      [
        19.832879,
        49.977084,
        219.5
      ],
      [
        19.831168,
        49.97634,
        221.0
      ],
      [
        19.829358,
        49.976146,
        218.5
      ],
      [
        19.828771,
        49.975131,
        219.0
      ],
      [
        19.82603,
        49.97561,
        214.75
      ],
      [
        19.822511,
        49.969097,
        218.0
      ],
      [
        19.818568,
        49.965769,
        216.5
      ],
      [
        19.815115,
        49.959059,
        223.25
      ],
      [
        19.8151,
        49.95316,
        218.5
      ],
      [
        19.81156,
        49.949187,
        218.5
      ],
      [
        19.811825,
        49.948059,
        218.0
      ],
      [
        19.810959,
        49.944678,
        217.75
      ],
      [
        19.811637,
        49.942196,
        219.5
      ],
      [
        19.809136,
        49.939622,
        219.75
      ],
      [
        19.810821,
        49.938057,
        221.75
      ],
      [
        19.810747,
        49.937444,
        220.25
      ],
      [
        19.808939,
        49.9358,
        221.5
      ],
      [
        19.809985,
        49.932481,
        225.0
      ],
      [
        19.80764,
        49.926463,
        229.25
      ],
      [
        19.80735,
        49.917712,
        233.0
      ],
      [
        19.804968,
        49.916772,
        243.75
      ],
      [
        19.804759,
        49.915356,
        258.5
      ],
      [
        19.802914,
        49.913362,
        267.0
      ],
      [
        19.799144,
        49.911778,
        238.0
      ],
      [
        19.799006,
        49.910072,
        228.5
      ],
      [
        19.79509,
        49.910571,
        230.0
      ],
      [
        19.793143,
        49.909701,
        229.75
      ],
      [
        19.790611,
        49.909307,
        229.5
      ],
      [
        19.787602,
        49.908215,
        230.5
      ],
      [
        19.786416,
        49.906861,
        231.75
      ],
      [
        19.783517,
        49.906021,
        231.75
      ],
      [
        19.781265,
        49.906148,
        231.0
      ],
      [
        19.77703,
        49.904,
        232.0
      ],
      [
        19.774454,
        49.903468,
        231.75
      ],
      [
        19.771095,
        49.902017,
        236.0
      ],
      [
        19.769261,
        49.902005,
        237.0
      ],
      [
        19.767045,
        49.902785,
        241.5
      ],
      [
        19.764254,
        49.902558,
        237.75
      ],
      [
        19.759139,
        49.900679,
        239.75
      ],
      [
        19.754469,
        49.89996,
        243.75
      ],
      [
        19.752614,
        49.899063,
        242.5
      ],
      [
        19.74945,
        49.898953,
        245.0
      ],
      [
        19.74852,
        49.897774,
        247.75
      ],
      [
        19.748552,
        49.895096,
        243.0
      ],
      [
        19.747736,
        49.893545,
        244.0
      ],
      [
        19.744204,
        49.890276,
        257.5
      ],
      [
        19.743203,
        49.889895,
        251.75
      ],
      [
        19.737611,
        49.890459,
        251.5
      ],
      [
        19.734057,
        49.891206,
        250.0
      ],
      [
        19.732012,
        49.89197,
        251.0
      ],
      [
        19.730743,
        49.893154,
        255.5
      ],
      [
        19.726608,
        49.894395,
        254.75
      ],
      [
        19.719373,
        49.896244,
        257.25
      ],
      [
        19.715326,
        49.896542,
        257.25
      ],
      [
        19.713418,
        49.897028,
        257.0
      ],
      [
        19.708162,
        49.900138,
        256.75
      ],
      [
        19.701794,
        49.902892,
        260.75
      ],
      [
        19.699881,
        49.905323,
        274.0
      ],
      [
        19.698964,
        49.90441,
        273.5
      ],
      [
        19.693296,
        49.902516,
        264.25
      ],
      [
        19.690992,
        49.901135,
        264.5
      ],
      [
        19.685767,
        49.900027,
        263.75
      ],
      [
        19.682384,
        49.898846,
        273.0
      ],
      [
        19.679592,
        49.896625,
        268.75
      ],
      [
        19.679811,
        49.894047,
        271.5
      ],
      [
        19.681201,
        49.893102,
        290.0
      ],
      [
        19.679351,
        49.891646,
        286.75
      ],
      [
        19.679158,
        49.890522,
        294.0
      ],
      [
        19.676891,
        49.888545,
        271.5
      ],
      [
        19.677923,
        49.887141,
        271.5
      ],
      [
        19.678664,
        49.884375,
        271.0
      ],
      [
        19.680076,
        49.882719,
        273.75
      ],
      [
        19.677082,
        49.882454,
        271.0
      ],
      [
        19.677926,
        49.880743,
        276.25
      ],
      [
        19.680166,
        49.878568,
        276.5
      ],
      [
        19.681588,
        49.875031,
        300.75
      ],
      [
        19.680197,
        49.873635,
        304.25
      ],
      [
        19.679138,
        49.870624,
        310.75
      ],
      [
        19.680694,
        49.870354,
        311.75
      ],
      [
        19.681412,
        49.868319,
        325.75
      ],
      [
        19.682014,
        49.86781,
        322.0
      ],
      [
        19.683647,
        49.867573,
        318.75
      ],
      [
        19.683783,
        49.866481,
        306.25
      ],
      [
        19.683647,
        49.867573,
        318.75
      ],
      [
        19.682014,
        49.86781,
        322.0
      ],
      [
        19.681412,
        49.868319,
        325.75
      ],
      [
        19.680472,
        49.870458,
        311.5
      ],
      [
        19.679138,
        49.870624,
        310.75
      ],
      [
        19.678714,
        49.869824,
        313.75
      ],
      [
        19.677324,
        49.870658,
        307.75
      ],
      [
        19.672789,
        49.870462,
        295.25
      ],
      [
        19.672757,
        49.86914,
        300.75
      ],
      [
        19.666187,
        49.872055,
        299.5
      ],
      [
        19.66458,
        49.873942,
        303.75
      ],
      [
        19.663196,
        49.877426,
        284.5
      ],
      [
        19.659945,
        49.878436,
        290.25
      ],
      [
        19.654993,
        49.881591,
        300.25
      ],
      [
        19.652899,
        49.884187,
        329.5
      ],
      [
        19.648982,
        49.885128,
        337.0
      ],
      [
        19.64398,
        49.885138,
        352.25
      ],
      [
        19.641583,
        49.886125,
        345.5
      ],
      [
        19.641039,
        49.886842,
        346.5
      ],
      [
        19.64149,
        49.88855,
        356.5
      ],
      [
        19.641182,
        49.889287,
        356.0
      ],
      [
        19.637248,
        49.891634,
        361.0
      ],
      [
        19.629786,
        49.89349,
        361.75
      ],
      [
        19.626096,
        49.893573,
        352.75
      ],
      [
        19.6211,
        49.894784,
        353.25
      ],
      [
        19.619795,
        49.895904,
        354.5
      ],
      [
        19.618735,
        49.898654,
        368.25
      ],
      [
        19.620281,
        49.900301,
        375.75
      ],
      [
        19.620645,
        49.901594,
        364.75
      ],
      [
        19.619791,
        49.905457,
        358.0
      ],
      [
        19.61016,
        49.90579,
        342.25
      ],
      [
        19.60576,
        49.90698,
        339.5
      ],
      [
        19.603816,
        49.906939,
        339.5
      ],
      [
        19.5976,
        49.9078,
        328.5
      ],
      [
        19.585052,
        49.907081,
        319.75
      ],
      [
        19.57611,
        49.9047,
        309.75
      ],
      [
        19.57091,
        49.90216,
        304.25
      ],
      [
        19.56714,
        49.90108,
        312.0
      ],
      [
        19.546139,
        49.898079,
        294.0
      ],
      [
        19.54129,
        49.89771,
        287.5
      ],
      [
        19.53884,
        49.89675,
        276.75
      ],
      [
        19.53547,
        49.8973,
        274.25
      ],
      [
        19.531949,
        49.896979,
        284.0
      ],
      [
        19.532197,
        49.902501,
        314.0
      ],
      [
        19.533238,
        49.904115,
        321.0
      ],
      [
        19.531209,
        49.908598,
        316.5
      ],
      [
        19.529088,
        49.910065,
        313.75
      ],
      [
        19.528121,
        49.909883,
        310.0
      ],
      [
        19.525192,
        49.911693,
        312.0
      ],
      [
        19.52287,
        49.911487,
        311.5
      ],
      [
        19.522053,
        49.911931,
        309.0
      ],
      [
        19.520298,
        49.911088,
        310.0
      ],
      [
        19.519292,
        49.909948,
        304.75
      ],
      [
        19.517445,
        49.909174,
        299.0
      ],
      [
        19.515563,
        49.910139,
        299.5
      ],
      [
        19.512872,
        49.913804,
        286.25
      ],
      [
        19.512009,
        49.914341,
        284.5
      ],
      [
        19.511378,
        49.914567,
        282.0
      ],
      [
        19.509135,
        49.914268,
        266.25
      ],
      [
        19.507046,
        49.914668,
        251.25
      ],
      [
        19.50916,
        49.91672,
        250.75
      ],
      [
        19.50998,
        49.91866,
        259.25
      ],
      [
        19.50809,
        49.91949,
        250.0
      ],
      [
        19.507529,
        49.921522,
        250.25
      ],
      [
        19.50493,
        49.92291,
        248.5
      ],
      [
        19.50075,
        49.92353,
        246.0
      ],
      [
        19.49479,
        49.92738,
        246.75
      ],
      [
        19.4917,
        49.92991,
        246.0
      ],
      [
        19.485849,
        49.932379,
        244.5
      ],
      [
        19.48573,
        49.9337,
        244.5
      ],
      [
        19.487496,
        49.935476,
        244.5
      ],
      [
        19.485263,
        49.937374,
        243.0
      ],
      [
        19.48063,
        49.938551,
        242.0
      ],
      [
        19.472857,
        49.946384,
        239.5
      ],
      [
        19.474896,
        49.948051,
        240.5
      ],
      [
        19.477028,
        49.948845,
        243.0
      ],
      [
        19.468777,
        49.953553,
        237.5
      ],
      [
        19.467176,
        49.953265,
        238.0
      ],
      [
        19.465605,
        49.954674,
        237.0
      ],
      [
        19.464633,
        49.954922,
        236.5
      ],
      [
        19.45518,
        49.962371,
        235.5
      ],
      [
        19.45441,
        49.963359,
        234.75
      ],
      [
        19.454157,
        49.965301,
        232.75
      ],
      [
        19.451357,
        49.964902,
        230.5
      ],
      [
        19.450404,
        49.963225,
        234.25
      ],
      [
        19.444926,
        49.959921,
        235.5
      ],
      [
        19.443078,
        49.959756,
        236.75
      ],
      [
        19.442137,
        49.962493,
        235.5
      ],
      [
        19.443939,
        49.963074,
        233.75
      ],
      [
        19.444702,
        49.967532,
        232.75
      ],
      [
        19.446344,
        49.968507,
        231.75
      ],
      [
        19.446162,
        49.971351,
        231.0
      ],
      [
        19.447207,
        49.973597,
        231.0
      ],
      [
        19.447971,
        49.974055,
        229.5
      ],
      [
        19.447055,
        49.975225,
        227.75
      ],
      [
        19.447962,
        49.97958,
        227.5
      ],
      [
        19.44746,
        49.980153,
        228.0
      ],
      [
        19.444489,
        49.979293,
        229.75
      ],
      [
        19.443257,
        49.983175,
        227.25
      ],
      [
        19.440595,
        49.98563,
        228.0
      ],
      [
        19.440694,
        49.986683,
        228.0
      ],
      [
        19.442656,
        49.987268,
        227.0
      ],
      [
        19.442631,
        49.988054,
        227.75
      ],
      [
        19.443923,
        49.988411,
        228.0
      ],
      [
        19.444231,
        49.989098,
        227.0
      ],
      [
        19.442785,
        49.989957,
        225.75
      ],
      [
        19.441176,
        49.993183,
        227.5
      ],
      [
        19.440157,
        49.993739,
        226.75
      ],
      [
        19.43877,
        49.993769,
        229.0
      ],
      [
        19.438085,
        49.996535,
        240.5
      ],
      [
        19.437701,
        49.996461,
        240.5
      ],
      [
        19.438553,
        49.995869,
        240.0
      ],
      [
        19.43877,
        49.993769,
        229.0
      ],
      [
        19.440157,
        49.993739,
        226.75
      ],
      [
        19.441176,
        49.993183,
        227.5
      ],
      [
        19.442785,
        49.989957,
        225.75
      ],
      [
        19.444231,
        49.989098,
        227.0
      ],
      [
        19.443923,
        49.988411,
        228.0
      ],
      [
        19.442631,
        49.988054,
        227.75
      ],
      [
        19.442656,
        49.987268,
        227.0
      ],
      [
        19.440694,
        49.986683,
        228.0
      ],
      [
        19.440595,
        49.98563,
        228.0
      ],
      [
        19.443257,
        49.983175,
        227.25
      ],
      [
        19.444489,
        49.979293,
        229.75
      ],
      [
        19.44746,
        49.980153,
        228.0
      ],
      [
        19.447962,
        49.97958,
        227.5
      ],
      [
        19.447055,
        49.975225,
        227.75
      ],
      [
        19.447971,
        49.974055,
        229.5
      ],
      [
        19.447207,
        49.973597,
        231.0
      ],
      [
        19.446162,
        49.971351,
        231.0
      ],
      [
        19.446344,
        49.968507,
        231.75
      ],
      [
        19.444702,
        49.967532,
        232.75
      ],
      [
        19.443939,
        49.963074,
        233.75
      ],
      [
        19.442137,
        49.962493,
        235.5
      ],
      [
        19.443078,
        49.959756,
        236.75
      ],
      [
        19.444648,
        49.959828,
        235.25
      ],
      [
        19.44353,
        49.958679,
        235.0
      ],
      [
        19.444476,
        49.956737,
        234.5
      ],
      [
        19.448418,
        49.953072,
        236.5
      ],
      [
        19.450038,
        49.950266,
        239.75
      ],
      [
        19.449283,
        49.949312,
        241.75
      ],
      [
        19.450956,
        49.948747,
        240.5
      ],
      [
        19.450031,
        49.947646,
        246.75
      ],
      [
        19.448348,
        49.947713,
        245.75
      ],
      [
        19.44914,
        49.946366,
        246.0
      ],
      [
        19.449256,
        49.944896,
        247.5
      ],
      [
        19.447451,
        49.945317,
        247.5
      ],
      [
        19.446146,
        49.945021,
        249.5
      ],
      [
        19.445747,
        49.944673,
        251.75
      ],
      [
        19.44612,
        49.944027,
        255.0
      ],
      [
        19.444164,
        49.942973,
        258.25
      ],
      [
        19.444341,
        49.940469,
        267.0
      ],
      [
        19.442809,
        49.938402,
        279.5
      ],
      [
        19.437155,
        49.936842,
        292.0
      ],
      [
        19.436461,
        49.935329,
        286.25
      ],
      [
        19.431878,
        49.935351,
        290.75
      ],
      [
        19.430505,
        49.93214,
        299.25
      ],
      [
        19.427294,
        49.929851,
        299.75
      ],
      [
        19.426742,
        49.928136,
        299.5
      ],
      [
        19.430933,
        49.922378,
        304.0
      ],
      [
        19.437136,
        49.917643,
        347.5
      ],
      [
        19.437828,
        49.914732,
        332.5
      ],
      [
        19.439602,
        49.912375,
        322.25
      ],
      [
        19.441418,
        49.911192,
        314.5
      ],
      [
        19.444287,
        49.906348,
        314.0
      ],
      [
        19.450656,
        49.902775,
        301.25
      ],
      [
        19.453514,
        49.901608,
        305.0
      ],
      [
        19.454081,
        49.896947,
        303.5
      ],
      [
        19.457314,
        49.894034,
        300.5
      ],
      [
        19.463597,
        49.892173,
        305.0
      ],
      [
        19.468387,
        49.893395,
        298.0
      ],
      [
        19.482812,
        49.892875,
        270.0
      ],
      [
        19.489216,
        49.894101,
        266.75
      ],
      [
        19.491992,
        49.888582,
        261.0
      ],
      [
        19.492237,
        49.887076,
        261.25
      ],
      [
        19.494025,
        49.887112,
        260.5
      ],
      [
        19.493846,
        49.887474,
        261.0
      ],
      [
        19.495165,
        49.887481,
        260.0
      ],
      [
        19.49812,
        49.888326,
        259.5
      ],
      [
        19.502073,
        49.883947,
        259.0
      ],
      [
        19.5007,
        49.883525,
        259.0
      ],
      [
        19.502198,
        49.884007,
        259.0
      ],
      [
        19.496886,
        49.88939,
        258.0
      ],
      [
        19.494195,
        49.890175,
        258.5
      ],
      [
        19.491235,
        49.889973,
        263.0
      ],
      [
        19.489216,
        49.894101,
        266.75
      ],
      [
        19.482812,
        49.892875,
        270.0
      ],
      [
        19.468387,
        49.893395,
        298.0
      ],
      [
        19.463597,
        49.892173,
        305.0
      ],
      [
        19.457822,
        49.893749,
        299.75
      ],
      [
        19.45424,
        49.896847,
        303.5
      ],
      [
        19.453129,
        49.897157,
        303.75
      ],
      [
        19.450191,
        49.8963,
        294.25
      ],
      [
        19.446601,
        49.896252,
        273.25
      ],
      [
        19.439399,
        49.898361,
        269.25
      ],
      [
        19.431992,
        49.898353,
        266.0
      ],
      [
        19.427702,
        49.899063,
        264.25
      ],
      [
        19.425344,
        49.898606,
        265.75
      ],
      [
        19.42325,
        49.899059,
        268.25
      ],
      [
        19.413077,
        49.898299,
        289.75
      ],
      [
        19.409417,
        49.89916,
        295.0
      ],
      [
        19.405028,
        49.89946,
        301.75
      ],
      [
        19.3946,
        49.901808,
        325.0
      ],
      [
        19.390038,
        49.89936,
        322.0
      ],
      [
        19.389027,
        49.89852,
        322.25
      ],
      [
        19.388432,
        49.89687,
        329.25
      ],
      [
        19.386787,
        49.895792,
        330.5
      ],
      [
        19.382279,
        49.894033,
        335.0
      ],
      [
        19.379189,
        49.893637,
        344.5
      ],
      [
        19.376845,
        49.892414,
        350.25
      ],
      [
        19.375324,
        49.891293,
        354.75
      ],
      [
        19.373387,
        49.888523,
        336.0
      ],
      [
        19.366638,
        49.890868,
        308.75
      ],
      [
        19.362506,
        49.889023,
        294.0
      ],
      [
        19.361896,
        49.888267,
        297.0
      ],
      [
        19.362177,
        49.886919,
        302.0
      ],
      [
        19.361692,
        49.88573,
        307.25
      ],
      [
        19.35892,
        49.884102,
        313.0
      ],
      [
        19.35869,
        49.883149,
        316.5
      ],
      [
        19.35743,
        49.88254,
        318.25
      ],
      [
        19.35469,
        49.878444,
        335.0
      ],
      [
        19.35438,
        49.87742,
        334.5
      ],
      [
        19.35546,
        49.87549,
        335.0
      ],
      [
        19.3553,
        49.87132,
        337.5
      ],
      [
        19.354667,
        49.87113,
        336.0
      ],
      [
        19.352104,
        49.871539,
        327.25
      ],
      [
        19.349867,
        49.871188,
        310.5
      ],
      [
        19.34744,
        49.86827,
        311.75
      ],
      [
        19.34602,
        49.86738,
        312.75
      ],
      [
        19.345876,
        49.865898,
        314.25
      ],
      [
        19.346986,
        49.864577,
        315.5
      ],
      [
        19.346527,
        49.862468,
        316.5
      ],
      [
        19.34417,
        49.859556,
        320.25
      ],
      [
        19.339217,
        49.854888,
        326.0
      ],
      [
        19.341397,
        49.85497,
        326.0
      ],
      [
        19.337466,
        49.855167,
        326.5
      ],
      [
        19.338253,
        49.856563,
        324.0
      ],
      [
        19.337792,
        49.8575,
        324.0
      ],
      [
        19.338493,
        49.860355,
        320.75
      ],
      [
        19.334275,
        49.860691,
        321.75
      ],
      [
        19.331152,
        49.861622,
        323.0
      ],
      [
        19.325019,
        49.862246,
        344.75
      ],
      [
        19.323506,
        49.86193,
        346.5
      ],
      [
        19.321808,
        49.860153,
        345.75
      ],
      [
        19.297957,
        49.873227,
        327.0
      ],
      [
        19.292231,
        49.875169,
        309.75
      ],
      [
        19.291274,
        49.875802,
        308.0
      ],
      [
        19.288044,
        49.875588,
        295.75
      ],
      [
        19.284395,
        49.876776,
        299.5
      ],
      [
        19.25991,
        49.879652,
        289.5
      ],
      [
        19.23002,
        49.883688,
        274.5
      ],
      [
        19.230013,
        49.889303,
        274.0
      ],
      [
        19.230893,
        49.890346,
        274.0
      ],
      [
        19.229922,
        49.890797,
        273.0
      ],
      [
        19.21904,
        49.891537,
        272.0
      ],
      [
        19.21773,
        49.899666,
        269.0
      ],
      [
        19.211973,
        49.900236,
        268.75
      ],
      [
        19.211965,
        49.897792,
        268.75
      ],
      [
        19.203352,
        49.896559,
        268.0
      ],
      [
        19.202887,
        49.892533,
        270.0
      ],
      [
        19.204371,
        49.889153,
        271.0
      ],
      [
        19.202826,
        49.888976,
        271.0
      ],
      [
        19.2018,
        49.886889,
        271.5
      ],
      [
        19.203416,
        49.88523,
        272.0
      ],
      [
        19.20353,
        49.884469,
        272.0
      ],
      [
        19.202848,
        49.884212,
        272.0
      ],
      [
        19.203557,
        49.883459,
        272.75
      ],
      [
        19.202468,
        49.882268,
        272.5
      ],
      [
        19.201993,
        49.880354,
        273.5
      ],
      [
        19.195695,
        49.880154,
        277.25
      ],
      [
        19.195276,
        49.879325,
        279.0
      ],
      [
        19.196896,
        49.87719,
        279.25
      ],
      [
        19.191496,
        49.875514,
        285.0
      ],
      [
        19.184294,
        49.869817,
        293.75
      ],
      [
        19.177473,
        49.866775,
        304.25
      ],
      [
        19.164076,
        49.864196,
        341.0
      ],
      [
        19.161544,
        49.862793,
        351.25
      ],
      [
        19.156872,
        49.861404,
        345.5
      ],
      [
        19.150353,
        49.85882,
        343.25
      ],
      [
        19.143022,
        49.856905,
        341.25
      ],
      [
        19.138354,
        49.85439,
        354.0
      ],
      [
        19.134348,
        49.857262,
        348.75
      ],
      [
        19.130398,
        49.855416,
        338.5
      ],
      [
        19.125925,
        49.859509,
        330.75
      ],
      [
        19.125463,
        49.858761,
        332.0
      ],
      [
        19.123882,
        49.858147,
        332.0
      ],
      [
        19.1141,
        49.85513,
        346.0
      ],
      [
        19.113918,
        49.854006,
        346.5
      ],
      [
        19.110749,
        49.852436,
        349.75
      ],
      [
        19.103583,
        49.852069,
        337.5
      ],
      [
        19.100001,
        49.85131,
        336.0
      ],
      [
        19.095128,
        49.850893,
        333.0
      ],
      [
        19.089858,
        49.849129,
        341.5
      ],
      [
        19.086639,
        49.849425,
        346.75
      ],
      [
        19.084108,
        49.846846,
        353.0
      ],
      [
        19.082761,
        49.843436,
        362.0
      ],
      [
        19.081175,
        49.841932,
        362.5
      ],
      [
        19.074128,
        49.837346,
        349.0
      ],
      [
        19.071304,
        49.83689,
        334.5
      ],
      [
        19.070671,
        49.835428,
        326.75
      ],
      [
        19.065376,
        49.830691,
        323.5
      ],
      [
        19.063284,
        49.829488,
        319.75
      ],
      [
        19.062251,
        49.828261,
        325.75
      ],
      [
        19.058746,
        49.8266,
        315.0
      ],
      [
        19.056492,
        49.823748,
        315.0
      ],
      [
        19.05245,
        49.824436,
        310.0
      ],
      [
        19.052653,
        49.823171,
        311.75
      ],
      [
        19.051264,
        49.823043,
        311.0
      ],
      [
        19.051067,
        49.822393,
        312.0
      ],
      [
        19.048131,
        49.822798,
        309.75
      ],
      [
        19.045059,
        49.822252,
        317.75
      ],
      [
        19.044481,
        49.822501,
        318.75
      ],
      [
        19.044261,
        49.822173,
        322.0
      ],
      [
        19.041646,
        49.821827,
        328.0
      ],
      [
        19.040847,
        49.820896,
        339.25
      ],
      [
        19.035895,
        49.82017,
        353.0
      ],
      [
        19.030516,
        49.820733,
        370.25
      ],
      [
        19.030004,
        49.820255,
        371.75
      ],
      [
        19.027655,
        49.819627,
        374.0
      ],
      [
        19.023039,
        49.816794,
        371.0
      ],
      [
        19.019088,
        49.811709,
        371.0
      ],
      [
        19.018825,
        49.811969,
        371.25
      ],
      [
        19.012589,
        49.810638,
        379.0
      ],
      [
        19.00965,
        49.809686,
        385.0
      ],
      [
        19.007711,
        49.811558,
        376.75
      ],
      [
        18.995911,
        49.80855,
        388.0
      ],
      [
        18.989406,
        49.808216,
        360.0
      ],
      [
        18.988019,
        49.806288,
        363.0
      ],
      [
        18.986972,
        49.80623,
        361.75
      ],
      [
        18.986334,
        49.804306,
        366.25
      ],
      [
        18.987651,
        49.801303,
        372.75
      ],
      [
        18.987454,
        49.799957,
        376.0
      ],
      [
        18.985955,
        49.799657,
        379.75
      ],
      [
        18.98474,
        49.798935,
        382.0
      ],
      [
        18.984174,
        49.797773,
        385.0
      ],
      [
        18.978365,
        49.795884,
        390.75
      ],
      [
        18.972523,
        49.794701,
        395.75
      ],
      [
        18.970073,
        49.79332,
        399.0
      ],
      [
        18.964686,
        49.791433,
        417.5
      ],
      [
        18.962469,
        49.792103,
        412.75
      ],
      [
        18.960401,
        49.79175,
        413.25
      ],
      [
        18.948845,
        49.791863,
        385.5
      ],
      [
        18.948043,
        49.792076,
        382.5
      ],
      [
        18.947875,
        49.793426,
        378.25
      ],
      [
        18.929518,
        49.791412,
        385.75
      ],
      [
        18.925438,
        49.791525,
        381.5
      ],
      [
        18.922333,
        49.794053,
        370.25
      ],
      [
        18.924429,
        49.799118,
        360.0
      ],
      [
        18.921847,
        49.805084,
        343.5
      ],
      [
        18.920232,
        49.81106,
        329.0
      ],
      [
        18.9206,
        49.812127,
        326.5
      ],
      [
        18.919558,
        49.813458,
        322.75
      ],
      [
        18.9206,
        49.812127,
        326.5
      ],
      [
        18.920232,
        49.81106,
        329.0
      ],
      [
        18.921847,
        49.805084,
        343.5
      ],
      [
        18.924418,
        49.798647,
        360.75
      ],
      [
        18.922333,
        49.794053,
        370.25
      ],
      [
        18.919049,
        49.789333,
        377.25
      ],
      [
        18.915347,
        49.781499,
        416.25
      ],
      [
        18.911539,
        49.77866,
        421.0
      ],
      [
        18.910234,
        49.776959,
        430.5
      ],
      [
        18.90891,
        49.774168,
        437.25
      ],
      [
        18.9085,
        49.771436,
        444.0
      ],
      [
        18.906951,
        49.771452,
        435.75
      ],
      [
        18.906005,
        49.772556,
        434.0
      ],
      [
        18.900558,
        49.775709,
        423.75
      ],
      [
        18.894359,
        49.775608,
        415.25
      ],
      [
        18.892049,
        49.77627,
        415.25
      ],
      [
        18.889507,
        49.77811,
        404.75
      ],
      [
        18.886377,
        49.778693,
        396.0
      ],
      [
        18.882587,
        49.778007,
        397.75
      ],
      [
        18.880039,
        49.778119,
        389.5
      ],
      [
        18.877349,
        49.779009,
        371.5
      ],
      [
        18.874122,
        49.778505,
        367.0
      ],
      [
        18.867042,
        49.779482,
        352.0
      ],
      [
        18.86127,
        49.77906,
        343.5
      ],
      [
        18.85908,
        49.777637,
        338.25
      ],
      [
        18.857257,
        49.777199,
        336.75
      ],
      [
        18.85567,
        49.774953,
        333.25
      ],
      [
        18.852473,
        49.772303,
        327.5
      ],
      [
        18.846657,
        49.774188,
        323.75
      ],
      [
        18.843546,
        49.774299,
        322.75
      ],
      [
        18.842725,
        49.774825,
        321.0
      ],
      [
        18.839544,
        49.774864,
        318.5
      ],
      [
        18.82922,
        49.778135,
        313.0
      ],
      [
        18.820028,
        49.781762,
        306.0
      ],
      [
        18.81331,
        49.782344,
        302.25
      ],
      [
        18.81145,
        49.78426,
        302.0
      ],
      [
        18.807861,
        49.785617,
        299.25
      ],
      [
        18.803911,
        49.789959,
        297.75
      ],
      [
        18.797764,
        49.793487,
        293.75
      ],
      [
        18.794576,
        49.799439,
        291.5
      ],
      [
        18.793608,
        49.799127,
        291.75
      ],
      [
        18.793654,
        49.798262,
        292.5
      ],
      [
        18.791554,
        49.797569,
        292.25
      ],
      [
        18.790127,
        49.798265,
        292.0
      ],
      [
        18.788671,
        49.800868,
        293.0
      ],
      [
        18.788181,
        49.800531,
        293.75
      ],
      [
        18.786865,
        49.800654,
        294.0
      ],
      [
        18.787054,
        49.801976,
        293.25
      ],
      [
        18.786504,
        49.802256,
        293.5
      ],
      [
        18.787679,
        49.802842,
        292.25
      ],
      [
        18.788186,
        49.806274,
        289.5
      ],
      [
        18.787135,
        49.807343,
        293.5
      ],
      [
        18.784622,
        49.808693,
        309.25
      ],
      [
        18.775888,
        49.808267,
        344.25
      ],
      [
        18.771593,
        49.807353,
        352.5
      ],
      [
        18.767046,
        49.808441,
        334.75
      ],
      [
        18.763508,
        49.809846,
        348.25
      ],
      [
        18.757775,
        49.810489,
        341.25
      ],
      [
        18.753094,
        49.810016,
        330.75
      ],
      [
        18.743476,
        49.812559,
        286.0
      ],
      [
        18.740886,
        49.812318,
        276.75
      ],
      [
        18.740119,
        49.812962,
        277.25
      ],
      [
        18.734322,
        49.813047,
        288.5
      ],
      [
        18.730445,
        49.813964,
        275.5
      ],
      [
        18.728342,
        49.812375,
        275.25
      ],
      [
        18.727189,
        49.813809,
        271.25
      ],
      [
        18.725299,
        49.814477,
        271.75
      ],
      [
        18.72299,
        49.812744,
        272.0
      ],
      [
        18.720242,
        49.813402,
        282.25
      ],
      [
        18.720366,
        49.813643,
        283.25
      ],
      [
        18.717054,
        49.810076,
        277.0
      ],
      [
        18.71465,
        49.799134,
        282.25
      ],
      [
        18.712571,
        49.796558,
        285.5
      ],
      [
        18.71268,
        49.795721,
        278.75
      ],
      [
        18.709015,
        49.792218,
        279.75
      ],
      [
        18.708975,
        49.78944,
        282.0
      ],
      [
        18.706237,
        49.788707,
        293.0
      ],
      [
        18.704425,
        49.787563,
        306.5
      ],
      [
        18.699609,
        49.78669,
        332.0
      ],
      [
        18.698466,
        49.785088,
        344.0
      ],
      [
        18.695966,
        49.783476,
        346.5
      ],
      [
        18.69501,
        49.780981,
        351.25
      ],
      [
        18.691903,
        49.775878,
        343.75
      ],
      [
        18.690528,
        49.77483,
        346.5
      ],
      [
        18.689989,
        49.773763,
        352.5
      ],
      [
        18.685264,
        49.773428,
        375.25
      ],
      [
        18.682881,
        49.773699,
        380.75
      ],
      [
        18.679499,
        49.775745,
        370.75
      ],
      [
        18.676197,
        49.777091,
        370.75
      ],
      [
        18.675871,
        49.778791,
        379.5
      ],
      [
        18.671963,
        49.779805,
        391.5
      ],
      [
        18.670289,
        49.779375,
        390.0
      ],
      [
        18.669408,
        49.777208,
        383.75
      ],
      [
        18.664927,
        49.775915,
        373.0
      ],
      [
        18.661608,
        49.775413,
        359.75
      ],
      [
        18.658333,
        49.773863,
        353.25
      ],
      [
        18.656196,
        49.771839,
        355.5
      ],
      [
        18.65413,
        49.771088,
        355.75
      ],
      [
        18.651292,
        49.770835,
        354.25
      ],
      [
        18.650571,
        49.769261,
        357.75
      ],
      [
        18.646921,
        49.766222,
        350.75
      ],
      [
        18.645324,
        49.759958,
        324.5
      ],
      [
        18.643549,
        49.757807,
        312.0
      ],
      [
        18.643552,
        49.753962,
        294.0
      ],
      [
        18.642614,
        49.752872,
        280.5
      ],
      [
        18.642271,
        49.752535,
        276.0
      ],
      [
        18.640344,
        49.752363,
        277.75
      ],
      [
        18.639911,
        49.751005,
        273.5
      ],
      [
        18.63871,
        49.749808,
        281.0
      ],
      [
        18.635542,
        49.747793,
        298.75
      ],
      [
        18.633735,
        49.748636,
        296.25
      ],
      [
        18.633308,
        49.748325,
        296.0
      ],
      [
        18.630365,
        49.749175,
        289.25
      ],
      [
        18.627902,
        49.750311,
        276.0
      ],
      [
        18.624365,
        49.747678,
        271.0
      ],
      [
        18.626664,
        49.746379,
        271.0
      ],
      [
        18.626217,
        49.746051,
        271.0
      ],
      [
        18.627727,
        49.747134,
        270.25
      ],
      [
        18.628593,
        49.747072,
        270.5
      ],
      [
        18.627227,
        49.748609,
        269.75
      ],
      [
        18.625872,
        49.748773,
        271.5
      ],
      [
        18.626476,
        49.749513,
        269.25
      ],
      [
        18.616812,
        49.748114,
        271.25
      ],
      [
        18.614724,
        49.749768,
        272.75
      ],
      [
        18.613581,
        49.751714,
        274.0
      ],
      [
        18.611435,
        49.753583,
        267.75
      ],
      [
        18.607264,
        49.755805,
        275.0
      ],
      [
        18.605621,
        49.756454,
        277.25
      ],
      [
        18.603836,
        49.756655,
        281.0
      ],
      [
        18.601076,
        49.756293,
        283.0
      ],
      [
        18.599255,
        49.756908,
        288.75
      ],
      [
        18.597117,
        49.758305,
        287.5
      ],
      [
        18.599868,
        49.759588,
        287.5
      ],
      [
        18.598016,
        49.760919,
        276.5
      ],
      [
        18.598334,
        49.762348,
        279.75
      ],
      [
        18.597047,
        49.763939,
        288.0
      ],
      [
        18.594251,
        49.765587,
        290.5
      ],
      [
        18.587553,
        49.765666,
        294.75
      ],
      [
        18.58641,
        49.764886,
        294.0
      ],
      [
        18.583823,
        49.765431,
        301.0
      ],
      [
        18.581489,
        49.766608,
        310.0
      ],
      [
        18.578273,
        49.767164,
        313.75
      ],
      [
        18.575674,
        49.76707,
        316.75
      ],
      [
        18.573737,
        49.767992,
        319.5
      ],
      [
        18.569826,
        49.768273,
        343.25
      ],
      [
        18.569712,
        49.769847,
        350.0
      ],
      [
        18.571658,
        49.778695,
        320.25
      ],
      [
        18.570242,
        49.781252,
        313.0
      ],
      [
        18.568178,
        49.781344,
        312.75
      ],
      [
        18.564574,
        49.787526,
        290.75
      ],
      [
        18.571434,
        49.789324,
        292.25
      ],
      [
        18.569272,
        49.793116,
        282.5
      ],
      [
        18.567975,
        49.79329,
        281.25
      ],
      [
        18.539312,
        49.793827,
        261.0
      ],
      [
        18.538266,
        49.789863,
        247.75
      ],
      [
        18.534337,
        49.786525,
        249.25
      ],
      [
        18.534376,
        49.785423,
        253.0
      ],
      [
        18.528505,
        49.786228,
        249.0
      ],
      [
        18.520795,
        49.785864,
        274.0
      ],
      [
        18.518637,
        49.785134,
        288.25
      ],
      [
        18.517914,
        49.783941,
        291.5
      ],
      [
        18.514832,
        49.78322,
        294.75
      ],
      [
        18.511094,
        49.781493,
        301.0
      ],
      [
        18.509375,
        49.778529,
        306.5
      ],
      [
        18.505587,
        49.777778,
        307.75
      ],
      [
        18.502334,
        49.775637,
        312.0
      ],
      [
        18.490651,
        49.774959,
        315.75
      ],
      [
        18.482376,
        49.7726,
        322.0
      ],
      [
        18.478221,
        49.771889,
        322.5
      ],
      [
        18.476903,
        49.771049,
        322.5
      ],
      [
        18.475086,
        49.771081,
        320.25
      ],
      [
        18.47434,
        49.770095,
        321.25
      ],
      [
        18.472645,
        49.770629,
        308.0
      ],
      [
        18.47234,
        49.771331,
        308.25
      ],
      [
        18.470956,
        49.771675,
        315.5
      ],
      [
        18.470439,
        49.77225,
        316.0
      ],
      [
        18.467517,
        49.771373,
        324.0
      ],
      [
        18.46584,
        49.773076,
        321.75
      ],
      [
        18.46458,
        49.773051,
        321.5
      ],
      [
        18.459281,
        49.774279,
        311.0
      ],
      [
        18.459406,
        49.776053,
        308.0
      ],
      [
        18.458048,
        49.777148,
        301.0
      ],
      [
        18.451296,
        49.778248,
        291.25
      ],
      [
        18.445952,
        49.780331,
        284.0
      ],
      [
        18.440228,
        49.780611,
        275.75
      ],
      [
        18.435842,
        49.781465,
        274.25
      ],
      [
        18.42745,
        49.785797,
        265.0
      ],
      [
        18.424015,
        49.78306,
        272.75
      ],
      [
        18.423187,
        49.783297,
        271.25
      ],
      [
        18.422469,
        49.78273,
        270.75
      ],
      [
        18.423199,
        49.78242,
        271.75
      ],
      [
        18.421726,
        49.781239,
        266.5
      ],
      [
        18.419166,
        49.782654,
        264.0
      ],
      [
        18.418922,
        49.784708,
        263.0
      ],
      [
        18.418129,
        49.78521,
        262.75
      ],
      [
        18.417836,
        49.784245,
        254.75
      ],
      [
        18.416651,
        49.783935,
        244.75
      ],
      [
        18.415648,
        49.78441,
        243.0
      ],
      [
        18.414232,
        49.784304,
        243.0
      ],
      [
        18.412828,
        49.785545,
        242.75
      ],
      [
        18.410509,
        49.784957,
        243.25
      ],
      [
        18.408749,
        49.783949,
        257.25
      ],
      [
        18.408467,
        49.780238,
        266.5
      ],
      [
        18.409173,
        49.776975,
        272.75
      ],
      [
        18.39968,
        49.777357,
        270.25
      ],
      [
        18.390505,
        49.776678,
        257.75
      ],
      [
        18.379437,
        49.777239,
        245.75
      ],
      [
        18.377836,
        49.777034,
        245.0
      ],
      [
        18.377814,
        49.774815,
        238.0
      ],
      [
        18.36537,
        49.77263,
        252.0
      ],
      [
        18.365436,
        49.772177,
        253.0
      ],
      [
        18.361307,
        49.771275,
        240.75
      ],
      [
        18.356793,
        49.771753,
        247.5
      ],
      [
        18.351083,
        49.775799,
        244.0
      ],
      [
        18.347442,
        49.773492,
        248.5
      ],
      [
        18.346054,
        49.77483,
        244.0
      ],
      [
        18.345868,
        49.776478,
        236.5
      ],
      [
        18.345346,
        49.776816,
        235.75
      ],
      [
        18.347338,
        49.779522,
        231.0
      ],
      [
        18.345087,
        49.779901,
        232.25
      ],
      [
        18.346274,
        49.783062,
        230.75
      ],
      [
        18.348057,
        49.783922,
        237.0
      ],
      [
        18.34913,
        49.785508,
        233.5
      ],
      [
        18.342988,
        49.786342,
        238.75
      ],
      [
        18.341554,
        49.787443,
        245.25
      ],
      [
        18.339188,
        49.788186,
        233.0
      ],
      [
        18.334005,
        49.791137,
        228.25
      ],
      [
        18.332999,
        49.792509,
        228.0
      ],
      [
        18.332605,
        49.795725,
        228.0
      ],
      [
        18.335176,
        49.801682,
        233.25
      ],
      [
        18.334052,
        49.804055,
        233.5
      ],
      [
        18.331266,
        49.805762,
        226.0
      ],
      [
        18.331252,
        49.806156,
        223.75
      ],
      [
        18.335036,
        49.811626,
        223.0
      ],
      [
        18.335994,
        49.811758,
        223.75
      ],
      [
        18.335738,
        49.812431,
        223.75
      ],
      [
        18.333544,
        49.811736,
        222.5
      ],
      [
        18.331934,
        49.811883,
        220.25
      ],
      [
        18.332542,
        49.815368,
        220.25
      ],
      [
        18.330936,
        49.818242,
        223.75
      ],
      [
        18.326838,
        49.818416,
        219.75
      ],
      [
        18.325226,
        49.819593,
        219.0
      ],
      [
        18.324825,
        49.820559,
        220.25
      ],
      [
        18.323488,
        49.82054,
        217.0
      ],
      [
        18.32034,
        49.822518,
        217.0
      ],
      [
        18.318826,
        49.822672,
        216.0
      ],
      [
        18.318757,
        49.823202,
        216.0
      ],
      [
        18.316699,
        49.824662,
        212.0
      ],
      [
        18.3168,
        49.825085,
        214.5
      ],
      [
        18.317557,
        49.825244,
        214.25
      ],
      [
        18.316139,
        49.826264,
        215.5
      ],
      [
        18.31481,
        49.826094,
        212.0
      ],
      [
        18.312639,
        49.826914,
        213.5
      ],
      [
        18.306095,
        49.827594,
        212.0
      ],
      [
        18.302703,
        49.828664,
        208.25
      ],
      [
        18.301362,
        49.82966,
        214.25
      ],
      [
        18.298951,
        49.830246,
        212.0
      ],
      [
        18.297236,
        49.831258,
        209.75
      ],
      [
        18.297368,
        49.831954,
        213.0
      ],
      [
        18.296118,
        49.832554,
        212.75
      ],
      [
        18.29662,
        49.833171,
        211.5
      ],
      [
        18.296604,
        49.834801,
        212.0
      ],
      [
        18.295275,
        49.834684,
        214.0
      ],
      [
        18.293011,
        49.835851,
        214.0
      ],
      [
        18.291136,
        49.834707,
        214.0
      ],
      [
        18.290145,
        49.833281,
        213.5
      ],
      [
        18.279323,
        49.831692,
        218.75
      ],
      [
        18.263663,
        49.828819,
        224.0
      ],
      [
        18.252546,
        49.832512,
        225.0
      ],
      [
        18.249549,
        49.831091,
        223.25
      ],
      [
        18.248713,
        49.831355,
        220.5
      ],
      [
        18.244848,
        49.828938,
        212.25
      ],
      [
        18.244039,
        49.82956,
        209.75
      ],
      [
        18.237408,
        49.824925,
        209.75
      ],
      [
        18.234089,
        49.824434,
        209.0
      ],
      [
        18.234121,
        49.823998,
        209.75
      ],
      [
        18.218265,
        49.821295,
        211.0
      ],
      [
        18.218558,
        49.820679,
        210.5
      ],
      [
        18.216007,
        49.821136,
        212.75
      ],
      [
        18.215401,
        49.819431,
        210.75
      ],
      [
        18.213726,
        49.818372,
        210.75
      ],
      [
        18.210135,
        49.817885,
        214.0
      ],
      [
        18.208812,
        49.81453,
        214.75
      ],
      [
        18.208993,
        49.813662,
        213.0
      ],
      [
        18.202602,
        49.814828,
        213.75
      ],
      [
        18.200378,
        49.814155,
        214.0
      ],
      [
        18.199134,
        49.814198,
        215.0
      ],
      [
        18.198085,
        49.813616,
        214.0
      ],
      [
        18.198621,
        49.812554,
        214.0
      ],
      [
        18.198784,
        49.807198,
        215.0
      ],
      [
        18.197546,
        49.805909,
        215.75
      ],
      [
        18.198085,
        49.804818,
        214.75
      ],
      [
        18.196329,
        49.804171,
        218.0
      ],
      [
        18.195393,
        49.802041,
        218.5
      ],
      [
        18.188676,
        49.798813,
        235.75
      ],
      [
        18.187561,
        49.793888,
        237.0
      ],
      [
        18.184003,
        49.790927,
        238.75
      ],
      [
        18.181378,
        49.78946,
        238.0
      ],
      [
        18.177077,
        49.783206,
        238.25
      ],
      [
        18.173588,
        49.78004,
        237.5
      ],
      [
        18.173628,
        49.779555,
        235.75
      ],
      [
        18.171236,
        49.779381,
        240.75
      ],
      [
        18.168582,
        49.772617,
        226.25
      ],
      [
        18.166318,
        49.769391,
        235.0
      ],
      [
        18.164842,
        49.765713,
        235.5
      ],
      [
        18.159862,
        49.759307,
        233.75
      ],
      [
        18.154748,
        49.758975,
        232.25
      ],
      [
        18.144089,
        49.756213,
        246.0
      ],
      [
        18.137221,
        49.755078,
        254.25
      ],
      [
        18.130879,
        49.755045,
        244.75
      ],
      [
        18.130378,
        49.753392,
        233.5
      ],
      [
        18.122431,
        49.752032,
        254.25
      ],
      [
        18.109479,
        49.747237,
        252.0
      ],
      [
        18.106701,
        49.747294,
        244.0
      ],
      [
        18.103658,
        49.746683,
        243.0
      ],
      [
        18.093073,
        49.743579,
        237.75
      ],
      [
        18.086817,
        49.73786,
        240.5
      ],
      [
        18.076055,
        49.730529,
        261.5
      ],
      [
        18.073767,
        49.728015,
        247.5
      ],
      [
        18.073791,
        49.726942,
        245.75
      ],
      [
        18.076972,
        49.725751,
        245.0
      ],
      [
        18.078195,
        49.724503,
        242.25
      ],
      [
        18.078689,
        49.723057,
        239.5
      ],
      [
        18.078416,
        49.722399,
        239.0
      ],
      [
        18.078597,
        49.72333,
        240.5
      ],
      [
        18.078382,
        49.722156,
        238.75
      ],
      [
        18.07722,
        49.721203,
        242.5
      ],
      [
        18.079373,
        49.719699,
        238.25
      ],
      [
        18.081818,
        49.719223,
        233.5
      ],
      [
        18.078007,
        49.712999,
        232.0
      ],
      [
        18.075146,
        49.709458,
        233.0
      ],
      [
        18.06636,
        49.707881,
        236.0
      ],
      [
        18.067105,
        49.706968,
        235.0
      ],
      [
        18.069003,
        49.707234,
        235.0
      ],
      [
        18.069736,
        49.704634,
        233.0
      ],
      [
        18.06743,
        49.701148,
        233.0
      ],
      [
        18.06455,
        49.70029,
        233.75
      ],
      [
        18.062926,
        49.699312,
        233.75
      ],
      [
        18.061539,
        49.698959,
        233.0
      ],
      [
        18.060918,
        49.699263,
        233.25
      ],
      [
        18.054035,
        49.6962,
        234.0
      ],
      [
        18.052782,
        49.694785,
        234.0
      ],
      [
        18.052087,
        49.694717,
        234.0
      ],
      [
        18.051109,
        49.693878,
        234.0
      ],
      [
        18.047238,
        49.692907,
        234.25
      ],
      [
        18.041324,
        49.690081,
        235.5
      ],
      [
        18.040504,
        49.688064,
        235.0
      ],
      [
        18.041887,
        49.687272,
        236.5
      ],
      [
        18.042519,
        49.686155,
        236.75
      ],
      [
        18.041696,
        49.683082,
        236.75
      ],
      [
        18.041885,
        49.680423,
        237.0
      ],
      [
        18.04008,
        49.680341,
        239.25
      ],
      [
        18.040299,
        49.678716,
        243.5
      ],
      [
        18.038023,
        49.677257,
        251.0
      ],
      [
        18.039888,
        49.675733,
        252.75
      ],
      [
        18.031126,
        49.670578,
        257.75
      ],
      [
        18.022516,
        49.668195,
        252.5
      ],
      [
        18.018249,
        49.668399,
        240.0
      ],
      [
        18.01522,
        49.666479,
        240.75
      ],
      [
        18.006889,
        49.662389,
        242.25
      ],
      [
        18.003593,
        49.659855,
        242.0
      ],
      [
        17.999382,
        49.66077,
        242.75
      ],
      [
        17.996217,
        49.66074,
        243.25
      ],
      [
        17.992098,
        49.656344,
        244.0
      ],
      [
        17.990934,
        49.649577,
        247.0
      ],
      [
        17.990932,
        49.646786,
        247.75
      ],
      [
        17.992216,
        49.645161,
        249.75
      ],
      [
        17.991414,
        49.641506,
        250.0
      ],
      [
        17.992711,
        49.641395,
        252.5
      ],
      [
        17.992474,
        49.639516,
        253.0
      ],
      [
        17.993298,
        49.638398,
        254.0
      ],
      [
        17.992863,
        49.637545,
        254.0
      ],
      [
        17.993036,
        49.635635,
        255.75
      ],
      [
        17.994874,
        49.633142,
        262.75
      ],
      [
        17.99536,
        49.630127,
        262.5
      ],
      [
        17.994312,
        49.623353,
        259.5
      ],
      [
        17.995416,
        49.618413,
        260.25
      ],
      [
        17.995083,
        49.616899,
        261.0
      ],
      [
        17.996345,
        49.617179,
        261.25
      ],
      [
        17.996872,
        49.616156,
        263.0
      ],
      [
        17.998251,
        49.615102,
        262.5
      ],
      [
        17.997627,
        49.613013,
        262.25
      ],
      [
        17.998417,
        49.611256,
        263.25
      ],
      [
        18.003166,
        49.608504,
        267.0
      ],
      [
        18.003947,
        49.606234,
        267.5
      ],
      [
        18.003035,
        49.605752,
        269.0
      ],
      [
        18.004281,
        49.601249,
        271.75
      ],
      [
        18.0076,
        49.598071,
        277.5
      ],
      [
        18.005607,
        49.595686,
        282.0
      ],
      [
        18.009041,
        49.593433,
        286.5
      ],
      [
        18.010434,
        49.594267,
        285.5
      ],
      [
        18.002105,
        49.590033,
        291.25
      ],
      [
        17.99902,
        49.589079,
        287.25
      ],
      [
        17.996507,
        49.591754,
        285.0
      ],
      [
        17.99351,
        49.591243,
        288.0
      ],
      [
        17.990018,
        49.589749,
        287.75
      ],
      [
        17.987165,
        49.588283,
        292.0
      ],
      [
        17.984221,
        49.584657,
        299.0
      ],
      [
        17.982376,
        49.584643,
        294.75
      ],
      [
        17.981048,
        49.58385,
        295.75
      ],
      [
        17.980015,
        49.584223,
        298.75
      ],
      [
        17.977911,
        49.582535,
        301.5
      ],
      [
        17.976888,
        49.580749,
        303.0
      ],
      [
        17.978006,
        49.581026,
        300.75
      ],
      [
        17.975842,
        49.579092,
        304.75
      ],
      [
        17.970658,
        49.578971,
        329.25
      ],
      [
        17.960048,
        49.576936,
        374.75
      ],
      [
        17.957906,
        49.57592,
        375.5
      ],
      [
        17.914104,
        49.573268,
        298.75
      ],
      [
        17.905372,
        49.571858,
        289.25
      ],
      [
        17.905015,
        49.57527,
        279.75
      ],
      [
        17.903704,
        49.57768,
        287.25
      ],
      [
        17.901921,
        49.579176,
        281.75
      ],
      [
        17.897977,
        49.580381,
        268.25
      ],
      [
        17.89671,
        49.579548,
        268.5
      ],
      [
        17.889984,
        49.577849,
        268.25
      ],
      [
        17.887861,
        49.576703,
        274.75
      ],
      [
        17.884266,
        49.574193,
        276.5
      ],
      [
        17.883004,
        49.571821,
        283.75
      ],
      [
        17.876498,
        49.573602,
        272.5
      ],
      [
        17.873472,
        49.572219,
        271.0
      ],
      [
        17.869298,
        49.572505,
        272.0
      ],
      [
        17.867584,
        49.572125,
        272.0
      ],
      [
        17.865837,
        49.570196,
        277.5
      ],
      [
        17.867961,
        49.567124,
        298.25
      ],
      [
        17.86803,
        49.566087,
        301.0
      ],
      [
        17.865819,
        49.561779,
        320.0
      ],
      [
        17.864121,
        49.560122,
        322.5
      ],
      [
        17.864028,
        49.559258,
        325.5
      ],
      [
        17.860314,
        49.559809,
        349.75
      ],
      [
        17.853811,
        49.55822,
        343.5
      ],
      [
        17.851686,
        49.556813,
        336.5
      ],
      [
        17.850437,
        49.554766,
        322.25
      ],
      [
        17.84461,
        49.549939,
        341.75
      ],
      [
        17.843406,
        49.549907,
        342.25
      ],
      [
        17.83587,
        49.552661,
        371.25
      ],
      [
        17.825956,
        49.55463,
        362.75
      ],
      [
        17.812484,
        49.555279,
        344.0
      ],
      [
        17.808332,
        49.554067,
        361.0
      ],
      [
        17.807149,
        49.551665,
        358.25
      ],
      [
        17.804951,
        49.554066,
        342.75
      ],
      [
        17.800768,
        49.554438,
        345.5
      ],
      [
        17.798608,
        49.553457,
        337.5
      ],
      [
        17.798045,
        49.552324,
        338.25
      ],
      [
        17.797327,
        49.552078,
        338.25
      ],
      [
        17.792371,
        49.551935,
        330.0
      ],
      [
        17.791472,
        49.552678,
        333.5
      ],
      [
        17.787602,
        49.553275,
        330.5
      ],
      [
        17.786225,
        49.551455,
        326.25
      ],
      [
        17.784559,
        49.550531,
        329.75
      ],
      [
        17.780184,
        49.551071,
        328.75
      ],
      [
        17.773104,
        49.551091,
        343.5
      ],
      [
        17.77199,
        49.55335,
        345.5
      ],
      [
        17.764235,
        49.556269,
        299.0
      ],
      [
        17.76279,
        49.55608,
        291.0
      ],
      [
        17.763428,
        49.554511,
        294.25
      ],
      [
        17.761965,
        49.553054,
        274.75
      ],
      [
        17.765195,
        49.55227,
        272.75
      ],
      [
        17.768104,
        49.552767,
        288.0
      ],
      [
        17.765195,
        49.55227,
        272.75
      ],
      [
        17.761965,
        49.553054,
        274.75
      ],
      [
        17.763398,
        49.554799,
        295.75
      ],
      [
        17.76279,
        49.55608,
        291.0
      ],
      [
        17.760252,
        49.557398,
        274.75
      ],
      [
        17.759879,
        49.559697,
        271.0
      ],
      [
        17.76165,
        49.560766,
        274.75
      ],
      [
        17.759801,
        49.562878,
        284.0
      ],
      [
        17.751345,
        49.558769,
        287.0
      ],
      [
        17.74907,
        49.558106,
        286.25
      ],
      [
        17.748016,
        49.558966,
        283.25
      ],
      [
        17.738132,
        49.561727,
        264.25
      ],
      [
        17.733604,
        49.560135,
        265.75
      ],
      [
        17.732244,
        49.561762,
        266.25
      ],
      [
        17.731432,
        49.561993,
        263.5
      ],
      [
        17.72683,
        49.561106,
        265.0
      ],
      [
        17.726481,
        49.560596,
        269.25
      ],
      [
        17.722877,
        49.560293,
        276.75
      ],
      [
        17.71818,
        49.559402,
        272.25
      ],
      [
        17.71646,
        49.558567,
        266.5
      ],
      [
        17.711144,
        49.557879,
        271.25
      ],
      [
        17.706643,
        49.554925,
        253.75
      ],
      [
        17.706064,
        49.553263,
        247.75
      ],
      [
        17.700098,
        49.550492,
        245.75
      ],
      [
        17.696913,
        49.549609,
        247.0
      ],
      [
        17.690466,
        49.548512,
        247.0
      ],
      [
        17.688005,
        49.548804,
        247.75
      ],
      [
        17.686025,
        49.54852,
        248.5
      ],
      [
        17.667764,
        49.544113,
        245.0
      ],
      [
        17.666608,
        49.544613,
        244.25
      ],
      [
        17.665231,
        49.544556,
        245.0
      ],
      [
        17.661994,
        49.543661,
        249.25
      ],
      [
        17.656555,
        49.543136,
        253.25
      ],
      [
        17.656426,
        49.544807,
        268.25
      ],
      [
        17.649726,
        49.543012,
        261.5
      ],
      [
        17.644142,
        49.540913,
        253.25
      ],
      [
        17.642648,
        49.539678,
        259.25
      ],
      [
        17.636104,
        49.537841,
        257.25
      ],
      [
        17.628829,
        49.537111,
        243.5
      ],
      [
        17.628431,
        49.538643,
        245.5
      ],
      [
        17.625904,
        49.538285,
        246.5
      ],
      [
        17.621922,
        49.540744,
        253.0
      ],
      [
        17.612643,
        49.538071,
        255.25
      ],
      [
        17.612126,
        49.539406,
        257.75
      ],
      [
        17.610111,
        49.539174,
        260.0
      ],
      [
        17.606676,
        49.537084,
        249.0
      ],
      [
        17.604011,
        49.534863,
        256.0
      ],
      [
        17.597759,
        49.534324,
        254.25
      ],
      [
        17.597255,
        49.535205,
        259.0
      ],
      [
        17.596486,
        49.535217,
        258.25
      ],
      [
        17.593248,
        49.533951,
        263.5
      ],
      [
        17.593267,
        49.533067,
        256.25
      ],
      [
        17.592421,
        49.53204,
        252.5
      ],
      [
        17.588208,
        49.529074,
        246.5
      ],
      [
        17.588698,
        49.528516,
        245.0
      ],
      [
        17.58606,
        49.528053,
        244.75
      ],
      [
        17.5861,
        49.526688,
        242.0
      ],
      [
        17.583049,
        49.526121,
        240.0
      ],
      [
        17.576068,
        49.525918,
        238.0
      ],
      [
        17.551126,
        49.537335,
        270.75
      ],
      [
        17.545122,
        49.540744,
        275.5
      ],
      [
        17.543438,
        49.542739,
        277.5
      ],
      [
        17.541419,
        49.542793,
        277.75
      ],
      [
        17.536697,
        49.545393,
        283.25
      ],
      [
        17.534109,
        49.545965,
        289.0
      ],
      [
        17.533187,
        49.54704,
        296.0
      ],
      [
        17.530857,
        49.548377,
        309.5
      ],
      [
        17.529635,
        49.550678,
        332.0
      ],
      [
        17.528089,
        49.550804,
        343.25
      ],
      [
        17.516472,
        49.55611,
        369.25
      ],
      [
        17.501809,
        49.561366,
        380.0
      ],
      [
        17.496576,
        49.566331,
        360.75
      ],
      [
        17.49166,
        49.568363,
        367.75
      ],
      [
        17.489427,
        49.570173,
        364.5
      ],
      [
        17.489725,
        49.571159,
        368.0
      ],
      [
        17.483227,
        49.578512,
        370.75
      ],
      [
        17.482292,
        49.578845,
        372.0
      ],
      [
        17.463084,
        49.578683,
        351.0
      ],
      [
        17.461991,
        49.579022,
        350.0
      ],
      [
        17.461438,
        49.578739,
        349.0
      ],
      [
        17.45667,
        49.578522,
        344.25
      ],
      [
        17.446184,
        49.578345,
        337.25
      ],
      [
        17.436768,
        49.576786,
        329.5
      ],
      [
        17.433975,
        49.57685,
        328.0
      ],
      [
        17.411308,
        49.582483,
        323.5
      ],
      [
        17.385695,
        49.587977,
        312.25
      ],
      [
        17.383529,
        49.587967,
        309.0
      ],
      [
        17.377075,
        49.586386,
        291.25
      ],
      [
        17.376407,
        49.58683,
        291.5
      ],
      [
        17.37174,
        49.586734,
        283.25
      ],
      [
        17.368661,
        49.591742,
        276.75
      ],
      [
        17.366829,
        49.593761,
        265.0
      ],
      [
        17.362846,
        49.592586,
        249.75
      ],
      [
        17.361932,
        49.592751,
        247.0
      ],
      [
        17.361575,
        49.5934,
        245.0
      ],
      [
        17.360386,
        49.593406,
        244.0
      ],
      [
        17.354839,
        49.592582,
        242.0
      ],
      [
        17.353923,
        49.594074,
        241.0
      ],
      [
        17.350463,
        49.594606,
        240.0
      ],
      [
        17.346254,
        49.593932,
        238.5
      ],
      [
        17.344065,
        49.59448,
        236.5
      ],
      [
        17.338281,
        49.594477,
        234.5
      ],
      [
        17.329142,
        49.59333,
        230.75
      ],
      [
        17.325975,
        49.593931,
        228.5
      ],
      [
        17.323483,
        49.593809,
        228.75
      ],
      [
        17.323014,
        49.595232,
        229.0
      ],
      [
        17.318846,
        49.593971,
        227.25
      ],
      [
        17.315041,
        49.593758,
        225.5
      ],
      [
        17.308323,
        49.594748,
        223.0
      ],
      [
        17.304279,
        49.59489,
        220.25
      ],
      [
        17.300903,
        49.596142,
        219.25
      ],
      [
        17.300498,
        49.595338,
        220.75
      ],
      [
        17.300337,
        49.595782,
        220.0
      ],
      [
        17.296992,
        49.597412,
        217.75
      ],
      [
        17.289675,
        49.598212,
        214.75
      ],
      [
        17.287808,
        49.597898,
        214.0
      ],
      [
        17.28447,
        49.596545,
        213.25
      ],
      [
        17.280589,
        49.596508,
        213.25
      ],
      [
        17.27834,
        49.595419,
        212.75
      ],
      [
        17.273351,
        49.595748,
        211.5
      ],
      [
        17.271319,
        49.594429,
        213.5
      ],
      [
        17.261046,
        49.596959,
        219.25
      ],
      [
        17.254033,
        49.595481,
        220.75
      ],
      [
        17.250907,
        49.593826,
        218.0
      ],
      [
        17.251609,
        49.594324,
        218.75
      ],
      [
        17.250289,
        49.594154,
        217.0
      ],
      [
        17.25094,
        49.593009,
        216.75
      ],
      [
        17.250133,
        49.592118,
        214.75
      ],
      [
        17.248007,
        49.591042,
        215.0
      ],
      [
        17.250171,
        49.5894,
        215.25
      ],
      [
        17.248857,
        49.588285,
        211.75
      ],
      [
        17.249094,
        49.585148,
        212.0
      ],
      [
        17.248093,
        49.584974,
        211.75
      ],
      [
        17.248392,
        49.582387,
        211.25
      ],
      [
        17.249279,
        49.582088,
        211.0
      ],
      [
        17.248755,
        49.581254,
        212.0
      ],
      [
        17.248111,
        49.576465,
        210.5
      ],
      [
        17.247776,
        49.57044,
        210.5
      ],
      [
        17.248323,
        49.57024,
        209.0
      ],
      [
        17.236051,
        49.568677,
        213.0
      ],
      [
        17.233886,
        49.568729,
        217.5
      ],
      [
        17.231085,
        49.569793,
        223.75
      ],
      [
        17.225968,
        49.567888,
        239.0
      ],
      [
        17.224878,
        49.566532,
        250.5
      ],
      [
        17.219065,
        49.561902,
        254.75
      ],
      [
        17.218323,
        49.560273,
        251.0
      ],
      [
        17.214354,
        49.55682,
        250.0
      ],
      [
        17.209322,
        49.557661,
        247.0
      ],
      [
        17.207343,
        49.554536,
        247.25
      ],
      [
        17.207703,
        49.551908,
        253.25
      ],
      [
        17.196034,
        49.537733,
        219.0
      ],
      [
        17.193797,
        49.536339,
        216.0
      ],
      [
        17.190539,
        49.535604,
        213.75
      ],
      [
        17.18888,
        49.535677,
        211.75
      ],
      [
        17.178951,
        49.534183,
        213.0
      ],
      [
        17.177297,
        49.532941,
        214.0
      ],
      [
        17.172648,
        49.533478,
        214.75
      ],
      [
        17.165346,
        49.536496,
        215.25
      ],
      [
        17.160964,
        49.536235,
        220.0
      ],
      [
        17.158625,
        49.534983,
        221.0
      ],
      [
        17.157069,
        49.532841,
        221.0
      ],
      [
        17.146009,
        49.509822,
        240.0
      ],
      [
        17.138395,
        49.500912,
        266.0
      ],
      [
        17.11742,
        49.478535,
        222.0
      ],
      [
        17.114499,
        49.478148,
        222.0
      ],
      [
        17.111342,
        49.478569,
        223.0
      ],
      [
        17.109233,
        49.473097,
        226.0
      ],
      [
        17.109688,
        49.472,
        225.0
      ],
      [
        17.110563,
        49.472016,
        224.5
      ],
      [
        17.109688,
        49.472,
        225.0
      ],
      [
        17.110357,
        49.46919,
        223.0
      ],
      [
        17.108029,
        49.468723,
        224.0
      ],
      [
        17.105612,
        49.467667,
        226.25
      ],
      [
        17.103621,
        49.4674,
        227.0
      ],
      [
        17.100797,
        49.462828,
        227.0
      ],
      [
        17.0998,
        49.456005,
        231.25
      ],
      [
        17.097806,
        49.454691,
        241.0
      ],
      [
        17.096987,
        49.453481,
        249.25
      ],
      [
        17.095205,
        49.452656,
        252.0
      ],
      [
        17.091909,
        49.449256,
        256.5
      ],
      [
        17.087308,
        49.441522,
        244.0
      ],
      [
        17.088114,
        49.438372,
        231.75
      ],
      [
        17.08657,
        49.419422,
        239.5
      ],
      [
        17.087094,
        49.414784,
        240.75
      ],
      [
        17.096646,
        49.407808,
        252.0
      ],
      [
        17.100785,
        49.405609,
        245.0
      ],
      [
        17.100118,
        49.403552,
        231.0
      ],
      [
        17.10183,
        49.403069,
        229.0
      ],
      [
        17.105759,
        49.403022,
        230.25
      ],
      [
        17.10395,
        49.40041,
        244.0
      ],
      [
        17.097748,
        49.382983,
        266.5
      ],
      [
        17.098402,
        49.380954,
        273.5
      ],
      [
        17.096291,
        49.380014,
        271.5
      ],
      [
        17.091969,
        49.371433,
        239.0
      ],
      [
        17.089142,
        49.369021,
        234.0
      ],
      [
        17.088958,
        49.367586,
        241.75
      ],
      [
        17.08277,
        49.357561,
        268.75
      ],
      [
        17.069823,
        49.349655,
        314.5
      ],
      [
        17.066557,
        49.344193,
        297.75
      ],
      [
        17.058153,
        49.334871,
        270.5
      ],
      [
        17.05539,
        49.333719,
        278.5
      ],
      [
        17.047819,
        49.327907,
        269.5
      ],
      [
        17.029897,
        49.31049,
        284.75
      ],
      [
        17.003015,
        49.282926,
        253.75
      ],
      [
        16.996651,
        49.278558,
        252.0
      ],
      [
        16.997599,
        49.277869,
        251.0
      ],
      [
        17.002241,
        49.276985,
        243.75
      ],
      [
        17.002471,
        49.276472,
        245.0
      ],
      [
        17.004649,
        49.275746,
        242.0
      ],
      [
        17.004945,
        49.273865,
        245.0
      ],
      [
        17.000809,
        49.269992,
        245.75
      ],
      [
        17.001139,
        49.26817,
        249.25
      ],
      [
        16.999015,
        49.26702,
        250.5
      ],
      [
        16.996721,
        49.266556,
        249.75
      ],
      [
        16.994518,
        49.265605,
        250.75
      ],
      [
        16.995204,
        49.264474,
        256.75
      ],
      [
        16.995394,
        49.262489,
        268.25
      ],
      [
        16.996732,
        49.2611,
        275.0
      ],
      [
        16.988242,
        49.257719,
        267.5
      ],
      [
        16.982307,
        49.256223,
        254.75
      ],
      [
        16.98141,
        49.255166,
        253.0
      ],
      [
        16.97819,
        49.255103,
        252.0
      ],
      [
        16.976867,
        49.254741,
        251.0
      ],
      [
        16.973762,
        49.252228,
        251.0
      ],
      [
        16.968891,
        49.252363,
        260.25
      ],
      [
        16.959494,
        49.248923,
        270.75
      ],
      [
        16.949702,
        49.24414,
        282.25
      ],
      [
        16.9414,
        49.238895,
        292.0
      ],
      [
        16.931611,
        49.230701,
        302.5
      ],
      [
        16.927634,
        49.225425,
        291.75
      ],
      [
        16.923526,
        49.217798,
        258.25
      ],
      [
        16.921615,
        49.215882,
        257.75
      ],
      [
        16.921914,
        49.213384,
        260.0
      ],
      [
        16.923823,
        49.213257,
        259.75
      ],
      [
        16.923595,
        49.212717,
        258.75
      ],
      [
        16.925757,
        49.211887,
        254.5
      ],
      [
        16.925053,
        49.211203,
        252.75
      ],
      [
        16.925958,
        49.210756,
        251.75
      ],
      [
        16.924763,
        49.209886,
        248.75
      ],
      [
        16.91998,
        49.208587,
        247.0
      ],
      [
        16.915074,
        49.210542,
        246.75
      ],
      [
        16.911864,
        49.21119,
        249.5
      ],
      [
        16.909848,
        49.2124,
        240.5
      ],
      [
        16.908705,
        49.212229,
        240.0
      ],
      [
        16.906795,
        49.210462,
        239.5
      ],
      [
        16.907523,
        49.209942,
        241.5
      ],
      [
        16.907369,
        49.208204,
        240.25
      ],
      [
        16.904738,
        49.205721,
        242.5
      ],
      [
        16.903454,
        49.205057,
        244.5
      ],
      [
        16.895211,
        49.202488,
        241.0
      ],
      [
        16.89045,
        49.202888,
        236.0
      ],
      [
        16.889347,
        49.202178,
        234.25
      ],
      [
        16.889046,
        49.200554,
        233.0
      ],
      [
        16.884862,
        49.202584,
        234.25
      ],
      [
        16.882787,
        49.201113,
        234.75
      ],
      [
        16.882318,
        49.201637,
        235.5
      ],
      [
        16.882787,
        49.201113,
        234.75
      ],
      [
        16.882221,
        49.201075,
        235.75
      ],
      [
        16.884277,
        49.19877,
        232.0
      ],
      [
        16.884331,
        49.196411,
        232.5
      ],
      [
        16.88936,
        49.193912,
        252.0
      ],
      [
        16.889563,
        49.191845,
        260.25
      ],
      [
        16.890813,
        49.189584,
        283.0
      ],
      [
        16.891829,
        49.1893,
        290.25
      ],
      [
        16.891285,
        49.183016,
        304.75
      ],
      [
        16.893424,
        49.178439,
        314.75
      ],
      [
        16.894059,
        49.175889,
        315.0
      ],
      [
        16.903894,
        49.173318,
        273.75
      ],
      [
        16.908588,
        49.173664,
        260.5
      ],
      [
        16.910264,
        49.172165,
        252.75
      ],
      [
        16.919504,
        49.168508,
        239.5
      ],
      [
        16.921716,
        49.166198,
        246.25
      ],
      [
        16.919381,
        49.164096,
        232.75
      ],
      [
        16.919058,
        49.161804,
        227.5
      ],
      [
        16.916912,
        49.161493,
        231.0
      ],
      [
        16.907952,
        49.156193,
        218.0
      ],
      [
        16.898875,
        49.155008,
        220.0
      ],
      [
        16.898665,
        49.152481,
        219.0
      ],
      [
        16.891683,
        49.153482,
        213.5
      ],
      [
        16.888493,
        49.153571,
        208.5
      ],
      [
        16.886387,
        49.153212,
        206.5
      ],
      [
        16.879902,
        49.153667,
        207.0
      ],
      [
        16.876496,
        49.154291,
        210.75
      ],
      [
        16.876567,
        49.153342,
        209.0
      ],
      [
        16.870117,
        49.152157,
        206.0
      ],
      [
        16.865605,
        49.151863,
        206.5
      ],
      [
        16.865247,
        49.153045,
        208.75
      ],
      [
        16.846803,
        49.147564,
        227.0
      ],
      [
        16.841446,
        49.146305,
        219.0
      ],
      [
        16.829319,
        49.142256,
        203.75
      ],
      [
        16.829202,
        49.141605,
        204.75
      ],
      [
        16.826343,
        49.141206,
        216.0
      ],
      [
        16.824122,
        49.141135,
        221.75
      ],
      [
        16.823517,
        49.142378,
        226.25
      ],
      [
        16.814252,
        49.146211,
        280.0
      ],
      [
        16.802084,
        49.144576,
        285.25
      ],
      [
        16.790892,
        49.144825,
        284.25
      ],
      [
        16.77527,
        49.141963,
        270.0
      ],
      [
        16.767471,
        49.14115,
        250.0
      ],
      [
        16.764443,
        49.141207,
        246.25
      ],
      [
        16.762626,
        49.139051,
        238.5
      ],
      [
        16.752814,
        49.142846,
        232.5
      ],
      [
        16.751616,
        49.141645,
        235.0
      ],
      [
        16.736084,
        49.143504,
        219.25
      ],
      [
        16.734663,
        49.144393,
        212.75
      ],
      [
        16.727387,
        49.143293,
        208.75
      ],
      [
        16.723646,
        49.141812,
        225.25
      ],
      [
        16.715215,
        49.143384,
        232.75
      ],
      [
        16.705591,
        49.143412,
        229.0
      ],
      [
        16.703266,
        49.142453,
        227.75
      ],
      [
        16.700671,
        49.14072,
        228.25
      ],
      [
        16.693934,
        49.145272,
        229.0
      ],
      [
        16.672993,
        49.146938,
        231.0
      ],
      [
        16.665934,
        49.147971,
        226.0
      ],
      [
        16.659743,
        49.150991,
        231.0
      ],
      [
        16.656393,
        49.15092,
        219.25
      ],
      [
        16.656427,
        49.151669,
        220.0
      ],
      [
        16.655631,
        49.152261,
        216.75
      ],
      [
        16.653845,
        49.152735,
        219.0
      ],
      [
        16.653625,
        49.15396,
        223.0
      ],
      [
        16.649803,
        49.154826,
        211.75
      ],
      [
        16.64701,
        49.156462,
        202.75
      ],
      [
        16.646882,
        49.158164,
        205.0
      ],
      [
        16.646016,
        49.159689,
        200.25
      ],
      [
        16.647582,
        49.162568,
        202.0
      ],
      [
        16.647795,
        49.164363,
        196.5
      ],
      [
        16.647355,
        49.165631,
        195.25
      ],
      [
        16.648675,
        49.166196,
        198.5
      ],
      [
        16.649099,
        49.167659,
        199.25
      ],
      [
        16.648686,
        49.169604,
        198.75
      ],
      [
        16.643815,
        49.174046,
        202.25
      ],
      [
        16.64128,
        49.174858,
        200.5
      ],
      [
        16.640394,
        49.177119,
        204.0
      ],
      [
        16.635724,
        49.177744,
        197.75
      ],
      [
        16.634342,
        49.177044,
        197.5
      ],
      [
        16.632459,
        49.177191,
        198.75
      ],
      [
        16.631779,
        49.177022,
        197.75
      ],
      [
        16.631866,
        49.176682,
        199.25
      ],
      [
        16.631119,
        49.176792,
        199.75
      ],
      [
        16.628381,
        49.189862,
        202.0
      ],
      [
        16.626143,
        49.18973,
        202.0
      ],
      [
        16.625453,
        49.189208,
        201.0
      ],
      [
        16.622446,
        49.189328,
        200.0
      ],
      [
        16.616143,
        49.190872,
        201.0
      ],
      [
        16.614608,
        49.190828,
        202.0
      ],
      [
        16.615036,
        49.191656,
        202.0
      ],
      [
        16.613776,
        49.192354,
        205.0
      ],
      [
        16.614046,
        49.193468,
        206.0
      ],
      [
        16.613301,
        49.193651,
        209.25
      ],
      [
        16.612838,
        49.194318,
        209.25
      ],
      [
        16.608321,
        49.192523,
        225.0
      ],
      [
        16.60995,
        49.193014,
        217.0
      ],
      [
        16.611418,
        49.191055,
        208.5
      ],
      [
        16.608424,
        49.189886,
        204.5
      ],
      [
        16.602287,
        49.184411,
        202.5
      ],
      [
        16.604192,
        49.183413,
        198.5
      ],
      [
        16.609118,
        49.182951,
        198.0
      ],
      [
        16.613215,
        49.179558,
        197.25
      ],
      [
        16.617943,
        49.176871,
        197.25
      ],
      [
        16.619698,
        49.172804,
        196.75
      ],
      [
        16.622599,
        49.169403,
        196.0
      ],
      [
        16.623503,
        49.165184,
        195.75
      ],
      [
        16.62595,
        49.16117,
        197.25
      ],
      [
        16.625656,
        49.157666,
        196.0
      ],
      [
        16.626192,
        49.156075,
        196.25
      ],
      [
        16.625329,
        49.155863,
        196.5
      ],
      [
        16.628728,
        49.148925,
        194.25
      ],
      [
        16.627793,
        49.146713,
        194.0
      ],
      [
        16.627535,
        49.14384,
        192.5
      ],
      [
        16.627543,
        49.141322,
        193.25
      ],
      [
        16.628366,
        49.141302,
        194.25
      ],
      [
        16.628039,
        49.13572,
        192.75
      ],
      [
        16.631102,
        49.135823,
        191.0
      ],
      [
        16.630848,
        49.133691,
        191.75
      ],
      [
        16.631865,
        49.133597,
        191.75
      ],
      [
        16.63369,
        49.13152,
        191.0
      ],
      [
        16.632778,
        49.121864,
        190.0
      ],
      [
        16.63369,
        49.117814,
        189.5
      ],
      [
        16.632191,
        49.116509,
        189.0
      ],
      [
        16.632244,
        49.114133,
        189.0
      ],
      [
        16.636851,
        49.107777,
        188.5
      ],
      [
        16.63461,
        49.105925,
        190.25
      ],
      [
        16.633166,
        49.106473,
        188.25
      ],
      [
        16.630989,
        49.10542,
        188.5
      ],
      [
        16.62762,
        49.10553,
        189.5
      ],
      [
        16.62603,
        49.101232,
        189.25
      ],
      [
        16.620496,
        49.094578,
        187.75
      ],
      [
        16.620137,
        49.092698,
        186.25
      ],
      [
        16.618426,
        49.092811,
        187.75
      ],
      [
        16.616111,
        49.092121,
        187.5
      ],
      [
        16.614262,
        49.090489,
        188.75
      ],
      [
        16.609506,
        49.088948,
        187.5
      ],
      [
        16.604154,
        49.089371,
        196.0
      ],
      [
        16.603018,
        49.08918,
        197.0
      ],
      [
        16.609506,
        49.088948,
        187.5
      ],
      [
        16.614262,
        49.090489,
        188.75
      ],
      [
        16.616111,
        49.092121,
        187.5
      ],
      [
        16.618539,
        49.092822,
        187.75
      ],
      [
        16.626092,
        49.092147,
        186.5
      ],
      [
        16.633871,
        49.092057,
        187.0
      ],
      [
        16.633846,
        49.090757,
        186.5
      ],
      [
        16.635292,
        49.090121,
        186.0
      ],
      [
        16.635458,
        49.088432,
        185.75
      ],
      [
        16.63744,
        49.084636,
        185.0
      ],
      [
        16.636748,
        49.081239,
        184.0
      ],
      [
        16.638732,
        49.079799,
        185.0
      ],
      [
        16.638706,
        49.077674,
        184.75
      ],
      [
        16.640225,
        49.076582,
        186.0
      ],
      [
        16.640579,
        49.075723,
        186.5
      ],
      [
        16.640517,
        49.075209,
        185.25
      ],
      [
        16.639288,
        49.074997,
        185.0
      ],
      [
        16.639653,
        49.073893,
        185.0
      ],
      [
        16.635879,
        49.073415,
        183.75
      ],
      [
        16.635775,
        49.071061,
        183.75
      ],
      [
        16.634853,
        49.068269,
        183.0
      ],
      [
        16.636005,
        49.064392,
        183.0
      ],
      [
        16.635729,
        49.062202,
        183.0
      ],
      [
        16.63633,
        49.061243,
        183.0
      ],
      [
        16.639834,
        49.060634,
        182.75
      ],
      [
        16.644361,
        49.057574,
        184.0
      ],
      [
        16.644881,
        49.056743,
        185.0
      ],
      [
        16.648638,
        49.057248,
        183.75
      ],
      [
        16.648665,
        49.057562,
        183.0
      ],
      [
        16.665335,
        49.055671,
        184.5
      ],
      [
        16.663066,
        49.052825,
        194.5
      ],
      [
        16.664348,
        49.050205,
        224.5
      ],
      [
        16.664316,
        49.049277,
        237.25
      ],
      [
        16.662839,
        49.047476,
        254.75
      ],
      [
        16.661144,
        49.046815,
        272.75
      ],
      [
        16.662839,
        49.047476,
        254.75
      ],
      [
        16.664316,
        49.049277,
        237.25
      ],
      [
        16.66333,
        49.05277,
        196.0
      ],
      [
        16.665906,
        49.052298,
        203.25
      ],
      [
        16.668057,
        49.05109,
        202.0
      ],
      [
        16.668771,
        49.050206,
        201.5
      ],
      [
        16.673048,
        49.048097,
        194.75
      ],
      [
        16.675208,
        49.046498,
        196.0
      ],
      [
        16.675633,
        49.044806,
        203.75
      ],
      [
        16.676482,
        49.044356,
        201.75
      ],
      [
        16.678559,
        49.044815,
        193.75
      ],
      [
        16.682758,
        49.046545,
        187.0
      ],
      [
        16.688259,
        49.046486,
        188.25
      ],
      [
        16.699102,
        49.047442,
        189.0
      ],
      [
        16.722764,
        49.035413,
        212.75
      ],
      [
        16.72305,
        49.034324,
        211.5
      ],
      [
        16.705468,
        49.019133,
        225.0
      ],
      [
        16.703144,
        49.018313,
        230.0
      ],
      [
        16.688188,
        49.015759,
        224.0
      ],
      [
        16.685451,
        49.014293,
        220.25
      ],
      [
        16.684614,
        49.012798,
        219.0
      ],
      [
        16.682143,
        48.995891,
        183.5
      ],
      [
        16.679566,
        48.995704,
        181.0
      ],
      [
        16.679666,
        48.995013,
        181.0
      ],
      [
        16.678561,
        48.993172,
        180.0
      ],
      [
        16.678454,
        48.990721,
        179.0
      ],
      [
        16.678955,
        48.990254,
        180.0
      ],
      [
        16.677793,
        48.989382,
        180.0
      ],
      [
        16.684569,
        48.986075,
        183.25
      ],
      [
        16.688128,
        48.982162,
        184.0
      ],
      [
        16.698381,
        48.974414,
        188.0
      ],
      [
        16.710829,
        48.966543,
        200.5
      ],
      [
        16.721608,
        48.956434,
        215.75
      ],
      [
        16.72599,
        48.950042,
        210.25
      ],
      [
        16.730752,
        48.945161,
        194.0
      ],
      [
        16.735085,
        48.941606,
        189.25
      ],
      [
        16.735664,
        48.941654,
        189.75
      ],
      [
        16.736362,
        48.940392,
        189.25
      ],
      [
        16.737584,
        48.940851,
        195.0
      ],
      [
        16.739465,
        48.938505,
        199.5
      ],
      [
        16.737269,
        48.937065,
        187.75
      ],
      [
        16.736397,
        48.93796,
        187.75
      ],
      [
        16.735161,
        48.937571,
        188.0
      ],
      [
        16.732533,
        48.935145,
        193.25
      ],
      [
        16.73001,
        48.933718,
        204.0
      ],
      [
        16.72802,
        48.933427,
        207.5
      ],
      [
        16.727675,
        48.930916,
        216.25
      ],
      [
        16.728469,
        48.92875,
        236.75
      ],
      [
        16.726238,
        48.926535,
        232.0
      ],
      [
        16.727785,
        48.925599,
        228.75
      ],
      [
        16.723013,
        48.920005,
        204.0
      ],
      [
        16.72118,
        48.915682,
        181.75
      ],
      [
        16.711801,
        48.917711,
        181.0
      ],
      [
        16.706502,
        48.916931,
        176.75
      ],
      [
        16.699643,
        48.917341,
        175.25
      ],
      [
        16.697085,
        48.9161,
        173.75
      ],
      [
        16.695827,
        48.915995,
        175.25
      ],
      [
        16.683791,
        48.919726,
        175.0
      ],
      [
        16.681832,
        48.917479,
        172.75
      ],
      [
        16.676952,
        48.915636,
        173.5
      ],
      [
        16.67107,
        48.914312,
        183.5
      ],
      [
        16.668477,
        48.912672,
        178.0
      ],
      [
        16.664988,
        48.911986,
        178.0
      ],
      [
        16.654881,
        48.906228,
        172.0
      ],
      [
        16.651848,
        48.905535,
        172.25
      ],
      [
        16.649231,
        48.902303,
        171.0
      ],
      [
        16.646029,
        48.902033,
        171.0
      ],
      [
        16.644432,
        48.901393,
        172.75
      ],
      [
        16.64353,
        48.900515,
        172.25
      ],
      [
        16.643125,
        48.899216,
        171.75
      ],
      [
        16.644381,
        48.893481,
        172.75
      ],
      [
        16.642699,
        48.89079,
        170.25
      ],
      [
        16.643812,
        48.88842,
        169.0
      ],
      [
        16.640696,
        48.887688,
        171.25
      ],
      [
        16.640822,
        48.88621,
        172.5
      ],
      [
        16.635874,
        48.880741,
        196.25
      ],
      [
        16.630973,
        48.877549,
        198.75
      ],
      [
        16.623655,
        48.87546,
        192.5
      ],
      [
        16.622945,
        48.874435,
        193.5
      ],
      [
        16.620918,
        48.873308,
        196.5
      ],
      [
        16.619031,
        48.871453,
        207.25
      ],
      [
        16.615202,
        48.870153,
        212.5
      ],
      [
        16.611649,
        48.867303,
        215.5
      ],
      [
        16.611952,
        48.864679,
        214.0
      ],
      [
        16.609976,
        48.861796,
        207.75
      ],
      [
        16.607697,
        48.861029,
        204.25
      ],
      [
        16.608974,
        48.856508,
        199.0
      ],
      [
        16.60953,
        48.852142,
        201.75
      ],
      [
        16.609046,
        48.851556,
        202.0
      ],
      [
        16.609587,
        48.850987,
        203.0
      ],
      [
        16.610288,
        48.847599,
        204.25
      ],
      [
        16.61281,
        48.828781,
        215.5
      ],
      [
        16.614118,
        48.825652,
        233.0
      ],
      [
        16.618428,
        48.820455,
        223.75
      ],
      [
        16.623878,
        48.816369,
        224.75
      ],
      [
        16.624605,
        48.814737,
        222.5
      ],
      [
        16.623762,
        48.814345,
        221.25
      ],
      [
        16.626484,
        48.814551,
        226.75
      ],
      [
        16.634549,
        48.809714,
        240.25
      ],
      [
        16.634662,
        48.807968,
        241.0
      ],
      [
        16.633619,
        48.805995,
        236.0
      ],
      [
        16.633893,
        48.805236,
        232.5
      ],
      [
        16.636019,
        48.804149,
        222.75
      ],
      [
        16.637694,
        48.805584,
        238.75
      ],
      [
        16.636019,
        48.804149,
        222.75
      ],
      [
        16.642562,
        48.801848,
        232.25
      ],
      [
        16.642718,
        48.800746,
        226.5
      ],
      [
        16.639901,
        48.790843,
        198.0
      ],
      [
        16.667455,
        48.782229,
        190.75
      ],
      [
        16.671609,
        48.779644,
        189.0
      ],
      [
        16.668427,
        48.777624,
        191.75
      ],
      [
        16.665916,
        48.772981,
        191.5
      ],
      [
        16.665096,
        48.768765,
        194.0
      ],
      [
        16.665768,
        48.765807,
        198.0
      ],
      [
        16.664276,
        48.763798,
        201.0
      ],
      [
        16.664342,
        48.762811,
        202.5
      ],
      [
        16.66367,
        48.761954,
        201.25
      ],
      [
        16.663063,
        48.758006,
        201.0
      ],
      [
        16.665262,
        48.75191,
        203.0
      ],
      [
        16.664804,
        48.750671,
        204.25
      ],
      [
        16.665876,
        48.749799,
        215.75
      ],
      [
        16.665315,
        48.747255,
        218.0
      ],
      [
        16.667932,
        48.746548,
        236.5
      ],
      [
        16.669204,
        48.745512,
        252.5
      ],
      [
        16.67121,
        48.74548,
        266.75
      ],
      [
        16.671674,
        48.738585,
        255.75
      ],
      [
        16.674658,
        48.732138,
        261.75
      ],
      [
        16.680848,
        48.732102,
        293.0
      ],
      [
        16.682625,
        48.727046,
        302.25
      ],
      [
        16.667959,
        48.713919,
        273.5
      ],
      [
        16.666615,
        48.713216,
        268.75
      ],
      [
        16.665607,
        48.713215,
        268.25
      ],
      [
        16.664601,
        48.709917,
        272.75
      ],
      [
        16.670268,
        48.709797,
        298.75
      ],
      [
        16.669843,
        48.707326,
        300.0
      ],
      [
        16.668441,
        48.704136,
        294.75
      ],
      [
        16.66219,
        48.696803,
        291.0
      ],
      [
        16.659991,
        48.695771,
        292.0
      ],
      [
        16.653124,
        48.694898,
        294.5
      ],
      [
        16.64949,
        48.691145,
        268.25
      ],
      [
        16.647074,
        48.689573,
        271.5
      ],
      [
        16.644832,
        48.688771,
        265.5
      ],
      [
        16.643361,
        48.687273,
        258.0
      ],
      [
        16.639497,
        48.687331,
        243.5
      ],
      [
        16.638222,
        48.686462,
        241.0
      ],
      [
        16.637854,
        48.684471,
        235.5
      ],
      [
        16.636837,
        48.683072,
        239.5
      ],
      [
        16.631012,
        48.679073,
        251.75
      ],
      [
        16.630604,
        48.679307,
        253.5
      ],
      [
        16.628452,
        48.67736,
        246.25
      ],
      [
        16.628043,
        48.675662,
        225.75
      ],
      [
        16.629547,
        48.670996,
        214.25
      ],
      [
        16.629039,
        48.670789,
        217.25
      ],
      [
        16.629152,
        48.669846,
        218.25
      ],
      [
        16.627614,
        48.669485,
        211.0
      ],
      [
        16.62308,
        48.669349,
        209.75
      ],
      [
        16.619173,
        48.669638,
        207.25
      ],
      [
        16.618938,
        48.669017,
        203.75
      ],
      [
        16.616073,
        48.66915,
        205.75
      ],
      [
        16.607194,
        48.668268,
        210.5
      ],
      [
        16.602644,
        48.667179,
        212.5
      ],
      [
        16.600338,
        48.666239,
        212.25
      ],
      [
        16.593005,
        48.666218,
        213.0
      ],
      [
        16.59106,
        48.666654,
        214.0
      ],
      [
        16.590778,
        48.665192,
        212.25
      ],
      [
        16.587811,
        48.659633,
        218.25
      ],
      [
        16.585371,
        48.658268,
        228.25
      ],
      [
        16.581038,
        48.658086,
        250.75
      ],
      [
        16.578774,
        48.656232,
        268.75
      ],
      [
        16.570281,
        48.652438,
        296.75
      ],
      [
        16.569472,
        48.650526,
        293.5
      ],
      [
        16.570038,
        48.647383,
        299.5
      ],
      [
        16.562366,
        48.643579,
        292.25
      ],
      [
        16.559166,
        48.640854,
        274.0
      ],
      [
        16.560533,
        48.638767,
        266.5
      ],
      [
        16.56441,
        48.636595,
        265.0
      ],
      [
        16.565061,
        48.633331,
        253.5
      ],
      [
        16.567125,
        48.630905,
        252.25
      ],
      [
        16.567844,
        48.629268,
        253.75
      ],
      [
        16.565618,
        48.625413,
        243.0
      ],
      [
        16.565688,
        48.619913,
        240.5
      ],
      [
        16.564354,
        48.61816,
        232.75
      ],
      [
        16.560605,
        48.61588,
        226.75
      ],
      [
        16.55933,
        48.613985,
        226.5
      ],
      [
        16.559035,
        48.607908,
        230.0
      ],
      [
        16.560241,
        48.603613,
        220.0
      ],
      [
        16.561711,
        48.601701,
        226.5
      ],
      [
        16.565511,
        48.594378,
        220.25
      ],
      [
        16.565092,
        48.592392,
        209.0
      ],
      [
        16.565717,
        48.587333,
        207.0
      ],
      [
        16.567984,
        48.577941,
        201.0
      ],
      [
        16.571459,
        48.574414,
        200.0
      ],
      [
        16.572435,
        48.572481,
        200.0
      ],
      [
        16.573829,
        48.571424,
        199.0
      ],
      [
        16.573819,
        48.569676,
        199.0
      ],
      [
        16.572181,
        48.569614,
        199.0
      ],
      [
        16.571798,
        48.568425,
        200.0
      ],
      [
        16.568758,
        48.567593,
        207.0
      ],
      [
        16.564063,
        48.565407,
        207.5
      ],
      [
        16.564604,
        48.564551,
        201.5
      ],
      [
        16.560726,
        48.56195,
        199.0
      ],
      [
        16.56264,
        48.557369,
        196.25
      ],
      [
        16.556318,
        48.556078,
        198.0
      ],
      [
        16.552737,
        48.554901,
        198.0
      ],
      [
        16.550685,
        48.553585,
        198.5
      ],
      [
        16.547282,
        48.550333,
        199.5
      ],
      [
        16.545605,
        48.549467,
        199.75
      ],
      [
        16.538797,
        48.548313,
        200.5
      ],
      [
        16.535069,
        48.548228,
        201.0
      ],
      [
        16.534878,
        48.547832,
        201.25
      ],
      [
        16.528905,
        48.54638,
        202.0
      ],
      [
        16.523872,
        48.546355,
        203.0
      ],
      [
        16.519713,
        48.543187,
        204.0
      ],
      [
        16.513338,
        48.540725,
        205.0
      ],
      [
        16.5087,
        48.539126,
        206.25
      ],
      [
        16.499199,
        48.536657,
        208.0
      ],
      [
        16.498425,
        48.536061,
        209.0
      ],
      [
        16.495253,
        48.535214,
        209.0
      ],
      [
        16.49237,
        48.533793,
        209.25
      ],
      [
        16.487949,
        48.533615,
        209.5
      ],
      [
        16.486862,
        48.533235,
        209.75
      ],
      [
        16.484148,
        48.533373,
        210.0
      ],
      [
        16.48407,
        48.532468,
        210.75
      ],
      [
        16.482807,
        48.53174,
        211.0
      ],
      [
        16.482624,
        48.529769,
        214.25
      ],
      [
        16.48568,
        48.524392,
        218.0
      ],
      [
        16.490197,
        48.510936,
        235.25
      ],
      [
        16.494731,
        48.50718,
        229.25
      ],
      [
        16.497442,
        48.506657,
        229.0
      ],
      [
        16.498838,
        48.505979,
        230.0
      ],
      [
        16.502608,
        48.502262,
        237.25
      ],
      [
        16.503143,
        48.500834,
        241.25
      ],
      [
        16.500966,
        48.499408,
        246.0
      ],
      [
        16.501567,
        48.498811,
        249.75
      ],
      [
        16.500197,
        48.497286,
        253.5
      ],
      [
        16.49926,
        48.497118,
        252.5
      ],
      [
        16.499105,
        48.496151,
        254.5
      ],
      [
        16.498459,
        48.495665,
        254.5
      ],
      [
        16.497448,
        48.495261,
        258.0
      ],
      [
        16.491734,
        48.495239,
        259.25
      ],
      [
        16.488796,
        48.493235,
        246.75
      ],
      [
        16.486476,
        48.487346,
        237.75
      ],
      [
        16.48527,
        48.486275,
        242.25
      ],
      [
        16.481861,
        48.484709,
        232.5
      ],
      [
        16.480645,
        48.481094,
        226.5
      ],
      [
        16.479139,
        48.480389,
        223.0
      ],
      [
        16.477915,
        48.477326,
        222.75
      ],
      [
        16.478352,
        48.47586,
        222.5
      ],
      [
        16.47746,
        48.47471,
        221.0
      ],
      [
        16.478548,
        48.473414,
        219.25
      ],
      [
        16.478748,
        48.471409,
        213.0
      ],
      [
        16.483253,
        48.468841,
        210.0
      ],
      [
        16.48453,
        48.468941,
        209.25
      ],
      [
        16.488231,
        48.470291,
        208.0
      ],
      [
        16.492522,
        48.468785,
        205.75
      ],
      [
        16.495159,
        48.468472,
        205.0
      ],
      [
        16.495881,
        48.467431,
        204.5
      ],
      [
        16.49812,
        48.467415,
        207.5
      ],
      [
        16.497238,
        48.466116,
        206.25
      ],
      [
        16.497024,
        48.464517,
        204.0
      ],
      [
        16.498938,
        48.463816,
        205.5
      ],
      [
        16.499314,
        48.463187,
        204.5
      ],
      [
        16.498909,
        48.461449,
        204.75
      ],
      [
        16.497935,
        48.460935,
        204.75
      ],
      [
        16.497568,
        48.460108,
        203.75
      ],
      [
        16.498885,
        48.455261,
        203.75
      ],
      [
        16.497601,
        48.453437,
        201.0
      ],
      [
        16.49751,
        48.451484,
        199.25
      ],
      [
        16.496948,
        48.451007,
        198.0
      ],
      [
        16.49575,
        48.451049,
        198.75
      ],
      [
        16.495496,
        48.450573,
        199.25
      ],
      [
        16.494956,
        48.450579,
        201.0
      ],
      [
        16.494156,
        48.451478,
        203.0
      ],
      [
        16.492457,
        48.451667,
        205.0
      ],
      [
        16.492655,
        48.450663,
        213.75
      ],
      [
        16.492097,
        48.449346,
        210.25
      ],
      [
        16.488082,
        48.446273,
        213.25
      ],
      [
        16.487038,
        48.444627,
        204.75
      ],
      [
        16.487087,
        48.443328,
        203.75
      ],
      [
        16.488467,
        48.440809,
        205.5
      ],
      [
        16.489866,
        48.43947,
        204.0
      ],
      [
        16.491715,
        48.438502,
        202.25
      ],
      [
        16.492766,
        48.436809,
        205.0
      ],
      [
        16.491691,
        48.434532,
        193.0
      ],
      [
        16.4882,
        48.433671,
        196.5
      ],
      [
        16.486141,
        48.43218,
        189.25
      ],
      [
        16.485922,
        48.430838,
        191.25
      ],
      [
        16.487032,
        48.426417,
        197.0
      ],
      [
        16.486625,
        48.426022,
        197.5
      ],
      [
        16.487997,
        48.425862,
        194.0
      ],
      [
        16.488782,
        48.423044,
        197.25
      ],
      [
        16.490817,
        48.41972,
        195.0
      ],
      [
        16.493945,
        48.41956,
        190.25
      ],
      [
        16.494297,
        48.419039,
        191.75
      ],
      [
        16.49614,
        48.419124,
        187.75
      ],
      [
        16.496367,
        48.418791,
        187.25
      ],
      [
        16.497095,
        48.418801,
        186.0
      ],
      [
        16.49754,
        48.418125,
        184.0
      ],
      [
        16.497014,
        48.415199,
        182.0
      ],
      [
        16.497297,
        48.41393,
        181.0
      ],
      [
        16.497976,
        48.413873,
        180.5
      ],
      [
        16.49812,
        48.410013,
        179.75
      ],
      [
        16.495509,
        48.407566,
        178.0
      ],
      [
        16.49528,
        48.40676,
        177.75
      ],
      [
        16.49606,
        48.405466,
        177.0
      ],
      [
        16.500393,
        48.4017,
        175.75
      ],
      [
        16.500922,
        48.40078,
        176.25
      ],
      [
        16.497932,
        48.396127,
        175.25
      ],
      [
        16.498306,
        48.393611,
        176.0
      ],
      [
        16.503272,
        48.391299,
        178.0
      ],
      [
        16.508011,
        48.386373,
        176.0
      ],
      [
        16.509918,
        48.385107,
        175.0
      ],
      [
        16.511829,
        48.384319,
        174.5
      ],
      [
        16.515495,
        48.385025,
        174.0
      ],
      [
        16.518251,
        48.382998,
        172.0
      ],
      [
        16.517721,
        48.383368,
        173.0
      ],
      [
        16.517813,
        48.382901,
        172.0
      ],
      [
        16.51282,
        48.379701,
        180.75
      ],
      [
        16.512298,
        48.380945,
        183.25
      ],
      [
        16.51209,
        48.380763,
        184.0
      ],
      [
        16.506227,
        48.373115,
        193.75
      ],
      [
        16.497581,
        48.36508,
        189.75
      ],
      [
        16.498069,
        48.364745,
        190.0
      ],
      [
        16.4931,
        48.361389,
        172.0
      ],
      [
        16.494611,
        48.360993,
        171.5
      ],
      [
        16.494216,
        48.359334,
        167.75
      ],
      [
        16.489687,
        48.359103,
        170.0
      ],
      [
        16.477533,
        48.35666,
        168.75
      ],
      [
        16.46189,
        48.356431,
        183.0
      ],
      [
        16.456725,
        48.353613,
        183.75
      ],
      [
        16.446205,
        48.350049,
        185.0
      ],
      [
        16.450577,
        48.348385,
        185.75
      ],
      [
        16.448126,
        48.347921,
        184.0
      ],
      [
        16.448311,
        48.347275,
        184.0
      ],
      [
        16.445343,
        48.344617,
        184.0
      ],
      [
        16.441925,
        48.3456,
        185.25
      ],
      [
        16.439415,
        48.344885,
        185.75
      ],
      [
        16.43835,
        48.343146,
        185.25
      ],
      [
        16.436833,
        48.343308,
        184.5
      ],
      [
        16.430728,
        48.333061,
        185.0
      ],
      [
        16.429006,
        48.324363,
        187.25
      ],
      [
        16.429262,
        48.312671,
        192.5
      ],
      [
        16.427154,
        48.310575,
        190.0
      ],
      [
        16.426373,
        48.308239,
        186.25
      ],
      [
        16.423401,
        48.306763,
        184.25
      ],
      [
        16.421229,
        48.30428,
        176.25
      ],
      [
        16.417365,
        48.30136,
        167.0
      ],
      [
        16.416171,
        48.301254,
        166.0
      ],
      [
        16.415398,
        48.297998,
        165.0
      ],
      [
        16.411023,
        48.290439,
        162.5
      ],
      [
        16.409527,
        48.285229,
        162.0
      ],
      [
        16.405859,
        48.280927,
        162.0
      ],
      [
        16.404944,
        48.277276,
        163.0
      ],
      [
        16.403024,
        48.273826,
        163.0
      ],
      [
        16.405148,
        48.273223,
        163.0
      ],
      [
        16.404442,
        48.272004,
        163.0
      ],
      [
        16.402922,
        48.272407,
        163.25
      ],
      [
        16.400905,
        48.269696,
        162.0
      ],
      [
        16.399343,
        48.265874,
        162.0
      ],
      [
        16.397032,
        48.266241,
        163.0
      ],
      [
        16.395961,
        48.265823,
        164.0
      ],
      [
        16.395299,
        48.264309,
        163.75
      ],
      [
        16.394391,
        48.26396,
        164.0
      ],
      [
        16.395377,
        48.261641,
        163.5
      ],
      [
        16.393752,
        48.26032,
        164.25
      ],
      [
        16.388008,
        48.257842,
        163.75
      ],
      [
        16.388052,
        48.257356,
        162.0
      ],
      [
        16.386449,
        48.256378,
        162.75
      ],
      [
        16.385635,
        48.25688,
        163.5
      ],
      [
        16.385212,
        48.256094,
        165.25
      ],
      [
        16.383837,
        48.255405,
        167.5
      ],
      [
        16.374462,
        48.252442,
        170.5
      ],
      [
        16.374384,
        48.251115,
        167.25
      ],
      [
        16.373688,
        48.250512,
        164.75
      ],
      [
        16.372904,
        48.250836,
        163.75
      ],
      [
        16.373052,
        48.251651,
        163.75
      ],
      [
        16.371766,
        48.251932,
        161.25
      ],
      [
        16.371685,
        48.250469,
        160.5
      ],
      [
        16.370489,
        48.248189,
        159.5
      ],
      [
        16.36505,
        48.242168,
        159.75
      ],
      [
        16.361991,
        48.237329,
        160.25
      ],
      [
        16.360887,
        48.23389,
        161.25
      ],
      [
        16.361863,
        48.23122,
        160.5
      ],
      [
        16.363303,
        48.228727,
        160.25
      ],
      [
        16.367327,
        48.225114,
        161.0
      ],
      [
        16.368382,
        48.219794,
        161.0
      ],
      [
        16.369648,
        48.218632,
        162.25
      ],
      [
        16.37007,
        48.217573,
        165.0
      ],
      [
        16.374059,
        48.213998,
        164.5
      ],
      [
        16.372793,
        48.213012,
        164.75
      ],
      [
        16.372825,
        48.211916,
        169.25
      ],
      [
        16.370552,
        48.210253,
        174.0
      ],
      [
        16.372886,
        48.209148,
        171.0
      ],
      [
        16.37208,
        48.20838,
        172.0
      ],
      [
        16.372468,
        48.208251,
        172.0
      ],
      [
        16.37208,
        48.20838,
        172.0
      ],
      [
        16.372451,
        48.20881,
        171.25
      ],
      [
        16.375452,
        48.210958,
        167.5
      ],
      [
        16.376627,
        48.212347,
        161.5
      ],
      [
        16.374682,
        48.213698,
        163.25
      ],
      [
        16.372831,
        48.216333,
        159.5
      ],
      [
        16.368382,
        48.219794,
        161.0
      ],
      [
        16.367327,
        48.225114,
        161.0
      ],
      [
        16.363303,
        48.228727,
        160.25
      ],
      [
        16.360887,
        48.23389,
        161.25
      ],
      [
        16.361154,
        48.235391,
        161.75
      ],
      [
        16.363246,
        48.23962,
        160.0
      ],
      [
        16.366339,
        48.243779,
        159.5
      ],
      [
        16.369942,
        48.24747,
        159.25
      ],
      [
        16.371756,
        48.250747,
        160.5
      ],
      [
        16.371584,
        48.252365,
        161.75
      ],
      [
        16.369246,
        48.256421,
        163.75
      ],
      [
        16.36773,
        48.262535,
        163.5
      ],
      [
        16.366826,
        48.264272,
        163.25
      ],
      [
        16.360311,
        48.27151,
        164.75
      ],
      [
        16.354257,
        48.277169,
        166.0
      ],
      [
        16.352634,
        48.279676,
        164.5
      ],
      [
        16.348666,
        48.284031,
        163.25
      ],
      [
        16.347316,
        48.284268,
        166.0
      ],
      [
        16.345883,
        48.285938,
        166.5
      ],
      [
        16.344261,
        48.289539,
        166.0
      ],
      [
        16.34457,
        48.289826,
        166.0
      ],
      [
        16.343262,
        48.293994,
        164.5
      ],
      [
        16.338199,
        48.300185,
        166.25
      ],
      [
        16.337191,
        48.300812,
        166.0
      ],
      [
        16.334083,
        48.300855,
        166.75
      ],
      [
        16.332833,
        48.299612,
        167.75
      ],
      [
        16.332603,
        48.300033,
        168.5
      ],
      [
        16.327921,
        48.302196,
        191.0
      ],
      [
        16.326087,
        48.303571,
        192.0
      ],
      [
        16.324188,
        48.305917,
        191.25
      ],
      [
        16.319766,
        48.302726,
        207.0
      ],
      [
        16.316628,
        48.304128,
        214.75
      ],
      [
        16.319766,
        48.302726,
        207.0
      ],
      [
        16.320835,
        48.303632,
        199.75
      ],
      [
        16.321197,
        48.303455,
        200.75
      ],
      [
        16.322028,
        48.304043,
        197.25
      ],
      [
        16.322642,
        48.30367,
        198.25
      ],
      [
        16.325157,
        48.305004,
        192.5
      ],
      [
        16.32347,
        48.3064,
        183.5
      ],
      [
        16.326604,
        48.30912,
        167.0
      ],
      [
        16.325601,
        48.30989,
        166.75
      ],
      [
        16.327054,
        48.310673,
        166.5
      ],
      [
        16.326585,
        48.312333,
        166.0
      ],
      [
        16.327695,
        48.313543,
        165.25
      ],
      [
        16.323179,
        48.317452,
        166.0
      ],
      [
        16.326001,
        48.319863,
        164.5
      ],
      [
        16.328399,
        48.322808,
        163.75
      ],
      [
        16.329416,
        48.326847,
        165.25
      ],
      [
        16.328168,
        48.328315,
        166.5
      ],
      [
        16.332611,
        48.329625,
        166.5
      ],
      [
        16.331698,
        48.330656,
        166.0
      ],
      [
        16.33156,
        48.33254,
        167.25
      ],
      [
        16.329167,
        48.334823,
        166.5
      ],
      [
        16.326884,
        48.335874,
        165.5
      ],
      [
        16.330677,
        48.339884,
        167.5
      ],
      [
        16.329321,
        48.341303,
        166.5
      ],
      [
        16.330679,
        48.341688,
        167.25
      ],
      [
        16.329954,
        48.345431,
        169.25
      ],
      [
        16.330616,
        48.345665,
        170.0
      ],
      [
        16.331405,
        48.344922,
        169.0
      ],
      [
        16.332449,
        48.345586,
        168.75
      ],
      [
        16.333245,
        48.3449,
        169.0
      ],
      [
        16.332466,
        48.344092,
        169.0
      ],
      [
        16.328122,
        48.348156,
        169.0
      ],
      [
        16.32672,
        48.347636,
        167.0
      ],
      [
        16.325625,
        48.348101,
        168.25
      ],
      [
        16.32348,
        48.347621,
        168.0
      ],
      [
        16.318331,
        48.344905,
        168.0
      ],
      [
        16.313283,
        48.343117,
        168.0
      ],
      [
        16.310922,
        48.344962,
        167.5
      ],
      [
        16.308506,
        48.344442,
        167.0
      ],
      [
        16.305955,
        48.344648,
        167.0
      ],
      [
        16.287579,
        48.352378,
        167.25
      ],
      [
        16.28393,
        48.353494,
        167.25
      ],
      [
        16.280358,
        48.354037,
        167.0
      ],
      [
        16.257639,
        48.355253,
        169.0
      ],
      [
        16.247373,
        48.356364,
        170.0
      ],
      [
        16.245354,
        48.35683,
        173.5
      ],
      [
        16.245117,
        48.357332,
        174.0
      ],
      [
        16.242196,
        48.358867,
        175.0
      ],
      [
        16.237949,
        48.35957,
        174.25
      ],
      [
        16.238748,
        48.357531,
        174.75
      ],
      [
        16.237726,
        48.356677,
        178.75
      ],
      [
        16.237751,
        48.355975,
        178.0
      ],
      [
        16.226325,
        48.353735,
        178.0
      ],
      [
        16.208113,
        48.350641,
        177.25
      ],
      [
        16.204601,
        48.350336,
        177.75
      ],
      [
        16.200054,
        48.349119,
        177.0
      ],
      [
        16.195055,
        48.349053,
        175.25
      ],
      [
        16.194203,
        48.347605,
        176.0
      ],
      [
        16.182421,
        48.345124,
        175.5
      ],
      [
        16.171703,
        48.342324,
        175.5
      ],
      [
        16.166343,
        48.341392,
        177.75
      ],
      [
        16.157919,
        48.341286,
        175.5
      ],
      [
        16.156094,
        48.340299,
        177.5
      ],
      [
        16.142375,
        48.338734,
        175.25
      ],
      [
        16.138572,
        48.338357,
        177.5
      ],
      [
        16.136217,
        48.338843,
        177.0
      ],
      [
        16.134461,
        48.337991,
        177.75
      ],
      [
        16.104989,
        48.335699,
        175.75
      ],
      [
        16.092066,
        48.336188,
        177.0
      ],
      [
        16.084653,
        48.336918,
        178.0
      ],
      [
        16.077795,
        48.33816,
        177.25
      ],
      [
        16.075499,
        48.337451,
        177.75
      ],
      [
        16.067308,
        48.337542,
        178.5
      ],
      [
        16.061199,
        48.337106,
        177.0
      ],
      [
        16.0605,
        48.33729,
        176.75
      ],
      [
        16.060029,
        48.338661,
        177.75
      ],
      [
        16.05922,
        48.33789,
        182.25
      ],
      [
        16.058852,
        48.331956,
        178.0
      ],
      [
        16.05353,
        48.331463,
        180.0
      ],
      [
        16.053526,
        48.330993,
        179.5
      ],
      [
        16.051865,
        48.331182,
        179.0
      ],
      [
        16.049316,
        48.330624,
        179.75
      ],
      [
        16.04892,
        48.331888,
        179.0
      ],
      [
        16.048505,
        48.331819,
        179.0
      ],
      [
        16.047763,
        48.332569,
        177.75
      ],
      [
        16.044183,
        48.332033,
        175.25
      ],
      [
        16.042567,
        48.331507,
        175.5
      ],
      [
        16.03985,
        48.329298,
        176.0
      ],
      [
        16.038036,
        48.329127,
        177.0
      ],
      [
        16.037653,
        48.328667,
        176.75
      ],
      [
        16.032298,
        48.327226,
        177.0
      ],
      [
        16.029674,
        48.32601,
        178.25
      ],
      [
        16.028152,
        48.326724,
        180.0
      ],
      [
        16.028318,
        48.326934,
        180.75
      ],
      [
        16.02709,
        48.325106,
        178.75
      ],
      [
        16.02718,
        48.326707,
        178.75
      ],
      [
        16.026599,
        48.327388,
        177.25
      ],
      [
        16.024332,
        48.327466,
        178.0
      ],
      [
        16.018293,
        48.325994,
        178.0
      ],
      [
        16.015346,
        48.325684,
        178.0
      ],
      [
        16.01363,
        48.326211,
        178.0
      ],
      [
        16.004242,
        48.327156,
        177.5
      ],
      [
        15.999908,
        48.32912,
        178.25
      ],
      [
        15.997423,
        48.329361,
        176.5
      ],
      [
        15.995658,
        48.330709,
        177.75
      ],
      [
        15.992821,
        48.331037,
        177.0
      ],
      [
        15.991869,
        48.330522,
        178.5
      ],
      [
        15.990812,
        48.328739,
        179.0
      ],
      [
        15.984856,
        48.327483,
        180.0
      ],
      [
        15.982746,
        48.329184,
        180.75
      ],
      [
        15.98054,
        48.33003,
        180.75
      ],
      [
        15.976121,
        48.330506,
        180.0
      ],
      [
        15.97292,
        48.331419,
        181.0
      ],
      [
        15.968662,
        48.330532,
        181.0
      ],
      [
        15.965855,
        48.330882,
        181.25
      ],
      [
        15.962542,
        48.331972,
        181.5
      ],
      [
        15.961788,
        48.330872,
        182.5
      ],
      [
        15.961018,
        48.330585,
        182.5
      ],
      [
        15.959739,
        48.330656,
        181.75
      ],
      [
        15.958872,
        48.33156,
        181.0
      ],
      [
        15.958217,
        48.330857,
        181.75
      ],
      [
        15.956938,
        48.330485,
        180.5
      ],
      [
        15.956331,
        48.330612,
        181.5
      ],
      [
        15.955587,
        48.331619,
        181.25
      ],
      [
        15.954585,
        48.331163,
        181.0
      ],
      [
        15.953877,
        48.330066,
        181.0
      ],
      [
        15.952737,
        48.329666,
        181.75
      ],
      [
        15.951149,
        48.329932,
        182.0
      ],
      [
        15.950476,
        48.330418,
        182.25
      ],
      [
        15.947069,
        48.330735,
        182.75
      ],
      [
        15.945817,
        48.331945,
        183.0
      ],
      [
        15.941892,
        48.33425,
        183.5
      ],
      [
        15.93937,
        48.336738,
        184.5
      ],
      [
        15.940231,
        48.338468,
        181.0
      ],
      [
        15.938252,
        48.339087,
        182.25
      ],
      [
        15.933773,
        48.339306,
        184.0
      ],
      [
        15.926099,
        48.340582,
        184.75
      ],
      [
        15.923959,
        48.330215,
        184.0
      ],
      [
        15.920913,
        48.32968,
        184.0
      ],
      [
        15.918683,
        48.329718,
        184.0
      ],
      [
        15.908505,
        48.331193,
        184.75
      ],
      [
        15.904345,
        48.331025,
        184.0
      ],
      [
        15.901935,
        48.331576,
        184.5
      ],
      [
        15.883174,
        48.33253,
        186.5
      ],
      [
        15.882339,
        48.323988,
        184.25
      ],
      [
        15.884396,
        48.32152,
        184.75
      ],
      [
        15.886245,
        48.32119,
        185.0
      ],
      [
        15.885303,
        48.319234,
        184.5
      ],
      [
        15.879724,
        48.315346,
        184.75
      ],
      [
        15.775986,
        48.343821,
        190.0
      ],
      [
        15.751297,
        48.347526,
        196.0
      ],
      [
        15.747006,
        48.347624,
        201.0
      ],
      [
        15.742272,
        48.347227,
        203.0
      ],
      [
        15.742553,
        48.347955,
        197.75
      ],
      [
        15.741832,
        48.347978,
        196.5
      ],
      [
        15.745718,
        48.348198,
        197.25
      ],
      [
        15.746148,
        48.349904,
        196.0
      ],
      [
        15.743287,
        48.35012,
        196.5
      ],
      [
        15.74324,
        48.351244,
        195.5
      ],
      [
        15.74259,
        48.35091,
        195.0
      ],
      [
        15.741938,
        48.35117,
        194.0
      ],
      [
        15.74205,
        48.351611,
        195.0
      ],
      [
        15.740489,
        48.352446,
        195.25
      ],
      [
        15.734323,
        48.349361,
        196.0
      ],
      [
        15.729928,
        48.350007,
        195.0
      ],
      [
        15.72747,
        48.35164,
        197.25
      ],
      [
        15.721776,
        48.353192,
        203.75
      ],
      [
        15.721839,
        48.354295,
        202.0
      ],
      [
        15.720897,
        48.356276,
        196.25
      ],
      [
        15.715699,
        48.358734,
        197.25
      ],
      [
        15.713781,
        48.360258,
        198.25
      ],
      [
        15.712716,
        48.36047,
        201.0
      ],
      [
        15.711554,
        48.362942,
        204.0
      ],
      [
        15.711635,
        48.366648,
        198.25
      ],
      [
        15.710496,
        48.369939,
        208.0
      ],
      [
        15.710718,
        48.370508,
        208.0
      ],
      [
        15.707041,
        48.372309,
        217.25
      ],
      [
        15.70329,
        48.375554,
        211.75
      ],
      [
        15.698851,
        48.378126,
        196.0
      ],
      [
        15.693824,
        48.379503,
        194.25
      ],
      [
        15.688177,
        48.380148,
        201.75
      ],
      [
        15.6862,
        48.379742,
        205.75
      ],
      [
        15.68441,
        48.379826,
        208.75
      ],
      [
        15.680027,
        48.378656,
        209.25
      ],
      [
        15.674127,
        48.378074,
        199.25
      ],
      [
        15.669764,
        48.376149,
        194.5
      ],
      [
        15.666033,
        48.375271,
        195.75
      ],
      [
        15.66355,
        48.375051,
        197.25
      ],
      [
        15.661466,
        48.375484,
        200.25
      ],
      [
        15.656503,
        48.377763,
        199.75
      ],
      [
        15.654406,
        48.379376,
        197.0
      ],
      [
        15.650725,
        48.380408,
        199.5
      ],
      [
        15.650693,
        48.380874,
        196.5
      ],
      [
        15.647856,
        48.382671,
        194.0
      ],
      [
        15.64662,
        48.385857,
        194.75
      ],
      [
        15.645401,
        48.387225,
        193.5
      ],
      [
        15.641061,
        48.390392,
        193.5
      ],
      [
        15.639414,
        48.391062,
        194.75
      ],
      [
        15.635071,
        48.391645,
        196.25
      ],
      [
        15.632591,
        48.39129,
        193.25
      ],
      [
        15.632917,
        48.392512,
        193.25
      ],
      [
        15.629864,
        48.393668,
        195.75
      ],
      [
        15.626766,
        48.397317,
        194.5
      ],
      [
        15.625033,
        48.397959,
        195.25
      ],
      [
        15.625523,
        48.407928,
        200.75
      ],
      [
        15.625412,
        48.407409,
        199.25
      ],
      [
        15.624758,
        48.407353,
        198.5
      ],
      [
        15.622855,
        48.407686,
        194.5
      ],
      [
        15.622833,
        48.408034,
        194.75
      ],
      [
        15.624588,
        48.410025,
        194.25
      ],
      [
        15.620512,
        48.410482,
        194.25
      ],
      [
        15.619873,
        48.410932,
        193.25
      ],
      [
        15.610716,
        48.410304,
        195.0
      ],
      [
        15.608537,
        48.4108,
        195.5
      ],
      [
        15.607758,
        48.411734,
        197.75
      ],
      [
        15.601729,
        48.40933,
        197.0
      ],
      [
        15.60106,
        48.410073,
        197.0
      ],
      [
        15.601508,
        48.410368,
        197.0
      ],
      [
        15.60074,
        48.410902,
        199.75
      ],
      [
        15.601508,
        48.410368,
        197.0
      ],
      [
        15.602519,
        48.410978,
        197.0
      ],
      [
        15.603873,
        48.409904,
        197.0
      ],
      [
        15.607826,
        48.411638,
        197.5
      ],
      [
        15.608644,
        48.410749,
        195.25
      ],
      [
        15.610716,
        48.410304,
        195.0
      ],
      [
        15.619873,
        48.410932,
        193.25
      ],
      [
        15.620512,
        48.410482,
        194.25
      ],
      [
        15.624588,
        48.410025,
        194.25
      ],
      [
        15.622833,
        48.408034,
        194.75
      ],
      [
        15.622855,
        48.407686,
        194.5
      ],
      [
        15.624758,
        48.407353,
        198.5
      ],
      [
        15.625412,
        48.407409,
        199.25
      ],
      [
        15.625523,
        48.407928,
        200.75
      ],
      [
        15.625033,
        48.397959,
        195.25
      ],
      [
        15.626766,
        48.397317,
        194.5
      ],
      [
        15.629864,
        48.393668,
        195.75
      ],
      [
        15.632917,
        48.392512,
        193.25
      ],
      [
        15.632591,
        48.39129,
        193.25
      ],
      [
        15.635071,
        48.391645,
        196.25
      ],
      [
        15.639414,
        48.391062,
        194.75
      ],
      [
        15.641061,
        48.390392,
        193.5
      ],
      [
        15.645401,
        48.387225,
        193.5
      ],
      [
        15.64662,
        48.385857,
        194.75
      ],
      [
        15.647856,
        48.382671,
        194.0
      ],
      [
        15.650693,
        48.380874,
        196.5
      ],
      [
        15.650725,
        48.380408,
        199.5
      ],
      [
        15.654406,
        48.379376,
        197.0
      ],
      [
        15.656503,
        48.377763,
        199.75
      ],
      [
        15.661466,
        48.375484,
        200.25
      ],
      [
        15.66355,
        48.375051,
        197.25
      ],
      [
        15.666033,
        48.375271,
        195.75
      ],
      [
        15.669764,
        48.376149,
        194.5
      ],
      [
        15.674127,
        48.378074,
        199.25
      ],
      [
        15.680027,
        48.378656,
        209.25
      ],
      [
        15.68441,
        48.379826,
        208.75
      ],
      [
        15.6862,
        48.379742,
        205.75
      ],
      [
        15.688177,
        48.380148,
        201.75
      ],
      [
        15.693824,
        48.379503,
        194.25
      ],
      [
        15.698851,
        48.378126,
        196.0
      ],
      [
        15.70329,
        48.375554,
        211.75
      ],
      [
        15.707041,
        48.372309,
        217.25
      ],
      [
        15.710718,
        48.370508,
        208.0
      ],
      [
        15.710496,
        48.369939,
        208.0
      ],
      [
        15.711635,
        48.366648,
        198.25
      ],
      [
        15.711554,
        48.362942,
        204.0
      ],
      [
        15.712777,
        48.360791,
        200.75
      ],
      [
        15.712468,
        48.354224,
        208.75
      ],
      [
        15.710813,
        48.354261,
        209.0
      ],
      [
        15.708368,
        48.351864,
        207.75
      ],
      [
        15.70426,
        48.342041,
        215.0
      ],
      [
        15.702054,
        48.340556,
        222.5
      ],
      [
        15.700369,
        48.340031,
        229.5
      ],
      [
        15.698388,
        48.338076,
        232.75
      ],
      [
        15.697085,
        48.335907,
        235.25
      ],
      [
        15.69761,
        48.335441,
        233.25
      ],
      [
        15.696874,
        48.332045,
        230.5
      ],
      [
        15.694133,
        48.32682,
        230.0
      ],
      [
        15.689414,
        48.3228,
        239.25
      ],
      [
        15.681638,
        48.319484,
        257.25
      ],
      [
        15.678806,
        48.31703,
        251.5
      ],
      [
        15.677282,
        48.313976,
        248.5
      ],
      [
        15.677942,
        48.313715,
        248.0
      ],
      [
        15.677571,
        48.31298,
        244.75
      ],
      [
        15.678066,
        48.312571,
        242.75
      ],
      [
        15.682728,
        48.312159,
        237.0
      ],
      [
        15.683127,
        48.309178,
        235.5
      ],
      [
        15.685953,
        48.30643,
        234.25
      ],
      [
        15.687333,
        48.3042,
        234.0
      ],
      [
        15.687795,
        48.301045,
        237.0
      ],
      [
        15.689454,
        48.296601,
        227.5
      ],
      [
        15.688565,
        48.291862,
        228.0
      ],
      [
        15.687139,
        48.290206,
        232.0
      ],
      [
        15.689893,
        48.289214,
        229.75
      ],
      [
        15.689594,
        48.287453,
        229.0
      ],
      [
        15.687783,
        48.287484,
        230.0
      ],
      [
        15.689594,
        48.287453,
        229.0
      ],
      [
        15.68961,
        48.287006,
        229.0
      ],
      [
        15.692167,
        48.287065,
        229.0
      ],
      [
        15.693774,
        48.287618,
        229.0
      ],
      [
        15.696994,
        48.28778,
        227.75
      ],
      [
        15.699101,
        48.28899,
        223.0
      ],
      [
        15.700007,
        48.288611,
        222.75
      ],
      [
        15.702727,
        48.288481,
        222.5
      ],
      [
        15.702127,
        48.284127,
        224.5
      ],
      [
        15.703121,
        48.284193,
        223.25
      ],
      [
        15.702947,
        48.280642,
        224.25
      ],
      [
        15.703962,
        48.27671,
        225.5
      ],
      [
        15.701818,
        48.270156,
        229.0
      ],
      [
        15.701618,
        48.26769,
        231.0
      ],
      [
        15.702464,
        48.263503,
        232.25
      ],
      [
        15.704173,
        48.259774,
        234.75
      ],
      [
        15.703961,
        48.258263,
        234.5
      ],
      [
        15.700261,
        48.253886,
        236.75
      ],
      [
        15.696702,
        48.252393,
        237.0
      ],
      [
        15.69382,
        48.24976,
        239.25
      ],
      [
        15.687123,
        48.246098,
        241.75
      ],
      [
        15.683863,
        48.24562,
        243.0
      ],
      [
        15.679664,
        48.243929,
        244.0
      ],
      [
        15.673703,
        48.239714,
        246.5
      ],
      [
        15.670166,
        48.235887,
        248.75
      ],
      [
        15.664408,
        48.23315,
        250.25
      ],
      [
        15.651465,
        48.223848,
        257.5
      ],
      [
        15.649319,
        48.22174,
        257.0
      ],
      [
        15.645741,
        48.219512,
        258.75
      ],
      [
        15.64374,
        48.215911,
        261.0
      ],
      [
        15.640638,
        48.212989,
        262.75
      ],
      [
        15.638905,
        48.20978,
        264.5
      ],
      [
        15.636403,
        48.207785,
        266.75
      ],
      [
        15.63481,
        48.205162,
        266.25
      ],
      [
        15.633751,
        48.198065,
        269.25
      ],
      [
        15.631279,
        48.198086,
        270.0
      ],
      [
        15.627833,
        48.199287,
        272.0
      ],
      [
        15.620906,
        48.199221,
        273.0
      ],
      [
        15.620893,
        48.197926,
        273.25
      ],
      [
        15.616923,
        48.197587,
        274.0
      ],
      [
        15.616454,
        48.199854,
        274.0
      ],
      [
        15.616923,
        48.197587,
        274.0
      ],
      [
        15.618712,
        48.197748,
        274.0
      ],
      [
        15.61902,
        48.196053,
        275.0
      ],
      [
        15.613566,
        48.195715,
        277.0
      ],
      [
        15.612307,
        48.19678,
        276.75
      ],
      [
        15.612091,
        48.198608,
        277.0
      ],
      [
        15.610806,
        48.198431,
        281.25
      ],
      [
        15.609503,
        48.198805,
        290.75
      ],
      [
        15.608242,
        48.203794,
        292.5
      ],
      [
        15.59963,
        48.201349,
        298.0
      ],
      [
        15.596529,
        48.200967,
        299.0
      ],
      [
        15.573992,
        48.201145,
        297.75
      ],
      [
        15.568822,
        48.200417,
        292.75
      ],
      [
        15.563237,
        48.199108,
        294.25
      ],
      [
        15.556692,
        48.199481,
        293.5
      ],
      [
        15.554498,
        48.199037,
        288.5
      ],
      [
        15.549806,
        48.199035,
        277.0
      ],
      [
        15.542876,
        48.19795,
        272.75
      ],
      [
        15.54049,
        48.197975,
        271.75
      ],
      [
        15.54027,
        48.198514,
        270.75
      ],
      [
        15.536143,
        48.19878,
        268.75
      ],
      [
        15.524587,
        48.196382,
        261.25
      ],
      [
        15.520192,
        48.197576,
        257.25
      ],
      [
        15.518303,
        48.198576,
        255.5
      ],
      [
        15.514342,
        48.199844,
        252.75
      ],
      [
        15.513007,
        48.201007,
        251.5
      ],
      [
        15.513171,
        48.201556,
        251.75
      ],
      [
        15.507885,
        48.19983,
        251.5
      ],
      [
        15.508092,
        48.197677,
        251.0
      ],
      [
        15.503041,
        48.194251,
        251.0
      ],
      [
        15.501053,
        48.194648,
        250.75
      ],
      [
        15.498757,
        48.194524,
        250.0
      ],
      [
        15.484766,
        48.189513,
        246.0
      ],
      [
        15.476757,
        48.187962,
        248.0
      ],
      [
        15.474922,
        48.190563,
        245.0
      ],
      [
        15.463123,
        48.187888,
        242.75
      ],
      [
        15.461408,
        48.189798,
        242.0
      ],
      [
        15.461203,
        48.190785,
        240.5
      ],
      [
        15.458768,
        48.191369,
        241.0
      ],
      [
        15.458827,
        48.190884,
        240.75
      ],
      [
        15.457941,
        48.190285,
        243.0
      ],
      [
        15.458547,
        48.187811,
        243.75
      ],
      [
        15.455506,
        48.187656,
        248.75
      ],
      [
        15.455756,
        48.186617,
        254.25
      ],
      [
        15.455056,
        48.186287,
        256.75
      ],
      [
        15.452263,
        48.187256,
        255.0
      ],
      [
        15.449631,
        48.187591,
        251.75
      ],
      [
        15.422975,
        48.187773,
        237.0
      ],
      [
        15.422615,
        48.189435,
        234.5
      ],
      [
        15.417811,
        48.191158,
        232.75
      ],
      [
        15.417958,
        48.191773,
        232.75
      ],
      [
        15.415903,
        48.19185,
        231.75
      ],
      [
        15.409421,
        48.193972,
        230.5
      ],
      [
        15.401679,
        48.197656,
        233.0
      ],
      [
        15.401214,
        48.199627,
        226.5
      ],
      [
        15.400076,
        48.199947,
        226.0
      ],
      [
        15.400349,
        48.201164,
        224.75
      ],
      [
        15.398339,
        48.202203,
        224.0
      ],
      [
        15.398514,
        48.203365,
        223.75
      ],
      [
        15.397307,
        48.204695,
        223.5
      ],
      [
        15.394124,
        48.20654,
        223.0
      ],
      [
        15.393391,
        48.208195,
        222.75
      ],
      [
        15.391625,
        48.209277,
        223.25
      ],
      [
        15.392059,
        48.210858,
        221.75
      ],
      [
        15.39132,
        48.211866,
        221.5
      ],
      [
        15.387057,
        48.213562,
        220.0
      ],
      [
        15.385494,
        48.215089,
        220.0
      ],
      [
        15.381936,
        48.2149,
        219.5
      ],
      [
        15.381047,
        48.216017,
        219.0
      ],
      [
        15.381232,
        48.216421,
        219.0
      ],
      [
        15.379931,
        48.217098,
        219.25
      ],
      [
        15.379414,
        48.216711,
        219.5
      ],
      [
        15.37766,
        48.217886,
        218.75
      ],
      [
        15.373625,
        48.219095,
        218.0
      ],
      [
        15.367233,
        48.224324,
        214.0
      ],
      [
        15.365416,
        48.223154,
        213.0
      ],
      [
        15.361835,
        48.226608,
        212.0
      ],
      [
        15.36235,
        48.227359,
        212.5
      ],
      [
        15.360207,
        48.228811,
        211.5
      ],
      [
        15.359317,
        48.228932,
        215.5
      ],
      [
        15.359043,
        48.230419,
        211.5
      ],
      [
        15.356311,
        48.232476,
        210.0
      ],
      [
        15.354061,
        48.235946,
        214.0
      ],
      [
        15.351368,
        48.237357,
        212.5
      ],
      [
        15.34954,
        48.238993,
        213.0
      ],
      [
        15.349927,
        48.238477,
        223.75
      ],
      [
        15.34853,
        48.238835,
        231.75
      ],
      [
        15.349121,
        48.237248,
        241.5
      ],
      [
        15.349115,
        48.234836,
        249.75
      ],
      [
        15.349834,
        48.233341,
        249.5
      ],
      [
        15.349115,
        48.234836,
        249.75
      ],
      [
        15.349121,
        48.237248,
        241.5
      ],
      [
        15.34853,
        48.238835,
        231.75
      ],
      [
        15.343546,
        48.244966,
        218.25
      ],
      [
        15.34257,
        48.245666,
        217.5
      ],
      [
        15.341513,
        48.245829,
        216.25
      ],
      [
        15.340831,
        48.245186,
        213.5
      ],
      [
        15.341626,
        48.2443,
        209.5
      ],
      [
        15.337446,
        48.240782,
        207.25
      ],
      [
        15.330968,
        48.23811,
        209.0
      ],
      [
        15.326496,
        48.236821,
        210.0
      ],
      [
        15.326576,
        48.236122,
        208.25
      ],
      [
        15.319863,
        48.23323,
        208.5
      ],
      [
        15.316664,
        48.232857,
        208.75
      ],
      [
        15.312881,
        48.23168,
        209.5
      ],
      [
        15.306835,
        48.231029,
        210.0
      ],
      [
        15.301925,
        48.229704,
        208.75
      ],
      [
        15.298782,
        48.229485,
        209.0
      ],
      [
        15.29781,
        48.229804,
        213.0
      ],
      [
        15.276151,
        48.227256,
        211.25
      ],
      [
        15.261433,
        48.226261,
        210.5
      ],
      [
        15.258628,
        48.225528,
        211.75
      ],
      [
        15.258887,
        48.2247,
        211.25
      ],
      [
        15.258088,
        48.224363,
        214.75
      ],
      [
        15.249832,
        48.222595,
        214.25
      ],
      [
        15.245362,
        48.222203,
        216.0
      ],
      [
        15.233538,
        48.218235,
        215.5
      ],
      [
        15.229195,
        48.217368,
        216.0
      ],
      [
        15.229625,
        48.217536,
        217.25
      ],
      [
        15.229315,
        48.217666,
        217.5
      ],
      [
        15.229729,
        48.217477,
        218.0
      ],
      [
        15.230749,
        48.212529,
        220.5
      ],
      [
        15.230299,
        48.213393,
        216.5
      ],
      [
        15.222491,
        48.213089,
        214.0
      ],
      [
        15.214502,
        48.213465,
        215.5
      ],
      [
        15.209151,
        48.212535,
        216.0
      ],
      [
        15.208838,
        48.211886,
        215.0
      ],
      [
        15.206887,
        48.211818,
        214.0
      ],
      [
        15.205332,
        48.210953,
        214.0
      ],
      [
        15.204992,
        48.208737,
        214.0
      ],
      [
        15.20121,
        48.207937,
        214.0
      ],
      [
        15.19872,
        48.204317,
        216.25
      ],
      [
        15.197952,
        48.204404,
        216.0
      ],
      [
        15.196914,
        48.201876,
        216.5
      ],
      [
        15.200509,
        48.200673,
        216.0
      ],
      [
        15.196914,
        48.201876,
        216.5
      ],
      [
        15.19776,
        48.20361,
        217.0
      ],
      [
        15.197956,
        48.205517,
        215.0
      ],
      [
        15.19468,
        48.206422,
        215.0
      ],
      [
        15.194652,
        48.207079,
        214.5
      ],
      [
        15.193407,
        48.207218,
        215.0
      ],
      [
        15.194595,
        48.210657,
        215.75
      ],
      [
        15.195533,
        48.210714,
        216.0
      ],
      [
        15.19345,
        48.210773,
        216.5
      ],
      [
        15.193817,
        48.213278,
        215.75
      ],
      [
        15.193451,
        48.213622,
        215.5
      ],
      [
        15.182946,
        48.214132,
        215.0
      ],
      [
        15.17691,
        48.213953,
        216.25
      ],
      [
        15.164189,
        48.212002,
        216.25
      ],
      [
        15.14813,
        48.210889,
        216.0
      ],
      [
        15.14632,
        48.209805,
        218.25
      ],
      [
        15.137054,
        48.208949,
        216.75
      ],
      [
        15.136769,
        48.208546,
        217.75
      ],
      [
        15.133647,
        48.208039,
        219.0
      ],
      [
        15.133161,
        48.208905,
        215.75
      ],
      [
        15.127618,
        48.20808,
        216.0
      ],
      [
        15.123787,
        48.206713,
        216.0
      ],
      [
        15.120826,
        48.20516,
        217.0
      ],
      [
        15.119046,
        48.203834,
        219.25
      ],
      [
        15.118632,
        48.20267,
        222.0
      ],
      [
        15.116399,
        48.200523,
        221.0
      ],
      [
        15.115066,
        48.200835,
        217.0
      ],
      [
        15.112808,
        48.197685,
        217.25
      ],
      [
        15.112524,
        48.195243,
        218.75
      ],
      [
        15.113924,
        48.19106,
        217.5
      ],
      [
        15.116417,
        48.187335,
        216.75
      ],
      [
        15.117012,
        48.18714,
        220.0
      ],
      [
        15.119597,
        48.183864,
        218.75
      ],
      [
        15.11933,
        48.183556,
        217.25
      ],
      [
        15.12106,
        48.179525,
        218.25
      ],
      [
        15.119356,
        48.174955,
        218.0
      ],
      [
        15.114576,
        48.170569,
        218.75
      ],
      [
        15.110895,
        48.169628,
        217.5
      ],
      [
        15.106727,
        48.16963,
        216.25
      ],
      [
        15.101521,
        48.168292,
        218.0
      ],
      [
        15.099577,
        48.167144,
        217.75
      ],
      [
        15.098032,
        48.16675,
        218.25
      ],
      [
        15.097861,
        48.166085,
        218.0
      ],
      [
        15.095271,
        48.163613,
        220.75
      ],
      [
        15.088193,
        48.166977,
        220.0
      ],
      [
        15.086843,
        48.168761,
        219.75
      ],
      [
        15.08347,
        48.167566,
        219.75
      ],
      [
        15.079995,
        48.165759,
        221.0
      ],
      [
        15.077812,
        48.165952,
        219.0
      ],
      [
        15.077485,
        48.166982,
        218.75
      ],
      [
        15.075544,
        48.167283,
        220.75
      ],
      [
        15.073802,
        48.168646,
        221.75
      ],
      [
        15.070522,
        48.168661,
        224.0
      ],
      [
        15.067875,
        48.166519,
        230.25
      ],
      [
        15.066546,
        48.166798,
        233.5
      ],
      [
        15.067875,
        48.166519,
        230.25
      ],
      [
        15.066942,
        48.165676,
        231.0
      ],
      [
        15.061965,
        48.163758,
        232.0
      ],
      [
        15.056604,
        48.162281,
        233.25
      ],
      [
        15.045972,
        48.157989,
        237.25
      ],
      [
        15.043124,
        48.153332,
        236.5
      ],
      [
        15.039525,
        48.15018,
        237.75
      ],
      [
        15.032026,
        48.146999,
        243.0
      ],
      [
        15.02947,
        48.146764,
        244.0
      ],
      [
        15.028475,
        48.145841,
        241.75
      ],
      [
        15.028683,
        48.143518,
        242.5
      ],
      [
        15.025782,
        48.13973,
        240.0
      ],
      [
        15.025519,
        48.137363,
        239.5
      ],
      [
        15.016505,
        48.133409,
        239.75
      ],
      [
        15.013299,
        48.131489,
        240.25
      ],
      [
        15.011615,
        48.129699,
        241.0
      ],
      [
        15.008482,
        48.128243,
        241.5
      ],
      [
        15.00605,
        48.128022,
        241.75
      ],
      [
        14.999834,
        48.126499,
        250.75
      ],
      [
        14.99866,
        48.126785,
        253.25
      ],
      [
        14.997089,
        48.128052,
        245.25
      ],
      [
        14.990312,
        48.128681,
        245.0
      ],
      [
        14.985754,
        48.128247,
        246.0
      ],
      [
        14.973369,
        48.125116,
        252.5
      ],
      [
        14.957069,
        48.124583,
        256.5
      ],
      [
        14.956285,
        48.125655,
        257.25
      ],
      [
        14.956124,
        48.124549,
        257.5
      ],
      [
        14.949871,
        48.124351,
        258.75
      ],
      [
        14.949881,
        48.124949,
        258.75
      ],
      [
        14.948405,
        48.123112,
        259.0
      ],
      [
        14.935292,
        48.123079,
        262.0
      ],
      [
        14.933522,
        48.122217,
        261.75
      ],
      [
        14.926286,
        48.119987,
        263.75
      ],
      [
        14.926293,
        48.118428,
        263.75
      ],
      [
        14.925666,
        48.117818,
        263.5
      ],
      [
        14.925771,
        48.113398,
        263.75
      ],
      [
        14.925284,
        48.112706,
        262.5
      ],
      [
        14.924029,
        48.112709,
        263.0
      ],
      [
        14.919969,
        48.111397,
        261.75
      ],
      [
        14.919692,
        48.112918,
        263.0
      ],
      [
        14.910306,
        48.11243,
        265.5
      ],
      [
        14.899229,
        48.113036,
        267.75
      ],
      [
        14.898534,
        48.112559,
        268.0
      ],
      [
        14.897526,
        48.112635,
        268.0
      ],
      [
        14.896855,
        48.11272,
        268.75
      ],
      [
        14.896966,
        48.113356,
        268.75
      ],
      [
        14.895399,
        48.114428,
        269.0
      ],
      [
        14.887262,
        48.115626,
        267.75
      ],
      [
        14.88559,
        48.116806,
        267.5
      ],
      [
        14.883694,
        48.116958,
        268.25
      ],
      [
        14.880876,
        48.118011,
        268.0
      ],
      [
        14.879121,
        48.119833,
        269.0
      ],
      [
        14.876902,
        48.120516,
        268.75
      ],
      [
        14.87515,
        48.120319,
        269.75
      ],
      [
        14.874775,
        48.120609,
        270.5
      ],
      [
        14.870758,
        48.120936,
        272.25
      ],
      [
        14.858749,
        48.11909,
        273.5
      ],
      [
        14.853547,
        48.118665,
        276.5
      ],
      [
        14.854492,
        48.119628,
        274.75
      ],
      [
        14.85153,
        48.120813,
        283.0
      ],
      [
        14.850721,
        48.122215,
        285.0
      ],
      [
        14.84796,
        48.124079,
        300.5
      ],
      [
        14.842863,
        48.124693,
        330.25
      ],
      [
        14.84058,
        48.125904,
        343.75
      ],
      [
        14.838575,
        48.128331,
        358.75
      ],
      [
        14.836442,
        48.129485,
        362.25
      ],
      [
        14.834188,
        48.133272,
        372.25
      ],
      [
        14.832392,
        48.132818,
        371.0
      ],
      [
        14.830297,
        48.133502,
        374.5
      ],
      [
        14.829052,
        48.132891,
        368.5
      ],
      [
        14.824761,
        48.132912,
        346.5
      ],
      [
        14.815404,
        48.131006,
        280.75
      ],
      [
        14.811654,
        48.13101,
        286.5
      ],
      [
        14.811,
        48.133072,
        286.25
      ],
      [
        14.807201,
        48.136055,
        274.5
      ],
      [
        14.806238,
        48.13764,
        273.5
      ],
      [
        14.806293,
        48.139198,
        271.75
      ],
      [
        14.807661,
        48.141662,
        269.25
      ],
      [
        14.807285,
        48.147511,
        257.5
      ],
      [
        14.809006,
        48.149786,
        255.5
      ],
      [
        14.809842,
        48.153838,
        254.25
      ],
      [
        14.809016,
        48.155932,
        247.75
      ],
      [
        14.808756,
        48.158783,
        241.75
      ],
      [
        14.807973,
        48.159859,
        241.0
      ],
      [
        14.808084,
        48.16067,
        244.5
      ],
      [
        14.807398,
        48.161229,
        245.25
      ],
      [
        14.803484,
        48.161198,
        240.5
      ],
      [
        14.795938,
        48.158423,
        249.5
      ],
      [
        14.79317,
        48.157779,
        248.75
      ],
      [
        14.790606,
        48.160836,
        230.75
      ],
      [
        14.787812,
        48.160074,
        230.5
      ],
      [
        14.783491,
        48.16236,
        230.5
      ],
      [
        14.777562,
        48.162451,
        230.5
      ],
      [
        14.774998,
        48.16185,
        231.25
      ],
      [
        14.768828,
        48.159425,
        231.0
      ],
      [
        14.764915,
        48.156005,
        231.25
      ],
      [
        14.75938,
        48.156434,
        231.0
      ],
      [
        14.752403,
        48.160545,
        231.75
      ],
      [
        14.74419,
        48.158556,
        232.5
      ],
      [
        14.740625,
        48.156846,
        233.25
      ],
      [
        14.734029,
        48.158677,
        234.75
      ],
      [
        14.729552,
        48.161039,
        233.5
      ],
      [
        14.727333,
        48.163355,
        233.25
      ],
      [
        14.721738,
        48.166325,
        235.0
      ],
      [
        14.717908,
        48.16995,
        235.25
      ],
      [
        14.714965,
        48.170766,
        234.75
      ],
      [
        14.714763,
        48.171814,
        233.0
      ],
      [
        14.709675,
        48.169609,
        233.75
      ],
      [
        14.708514,
        48.167736,
        233.0
      ],
      [
        14.708315,
        48.165487,
        238.0
      ],
      [
        14.707827,
        48.165026,
        239.75
      ],
      [
        14.702299,
        48.165815,
        240.75
      ],
      [
        14.699256,
        48.165803,
        241.0
      ],
      [
        14.696711,
        48.164189,
        241.75
      ],
      [
        14.694073,
        48.163341,
        241.0
      ],
      [
        14.692347,
        48.163923,
        241.0
      ],
      [
        14.691932,
        48.16479,
        240.75
      ],
      [
        14.687013,
        48.164851,
        241.0
      ],
      [
        14.673571,
        48.164038,
        240.75
      ],
      [
        14.667429,
        48.164511,
        240.75
      ],
      [
        14.662823,
        48.165363,
        240.5
      ],
      [
        14.654923,
        48.167804,
        240.25
      ],
      [
        14.647692,
        48.17075,
        239.25
      ],
      [
        14.640336,
        48.174875,
        236.75
      ],
      [
        14.639777,
        48.1745,
        235.75
      ],
      [
        14.640197,
        48.173758,
        236.75
      ],
      [
        14.638584,
        48.171983,
        236.0
      ],
      [
        14.637547,
        48.171528,
        236.0
      ],
      [
        14.634519,
        48.171381,
        235.75
      ],
      [
        14.63042,
        48.172856,
        236.75
      ],
      [
        14.627364,
        48.173092,
        236.0
      ],
      [
        14.621965,
        48.175585,
        236.0
      ],
      [
        14.620783,
        48.177007,
        236.75
      ],
      [
        14.616566,
        48.179242,
        236.5
      ],
      [
        14.615695,
        48.180297,
        236.0
      ],
      [
        14.616912,
        48.182516,
        236.75
      ],
      [
        14.614808,
        48.184456,
        237.0
      ],
      [
        14.613181,
        48.185183,
        237.0
      ],
      [
        14.610953,
        48.185855,
        237.5
      ],
      [
        14.609008,
        48.185987,
        237.5
      ],
      [
        14.602203,
        48.183858,
        237.75
      ],
      [
        14.599962,
        48.183716,
        237.75
      ],
      [
        14.594769,
        48.184687,
        240.0
      ],
      [
        14.593722,
        48.185729,
        239.0
      ],
      [
        14.59132,
        48.186916,
        240.0
      ],
      [
        14.588536,
        48.19091,
        238.75
      ],
      [
        14.583398,
        48.193824,
        238.5
      ],
      [
        14.579587,
        48.198159,
        239.5
      ],
      [
        14.577068,
        48.199227,
        247.5
      ],
      [
        14.572373,
        48.203599,
        240.25
      ],
      [
        14.57094,
        48.208486,
        240.5
      ],
      [
        14.570292,
        48.209298,
        242.0
      ],
      [
        14.569207,
        48.20957,
        241.0
      ],
      [
        14.568538,
        48.210964,
        240.5
      ],
      [
        14.569322,
        48.21312,
        242.0
      ],
      [
        14.567643,
        48.219832,
        241.5
      ],
      [
        14.561626,
        48.22641,
        242.0
      ],
      [
        14.562811,
        48.227983,
        242.0
      ],
      [
        14.560475,
        48.229041,
        241.5
      ],
      [
        14.554636,
        48.229243,
        242.75
      ],
      [
        14.547942,
        48.228254,
        244.0
      ],
      [
        14.540142,
        48.22986,
        243.5
      ],
      [
        14.536672,
        48.229312,
        243.75
      ],
      [
        14.536046,
        48.230098,
        243.25
      ],
      [
        14.526428,
        48.233028,
        244.0
      ],
      [
        14.526075,
        48.234393,
        242.0
      ],
      [
        14.525089,
        48.234207,
        242.0
      ],
      [
        14.520122,
        48.23275,
        244.75
      ],
      [
        14.51582,
        48.230739,
        245.5
      ],
      [
        14.5139,
        48.228605,
        246.75
      ],
      [
        14.513374,
        48.225609,
        245.0
      ],
      [
        14.512586,
        48.224535,
        245.0
      ],
      [
        14.511695,
        48.224085,
        245.5
      ],
      [
        14.509732,
        48.223974,
        246.75
      ],
      [
        14.510437,
        48.223019,
        247.0
      ],
      [
        14.501675,
        48.219987,
        248.75
      ],
      [
        14.502222,
        48.219184,
        248.0
      ],
      [
        14.501559,
        48.218586,
        248.25
      ],
      [
        14.495318,
        48.216703,
        248.0
      ],
      [
        14.493679,
        48.21585,
        251.0
      ],
      [
        14.492817,
        48.216403,
        250.75
      ],
      [
        14.491167,
        48.2167,
        248.0
      ],
      [
        14.487632,
        48.213876,
        248.25
      ],
      [
        14.487402,
        48.212935,
        250.5
      ],
      [
        14.484713,
        48.213257,
        249.5
      ],
      [
        14.4813,
        48.213117,
        253.75
      ],
      [
        14.482299,
        48.214589,
        259.5
      ],
      [
        14.482204,
        48.215538,
        275.5
      ],
      [
        14.480667,
        48.216259,
        268.75
      ],
      [
        14.479263,
        48.21417,
        280.0
      ],
      [
        14.480667,
        48.216259,
        268.75
      ],
      [
        14.480701,
        48.217215,
        262.0
      ],
      [
        14.480089,
        48.217135,
        261.0
      ],
      [
        14.478343,
        48.219151,
        259.0
      ],
      [
        14.477113,
        48.221584,
        257.0
      ],
      [
        14.478651,
        48.222125,
        256.75
      ],
      [
        14.478218,
        48.224467,
        254.5
      ],
      [
        14.479213,
        48.226015,
        249.0
      ],
      [
        14.479357,
        48.227255,
        246.5
      ],
      [
        14.48099,
        48.22874,
        246.5
      ],
      [
        14.479182,
        48.233102,
        245.0
      ],
      [
        14.477093,
        48.233657,
        243.75
      ],
      [
        14.474844,
        48.233255,
        244.25
      ],
      [
        14.471045,
        48.233342,
        244.75
      ],
      [
        14.466215,
        48.235194,
        242.75
      ],
      [
        14.461011,
        48.233907,
        245.5
      ],
      [
        14.457347,
        48.233973,
        244.25
      ],
      [
        14.456096,
        48.232722,
        245.75
      ],
      [
        14.452598,
        48.231491,
        243.75
      ],
      [
        14.449877,
        48.231755,
        244.5
      ],
      [
        14.445074,
        48.232876,
        246.0
      ],
      [
        14.437381,
        48.233191,
        245.5
      ],
      [
        14.436471,
        48.23301,
        246.0
      ],
      [
        14.436173,
        48.232559,
        246.0
      ],
      [
        14.437011,
        48.23122,
        244.5
      ],
      [
        14.435272,
        48.230644,
        245.0
      ],
      [
        14.430628,
        48.233,
        246.25
      ],
      [
        14.428844,
        48.233265,
        245.5
      ],
      [
        14.425988,
        48.234888,
        246.0
      ],
      [
        14.42416,
        48.235431,
        248.25
      ],
      [
        14.423399,
        48.236822,
        248.25
      ],
      [
        14.425035,
        48.241844,
        248.75
      ],
      [
        14.43315,
        48.250946,
        256.5
      ],
      [
        14.430252,
        48.251731,
        252.0
      ],
      [
        14.417876,
        48.256445,
        252.0
      ],
      [
        14.413449,
        48.257298,
        251.25
      ],
      [
        14.406116,
        48.258093,
        251.5
      ],
      [
        14.401135,
        48.259455,
        251.75
      ],
      [
        14.39158,
        48.264485,
        251.25
      ],
      [
        14.385145,
        48.269166,
        251.75
      ],
      [
        14.385058,
        48.270049,
        250.5
      ],
      [
        14.38445,
        48.270455,
        250.25
      ],
      [
        14.382765,
        48.270979,
        250.25
      ],
      [
        14.381237,
        48.270508,
        252.25
      ],
      [
        14.376543,
        48.271619,
        252.0
      ],
      [
        14.367784,
        48.272892,
        251.75
      ],
      [
        14.358254,
        48.276095,
        252.5
      ],
      [
        14.352355,
        48.279284,
        252.0
      ],
      [
        14.348107,
        48.282809,
        251.25
      ],
      [
        14.347063,
        48.284046,
        250.75
      ],
      [
        14.350043,
        48.285379,
        249.25
      ],
      [
        14.346685,
        48.286426,
        250.0
      ],
      [
        14.345761,
        48.289391,
        253.5
      ],
      [
        14.346597,
        48.288432,
        257.0
      ],
      [
        14.345884,
        48.287799,
        257.75
      ],
      [
        14.338694,
        48.28601,
        256.75
      ],
      [
        14.332888,
        48.285104,
        255.25
      ],
      [
        14.328598,
        48.285221,
        255.0
      ],
      [
        14.321304,
        48.286822,
        259.75
      ],
      [
        14.320506,
        48.28722,
        254.0
      ],
      [
        14.321568,
        48.288565,
        256.0
      ],
      [
        14.320908,
        48.289134,
        256.0
      ],
      [
        14.30388,
        48.298587,
        260.0
      ],
      [
        14.301951,
        48.300249,
        260.0
      ],
      [
        14.300812,
        48.30222,
        261.0
      ],
      [
        14.299601,
        48.302444,
        261.0
      ],
      [
        14.294736,
        48.301177,
        261.0
      ],
      [
        14.29287,
        48.305993,
        260.0
      ],
      [
        14.292202,
        48.305875,
        259.75
      ],
      [
        14.291944,
        48.306548,
        257.25
      ],
      [
        14.290114,
        48.306738,
        257.0
      ],
      [
        14.286197,
        48.306079,
        259.0
      ],
      [
        14.286282,
        48.305804,
        262.0
      ],
      [
        14.286197,
        48.306079,
        259.0
      ],
      [
        14.284805,
        48.305812,
        261.75
      ],
      [
        14.284357,
        48.305214,
        264.0
      ],
      [
        14.285046,
        48.304351,
        264.0
      ],
      [
        14.283971,
        48.303826,
        267.0
      ],
      [
        14.284793,
        48.30326,
        266.0
      ],
      [
        14.285751,
        48.30358,
        265.0
      ],
      [
        14.287276,
        48.301009,
        264.25
      ],
      [
        14.28772,
        48.297764,
        263.0
      ],
      [
        14.286812,
        48.295726,
        263.0
      ],
      [
        14.290457,
        48.29396,
        262.0
      ],
      [
        14.287428,
        48.290261,
        266.25
      ],
      [
        14.287713,
        48.288063,
        275.75
      ],
      [
        14.286022,
        48.285224,
        273.25
      ],
      [
        14.280923,
        48.281774,
        272.5
      ],
      [
        14.279226,
        48.28108,
        270.5
      ],
      [
        14.28019,
        48.280455,
        266.75
      ],
      [
        14.278999,
        48.279619,
        267.25
      ],
      [
        14.274213,
        48.27701,
        268.25
      ],
      [
        14.274022,
        48.275576,
        265.5
      ],
      [
        14.258412,
        48.262575,
        284.0
      ],
      [
        14.260006,
        48.258273,
        283.75
      ],
      [
        14.260335,
        48.254174,
        270.0
      ],
      [
        14.258982,
        48.249118,
        269.75
      ],
      [
        14.259836,
        48.244778,
        270.5
      ],
      [
        14.259623,
        48.242288,
        272.0
      ],
      [
        14.262178,
        48.238662,
        270.0
      ],
      [
        14.264274,
        48.236748,
        269.0
      ],
      [
        14.261425,
        48.234949,
        269.0
      ],
      [
        14.258163,
        48.230553,
        269.25
      ],
      [
        14.254331,
        48.226728,
        270.0
      ],
      [
        14.25202,
        48.225713,
        270.0
      ],
      [
        14.243613,
        48.223621,
        272.0
      ],
      [
        14.239406,
        48.222055,
        274.0
      ],
      [
        14.239737,
        48.221673,
        273.0
      ],
      [
        14.239344,
        48.222074,
        274.0
      ],
      [
        14.236692,
        48.221083,
        275.0
      ],
      [
        14.237791,
        48.220033,
        274.0
      ],
      [
        14.23867,
        48.218131,
        273.25
      ],
      [
        14.238539,
        48.216432,
        272.25
      ],
      [
        14.239841,
        48.21551,
        272.0
      ],
      [
        14.241208,
        48.213173,
        274.75
      ],
      [
        14.240034,
        48.212146,
        265.5
      ],
      [
        14.235111,
        48.209593,
        266.0
      ],
      [
        14.231997,
        48.208342,
        265.75
      ],
      [
        14.228242,
        48.207392,
        265.5
      ],
      [
        14.225961,
        48.207127,
        267.75
      ],
      [
        14.220817,
        48.207332,
        279.25
      ],
      [
        14.210989,
        48.202977,
        282.5
      ],
      [
        14.204913,
        48.200886,
        282.5
      ],
      [
        14.192354,
        48.200327,
        282.0
      ],
      [
        14.190786,
        48.199749,
        282.0
      ],
      [
        14.185035,
        48.19606,
        285.0
      ],
      [
        14.18335,
        48.19557,
        284.0
      ],
      [
        14.170464,
        48.194919,
        286.75
      ],
      [
        14.165025,
        48.193821,
        287.25
      ],
      [
        14.161957,
        48.192855,
        288.5
      ],
      [
        14.158083,
        48.190974,
        288.75
      ],
      [
        14.152072,
        48.186649,
        288.75
      ],
      [
        14.149245,
        48.185277,
        290.5
      ],
      [
        14.137977,
        48.181332,
        292.25
      ],
      [
        14.124299,
        48.178818,
        294.0
      ],
      [
        14.114907,
        48.174942,
        295.25
      ],
      [
        14.102718,
        48.173037,
        295.5
      ],
      [
        14.100486,
        48.173015,
        295.25
      ],
      [
        14.099228,
        48.173523,
        296.5
      ],
      [
        14.095895,
        48.172497,
        301.0
      ],
      [
        14.085662,
        48.172332,
        305.0
      ],
      [
        14.083428,
        48.171476,
        304.75
      ],
      [
        14.080057,
        48.169054,
        306.25
      ],
      [
        14.073039,
        48.165059,
        305.75
      ],
      [
        14.05523,
        48.158282,
        309.0
      ],
      [
        14.051492,
        48.157499,
        310.75
      ],
      [
        14.039792,
        48.15742,
        310.0
      ],
      [
        14.034414,
        48.156221,
        311.75
      ],
      [
        14.024312,
        48.153336,
        314.75
      ],
      [
        14.017783,
        48.14945,
        315.75
      ],
      [
        14.016618,
        48.149967,
        316.0
      ],
      [
        14.017252,
        48.149845,
        316.0
      ],
      [
        14.017597,
        48.149166,
        314.5
      ],
      [
        14.013225,
        48.146633,
        314.25
      ],
      [
        14.011464,
        48.14777,
        316.0
      ],
      [
        14.008997,
        48.146791,
        316.0
      ],
      [
        14.008479,
        48.147372,
        316.75
      ],
      [
        14.006513,
        48.146895,
        317.75
      ],
      [
        13.999185,
        48.143768,
        318.0
      ],
      [
        13.994943,
        48.143206,
        319.0
      ],
      [
        13.994373,
        48.142382,
        319.0
      ],
      [
        13.991196,
        48.140924,
        319.5
      ],
      [
        13.98821,
        48.143072,
        320.0
      ],
      [
        13.987998,
        48.143681,
        322.0
      ],
      [
        13.986286,
        48.144382,
        321.25
      ],
      [
        13.984291,
        48.14456,
        321.5
      ],
      [
        13.982155,
        48.143921,
        322.5
      ],
      [
        13.979757,
        48.142921,
        322.0
      ],
      [
        13.979949,
        48.142583,
        322.0
      ],
      [
        13.978012,
        48.141754,
        322.5
      ],
      [
        13.97638,
        48.140473,
        322.75
      ],
      [
        13.975657,
        48.137484,
        323.0
      ],
      [
        13.973792,
        48.136227,
        323.0
      ],
      [
        13.973368,
        48.135235,
        323.25
      ],
      [
        13.971179,
        48.133167,
        323.75
      ],
      [
        13.969335,
        48.133234,
        324.0
      ],
      [
        13.966746,
        48.13122,
        325.5
      ],
      [
        13.965187,
        48.130812,
        326.0
      ],
      [
        13.964421,
        48.129631,
        326.0
      ],
      [
        13.963861,
        48.126776,
        327.5
      ],
      [
        13.96258,
        48.125411,
        328.0
      ],
      [
        13.96194,
        48.122833,
        327.75
      ],
      [
        13.958052,
        48.118536,
        328.5
      ],
      [
        13.951806,
        48.112891,
        330.5
      ],
      [
        13.951058,
        48.112364,
        331.0
      ],
      [
        13.948229,
        48.111978,
        329.25
      ],
      [
        13.943179,
        48.10902,
        331.0
      ],
      [
        13.940366,
        48.108737,
        333.0
      ],
      [
        13.940129,
        48.107775,
        332.5
      ],
      [
        13.937276,
        48.105797,
        332.75
      ],
      [
        13.933097,
        48.105088,
        333.5
      ],
      [
        13.926303,
        48.102107,
        334.5
      ],
      [
        13.921412,
        48.098459,
        337.0
      ],
      [
        13.920948,
        48.097896,
        337.0
      ],
      [
        13.92106,
        48.095932,
        337.75
      ],
      [
        13.918642,
        48.095204,
        338.0
      ],
      [
        13.917712,
        48.093441,
        336.25
      ],
      [
        13.914386,
        48.093349,
        337.5
      ],
      [
        13.909393,
        48.091823,
        343.5
      ],
      [
        13.904931,
        48.09208,
        350.0
      ],
      [
        13.902217,
        48.093004,
        351.0
      ],
      [
        13.897655,
        48.093711,
        358.0
      ],
      [
        13.898396,
        48.094263,
        359.5
      ],
      [
        13.898286,
        48.095364,
        363.0
      ],
      [
        13.893343,
        48.099285,
        365.75
      ],
      [
        13.891363,
        48.098009,
        369.75
      ],
      [
        13.887141,
        48.098143,
        383.25
      ],
      [
        13.880634,
        48.095693,
        406.75
      ],
      [
        13.875919,
        48.096636,
        406.0
      ],
      [
        13.875617,
        48.096083,
        408.0
      ],
      [
        13.876731,
        48.09567,
        409.5
      ],
      [
        13.876821,
        48.09439,
        409.75
      ],
      [
        13.876731,
        48.09567,
        409.5
      ],
      [
        13.875617,
        48.096083,
        408.0
      ],
      [
        13.875919,
        48.096636,
        406.0
      ],
      [
        13.874117,
        48.097015,
        401.5
      ],
      [
        13.873818,
        48.097594,
        399.75
      ],
      [
        13.872678,
        48.097674,
        398.5
      ],
      [
        13.871799,
        48.096281,
        379.75
      ],
      [
        13.872505,
        48.094585,
        365.0
      ],
      [
        13.871449,
        48.094317,
        354.5
      ],
      [
        13.874242,
        48.093525,
        353.0
      ],
      [
        13.875316,
        48.092613,
        351.25
      ],
      [
        13.875494,
        48.09178,
        359.25
      ],
      [
        13.874531,
        48.091087,
        366.75
      ],
      [
        13.873127,
        48.091191,
        369.5
      ],
      [
        13.872886,
        48.090658,
        367.25
      ],
      [
        13.870382,
        48.08946,
        353.25
      ],
      [
        13.86987,
        48.088651,
        348.5
      ],
      [
        13.867471,
        48.087609,
        347.25
      ],
      [
        13.864774,
        48.08755,
        347.25
      ],
      [
        13.856573,
        48.088471,
        348.25
      ],
      [
        13.85597,
        48.087548,
        347.5
      ],
      [
        13.852593,
        48.086829,
        348.5
      ],
      [
        13.83843,
        48.086264,
        353.5
      ],
      [
        13.831768,
        48.08453,
        354.75
      ],
      [
        13.82965,
        48.082691,
        352.75
      ],
      [
        13.829847,
        48.079979,
        354.0
      ],
      [
        13.829307,
        48.07909,
        354.25
      ],
      [
        13.827445,
        48.078243,
        354.5
      ],
      [
        13.821377,
        48.07706,
        356.75
      ],
      [
        13.819093,
        48.075947,
        356.75
      ],
      [
        13.815522,
        48.072277,
        358.5
      ],
      [
        13.809747,
        48.06905,
        362.0
      ],
      [
        13.805537,
        48.065521,
        362.75
      ],
      [
        13.800081,
        48.061958,
        364.25
      ],
      [
        13.793481,
        48.055542,
        367.25
      ],
      [
        13.792893,
        48.055853,
        367.25
      ],
      [
        13.791905,
        48.055098,
        368.5
      ],
      [
        13.791039,
        48.0555,
        369.0
      ],
      [
        13.788485,
        48.053493,
        369.25
      ],
      [
        13.786256,
        48.052832,
        370.0
      ],
      [
        13.784905,
        48.051328,
        371.0
      ],
      [
        13.783793,
        48.05144,
        371.5
      ],
      [
        13.783124,
        48.052569,
        370.5
      ],
      [
        13.781775,
        48.05236,
        371.25
      ],
      [
        13.779142,
        48.053317,
        375.75
      ],
      [
        13.777146,
        48.052994,
        378.75
      ],
      [
        13.776246,
        48.054279,
        382.5
      ],
      [
        13.774825,
        48.053892,
        386.0
      ],
      [
        13.774856,
        48.054515,
        388.5
      ],
      [
        13.77417,
        48.054283,
        387.75
      ],
      [
        13.772722,
        48.055394,
        389.0
      ],
      [
        13.772087,
        48.054905,
        387.75
      ],
      [
        13.770738,
        48.055373,
        387.0
      ],
      [
        13.766283,
        48.052558,
        391.75
      ],
      [
        13.765709,
        48.051814,
        391.0
      ],
      [
        13.764909,
        48.051384,
        391.25
      ],
      [
        13.764141,
        48.051764,
        392.0
      ],
      [
        13.75759,
        48.047127,
        394.0
      ],
      [
        13.751215,
        48.043757,
        397.5
      ],
      [
        13.741705,
        48.036311,
        399.0
      ],
      [
        13.741061,
        48.035309,
        399.0
      ],
      [
        13.73724,
        48.032926,
        403.25
      ],
      [
        13.736642,
        48.031068,
        404.75
      ],
      [
        13.734932,
        48.029575,
        405.0
      ],
      [
        13.726022,
        48.024096,
        410.0
      ],
      [
        13.723208,
        48.020317,
        416.25
      ],
      [
        13.721282,
        48.019127,
        413.5
      ],
      [
        13.719476,
        48.01612,
        414.0
      ],
      [
        13.713151,
        48.014361,
        415.75
      ],
      [
        13.712997,
        48.014013,
        418.5
      ],
      [
        13.714274,
        48.013525,
        417.5
      ],
      [
        13.714732,
        48.01281,
        416.75
      ],
      [
        13.712205,
        48.01033,
        420.5
      ],
      [
        13.711815,
        48.00892,
        420.5
      ],
      [
        13.70467,
        48.007767,
        422.75
      ],
      [
        13.702078,
        48.008266,
        424.0
      ],
      [
        13.700689,
        48.009105,
        429.0
      ],
      [
        13.693851,
        48.009735,
        431.25
      ],
      [
        13.69202,
        48.010641,
        432.0
      ],
      [
        13.69116,
        48.009842,
        428.5
      ],
      [
        13.687668,
        48.00976,
        434.25
      ],
      [
        13.684227,
        48.009,
        431.75
      ],
      [
        13.682108,
        48.008927,
        433.0
      ],
      [
        13.682193,
        48.007694,
        432.5
      ],
      [
        13.678438,
        48.006939,
        442.25
      ],
      [
        13.67874,
        48.006369,
        443.25
      ],
      [
        13.67663,
        48.006181,
        436.75
      ],
      [
        13.673935,
        48.006567,
        433.25
      ],
      [
        13.672916,
        48.005546,
        431.0
      ],
      [
        13.671113,
        48.00512,
        431.0
      ],
      [
        13.669474,
        48.005464,
        429.5
      ],
      [
        13.666985,
        48.006688,
        423.75
      ],
      [
        13.665301,
        48.005238,
        420.0
      ],
      [
        13.662235,
        48.006196,
        421.25
      ],
      [
        13.660519,
        48.007244,
        422.0
      ],
      [
        13.658318,
        48.01021,
        424.25
      ],
      [
        13.655569,
        48.008992,
        426.5
      ],
      [
        13.656649,
        48.00818,
        426.0
      ],
      [
        13.657127,
        48.008242,
        425.0
      ],
      [
        13.655339,
        48.009587,
        425.0
      ],
      [
        13.65143,
        48.009749,
        425.0
      ],
      [
        13.650611,
        48.009383,
        426.0
      ],
      [
        13.648062,
        48.011344,
        426.0
      ],
      [
        13.639097,
        48.009159,
        430.0
      ],
      [
        13.638942,
        48.008272,
        434.75
      ],
      [
        13.63445,
        48.007638,
        438.25
      ],
      [
        13.634031,
        48.007078,
        440.5
      ],
      [
        13.631284,
        48.006235,
        446.0
      ],
      [
        13.630307,
        48.004984,
        452.0
      ],
      [
        13.629858,
        48.005344,
        451.75
      ],
      [
        13.624128,
        48.001994,
        452.0
      ],
      [
        13.621466,
        48.001795,
        453.75
      ],
      [
        13.61746,
        48.002632,
        453.0
      ],
      [
        13.615639,
        48.002469,
        454.0
      ],
      [
        13.611721,
        48.001177,
        455.75
      ],
      [
        13.611967,
        48.000789,
        457.0
      ],
      [
        13.610864,
        48.000283,
        456.0
      ],
      [
        13.609063,
        47.996919,
        457.25
      ],
      [
        13.607649,
        47.995991,
        459.5
      ],
      [
        13.608181,
        47.994213,
        458.25
      ],
      [
        13.607955,
        47.993166,
        459.75
      ],
      [
        13.605226,
        47.991659,
        461.5
      ],
      [
        13.602295,
        47.988209,
        472.25
      ],
      [
        13.600017,
        47.987533,
        475.25
      ],
      [
        13.596836,
        47.987313,
        478.25
      ],
      [
        13.593455,
        47.986016,
        482.0
      ],
      [
        13.589965,
        47.985642,
        484.5
      ],
      [
        13.587206,
        47.985881,
        483.5
      ],
      [
        13.58566,
        47.985457,
        481.75
      ],
      [
        13.581964,
        47.98749,
        484.0
      ],
      [
        13.579517,
        47.987489,
        480.25
      ],
      [
        13.579197,
        47.992079,
        466.0
      ],
      [
        13.576861,
        47.993662,
        466.75
      ],
      [
        13.577055,
        47.99401,
        465.5
      ],
      [
        13.575639,
        47.994422,
        466.5
      ],
      [
        13.572753,
        47.994152,
        469.0
      ],
      [
        13.559637,
        47.99638,
        475.0
      ],
      [
        13.549989,
        47.99636,
        480.75
      ],
      [
        13.5454,
        47.99768,
        483.0
      ],
      [
        13.545009,
        47.997098,
        485.0
      ],
      [
        13.541603,
        47.996612,
        483.0
      ],
      [
        13.536504,
        47.995113,
        484.75
      ],
      [
        13.534932,
        47.993773,
        485.0
      ],
      [
        13.532406,
        47.993056,
        486.0
      ],
      [
        13.529334,
        47.991445,
        488.75
      ],
      [
        13.527977,
        47.992392,
        492.5
      ],
      [
        13.526565,
        47.992696,
        501.75
      ],
      [
        13.52436,
        47.991814,
        512.5
      ],
      [
        13.522864,
        47.992702,
        514.0
      ],
      [
        13.520104,
        47.992824,
        515.0
      ],
      [
        13.515674,
        47.995004,
        510.0
      ],
      [
        13.514455,
        47.995106,
        512.0
      ],
      [
        13.512195,
        47.994546,
        514.5
      ],
      [
        13.510271,
        47.994765,
        517.0
      ],
      [
        13.508061,
        47.995527,
        523.75
      ],
      [
        13.506408,
        47.996846,
        531.0
      ],
      [
        13.501257,
        47.994884,
        528.5
      ],
      [
        13.500361,
        47.996548,
        522.0
      ],
      [
        13.495014,
        47.997921,
        497.5
      ],
      [
        13.493406,
        47.99978,
        488.25
      ],
      [
        13.489053,
        47.997596,
        488.75
      ],
      [
        13.488864,
        47.999112,
        486.0
      ],
      [
        13.48523,
        47.999029,
        487.25
      ],
      [
        13.48325,
        47.999943,
        487.25
      ],
      [
        13.48188,
        48.001358,
        488.0
      ],
      [
        13.480279,
        48.001457,
        488.0
      ],
      [
        13.477777,
        48.002295,
        489.25
      ],
      [
        13.476175,
        48.002233,
        489.75
      ],
      [
        13.473954,
        48.001237,
        490.5
      ],
      [
        13.471997,
        48.000927,
        491.5
      ],
      [
        13.468508,
        48.001024,
        491.75
      ],
      [
        13.46591,
        48.001744,
        495.0
      ],
      [
        13.461054,
        48.00218,
        498.0
      ],
      [
        13.460513,
        48.00057,
        497.75
      ],
      [
        13.461629,
        47.998742,
        496.0
      ],
      [
        13.461405,
        47.99773,
        495.75
      ],
      [
        13.458381,
        47.99336,
        497.75
      ],
      [
        13.455854,
        47.991097,
        499.5
      ],
      [
        13.454687,
        47.991442,
        500.5
      ],
      [
        13.45391,
        47.990058,
        499.75
      ],
      [
        13.45108,
        47.989482,
        502.5
      ],
      [
        13.447669,
        47.989424,
        503.75
      ],
      [
        13.444677,
        47.99091,
        511.75
      ],
      [
        13.439486,
        47.992437,
        521.75
      ],
      [
        13.436345,
        47.994794,
        542.5
      ],
      [
        13.434842,
        47.99473,
        546.5
      ],
      [
        13.43204,
        47.995764,
        557.0
      ],
      [
        13.430269,
        47.992404,
        544.75
      ],
      [
        13.426904,
        47.99045,
        561.25
      ],
      [
        13.421574,
        47.991224,
        553.75
      ],
      [
        13.419441,
        47.990309,
        532.0
      ],
      [
        13.417525,
        47.990464,
        525.0
      ],
      [
        13.419391,
        47.985479,
        538.0
      ],
      [
        13.417695,
        47.985279,
        539.75
      ],
      [
        13.417515,
        47.984204,
        538.25
      ],
      [
        13.4165,
        47.983185,
        532.75
      ],
      [
        13.417472,
        47.980282,
        516.75
      ],
      [
        13.418446,
        47.979618,
        516.5
      ],
      [
        13.417456,
        47.976567,
        519.25
      ],
      [
        13.417684,
        47.975281,
        520.0
      ],
      [
        13.415749,
        47.975091,
        522.5
      ],
      [
        13.413038,
        47.974132,
        544.25
      ],
      [
        13.402394,
        47.974378,
        573.25
      ],
      [
        13.399627,
        47.97237,
        563.5
      ],
      [
        13.398653,
        47.971046,
        565.25
      ],
      [
        13.395958,
        47.969334,
        571.0
      ],
      [
        13.393692,
        47.968316,
        572.5
      ],
      [
        13.388468,
        47.967056,
        606.25
      ],
      [
        13.38717,
        47.966369,
        611.75
      ],
      [
        13.383799,
        47.96146,
        614.0
      ],
      [
        13.378235,
        47.962931,
        570.5
      ],
      [
        13.377048,
        47.962924,
        566.0
      ],
      [
        13.375728,
        47.96386,
        565.75
      ],
      [
        13.373958,
        47.963307,
        567.75
      ],
      [
        13.37154,
        47.963618,
        580.25
      ],
      [
        13.370443,
        47.963393,
        580.75
      ],
      [
        13.366481,
        47.961606,
        585.0
      ],
      [
        13.364688,
        47.959548,
        588.0
      ],
      [
        13.360781,
        47.95966,
        590.75
      ],
      [
        13.360108,
        47.957275,
        594.75
      ],
      [
        13.359311,
        47.956913,
        595.0
      ],
      [
        13.358825,
        47.955918,
        596.75
      ],
      [
        13.352616,
        47.95703,
        600.25
      ],
      [
        13.349082,
        47.959613,
        593.25
      ],
      [
        13.341778,
        47.96082,
        606.0
      ],
      [
        13.338166,
        47.963128,
        629.5
      ],
      [
        13.332581,
        47.964348,
        662.5
      ],
      [
        13.330961,
        47.965695,
        658.75
      ],
      [
        13.329002,
        47.968288,
        649.0
      ],
      [
        13.324628,
        47.969952,
        636.0
      ],
      [
        13.319998,
        47.969242,
        627.5
      ],
      [
        13.315069,
        47.969276,
        599.75
      ],
      [
        13.314612,
        47.968422,
        597.25
      ],
      [
        13.311854,
        47.967481,
        591.25
      ],
      [
        13.311614,
        47.966165,
        602.25
      ],
      [
        13.310356,
        47.965772,
        598.25
      ],
      [
        13.309148,
        47.964374,
        588.75
      ],
      [
        13.306057,
        47.963545,
        577.5
      ],
      [
        13.304273,
        47.960328,
        574.75
      ],
      [
        13.301284,
        47.958198,
        565.75
      ],
      [
        13.299904,
        47.962076,
        568.25
      ],
      [
        13.291165,
        47.964967,
        558.0
      ],
      [
        13.28809,
        47.963055,
        549.75
      ],
      [
        13.277616,
        47.967509,
        541.25
      ],
      [
        13.274509,
        47.969338,
        540.0
      ],
      [
        13.273598,
        47.968964,
        540.25
      ],
      [
        13.272544,
        47.970319,
        539.75
      ],
      [
        13.26928,
        47.972274,
        537.25
      ],
      [
        13.261493,
        47.975189,
        533.75
      ],
      [
        13.259326,
        47.976386,
        533.0
      ],
      [
        13.259647,
        47.97758,
        534.0
      ],
      [
        13.256556,
        47.978635,
        532.5
      ],
      [
        13.255439,
        47.979871,
        532.25
      ],
      [
        13.25469,
        47.979751,
        529.0
      ],
      [
        13.253054,
        47.976902,
        531.0
      ],
      [
        13.248473,
        47.975612,
        528.5
      ],
      [
        13.247061,
        47.975536,
        529.5
      ],
      [
        13.245329,
        47.976229,
        533.0
      ],
      [
        13.244907,
        47.975988,
        530.75
      ],
      [
        13.244979,
        47.976571,
        533.25
      ],
      [
        13.243846,
        47.977395,
        536.75
      ],
      [
        13.242834,
        47.976379,
        538.5
      ],
      [
        13.237293,
        47.97345,
        547.0
      ],
      [
        13.233459,
        47.972429,
        549.0
      ],
      [
        13.231416,
        47.971497,
        550.0
      ],
      [
        13.229973,
        47.96994,
        561.25
      ],
      [
        13.228125,
        47.968865,
        565.0
      ],
      [
        13.223647,
        47.969,
        569.5
      ],
      [
        13.221058,
        47.969493,
        572.75
      ],
      [
        13.21784,
        47.969206,
        575.75
      ],
      [
        13.216216,
        47.968588,
        580.0
      ],
      [
        13.21357,
        47.967434,
        572.0
      ],
      [
        13.21093,
        47.964776,
        579.0
      ],
      [
        13.205048,
        47.961672,
        566.0
      ],
      [
        13.203881,
        47.959177,
        557.0
      ],
      [
        13.202512,
        47.957977,
        552.5
      ],
      [
        13.20088,
        47.957098,
        552.5
      ],
      [
        13.198421,
        47.956513,
        554.75
      ],
      [
        13.198272,
        47.954654,
        562.5
      ],
      [
        13.194895,
        47.950238,
        540.5
      ],
      [
        13.193338,
        47.949201,
        536.0
      ],
      [
        13.181532,
        47.947074,
        535.0
      ],
      [
        13.178596,
        47.945894,
        525.0
      ],
      [
        13.175479,
        47.941104,
        520.75
      ],
      [
        13.176394,
        47.940082,
        521.0
      ],
      [
        13.175662,
        47.938148,
        521.5
      ],
      [
        13.174924,
        47.937429,
        521.25
      ],
      [
        13.17414,
        47.937735,
        516.75
      ],
      [
        13.172173,
        47.936326,
        515.0
      ],
      [
        13.168655,
        47.93268,
        523.0
      ],
      [
        13.170245,
        47.931818,
        517.0
      ],
      [
        13.169939,
        47.931404,
        514.75
      ],
      [
        13.171548,
        47.930326,
        510.25
      ],
      [
        13.170185,
        47.929697,
        512.75
      ],
      [
        13.169602,
        47.929979,
        512.0
      ],
      [
        13.167673,
        47.928925,
        513.75
      ],
      [
        13.162972,
        47.925574,
        516.0
      ],
      [
        13.160926,
        47.923551,
        512.25
      ],
      [
        13.160418,
        47.921938,
        510.5
      ],
      [
        13.162442,
        47.920343,
        509.0
      ],
      [
        13.164426,
        47.919565,
        507.0
      ],
      [
        13.160759,
        47.918408,
        519.5
      ],
      [
        13.160658,
        47.917989,
        514.5
      ],
      [
        13.156007,
        47.915069,
        509.0
      ],
      [
        13.149856,
        47.914222,
        513.75
      ],
      [
        13.1459,
        47.912242,
        515.0
      ],
      [
        13.142751,
        47.91006,
        512.75
      ],
      [
        13.14133,
        47.905998,
        511.25
      ],
      [
        13.138932,
        47.903877,
        508.75
      ],
      [
        13.135651,
        47.901784,
        511.75
      ],
      [
        13.128226,
        47.898217,
        512.0
      ],
      [
        13.12595,
        47.895071,
        509.0
      ],
      [
        13.12626,
        47.894355,
        509.0
      ],
      [
        13.12595,
        47.895071,
        509.0
      ],
      [
        13.125166,
        47.894362,
        509.25
      ],
      [
        13.12633,
        47.892843,
        508.0
      ],
      [
        13.126973,
        47.890571,
        510.0
      ],
      [
        13.12666,
        47.889412,
        515.75
      ],
      [
        13.125428,
        47.887392,
        515.25
      ],
      [
        13.124977,
        47.887429,
        511.0
      ],
      [
        13.1232,
        47.88519,
        510.0
      ],
      [
        13.122675,
        47.882935,
        509.5
      ],
      [
        13.120373,
        47.8814,
        511.5
      ],
      [
        13.119778,
        47.880408,
        510.5
      ],
      [
        13.120403,
        47.879315,
        510.5
      ],
      [
        13.125658,
        47.875397,
        528.5
      ],
      [
        13.126511,
        47.873997,
        534.5
      ],
      [
        13.127045,
        47.870963,
        548.0
      ],
      [
        13.127836,
        47.870954,
        546.5
      ],
      [
        13.128759,
        47.869491,
        549.25
      ],
      [
        13.128716,
        47.868864,
        551.0
      ],
      [
        13.122158,
        47.867364,
        557.25
      ],
      [
        13.124022,
        47.861315,
        556.75
      ],
      [
        13.116049,
        47.8592,
        553.0
      ],
      [
        13.109942,
        47.85596,
        547.0
      ],
      [
        13.104915,
        47.850175,
        532.75
      ],
      [
        13.100761,
        47.847689,
        524.75
      ],
      [
        13.100348,
        47.846266,
        520.5
      ],
      [
        13.099659,
        47.845702,
        516.0
      ],
      [
        13.092601,
        47.843604,
        503.5
      ],
      [
        13.089326,
        47.84451,
        496.5
      ],
      [
        13.087875,
        47.846152,
        494.0
      ],
      [
        13.085618,
        47.847537,
        488.5
      ],
      [
        13.083416,
        47.847405,
        482.5
      ],
      [
        13.082091,
        47.845648,
        481.0
      ],
      [
        13.08221,
        47.842937,
        473.0
      ],
      [
        13.076877,
        47.837151,
        454.5
      ],
      [
        13.07647,
        47.832864,
        446.5
      ],
      [
        13.074622,
        47.831433,
        439.75
      ],
      [
        13.069783,
        47.829297,
        437.25
      ],
      [
        13.063301,
        47.827607,
        432.75
      ],
      [
        13.058454,
        47.827919,
        429.0
      ],
      [
        13.057032,
        47.827694,
        428.5
      ],
      [
        13.054115,
        47.825523,
        423.0
      ],
      [
        13.051147,
        47.8262,
        420.75
      ],
      [
        13.049067,
        47.826195,
        419.0
      ],
      [
        13.045959,
        47.827343,
        418.5
      ],
      [
        13.040801,
        47.826862,
        416.75
      ],
      [
        13.038217,
        47.827556,
        414.25
      ],
      [
        13.035392,
        47.826784,
        414.25
      ],
      [
        13.032152,
        47.826434,
        412.25
      ],
      [
        13.036074,
        47.819271,
        415.5
      ],
      [
        13.037365,
        47.814637,
        416.0
      ],
      [
        13.037417,
        47.808666,
        418.25
      ],
      [
        13.039561,
        47.804042,
        418.25
      ],
      [
        13.042245,
        47.802241,
        417.25
      ],
      [
        13.044659,
        47.801357,
        420.25
      ],
      [
        13.04441,
        47.800037,
        420.75
      ],
      [
        13.044999,
        47.799995,
        421.0
      ],
      [
        13.04441,
        47.800037,
        420.75
      ],
      [
        13.044419,
        47.800505,
        421.75
      ],
      [
        13.045707,
        47.800285,
        419.75
      ],
      [
        13.053689,
        47.797675,
        417.75
      ],
      [
        13.067078,
        47.790471,
        421.5
      ],
      [
        13.07346,
        47.785659,
        420.25
      ],
      [
        13.075329,
        47.783123,
        421.5
      ],
      [
        13.07393,
        47.766803,
        425.0
      ],
      [
        13.078777,
        47.753695,
        426.75
      ],
      [
        13.082078,
        47.732106,
        434.5
      ],
      [
        13.081147,
        47.73144,
        434.25
      ],
      [
        13.081518,
        47.730999,
        433.75
      ],
      [
        13.082178,
        47.730972,
        434.75
      ],
      [
        13.082387,
        47.723256,
        434.0
      ],
      [
        13.081869,
        47.717709,
        434.0
      ],
      [
        13.078657,
        47.711358,
        436.25
      ],
      [
        13.076358,
        47.704679,
        438.75
      ],
      [
        13.07607,
        47.703058,
        438.25
      ],
      [
        13.076673,
        47.701147,
        437.5
      ],
      [
        13.081137,
        47.695606,
        438.0
      ],
      [
        13.082921,
        47.691728,
        439.5
      ],
      [
        13.085588,
        47.688342,
        441.75
      ],
      [
        13.090754,
        47.684281,
        442.75
      ],
      [
        13.090643,
        47.683955,
        444.0
      ],
      [
        13.093646,
        47.683041,
        444.0
      ],
      [
        13.09606,
        47.682744,
        444.25
      ],
      [
        13.096953,
        47.68304,
        443.75
      ],
      [
        13.09606,
        47.682744,
        444.25
      ],
      [
        13.097137,
        47.681148,
        442.5
      ],
      [
        13.098389,
        47.676921,
        446.0
      ],
      [
        13.10062,
        47.674652,
        445.25
      ],
      [
        13.100813,
        47.673734,
        448.75
      ],
      [
        13.103701,
        47.671031,
        450.0
      ],
      [
        13.106404,
        47.669878,
        452.25
      ],
      [
        13.110926,
        47.665131,
        461.75
      ],
      [
        13.114904,
        47.663517,
        466.0
      ],
      [
        13.115276,
        47.661835,
        479.75
      ],
      [
        13.114846,
        47.658771,
        489.5
      ],
      [
        13.115806,
        47.657103,
        483.5
      ],
      [
        13.118442,
        47.655587,
        466.0
      ],
      [
        13.1209,
        47.651494,
        462.75
      ],
      [
        13.121016,
        47.64694,
        460.0
      ],
      [
        13.122743,
        47.645343,
        458.75
      ],
      [
        13.122318,
        47.642823,
        458.5
      ],
      [
        13.122829,
        47.6417,
        458.25
      ],
      [
        13.12778,
        47.639094,
        458.5
      ],
      [
        13.127133,
        47.638145,
        468.75
      ],
      [
        13.128309,
        47.636408,
        483.0
      ],
      [
        13.128956,
        47.634272,
        484.5
      ],
      [
        13.130083,
        47.633445,
        474.5
      ],
      [
        13.130969,
        47.631094,
        474.0
      ],
      [
        13.134439,
        47.630625,
        462.0
      ],
      [
        13.137519,
        47.627046,
        462.5
      ],
      [
        13.137875,
        47.624012,
        462.5
      ],
      [
        13.138958,
        47.621955,
        462.0
      ],
      [
        13.139453,
        47.61878,
        462.0
      ],
      [
        13.140747,
        47.617224,
        462.5
      ],
      [
        13.141813,
        47.61665,
        462.75
      ],
      [
        13.143376,
        47.614032,
        466.0
      ],
      [
        13.140507,
        47.610516,
        489.0
      ],
      [
        13.143205,
        47.606839,
        484.0
      ],
      [
        13.142347,
        47.603882,
        487.5
      ],
      [
        13.142699,
        47.603419,
        482.5
      ],
      [
        13.145105,
        47.601759,
        477.5
      ],
      [
        13.14846,
        47.602186,
        473.5
      ],
      [
        13.150304,
        47.598962,
        467.75
      ],
      [
        13.153028,
        47.598538,
        467.5
      ],
      [
        13.155997,
        47.596901,
        468.0
      ],
      [
        13.159253,
        47.595942,
        467.5
      ],
      [
        13.161476,
        47.596779,
        468.0
      ],
      [
        13.163286,
        47.596411,
        468.75
      ],
      [
        13.166429,
        47.596912,
        468.0
      ],
      [
        13.167414,
        47.595634,
        467.75
      ],
      [
        13.168555,
        47.595424,
        469.25
      ],
      [
        13.16876,
        47.595989,
        473.25
      ],
      [
        13.167513,
        47.596382,
        478.0
      ],
      [
        13.167664,
        47.597468,
        479.5
      ],
      [
        13.166598,
        47.597694,
        472.5
      ],
      [
        13.166004,
        47.597329,
        469.0
      ],
      [
        13.166603,
        47.596623,
        468.0
      ],
      [
        13.166335,
        47.596913,
        468.0
      ],
      [
        13.165347,
        47.596624,
        468.0
      ],
      [
        13.164677,
        47.5925,
        468.75
      ],
      [
        13.168545,
        47.592177,
        469.0
      ],
      [
        13.168299,
        47.591233,
        469.0
      ],
      [
        13.169767,
        47.590375,
        476.0
      ],
      [
        13.170994,
        47.588778,
        475.5
      ],
      [
        13.172015,
        47.588685,
        473.0
      ],
      [
        13.174058,
        47.586294,
        473.75
      ],
      [
        13.178078,
        47.586565,
        475.0
      ],
      [
        13.179141,
        47.587074,
        476.25
      ],
      [
        13.182123,
        47.584351,
        477.25
      ],
      [
        13.183197,
        47.581451,
        487.75
      ],
      [
        13.193253,
        47.577791,
        549.75
      ],
      [
        13.194961,
        47.576538,
        564.75
      ],
      [
        13.195066,
        47.574192,
        545.5
      ],
      [
        13.19451,
        47.573273,
        538.75
      ],
      [
        13.190757,
        47.572128,
        517.25
      ],
      [
        13.186409,
        47.568958,
        494.5
      ],
      [
        13.179148,
        47.566206,
        497.25
      ],
      [
        13.169012,
        47.564393,
        498.5
      ],
      [
        13.16779,
        47.563637,
        498.0
      ],
      [
        13.166746,
        47.562124,
        496.5
      ],
      [
        13.166244,
        47.559835,
        499.25
      ],
      [
        13.166508,
        47.557553,
        504.0
      ],
      [
        13.167509,
        47.554849,
        501.0
      ],
      [
        13.170197,
        47.551738,
        502.0
      ],
      [
        13.170042,
        47.547755,
        503.5
      ],
      [
        13.17148,
        47.541648,
        504.25
      ],
      [
        13.170895,
        47.539737,
        511.0
      ],
      [
        13.168442,
        47.536541,
        515.0
      ],
      [
        13.166249,
        47.531619,
        513.0
      ],
      [
        13.167867,
        47.524152,
        522.75
      ],
      [
        13.164412,
        47.518293,
        520.5
      ],
      [
        13.164052,
        47.516504,
        530.5
      ],
      [
        13.166977,
        47.511094,
        530.25
      ],
      [
        13.166562,
        47.506388,
        513.25
      ],
      [
        13.172031,
        47.49908,
        522.0
      ],
      [
        13.175704,
        47.496608,
        521.75
      ],
      [
        13.175415,
        47.492743,
        515.5
      ],
      [
        13.175853,
        47.491878,
        518.0
      ],
      [
        13.177994,
        47.490038,
        527.5
      ],
      [
        13.183565,
        47.487815,
        547.75
      ],
      [
        13.185376,
        47.486221,
        559.25
      ],
      [
        13.185039,
        47.481587,
        575.5
      ],
      [
        13.185437,
        47.480267,
        564.0
      ],
      [
        13.18777,
        47.478644,
        548.75
      ],
      [
        13.189353,
        47.476372,
        546.25
      ],
      [
        13.188462,
        47.476074,
        554.0
      ],
      [
        13.188685,
        47.475241,
        554.25
      ],
      [
        13.190022,
        47.475631,
        544.75
      ],
      [
        13.192257,
        47.473254,
        528.0
      ],
      [
        13.193174,
        47.473163,
        525.75
      ],
      [
        13.193134,
        47.47076,
        525.5
      ],
      [
        13.193994,
        47.469709,
        529.0
      ],
      [
        13.197789,
        47.466817,
        527.75
      ],
      [
        13.198946,
        47.466556,
        526.0
      ],
      [
        13.197691,
        47.464244,
        527.0
      ],
      [
        13.198458,
        47.461534,
        528.25
      ],
      [
        13.199479,
        47.461531,
        527.25
      ],
      [
        13.200339,
        47.459951,
        528.0
      ],
      [
        13.20012,
        47.459293,
        527.0
      ],
      [
        13.200903,
        47.457541,
        527.5
      ],
      [
        13.203225,
        47.454975,
        528.25
      ],
      [
        13.207952,
        47.454429,
        529.25
      ],
      [
        13.209904,
        47.453853,
        529.75
      ],
      [
        13.21178,
        47.452677,
        529.75
      ],
      [
        13.213135,
        47.450891,
        529.75
      ],
      [
        13.213129,
        47.442042,
        536.5
      ],
      [
        13.211216,
        47.436921,
        538.25
      ],
      [
        13.210399,
        47.436535,
        538.0
      ],
      [
        13.211125,
        47.434429,
        537.75
      ],
      [
        13.214748,
        47.432345,
        537.0
      ],
      [
        13.216328,
        47.42968,
        538.25
      ],
      [
        13.217928,
        47.429399,
        537.0
      ],
      [
        13.220385,
        47.428024,
        537.25
      ],
      [
        13.220666,
        47.427288,
        536.75
      ],
      [
        13.221383,
        47.427246,
        537.75
      ],
      [
        13.221023,
        47.425214,
        539.5
      ],
      [
        13.220144,
        47.424083,
        540.0
      ],
      [
        13.219366,
        47.424148,
        539.0
      ],
      [
        13.219507,
        47.421402,
        538.0
      ],
      [
        13.218864,
        47.420694,
        542.5
      ],
      [
        13.218762,
        47.418005,
        547.0
      ],
      [
        13.219405,
        47.418008,
        544.0
      ],
      [
        13.219632,
        47.41562,
        544.25
      ],
      [
        13.218974,
        47.414842,
        545.5
      ],
      [
        13.218781,
        47.413279,
        544.0
      ],
      [
        13.22014,
        47.414084,
        541.75
      ],
      [
        13.220251,
        47.414617,
        542.5
      ],
      [
        13.221325,
        47.414598,
        541.75
      ],
      [
        13.221345,
        47.41163,
        542.0
      ],
      [
        13.219663,
        47.409668,
        542.0
      ],
      [
        13.219652,
        47.408636,
        542.0
      ],
      [
        13.223364,
        47.40497,
        549.5
      ],
      [
        13.223702,
        47.40409,
        549.75
      ],
      [
        13.225186,
        47.403054,
        549.75
      ],
      [
        13.226337,
        47.399942,
        549.0
      ],
      [
        13.226501,
        47.397801,
        549.0
      ],
      [
        13.225891,
        47.395893,
        549.25
      ],
      [
        13.223445,
        47.394199,
        548.5
      ],
      [
        13.221265,
        47.394272,
        547.75
      ],
      [
        13.220028,
        47.393858,
        548.0
      ],
      [
        13.216916,
        47.389352,
        552.75
      ],
      [
        13.212978,
        47.386592,
        549.0
      ],
      [
        13.212002,
        47.385442,
        549.25
      ],
      [
        13.212103,
        47.383639,
        548.75
      ],
      [
        13.214995,
        47.380154,
        551.5
      ],
      [
        13.215077,
        47.378635,
        553.0
      ],
      [
        13.213754,
        47.377014,
        554.25
      ],
      [
        13.211792,
        47.376472,
        552.0
      ],
      [
        13.21073,
        47.37568,
        553.0
      ],
      [
        13.210166,
        47.371902,
        557.75
      ],
      [
        13.210602,
        47.36956,
        559.25
      ],
      [
        13.210325,
        47.368394,
        558.75
      ],
      [
        13.208369,
        47.365697,
        558.75
      ],
      [
        13.20799,
        47.36068,
        560.5
      ],
      [
        13.203811,
        47.357582,
        559.5
      ],
      [
        13.20175,
        47.353817,
        559.75
      ],
      [
        13.199302,
        47.351582,
        560.75
      ],
      [
        13.200712,
        47.350745,
        570.0
      ],
      [
        13.200097,
        47.350673,
        573.25
      ],
      [
        13.199572,
        47.349995,
        587.5
      ],
      [
        13.202716,
        47.349352,
        601.75
      ],
      [
        13.199774,
        47.345192,
        581.5
      ],
      [
        13.199684,
        47.343167,
        574.5
      ],
      [
        13.198778,
        47.342682,
        576.25
      ],
      [
        13.198998,
        47.341121,
        575.5
      ],
      [
        13.198503,
        47.339586,
        575.25
      ],
      [
        13.19934,
        47.33788,
        575.0
      ],
      [
        13.198876,
        47.337909,
        571.75
      ],
      [
        13.198613,
        47.336709,
        570.75
      ],
      [
        13.197249,
        47.335329,
        571.75
      ],
      [
        13.19426,
        47.333824,
        571.75
      ],
      [
        13.19112,
        47.333387,
        572.5
      ],
      [
        13.190693,
        47.334055,
        573.0
      ],
      [
        13.189881,
        47.33371,
        572.25
      ],
      [
        13.189018,
        47.332584,
        572.5
      ],
      [
        13.188603,
        47.329889,
        572.25
      ],
      [
        13.187594,
        47.328537,
        572.75
      ],
      [
        13.185069,
        47.328739,
        574.5
      ],
      [
        13.18198,
        47.327995,
        574.5
      ],
      [
        13.181998,
        47.323192,
        579.75
      ],
      [
        13.180046,
        47.321467,
        578.5
      ],
      [
        13.177961,
        47.321151,
        575.75
      ],
      [
        13.173946,
        47.322204,
        584.25
      ],
      [
        13.169718,
        47.322236,
        584.0
      ],
      [
        13.166128,
        47.323284,
        584.25
      ],
      [
        13.165511,
        47.323766,
        585.25
      ],
      [
        13.163751,
        47.323902,
        583.25
      ],
      [
        13.16223,
        47.323383,
        584.5
      ],
      [
        13.161345,
        47.320647,
        584.0
      ],
      [
        13.159902,
        47.319884,
        584.0
      ],
      [
        13.151914,
        47.320054,
        591.0
      ],
      [
        13.151839,
        47.321278,
        595.5
      ],
      [
        13.150957,
        47.321226,
        595.25
      ],
      [
        13.151839,
        47.321278,
        595.5
      ],
      [
        13.151866,
        47.319362,
        588.0
      ],
      [
        13.149618,
        47.31894,
        591.75
      ],
      [
        13.149941,
        47.318137,
        598.25
      ],
      [
        13.149018,
        47.317797,
        603.0
      ],
      [
        13.149367,
        47.316846,
        619.5
      ],
      [
        13.14869,
        47.316568,
        628.0
      ],
      [
        13.14779,
        47.31491,
        648.75
      ],
      [
        13.142732,
        47.313099,
        683.0
      ],
      [
        13.141556,
        47.313042,
        688.0
      ],
      [
        13.140396,
        47.312061,
        692.5
      ],
      [
        13.137428,
        47.311915,
        707.5
      ],
      [
        13.134005,
        47.310908,
        722.75
      ],
      [
        13.132743,
        47.310112,
        725.25
      ],
      [
        13.136251,
        47.308643,
        730.0
      ],
      [
        13.134952,
        47.307315,
        736.75
      ],
      [
        13.133058,
        47.307635,
        735.25
      ],
      [
        13.128789,
        47.306867,
        735.25
      ],
      [
        13.127939,
        47.306038,
        736.75
      ],
      [
        13.126788,
        47.30594,
        730.5
      ],
      [
        13.125864,
        47.305139,
        735.75
      ],
      [
        13.123554,
        47.304255,
        723.5
      ],
      [
        13.114508,
        47.302675,
        702.5
      ],
      [
        13.109842,
        47.301296,
        709.25
      ],
      [
        13.108787,
        47.300156,
        720.5
      ],
      [
        13.1083,
        47.300363,
        723.75
      ],
      [
        13.107822,
        47.299779,
        732.75
      ],
      [
        13.105075,
        47.298968,
        735.5
      ],
      [
        13.09959,
        47.298626,
        736.25
      ],
      [
        13.09872,
        47.298113,
        740.25
      ],
      [
        13.096826,
        47.298298,
        744.75
      ],
      [
        13.093724,
        47.297565,
        734.75
      ],
      [
        13.091187,
        47.297651,
        728.0
      ],
      [
        13.087041,
        47.296837,
        740.25
      ],
      [
        13.081847,
        47.296952,
        711.5
      ],
      [
        13.079331,
        47.297357,
        713.5
      ],
      [
        13.07593,
        47.29685,
        736.25
      ],
      [
        13.071952,
        47.295276,
        744.0
      ],
      [
        13.070368,
        47.295447,
        749.25
      ],
      [
        13.066314,
        47.294878,
        747.5
      ],
      [
        13.062222,
        47.294838,
        748.0
      ],
      [
        13.057848,
        47.294143,
        749.5
      ],
      [
        13.057133,
        47.293706,
        747.0
      ],
      [
        13.057363,
        47.294188,
        743.75
      ],
      [
        13.056766,
        47.294657,
        736.25
      ],
      [
        13.052627,
        47.294757,
        730.25
      ],
      [
        13.048916,
        47.295744,
        711.0
      ],
      [
        13.047589,
        47.296959,
        689.75
      ],
      [
        13.044017,
        47.298486,
        664.5
      ],
      [
        13.043371,
        47.299709,
        654.25
      ],
      [
        13.041366,
        47.300694,
        648.75
      ],
      [
        13.036494,
        47.301373,
        650.5
      ],
      [
        13.034735,
        47.304009,
        655.75
      ],
      [
        13.031615,
        47.30514,
        656.0
      ],
      [
        13.029052,
        47.306642,
        657.75
      ],
      [
        13.022762,
        47.30764,
        662.75
      ],
      [
        13.020698,
        47.307373,
        657.75
      ],
      [
        13.018857,
        47.306473,
        661.0
      ],
      [
        13.016281,
        47.306022,
        665.25
      ],
      [
        13.015212,
        47.306515,
        666.5
      ],
      [
        13.012775,
        47.306491,
        670.75
      ],
      [
        13.01022,
        47.307143,
        681.25
      ],
      [
        13.008605,
        47.307042,
        680.75
      ],
      [
        13.009066,
        47.307574,
        691.5
      ],
      [
        13.004995,
        47.305593,
        687.0
      ],
      [
        13.003522,
        47.30396,
        693.5
      ],
      [
        13.000655,
        47.302971,
        695.0
      ],
      [
        12.998881,
        47.301713,
        698.0
      ],
      [
        12.996034,
        47.301616,
        695.5
      ],
      [
        12.994927,
        47.301093,
        698.5
      ],
      [
        12.988682,
        47.297337,
        717.5
      ],
      [
        12.98852,
        47.296729,
        716.75
      ],
      [
        12.987621,
        47.296319,
        715.0
      ],
      [
        12.984609,
        47.296216,
        728.75
      ],
      [
        12.980584,
        47.295061,
        734.25
      ],
      [
        12.977541,
        47.294904,
        734.75
      ],
      [
        12.974394,
        47.294069,
        742.5
      ],
      [
        12.973174,
        47.294336,
        748.0
      ],
      [
        12.969237,
        47.293484,
        761.75
      ],
      [
        12.964644,
        47.293309,
        770.0
      ],
      [
        12.963396,
        47.292897,
        769.25
      ],
      [
        12.96325,
        47.29179,
        757.25
      ],
      [
        12.964051,
        47.291417,
        754.75
      ],
      [
        12.964191,
        47.291669,
        754.25
      ],
      [
        12.96405,
        47.291291,
        755.0
      ],
      [
        12.961366,
        47.291326,
        752.0
      ],
      [
        12.961071,
        47.292511,
        760.0
      ],
      [
        12.958697,
        47.292327,
        753.75
      ],
      [
        12.956287,
        47.292702,
        745.25
      ],
      [
        12.95535,
        47.292423,
        740.5
      ],
      [
        12.952047,
        47.292975,
        729.75
      ],
      [
        12.947042,
        47.293111,
        717.0
      ],
      [
        12.936618,
        47.291923,
        728.0
      ],
      [
        12.934532,
        47.289777,
        735.25
      ],
      [
        12.932784,
        47.28917,
        738.0
      ],
      [
        12.927016,
        47.28968,
        744.5
      ],
      [
        12.924023,
        47.289188,
        736.0
      ],
      [
        12.919957,
        47.288958,
        736.5
      ],
      [
        12.918193,
        47.289184,
        737.5
      ],
      [
        12.917013,
        47.288848,
        739.25
      ],
      [
        12.916438,
        47.289515,
        746.75
      ],
      [
        12.914584,
        47.289445,
        747.0
      ],
      [
        12.914173,
        47.288628,
        737.25
      ],
      [
        12.913524,
        47.288614,
        739.5
      ],
      [
        12.913585,
        47.287665,
        740.75
      ],
      [
        12.912688,
        47.287577,
        739.25
      ],
      [
        12.907915,
        47.288054,
        740.0
      ],
      [
        12.900481,
        47.28757,
        739.25
      ],
      [
        12.896034,
        47.288378,
        740.5
      ],
      [
        12.894657,
        47.288298,
        742.75
      ],
      [
        12.893221,
        47.288025,
        747.5
      ],
      [
        12.892828,
        47.287605,
        753.5
      ],
      [
        12.886121,
        47.287413,
        746.0
      ],
      [
        12.880253,
        47.285168,
        746.0
      ],
      [
        12.8736,
        47.283549,
        748.0
      ],
      [
        12.871213,
        47.283165,
        751.0
      ],
      [
        12.869024,
        47.283449,
        752.5
      ],
      [
        12.862252,
        47.283052,
        751.0
      ],
      [
        12.862356,
        47.282135,
        758.75
      ],
      [
        12.861197,
        47.281021,
        772.75
      ],
      [
        12.858807,
        47.281531,
        765.5
      ],
      [
        12.857165,
        47.281405,
        763.5
      ],
      [
        12.85533,
        47.282017,
        766.0
      ],
      [
        12.849506,
        47.28198,
        757.75
      ],
      [
        12.846236,
        47.281354,
        752.75
      ],
      [
        12.843688,
        47.280434,
        752.0
      ],
      [
        12.838554,
        47.283017,
        755.0
      ],
      [
        12.836808,
        47.283122,
        757.25
      ],
      [
        12.835404,
        47.282635,
        753.0
      ],
      [
        12.833366,
        47.283289,
        756.5
      ],
      [
        12.831187,
        47.283496,
        758.25
      ],
      [
        12.831141,
        47.284302,
        758.75
      ],
      [
        12.831887,
        47.284425,
        757.25
      ],
      [
        12.831967,
        47.284775,
        756.25
      ],
      [
        12.828717,
        47.284957,
        759.0
      ],
      [
        12.823016,
        47.287377,
        751.75
      ],
      [
        12.819866,
        47.286606,
        752.5
      ],
      [
        12.816995,
        47.284583,
        753.0
      ],
      [
        12.815504,
        47.284498,
        753.0
      ],
      [
        12.813611,
        47.286571,
        751.25
      ],
      [
        12.813905,
        47.287129,
        750.25
      ],
      [
        12.810435,
        47.289447,
        753.0
      ],
      [
        12.812469,
        47.290256,
        751.75
      ],
      [
        12.814408,
        47.291652,
        756.75
      ],
      [
        12.81607,
        47.2948,
        756.25
      ],
      [
        12.815789,
        47.29947,
        752.5
      ],
      [
        12.816294,
        47.301406,
        754.75
      ],
      [
        12.815507,
        47.306287,
        753.25
      ],
      [
        12.817065,
        47.309613,
        755.5
      ],
      [
        12.81549,
        47.313991,
        759.75
      ],
      [
        12.815252,
        47.316283,
        751.75
      ],
      [
        12.816256,
        47.321702,
        755.5
      ],
      [
        12.815902,
        47.32537,
        756.75
      ],
      [
        12.81689,
        47.329188,
        766.75
      ],
      [
        12.814814,
        47.32941,
        760.25
      ],
      [
        12.81174,
        47.328611,
        750.0
      ],
      [
        12.810657,
        47.328801,
        750.0
      ],
      [
        12.804241,
        47.32541,
        750.0
      ],
      [
        12.802649,
        47.323986,
        750.0
      ],
      [
        12.80017,
        47.322888,
        750.5
      ],
      [
        12.800558,
        47.320772,
        750.0
      ],
      [
        12.798104,
        47.317281,
        750.0
      ],
      [
        12.800558,
        47.320772,
        750.0
      ],
      [
        12.80017,
        47.322888,
        750.5
      ],
      [
        12.802649,
        47.323986,
        750.0
      ],
      [
        12.804241,
        47.32541,
        750.0
      ],
      [
        12.810657,
        47.328801,
        750.0
      ],
      [
        12.81174,
        47.328611,
        750.0
      ],
      [
        12.816699,
        47.329971,
        766.75
      ],
      [
        12.815281,
        47.331133,
        760.0
      ],
      [
        12.815443,
        47.336637,
        752.0
      ],
      [
        12.814692,
        47.33778,
        751.0
      ],
      [
        12.810699,
        47.33977,
        751.0
      ],
      [
        12.80512,
        47.340342,
        751.0
      ],
      [
        12.805367,
        47.341711,
        752.0
      ],
      [
        12.804751,
        47.342585,
        753.25
      ],
      [
        12.805347,
        47.343354,
        754.0
      ],
      [
        12.804967,
        47.344949,
        755.75
      ],
      [
        12.805165,
        47.349777,
        760.0
      ],
      [
        12.805342,
        47.350442,
        761.0
      ],
      [
        12.807019,
        47.351719,
        761.0
      ],
      [
        12.808381,
        47.355219,
        761.0
      ],
      [
        12.807962,
        47.355603,
        763.0
      ],
      [
        12.80785,
        47.360022,
        766.75
      ],
      [
        12.808262,
        47.36138,
        766.0
      ],
      [
        12.808846,
        47.362113,
        765.0
      ],
      [
        12.81162,
        47.363718,
        763.0
      ],
      [
        12.817791,
        47.36469,
        759.0
      ],
      [
        12.822692,
        47.370001,
        755.0
      ],
      [
        12.824586,
        47.370531,
        755.0
      ],
      [
        12.825701,
        47.373625,
        755.25
      ],
      [
        12.832208,
        47.379856,
        758.75
      ],
      [
        12.831867,
        47.381337,
        760.25
      ],
      [
        12.832816,
        47.382617,
        770.75
      ],
      [
        12.835745,
        47.383772,
        777.5
      ],
      [
        12.837168,
        47.385081,
        769.75
      ],
      [
        12.839293,
        47.38558,
        764.5
      ],
      [
        12.843051,
        47.389082,
        757.75
      ],
      [
        12.844595,
        47.391281,
        759.25
      ],
      [
        12.851579,
        47.395493,
        765.25
      ],
      [
        12.856456,
        47.399602,
        762.0
      ],
      [
        12.858864,
        47.400729,
        770.25
      ],
      [
        12.861873,
        47.404635,
        766.5
      ],
      [
        12.863991,
        47.405525,
        768.25
      ],
      [
        12.867256,
        47.406024,
        773.75
      ],
      [
        12.86885,
        47.407231,
        775.75
      ],
      [
        12.87306,
        47.408265,
        779.0
      ],
      [
        12.872902,
        47.409005,
        778.75
      ],
      [
        12.871134,
        47.410717,
        768.75
      ],
      [
        12.87218,
        47.412411,
        769.25
      ],
      [
        12.868441,
        47.414986,
        773.0
      ],
      [
        12.859263,
        47.419074,
        766.5
      ],
      [
        12.857393,
        47.420624,
        763.75
      ],
      [
        12.85562,
        47.421469,
        755.25
      ],
      [
        12.851123,
        47.425628,
        748.25
      ],
      [
        12.849862,
        47.425864,
        743.25
      ],
      [
        12.846193,
        47.428001,
        738.0
      ],
      [
        12.845385,
        47.427478,
        738.0
      ],
      [
        12.845083,
        47.427762,
        738.0
      ],
      [
        12.844232,
        47.426841,
        737.0
      ],
      [
        12.839445,
        47.427699,
        733.5
      ],
      [
        12.834694,
        47.427794,
        730.75
      ],
      [
        12.831958,
        47.429637,
        728.25
      ],
      [
        12.827133,
        47.431124,
        726.0
      ],
      [
        12.824235,
        47.434374,
        723.5
      ],
      [
        12.822844,
        47.435251,
        722.25
      ],
      [
        12.823177,
        47.436754,
        720.5
      ],
      [
        12.819637,
        47.438835,
        720.25
      ],
      [
        12.817887,
        47.443394,
        719.5
      ],
      [
        12.817724,
        47.445571,
        719.0
      ],
      [
        12.816511,
        47.445916,
        721.0
      ],
      [
        12.81551,
        47.447199,
        723.0
      ],
      [
        12.810912,
        47.447607,
        731.25
      ],
      [
        12.807291,
        47.446807,
        739.75
      ],
      [
        12.805091,
        47.4471,
        744.5
      ],
      [
        12.80193,
        47.446063,
        737.75
      ],
      [
        12.798034,
        47.445416,
        739.0
      ],
      [
        12.795775,
        47.444433,
        741.75
      ],
      [
        12.785615,
        47.443817,
        750.5
      ],
      [
        12.783919,
        47.444542,
        754.25
      ],
      [
        12.779889,
        47.442876,
        757.75
      ],
      [
        12.777861,
        47.441412,
        759.75
      ],
      [
        12.77389,
        47.441499,
        766.5
      ],
      [
        12.769487,
        47.440361,
        766.25
      ],
      [
        12.765836,
        47.441015,
        773.5
      ],
      [
        12.764406,
        47.440742,
        772.25
      ],
      [
        12.763348,
        47.439898,
        774.25
      ],
      [
        12.76181,
        47.439815,
        776.0
      ],
      [
        12.760597,
        47.439318,
        781.25
      ],
      [
        12.760427,
        47.438602,
        787.0
      ],
      [
        12.758064,
        47.438323,
        786.0
      ],
      [
        12.757306,
        47.435731,
        795.75
      ],
      [
        12.755934,
        47.433578,
        807.0
      ],
      [
        12.753638,
        47.432112,
        826.0
      ],
      [
        12.753011,
        47.431051,
        826.5
      ],
      [
        12.749364,
        47.429797,
        840.75
      ],
      [
        12.748055,
        47.42836,
        850.75
      ],
      [
        12.747339,
        47.425444,
        871.0
      ],
      [
        12.747455,
        47.422636,
        890.75
      ],
      [
        12.746175,
        47.420865,
        906.25
      ],
      [
        12.745558,
        47.418975,
        927.0
      ],
      [
        12.746707,
        47.416864,
        959.25
      ],
      [
        12.748175,
        47.419014,
        986.25
      ],
      [
        12.750142,
        47.41893,
        1004.0
      ],
      [
        12.749001,
        47.418241,
        1022.0
      ],
      [
        12.750016,
        47.414918,
        1086.25
      ],
      [
        12.749001,
        47.418241,
        1022.0
      ],
      [
        12.750142,
        47.41893,
        1004.0
      ],
      [
        12.748175,
        47.419014,
        986.25
      ],
      [
        12.746707,
        47.416864,
        959.25
      ],
      [
        12.745558,
        47.418975,
        927.0
      ],
      [
        12.746175,
        47.420865,
        906.25
      ],
      [
        12.747455,
        47.422636,
        890.75
      ],
      [
        12.747339,
        47.425444,
        871.0
      ],
      [
        12.747977,
        47.42734,
        857.25
      ],
      [
        12.747447,
        47.427486,
        858.25
      ],
      [
        12.746328,
        47.42916,
        872.5
      ],
      [
        12.748176,
        47.431444,
        899.0
      ],
      [
        12.745517,
        47.430687,
        901.75
      ],
      [
        12.742858,
        47.431158,
        894.75
      ],
      [
        12.741424,
        47.43309,
        866.5
      ],
      [
        12.738082,
        47.434762,
        844.75
      ],
      [
        12.736977,
        47.438627,
        840.75
      ],
      [
        12.733886,
        47.439467,
        816.25
      ],
      [
        12.733499,
        47.440094,
        810.0
      ],
      [
        12.729194,
        47.440762,
        815.25
      ],
      [
        12.726394,
        47.439986,
        820.75
      ],
      [
        12.725159,
        47.438871,
        826.25
      ],
      [
        12.723395,
        47.439186,
        827.75
      ],
      [
        12.71982,
        47.438934,
        833.75
      ],
      [
        12.71429,
        47.441261,
        840.0
      ],
      [
        12.710372,
        47.441519,
        845.25
      ],
      [
        12.707616,
        47.441314,
        848.75
      ],
      [
        12.704534,
        47.441889,
        856.25
      ],
      [
        12.703688,
        47.442582,
        858.75
      ],
      [
        12.700364,
        47.443095,
        865.75
      ],
      [
        12.698045,
        47.442681,
        870.5
      ],
      [
        12.695885,
        47.442939,
        876.0
      ],
      [
        12.692581,
        47.445411,
        891.75
      ],
      [
        12.692148,
        47.446212,
        900.5
      ],
      [
        12.688699,
        47.447197,
        908.5
      ],
      [
        12.686328,
        47.448468,
        915.25
      ],
      [
        12.683973,
        47.449038,
        924.25
      ],
      [
        12.681229,
        47.449124,
        930.5
      ],
      [
        12.67803,
        47.450153,
        933.5
      ],
      [
        12.67617,
        47.45238,
        956.5
      ],
      [
        12.676484,
        47.453583,
        967.75
      ],
      [
        12.675492,
        47.454003,
        965.25
      ],
      [
        12.673565,
        47.454277,
        953.75
      ],
      [
        12.669583,
        47.455731,
        959.25
      ],
      [
        12.665427,
        47.456504,
        965.75
      ],
      [
        12.66027,
        47.456645,
        958.75
      ],
      [
        12.658861,
        47.457179,
        961.25
      ],
      [
        12.654245,
        47.457679,
        960.0
      ],
      [
        12.650444,
        47.458873,
        969.25
      ],
      [
        12.645174,
        47.461699,
        963.0
      ],
      [
        12.642572,
        47.462177,
        963.5
      ],
      [
        12.641568,
        47.463526,
        962.25
      ],
      [
        12.63979,
        47.463803,
        962.0
      ],
      [
        12.637898,
        47.46477,
        963.25
      ],
      [
        12.636277,
        47.46674,
        966.0
      ],
      [
        12.632472,
        47.469278,
        979.25
      ],
      [
        12.631641,
        47.470843,
        985.0
      ],
      [
        12.629939,
        47.471783,
        987.75
      ],
      [
        12.62418,
        47.47144,
        971.0
      ],
      [
        12.62283,
        47.470301,
        964.5
      ],
      [
        12.622493,
        47.469444,
        964.75
      ],
      [
        12.623414,
        47.470724,
        966.25
      ],
      [
        12.617307,
        47.474985,
        951.25
      ],
      [
        12.615564,
        47.47533,
        949.0
      ],
      [
        12.614646,
        47.47647,
        952.0
      ],
      [
        12.611726,
        47.475742,
        948.75
      ],
      [
        12.611468,
        47.474608,
        948.5
      ],
      [
        12.609931,
        47.472835,
        949.75
      ],
      [
        12.609269,
        47.472822,
        949.0
      ],
      [
        12.609157,
        47.471727,
        946.5
      ],
      [
        12.606042,
        47.469469,
        942.25
      ],
      [
        12.601941,
        47.468224,
        946.0
      ],
      [
        12.596029,
        47.467506,
        930.75
      ],
      [
        12.586221,
        47.469431,
        900.0
      ],
      [
        12.585907,
        47.468846,
        891.0
      ],
      [
        12.582709,
        47.468543,
        891.5
      ],
      [
        12.582633,
        47.468973,
        894.75
      ],
      [
        12.580583,
        47.469168,
        898.0
      ],
      [
        12.575504,
        47.46888,
        883.75
      ],
      [
        12.572662,
        47.46956,
        886.75
      ],
      [
        12.569663,
        47.47143,
        884.25
      ],
      [
        12.567418,
        47.4701,
        858.75
      ],
      [
        12.564839,
        47.470499,
        833.75
      ],
      [
        12.561508,
        47.470259,
        796.25
      ],
      [
        12.557081,
        47.472518,
        788.0
      ],
      [
        12.554358,
        47.472989,
        785.25
      ],
      [
        12.553065,
        47.469472,
        811.75
      ],
      [
        12.551612,
        47.468563,
        823.25
      ],
      [
        12.551551,
        47.466323,
        839.0
      ],
      [
        12.551052,
        47.466146,
        852.0
      ],
      [
        12.550403,
        47.464313,
        910.0
      ],
      [
        12.549078,
        47.465608,
        887.5
      ],
      [
        12.549513,
        47.465602,
        884.75
      ],
      [
        12.549332,
        47.465863,
        882.0
      ],
      [
        12.550561,
        47.465517,
        876.5
      ],
      [
        12.549913,
        47.466013,
        872.25
      ],
      [
        12.550737,
        47.465825,
        863.5
      ],
      [
        12.549929,
        47.466484,
        859.5
      ],
      [
        12.550846,
        47.466138,
        853.25
      ],
      [
        12.550204,
        47.466737,
        848.5
      ],
      [
        12.550747,
        47.466486,
        845.75
      ],
      [
        12.550484,
        47.467034,
        838.75
      ],
      [
        12.550911,
        47.466826,
        837.0
      ],
      [
        12.55072,
        47.467243,
        835.75
      ],
      [
        12.551254,
        47.466807,
        835.5
      ],
      [
        12.55164,
        47.467442,
        830.25
      ],
      [
        12.55103,
        47.467783,
        831.0
      ],
      [
        12.550824,
        47.468627,
        835.0
      ],
      [
        12.550063,
        47.46894,
        837.0
      ],
      [
        12.550465,
        47.469635,
        834.5
      ],
      [
        12.549746,
        47.470041,
        830.75
      ],
      [
        12.548657,
        47.469981,
        829.0
      ],
      [
        12.547099,
        47.472644,
        815.25
      ],
      [
        12.546122,
        47.473073,
        801.75
      ],
      [
        12.546047,
        47.474354,
        793.5
      ],
      [
        12.54442,
        47.475642,
        779.25
      ],
      [
        12.544808,
        47.476145,
        775.5
      ],
      [
        12.546733,
        47.475963,
        775.5
      ],
      [
        12.547198,
        47.476332,
        778.0
      ],
      [
        12.545416,
        47.47658,
        774.25
      ],
      [
        12.543965,
        47.477738,
        773.75
      ],
      [
        12.539335,
        47.479851,
        767.0
      ],
      [
        12.536824,
        47.482527,
        762.0
      ],
      [
        12.533739,
        47.482558,
        759.75
      ],
      [
        12.533694,
        47.484804,
        754.0
      ],
      [
        12.531188,
        47.485515,
        752.75
      ],
      [
        12.530388,
        47.486503,
        749.5
      ],
      [
        12.528192,
        47.487463,
        752.25
      ],
      [
        12.527024,
        47.489334,
        743.5
      ],
      [
        12.523417,
        47.490292,
        741.25
      ],
      [
        12.523053,
        47.489841,
        741.0
      ],
      [
        12.521187,
        47.490294,
        740.0
      ],
      [
        12.519221,
        47.491319,
        737.25
      ],
      [
        12.51687,
        47.490927,
        734.25
      ],
      [
        12.514647,
        47.492005,
        731.0
      ],
      [
        12.512111,
        47.491037,
        729.0
      ],
      [
        12.506673,
        47.491754,
        722.5
      ],
      [
        12.504698,
        47.492998,
        721.25
      ],
      [
        12.501211,
        47.494059,
        718.25
      ],
      [
        12.499072,
        47.495146,
        715.5
      ],
      [
        12.495045,
        47.496,
        712.0
      ],
      [
        12.49204,
        47.495808,
        710.25
      ],
      [
        12.489853,
        47.497092,
        707.25
      ],
      [
        12.487101,
        47.500052,
        703.5
      ],
      [
        12.483269,
        47.502893,
        698.0
      ],
      [
        12.473913,
        47.505752,
        691.5
      ],
      [
        12.46937,
        47.507683,
        688.0
      ],
      [
        12.460543,
        47.510203,
        681.0
      ],
      [
        12.45838,
        47.51151,
        680.0
      ],
      [
        12.456707,
        47.511906,
        681.75
      ],
      [
        12.457322,
        47.512855,
        679.5
      ],
      [
        12.454586,
        47.514617,
        677.0
      ],
      [
        12.455103,
        47.515093,
        675.75
      ],
      [
        12.451868,
        47.517248,
        673.25
      ],
      [
        12.449978,
        47.517895,
        671.25
      ],
      [
        12.443523,
        47.518949,
        668.0
      ],
      [
        12.438969,
        47.520429,
        664.5
      ],
      [
        12.433305,
        47.522913,
        660.0
      ],
      [
        12.4316,
        47.524129,
        659.75
      ],
      [
        12.428406,
        47.522278,
        657.75
      ],
      [
        12.42703,
        47.522148,
        658.25
      ],
      [
        12.42424,
        47.522847,
        660.0
      ],
      [
        12.419977,
        47.522926,
        660.0
      ],
      [
        12.416381,
        47.523687,
        664.25
      ],
      [
        12.402315,
        47.522324,
        675.75
      ],
      [
        12.402882,
        47.520049,
        673.0
      ],
      [
        12.401845,
        47.517839,
        671.25
      ],
      [
        12.396507,
        47.514548,
        673.0
      ],
      [
        12.396601,
        47.512561,
        673.0
      ],
      [
        12.392241,
        47.505745,
        679.25
      ],
      [
        12.387046,
        47.507834,
        681.5
      ],
      [
        12.379978,
        47.504507,
        706.25
      ],
      [
        12.375625,
        47.503583,
        729.25
      ],
      [
        12.372776,
        47.503765,
        740.25
      ],
      [
        12.370762,
        47.503316,
        746.25
      ],
      [
        12.368308,
        47.504266,
        747.0
      ],
      [
        12.360155,
        47.504106,
        715.5
      ],
      [
        12.358577,
        47.506292,
        710.0
      ],
      [
        12.357004,
        47.510755,
        706.0
      ],
      [
        12.353927,
        47.512617,
        719.75
      ],
      [
        12.35252,
        47.512662,
        729.5
      ],
      [
        12.351192,
        47.513593,
        731.0
      ],
      [
        12.346798,
        47.51482,
        725.25
      ],
      [
        12.342843,
        47.514318,
        734.0
      ],
      [
        12.340473,
        47.513543,
        736.25
      ],
      [
        12.336266,
        47.513603,
        746.75
      ],
      [
        12.335393,
        47.514075,
        745.5
      ],
      [
        12.333819,
        47.514103,
        752.75
      ],
      [
        12.333983,
        47.51457,
        752.25
      ],
      [
        12.33062,
        47.514701,
        758.0
      ],
      [
        12.32853,
        47.514616,
        762.5
      ],
      [
        12.325518,
        47.513874,
        767.0
      ],
      [
        12.322259,
        47.513938,
        778.25
      ],
      [
        12.318129,
        47.513391,
        800.5
      ],
      [
        12.301685,
        47.513545,
        799.25
      ],
      [
        12.299625,
        47.514855,
        791.0
      ],
      [
        12.298204,
        47.515452,
        789.0
      ],
      [
        12.29694,
        47.51551,
        788.0
      ],
      [
        12.290951,
        47.518545,
        771.5
      ],
      [
        12.285599,
        47.520087,
        755.5
      ],
      [
        12.283506,
        47.521518,
        747.75
      ],
      [
        12.281523,
        47.520821,
        745.5
      ],
      [
        12.275531,
        47.520647,
        729.75
      ],
      [
        12.273208,
        47.521016,
        723.75
      ],
      [
        12.269309,
        47.52065,
        715.25
      ],
      [
        12.26617,
        47.52117,
        712.5
      ],
      [
        12.262743,
        47.520945,
        707.0
      ],
      [
        12.26083,
        47.521419,
        702.75
      ],
      [
        12.255938,
        47.52172,
        693.0
      ],
      [
        12.255023,
        47.522143,
        693.75
      ],
      [
        12.252346,
        47.521495,
        689.0
      ],
      [
        12.249615,
        47.521797,
        683.75
      ],
      [
        12.245991,
        47.520752,
        679.75
      ],
      [
        12.243002,
        47.520642,
        670.5
      ],
      [
        12.239066,
        47.521432,
        665.0
      ],
      [
        12.235375,
        47.521173,
        658.0
      ],
      [
        12.223437,
        47.517554,
        640.0
      ],
      [
        12.218961,
        47.517513,
        633.75
      ],
      [
        12.216877,
        47.517929,
        632.0
      ],
      [
        12.212964,
        47.516595,
        631.0
      ],
      [
        12.210103,
        47.516293,
        623.75
      ],
      [
        12.20735,
        47.516601,
        623.0
      ],
      [
        12.208166,
        47.515169,
        626.0
      ],
      [
        12.207899,
        47.513703,
        634.0
      ],
      [
        12.206669,
        47.511603,
        639.25
      ],
      [
        12.20748,
        47.509842,
        647.75
      ],
      [
        12.206945,
        47.509233,
        650.25
      ],
      [
        12.205332,
        47.508801,
        656.0
      ],
      [
        12.203897,
        47.5061,
        672.0
      ],
      [
        12.199627,
        47.504664,
        682.25
      ],
      [
        12.196224,
        47.504314,
        687.0
      ],
      [
        12.190902,
        47.500668,
        692.75
      ],
      [
        12.190169,
        47.50059,
        690.0
      ],
      [
        12.189885,
        47.499698,
        690.0
      ],
      [
        12.18746,
        47.498626,
        692.75
      ],
      [
        12.177501,
        47.497737,
        705.25
      ],
      [
        12.173978,
        47.496514,
        704.25
      ],
      [
        12.173433,
        47.496783,
        704.0
      ],
      [
        12.17242,
        47.495881,
        704.75
      ],
      [
        12.172072,
        47.496021,
        704.25
      ],
      [
        12.169997,
        47.493896,
        694.75
      ],
      [
        12.166049,
        47.492484,
        673.25
      ],
      [
        12.164189,
        47.489908,
        657.25
      ],
      [
        12.163743,
        47.487913,
        650.25
      ],
      [
        12.16272,
        47.486933,
        650.5
      ],
      [
        12.160495,
        47.486059,
        649.75
      ],
      [
        12.158994,
        47.487152,
        635.0
      ],
      [
        12.158597,
        47.487048,
        634.5
      ],
      [
        12.155258,
        47.48574,
        626.5
      ],
      [
        12.155209,
        47.485181,
        629.75
      ],
      [
        12.154147,
        47.484362,
        626.5
      ],
      [
        12.151987,
        47.484118,
        613.25
      ],
      [
        12.149619,
        47.483075,
        601.0
      ],
      [
        12.145071,
        47.482572,
        591.25
      ],
      [
        12.142216,
        47.48287,
        585.5
      ],
      [
        12.14014,
        47.48263,
        576.0
      ],
      [
        12.137035,
        47.483452,
        582.25
      ],
      [
        12.134655,
        47.483375,
        587.5
      ],
      [
        12.133,
        47.483907,
        586.0
      ],
      [
        12.1313,
        47.483959,
        587.5
      ],
      [
        12.128301,
        47.485073,
        593.25
      ],
      [
        12.125407,
        47.483113,
        550.75
      ],
      [
        12.123837,
        47.483408,
        543.25
      ],
      [
        12.121725,
        47.484519,
        541.0
      ],
      [
        12.121306,
        47.484177,
        538.75
      ],
      [
        12.110617,
        47.486833,
        532.75
      ],
      [
        12.110402,
        47.486575,
        533.25
      ],
      [
        12.10927,
        47.486736,
        532.75
      ],
      [
        12.110256,
        47.486195,
        535.0
      ],
      [
        12.10893,
        47.486537,
        534.0
      ],
      [
        12.102781,
        47.48924,
        530.25
      ],
      [
        12.100732,
        47.489715,
        527.75
      ],
      [
        12.097925,
        47.488098,
        529.5
      ],
      [
        12.09623,
        47.487902,
        530.0
      ],
      [
        12.090709,
        47.48842,
        526.0
      ],
      [
        12.090769,
        47.487032,
        532.0
      ],
      [
        12.089243,
        47.487133,
        532.5
      ],
      [
        12.087033,
        47.486436,
        530.0
      ],
      [
        12.08535,
        47.48654,
        528.0
      ],
      [
        12.079358,
        47.485074,
        522.0
      ],
      [
        12.072059,
        47.485816,
        517.0
      ],
      [
        12.067624,
        47.483259,
        518.25
      ],
      [
        12.064136,
        47.484136,
        513.0
      ],
      [
        12.058517,
        47.482108,
        509.75
      ],
      [
        12.05873,
        47.481808,
        510.25
      ],
      [
        12.055251,
        47.480476,
        511.25
      ],
      [
        12.056057,
        47.479833,
        514.5
      ],
      [
        12.05514,
        47.479481,
        514.75
      ],
      [
        12.051375,
        47.483888,
        500.0
      ],
      [
        12.050237,
        47.483527,
        500.75
      ],
      [
        12.049646,
        47.484007,
        499.0
      ],
      [
        12.0478,
        47.484173,
        499.75
      ],
      [
        12.042187,
        47.482982,
        500.0
      ],
      [
        12.027793,
        47.481608,
        502.0
      ],
      [
        12.026799,
        47.481375,
        500.5
      ],
      [
        12.026533,
        47.48011,
        502.0
      ],
      [
        12.022733,
        47.479371,
        501.0
      ],
      [
        12.016723,
        47.48004,
        501.75
      ],
      [
        12.014639,
        47.479798,
        501.5
      ],
      [
        12.014265,
        47.480565,
        501.25
      ],
      [
        11.995961,
        47.478612,
        505.25
      ],
      [
        11.995983,
        47.478036,
        506.0
      ],
      [
        11.990051,
        47.477684,
        509.5
      ],
      [
        11.988229,
        47.472017,
        519.0
      ],
      [
        11.98846,
        47.470116,
        521.75
      ],
      [
        11.985334,
        47.469701,
        521.0
      ],
      [
        11.984369,
        47.468511,
        525.25
      ],
      [
        11.983209,
        47.46829,
        525.0
      ],
      [
        11.983357,
        47.467168,
        527.0
      ],
      [
        11.981351,
        47.466377,
        527.75
      ],
      [
        11.978357,
        47.465559,
        523.0
      ],
      [
        11.976337,
        47.46763,
        519.75
      ],
      [
        11.973997,
        47.466921,
        511.75
      ],
      [
        11.972821,
        47.467065,
        506.25
      ],
      [
        11.967372,
        47.469077,
        506.75
      ],
      [
        11.965519,
        47.470197,
        505.75
      ],
      [
        11.964701,
        47.469022,
        506.25
      ],
      [
        11.946927,
        47.461158,
        507.0
      ],
      [
        11.929436,
        47.456411,
        509.0
      ],
      [
        11.928142,
        47.455644,
        509.0
      ],
      [
        11.926291,
        47.456201,
        510.0
      ],
      [
        11.923414,
        47.455654,
        510.0
      ],
      [
        11.919983,
        47.453918,
        510.0
      ],
      [
        11.908811,
        47.449507,
        512.5
      ],
      [
        11.902736,
        47.445894,
        512.75
      ],
      [
        11.896305,
        47.443383,
        514.0
      ],
      [
        11.894256,
        47.441446,
        515.0
      ],
      [
        11.894355,
        47.439929,
        514.0
      ],
      [
        11.893704,
        47.43972,
        513.0
      ],
      [
        11.892917,
        47.440258,
        512.5
      ],
      [
        11.89128,
        47.43873,
        514.25
      ],
      [
        11.889556,
        47.438085,
        515.5
      ],
      [
        11.882819,
        47.438116,
        516.5
      ],
      [
        11.878595,
        47.436605,
        515.75
      ],
      [
        11.87294,
        47.43113,
        517.0
      ],
      [
        11.87177,
        47.42861,
        518.25
      ],
      [
        11.870465,
        47.427295,
        519.25
      ],
      [
        11.862935,
        47.424797,
        518.5
      ],
      [
        11.859025,
        47.422863,
        519.0
      ],
      [
        11.856933,
        47.421189,
        519.5
      ],
      [
        11.854844,
        47.418299,
        519.75
      ],
      [
        11.852131,
        47.415687,
        519.75
      ],
      [
        11.842995,
        47.409096,
        522.75
      ],
      [
        11.842054,
        47.409099,
        520.25
      ],
      [
        11.83992,
        47.408095,
        521.0
      ],
      [
        11.836865,
        47.404739,
        522.0
      ],
      [
        11.837697,
        47.402369,
        521.75
      ],
      [
        11.838053,
        47.40194,
        522.0
      ],
      [
        11.83865,
        47.402229,
        524.75
      ],
      [
        11.836535,
        47.401115,
        522.5
      ],
      [
        11.83706,
        47.401389,
        523.5
      ],
      [
        11.836042,
        47.4036,
        522.0
      ],
      [
        11.835995,
        47.4052,
        522.25
      ],
      [
        11.834698,
        47.405591,
        522.25
      ],
      [
        11.820403,
        47.401317,
        523.25
      ],
      [
        11.809208,
        47.401147,
        523.5
      ],
      [
        11.80582,
        47.400482,
        523.75
      ],
      [
        11.803474,
        47.399531,
        524.25
      ],
      [
        11.801667,
        47.398237,
        524.75
      ],
      [
        11.799365,
        47.394592,
        525.5
      ],
      [
        11.794821,
        47.390117,
        529.75
      ],
      [
        11.793043,
        47.390747,
        526.0
      ],
      [
        11.791279,
        47.38986,
        524.5
      ],
      [
        11.785406,
        47.388308,
        528.5
      ],
      [
        11.782266,
        47.38673,
        526.75
      ],
      [
        11.779986,
        47.38479,
        528.0
      ],
      [
        11.778221,
        47.3841,
        527.0
      ],
      [
        11.776016,
        47.384232,
        527.5
      ],
      [
        11.774567,
        47.385066,
        535.5
      ],
      [
        11.774872,
        47.387088,
        534.5
      ],
      [
        11.773586,
        47.389201,
        540.25
      ],
      [
        11.773627,
        47.389889,
        544.0
      ],
      [
        11.772766,
        47.389864,
        549.5
      ],
      [
        11.771384,
        47.391545,
        564.0
      ],
      [
        11.772766,
        47.389864,
        549.5
      ],
      [
        11.773604,
        47.389933,
        544.5
      ],
      [
        11.774872,
        47.387088,
        534.5
      ],
      [
        11.774269,
        47.385239,
        536.25
      ],
      [
        11.775449,
        47.384534,
        529.0
      ],
      [
        11.771634,
        47.385625,
        528.5
      ],
      [
        11.767813,
        47.385839,
        530.0
      ],
      [
        11.761272,
        47.38463,
        531.5
      ],
      [
        11.758439,
        47.383478,
        531.5
      ],
      [
        11.753726,
        47.380729,
        530.75
      ],
      [
        11.749027,
        47.377039,
        531.5
      ],
      [
        11.747365,
        47.376371,
        531.75
      ],
      [
        11.731376,
        47.366735,
        533.5
      ],
      [
        11.727756,
        47.365092,
        534.25
      ],
      [
        11.723338,
        47.364034,
        533.75
      ],
      [
        11.723506,
        47.363761,
        533.5
      ],
      [
        11.7222,
        47.363352,
        533.25
      ],
      [
        11.719531,
        47.361501,
        533.75
      ],
      [
        11.70722,
        47.35503,
        536.0
      ],
      [
        11.705528,
        47.353799,
        535.75
      ],
      [
        11.704095,
        47.35168,
        536.0
      ],
      [
        11.705822,
        47.345063,
        538.25
      ],
      [
        11.70586,
        47.343064,
        537.5
      ],
      [
        11.705056,
        47.340416,
        536.75
      ],
      [
        11.703948,
        47.339934,
        537.0
      ],
      [
        11.703146,
        47.340255,
        539.0
      ],
      [
        11.700241,
        47.337211,
        540.0
      ],
      [
        11.694493,
        47.333609,
        540.75
      ],
      [
        11.69389,
        47.333905,
        541.0
      ],
      [
        11.69114,
        47.33097,
        540.75
      ],
      [
        11.689154,
        47.329564,
        541.0
      ],
      [
        11.685634,
        47.327642,
        542.75
      ],
      [
        11.684264,
        47.328211,
        544.0
      ],
      [
        11.681209,
        47.326888,
        547.0
      ],
      [
        11.680297,
        47.326287,
        547.0
      ],
      [
        11.67972,
        47.325086,
        545.0
      ],
      [
        11.678489,
        47.325081,
        543.5
      ],
      [
        11.675597,
        47.322893,
        545.5
      ],
      [
        11.67296,
        47.321979,
        542.5
      ],
      [
        11.670892,
        47.321699,
        545.0
      ],
      [
        11.661982,
        47.322182,
        543.5
      ],
      [
        11.658667,
        47.321842,
        544.0
      ],
      [
        11.63947,
        47.317989,
        544.75
      ],
      [
        11.638365,
        47.317539,
        545.25
      ],
      [
        11.639315,
        47.316272,
        545.0
      ],
      [
        11.634395,
        47.313795,
        546.25
      ],
      [
        11.633173,
        47.312706,
        545.0
      ],
      [
        11.632441,
        47.312908,
        547.5
      ],
      [
        11.633886,
        47.311796,
        546.25
      ],
      [
        11.634094,
        47.310754,
        547.5
      ],
      [
        11.629114,
        47.308766,
        547.75
      ],
      [
        11.632279,
        47.304332,
        548.0
      ],
      [
        11.628584,
        47.303044,
        547.75
      ],
      [
        11.628767,
        47.302668,
        547.0
      ],
      [
        11.626249,
        47.303203,
        545.5
      ],
      [
        11.617842,
        47.301179,
        546.75
      ],
      [
        11.61634,
        47.303493,
        547.0
      ],
      [
        11.608505,
        47.300671,
        547.5
      ],
      [
        11.604314,
        47.29839,
        548.0
      ],
      [
        11.603713,
        47.298395,
        548.0
      ],
      [
        11.60295,
        47.299507,
        550.0
      ],
      [
        11.598356,
        47.298944,
        549.75
      ],
      [
        11.594115,
        47.29937,
        551.5
      ],
      [
        11.594141,
        47.297982,
        550.0
      ],
      [
        11.58856,
        47.29752,
        551.0
      ],
      [
        11.588369,
        47.298035,
        551.0
      ],
      [
        11.58469,
        47.297682,
        550.5
      ],
      [
        11.582501,
        47.297113,
        550.75
      ],
      [
        11.582815,
        47.296524,
        550.5
      ],
      [
        11.579933,
        47.296213,
        551.0
      ],
      [
        11.569685,
        47.293064,
        552.0
      ],
      [
        11.565106,
        47.290496,
        553.0
      ],
      [
        11.564265,
        47.290377,
        553.5
      ],
      [
        11.563007,
        47.289198,
        555.5
      ],
      [
        11.561348,
        47.288721,
        554.0
      ],
      [
        11.560304,
        47.289267,
        554.75
      ],
      [
        11.555972,
        47.285194,
        553.75
      ],
      [
        11.551294,
        47.282478,
        555.0
      ],
      [
        11.54734,
        47.281391,
        555.75
      ],
      [
        11.540837,
        47.280628,
        554.75
      ],
      [
        11.540789,
        47.27985,
        557.5
      ],
      [
        11.540217,
        47.279692,
        556.25
      ],
      [
        11.522245,
        47.276494,
        560.5
      ],
      [
        11.515987,
        47.276054,
        560.75
      ],
      [
        11.508719,
        47.276342,
        560.5
      ],
      [
        11.508197,
        47.27777,
        560.75
      ],
      [
        11.508628,
        47.277872,
        560.5
      ],
      [
        11.50848,
        47.278241,
        560.25
      ],
      [
        11.508016,
        47.27806,
        561.0
      ],
      [
        11.507449,
        47.279117,
        560.25
      ],
      [
        11.508038,
        47.28051,
        559.0
      ],
      [
        11.50419,
        47.281619,
        564.75
      ],
      [
        11.502724,
        47.283158,
        571.0
      ],
      [
        11.500787,
        47.283268,
        567.5
      ],
      [
        11.500088,
        47.282945,
        564.5
      ],
      [
        11.500832,
        47.283025,
        566.75
      ],
      [
        11.500804,
        47.284009,
        570.25
      ],
      [
        11.497915,
        47.284339,
        564.0
      ],
      [
        11.491192,
        47.282668,
        561.0
      ],
      [
        11.489193,
        47.281622,
        562.75
      ],
      [
        11.489629,
        47.277677,
        561.5
      ],
      [
        11.485149,
        47.277157,
        562.0
      ],
      [
        11.48515,
        47.276774,
        562.25
      ],
      [
        11.485603,
        47.27684,
        562.5
      ],
      [
        11.479344,
        47.276301,
        563.0
      ],
      [
        11.45669,
        47.277579,
        565.0
      ],
      [
        11.456593,
        47.276916,
        565.0
      ],
      [
        11.455669,
        47.276873,
        565.0
      ],
      [
        11.454664,
        47.277383,
        565.0
      ],
      [
        11.452279,
        47.277457,
        565.0
      ],
      [
        11.449946,
        47.277191,
        565.0
      ],
      [
        11.447081,
        47.276147,
        565.75
      ],
      [
        11.437347,
        47.274349,
        567.0
      ],
      [
        11.4359,
        47.274376,
        567.0
      ],
      [
        11.434543,
        47.273356,
        567.75
      ],
      [
        11.421967,
        47.277924,
        567.0
      ],
      [
        11.406344,
        47.281175,
        572.25
      ],
      [
        11.405331,
        47.280796,
        572.5
      ],
      [
        11.404337,
        47.279414,
        572.75
      ],
      [
        11.403945,
        47.279715,
        570.5
      ],
      [
        11.402085,
        47.279089,
        569.75
      ],
      [
        11.399069,
        47.277245,
        570.75
      ],
      [
        11.395662,
        47.273033,
        573.0
      ],
      [
        11.39543,
        47.271532,
        573.75
      ],
      [
        11.394025,
        47.271074,
        571.75
      ],
      [
        11.392469,
        47.26926,
        573.25
      ],
      [
        11.393459,
        47.269046,
        574.0
      ],
      [
        11.393271,
        47.268323,
        573.75
      ],
      [
        11.392571,
        47.268506,
        573.0
      ],
      [
        11.390979,
        47.268127,
        572.75
      ],
      [
        11.384237,
        47.264335,
        572.5
      ],
      [
        11.379299,
        47.258717,
        575.0
      ],
      [
        11.375079,
        47.254805,
        576.0
      ],
      [
        11.372802,
        47.253284,
        576.5
      ],
      [
        11.36854,
        47.252517,
        578.5
      ],
      [
        11.359442,
        47.254344,
        576.75
      ],
      [
        11.355755,
        47.254669,
        577.5
      ],
      [
        11.35266,
        47.25439,
        577.5
      ],
      [
        11.34457,
        47.252345,
        579.75
      ],
      [
        11.341345,
        47.252213,
        581.0
      ],
      [
        11.337617,
        47.252906,
        580.75
      ],
      [
        11.333467,
        47.254811,
        581.0
      ],
      [
        11.33293,
        47.254585,
        582.25
      ],
      [
        11.328309,
        47.256339,
        582.25
      ],
      [
        11.324505,
        47.259275,
        583.25
      ],
      [
        11.325421,
        47.260908,
        583.0
      ],
      [
        11.32511,
        47.2612,
        584.5
      ],
      [
        11.32427,
        47.261237,
        585.0
      ],
      [
        11.32274,
        47.26267,
        582.25
      ],
      [
        11.321407,
        47.263302,
        582.75
      ],
      [
        11.31836,
        47.264241,
        583.25
      ],
      [
        11.313528,
        47.26465,
        583.5
      ],
      [
        11.291797,
        47.26313,
        587.25
      ],
      [
        11.287107,
        47.26384,
        587.5
      ],
      [
        11.282355,
        47.265564,
        587.75
      ],
      [
        11.268819,
        47.265222,
        591.5
      ],
      [
        11.262442,
        47.266452,
        590.25
      ],
      [
        11.260651,
        47.265976,
        593.25
      ],
      [
        11.259981,
        47.265288,
        592.0
      ],
      [
        11.25578,
        47.264098,
        593.25
      ],
      [
        11.254797,
        47.265027,
        592.0
      ],
      [
        11.254306,
        47.26502,
        592.0
      ],
      [
        11.252158,
        47.268427,
        605.5
      ],
      [
        11.251139,
        47.269179,
        609.0
      ],
      [
        11.249644,
        47.268736,
        605.75
      ],
      [
        11.245521,
        47.272212,
        620.0
      ],
      [
        11.245743,
        47.272481,
        621.75
      ],
      [
        11.236135,
        47.274782,
        624.5
      ],
      [
        11.231702,
        47.277231,
        607.75
      ],
      [
        11.225164,
        47.278253,
        606.0
      ],
      [
        11.221089,
        47.279602,
        606.75
      ],
      [
        11.213183,
        47.280479,
        609.25
      ],
      [
        11.209084,
        47.280077,
        609.75
      ],
      [
        11.205523,
        47.281191,
        601.0
      ],
      [
        11.199701,
        47.280999,
        600.0
      ],
      [
        11.196696,
        47.281352,
        601.25
      ],
      [
        11.190913,
        47.283693,
        603.5
      ],
      [
        11.190029,
        47.284406,
        604.0
      ],
      [
        11.189363,
        47.284282,
        603.5
      ],
      [
        11.185007,
        47.285884,
        603.75
      ],
      [
        11.18197,
        47.286324,
        604.25
      ],
      [
        11.169337,
        47.285265,
        604.75
      ],
      [
        11.168907,
        47.287146,
        603.5
      ],
      [
        11.168998,
        47.284089,
        607.5
      ],
      [
        11.166661,
        47.283701,
        605.25
      ],
      [
        11.164718,
        47.283935,
        606.5
      ],
      [
        11.136247,
        47.295758,
        609.25
      ],
      [
        11.126373,
        47.300239,
        612.5
      ],
      [
        11.123148,
        47.302777,
        613.75
      ],
      [
        11.119784,
        47.308055,
        615.0
      ],
      [
        11.11711,
        47.309876,
        615.0
      ],
      [
        11.112869,
        47.311266,
        616.75
      ],
      [
        11.108449,
        47.31146,
        616.5
      ],
      [
        11.105492,
        47.30999,
        616.75
      ],
      [
        11.104153,
        47.309887,
        618.25
      ],
      [
        11.102895,
        47.31036,
        617.25
      ],
      [
        11.098271,
        47.308914,
        617.25
      ],
      [
        11.083306,
        47.303027,
        620.25
      ],
      [
        11.073974,
        47.301927,
        622.5
      ],
      [
        11.072464,
        47.304771,
        622.0
      ],
      [
        11.071574,
        47.304854,
        622.0
      ],
      [
        11.072464,
        47.304771,
        622.0
      ],
      [
        11.073936,
        47.302265,
        624.5
      ],
      [
        11.074076,
        47.300722,
        622.25
      ],
      [
        11.068932,
        47.300116,
        621.75
      ],
      [
        11.063258,
        47.298801,
        623.25
      ],
      [
        11.057168,
        47.295801,
        623.75
      ],
      [
        11.053319,
        47.294617,
        626.5
      ],
      [
        11.046043,
        47.293341,
        626.75
      ],
      [
        11.045471,
        47.29385,
        626.0
      ],
      [
        11.045227,
        47.293246,
        626.0
      ],
      [
        11.043058,
        47.292961,
        626.0
      ],
      [
        11.027999,
        47.292501,
        629.0
      ],
      [
        11.028033,
        47.291972,
        631.0
      ],
      [
        11.026766,
        47.291934,
        636.25
      ],
      [
        11.026489,
        47.291363,
        639.75
      ],
      [
        11.02581,
        47.29193,
        637.0
      ],
      [
        11.017849,
        47.29051,
        635.25
      ],
      [
        11.015864,
        47.289778,
        636.0
      ],
      [
        11.013108,
        47.287999,
        633.25
      ],
      [
        11.006006,
        47.286609,
        633.0
      ],
      [
        10.983203,
        47.281129,
        637.75
      ],
      [
        10.982669,
        47.283343,
        637.0
      ],
      [
        10.977427,
        47.282731,
        638.0
      ],
      [
        10.972291,
        47.280771,
        639.0
      ],
      [
        10.971203,
        47.279554,
        640.25
      ],
      [
        10.960262,
        47.275529,
        642.75
      ],
      [
        10.959,
        47.276394,
        641.75
      ],
      [
        10.95836,
        47.275729,
        643.25
      ],
      [
        10.956504,
        47.27631,
        643.0
      ],
      [
        10.95672,
        47.279338,
        647.5
      ],
      [
        10.955219,
        47.281609,
        655.5
      ],
      [
        10.955566,
        47.281458,
        654.75
      ],
      [
        10.951895,
        47.280116,
        646.25
      ],
      [
        10.951373,
        47.277814,
        644.0
      ],
      [
        10.946496,
        47.275307,
        644.5
      ],
      [
        10.943901,
        47.275735,
        645.5
      ],
      [
        10.942644,
        47.275211,
        644.5
      ],
      [
        10.928958,
        47.273213,
        650.25
      ],
      [
        10.921128,
        47.272794,
        657.75
      ],
      [
        10.920052,
        47.271702,
        651.0
      ],
      [
        10.918471,
        47.271587,
        650.5
      ],
      [
        10.918113,
        47.271007,
        650.0
      ],
      [
        10.908612,
        47.268431,
        653.25
      ],
      [
        10.904125,
        47.267739,
        654.0
      ],
      [
        10.900693,
        47.266346,
        655.0
      ],
      [
        10.897289,
        47.265688,
        655.25
      ],
      [
        10.89775,
        47.264708,
        654.75
      ],
      [
        10.895857,
        47.264947,
        655.0
      ],
      [
        10.890019,
        47.263008,
        657.75
      ],
      [
        10.881647,
        47.261255,
        659.5
      ],
      [
        10.874973,
        47.259023,
        659.0
      ],
      [
        10.873679,
        47.259137,
        667.25
      ],
      [
        10.870963,
        47.257478,
        674.25
      ],
      [
        10.869402,
        47.257434,
        683.25
      ],
      [
        10.8658,
        47.254831,
        702.5
      ],
      [
        10.859035,
        47.251339,
        722.0
      ],
      [
        10.85769,
        47.250156,
        717.0
      ],
      [
        10.857166,
        47.248567,
        718.75
      ],
      [
        10.855129,
        47.245969,
        713.0
      ],
      [
        10.852117,
        47.244199,
        706.25
      ],
      [
        10.849181,
        47.241156,
        703.5
      ],
      [
        10.848145,
        47.238275,
        686.5
      ],
      [
        10.847233,
        47.237802,
        691.0
      ],
      [
        10.846081,
        47.235947,
        681.0
      ],
      [
        10.841139,
        47.235347,
        680.75
      ],
      [
        10.838141,
        47.233645,
        686.5
      ],
      [
        10.837305,
        47.231729,
        681.75
      ],
      [
        10.83503,
        47.2299,
        687.0
      ],
      [
        10.835134,
        47.228653,
        687.5
      ],
      [
        10.831672,
        47.228887,
        705.75
      ],
      [
        10.829871,
        47.228662,
        709.75
      ],
      [
        10.82725,
        47.228001,
        704.5
      ],
      [
        10.827348,
        47.226621,
        695.5
      ],
      [
        10.82528,
        47.226552,
        688.5
      ],
      [
        10.824553,
        47.226839,
        689.75
      ],
      [
        10.823197,
        47.22658,
        687.75
      ],
      [
        10.824177,
        47.225029,
        703.75
      ],
      [
        10.822249,
        47.223757,
        710.75
      ],
      [
        10.823525,
        47.221141,
        719.5
      ],
      [
        10.822927,
        47.219504,
        724.75
      ],
      [
        10.819956,
        47.218383,
        712.25
      ],
      [
        10.820081,
        47.217293,
        713.75
      ],
      [
        10.818763,
        47.215635,
        713.5
      ],
      [
        10.817691,
        47.215175,
        706.75
      ],
      [
        10.817038,
        47.215763,
        702.5
      ],
      [
        10.815169,
        47.215327,
        697.75
      ],
      [
        10.814825,
        47.215915,
        696.5
      ],
      [
        10.815505,
        47.216374,
        702.5
      ],
      [
        10.814357,
        47.217864,
        704.0
      ],
      [
        10.812203,
        47.217062,
        705.0
      ],
      [
        10.811083,
        47.215854,
        708.0
      ],
      [
        10.808121,
        47.214238,
        710.5
      ],
      [
        10.808137,
        47.212937,
        711.5
      ],
      [
        10.803378,
        47.212575,
        702.25
      ],
      [
        10.799663,
        47.211706,
        704.25
      ],
      [
        10.800025,
        47.21084,
        702.0
      ],
      [
        10.797422,
        47.21036,
        703.75
      ],
      [
        10.797477,
        47.209468,
        704.75
      ],
      [
        10.796838,
        47.20923,
        709.75
      ],
      [
        10.793521,
        47.210433,
        706.0
      ],
      [
        10.786046,
        47.211042,
        715.0
      ],
      [
        10.783068,
        47.21236,
        717.75
      ],
      [
        10.779407,
        47.213181,
        708.25
      ],
      [
        10.773675,
        47.216098,
        711.5
      ],
      [
        10.769276,
        47.216829,
        716.75
      ],
      [
        10.763474,
        47.219338,
        712.25
      ],
      [
        10.761532,
        47.219503,
        714.25
      ],
      [
        10.75802,
        47.21876,
        714.0
      ],
      [
        10.757269,
        47.219468,
        716.0
      ],
      [
        10.753161,
        47.218363,
        713.75
      ],
      [
        10.751523,
        47.219499,
        715.5
      ],
      [
        10.750599,
        47.220786,
        715.5
      ],
      [
        10.749792,
        47.22341,
        718.0
      ],
      [
        10.749529,
        47.227949,
        723.75
      ],
      [
        10.75075,
        47.229741,
        727.0
      ],
      [
        10.750708,
        47.234008,
        734.5
      ],
      [
        10.749266,
        47.235739,
        743.25
      ],
      [
        10.744566,
        47.238883,
        761.75
      ],
      [
        10.739553,
        47.240221,
        799.0
      ],
      [
        10.739153,
        47.239256,
        793.5
      ],
      [
        10.738058,
        47.23946,
        799.25
      ],
      [
        10.739153,
        47.239256,
        793.5
      ],
      [
        10.739549,
        47.239802,
        796.0
      ],
      [
        10.740694,
        47.238417,
        782.75
      ],
      [
        10.740781,
        47.237478,
        778.0
      ],
      [
        10.742954,
        47.238413,
        779.0
      ],
      [
        10.742249,
        47.239163,
        783.75
      ],
      [
        10.742567,
        47.239459,
        779.75
      ],
      [
        10.744566,
        47.238883,
        761.75
      ],
      [
        10.749266,
        47.235739,
        743.25
      ],
      [
        10.750708,
        47.234008,
        734.5
      ],
      [
        10.75075,
        47.229741,
        727.0
      ],
      [
        10.749549,
        47.22804,
        723.5
      ],
      [
        10.749609,
        47.224597,
        719.75
      ],
      [
        10.750393,
        47.221193,
        716.0
      ],
      [
        10.751523,
        47.219499,
        715.5
      ],
      [
        10.753161,
        47.218363,
        713.75
      ],
      [
        10.752854,
        47.218023,
        713.0
      ],
      [
        10.749068,
        47.216793,
        714.0
      ],
      [
        10.738027,
        47.216597,
        715.75
      ],
      [
        10.725572,
        47.21686,
        719.25
      ],
      [
        10.719597,
        47.216274,
        718.75
      ],
      [
        10.717681,
        47.216615,
        720.75
      ],
      [
        10.706607,
        47.215407,
        720.75
      ],
      [
        10.704276,
        47.214804,
        721.5
      ],
      [
        10.703778,
        47.215025,
        722.5
      ],
      [
        10.70038,
        47.214469,
        723.75
      ],
      [
        10.70045,
        47.213307,
        724.0
      ],
      [
        10.695278,
        47.212413,
        724.75
      ],
      [
        10.69386,
        47.212767,
        723.0
      ],
      [
        10.686093,
        47.209369,
        726.0
      ],
      [
        10.678984,
        47.207298,
        728.0
      ],
      [
        10.680445,
        47.204884,
        728.25
      ],
      [
        10.677568,
        47.203768,
        729.0
      ],
      [
        10.675433,
        47.20393,
        731.25
      ],
      [
        10.673719,
        47.202544,
        732.25
      ],
      [
        10.672454,
        47.202069,
        731.5
      ],
      [
        10.671843,
        47.201,
        732.75
      ],
      [
        10.668482,
        47.200886,
        732.75
      ],
      [
        10.666144,
        47.200369,
        733.0
      ],
      [
        10.661322,
        47.198076,
        735.0
      ],
      [
        10.656791,
        47.197244,
        737.0
      ],
      [
        10.655245,
        47.196218,
        737.0
      ],
      [
        10.652592,
        47.196027,
        738.0
      ],
      [
        10.652759,
        47.195187,
        739.25
      ],
      [
        10.646567,
        47.190766,
        742.75
      ],
      [
        10.642623,
        47.186449,
        750.75
      ],
      [
        10.641396,
        47.185682,
        755.25
      ],
      [
        10.636536,
        47.183965,
        762.5
      ],
      [
        10.635249,
        47.18432,
        762.0
      ],
      [
        10.63366,
        47.184123,
        761.0
      ],
      [
        10.621944,
        47.181222,
        767.75
      ],
      [
        10.620256,
        47.180395,
        763.5
      ],
      [
        10.618482,
        47.177996,
        756.25
      ],
      [
        10.617141,
        47.177414,
        753.75
      ],
      [
        10.615754,
        47.176109,
        753.75
      ],
      [
        10.616574,
        47.174184,
        752.5
      ],
      [
        10.613918,
        47.173528,
        752.5
      ],
      [
        10.6121,
        47.173687,
        752.25
      ],
      [
        10.60487,
        47.17002,
        757.0
      ],
      [
        10.604364,
        47.17015,
        756.25
      ],
      [
        10.600757,
        47.168973,
        762.5
      ],
      [
        10.59743,
        47.168748,
        757.25
      ],
      [
        10.594506,
        47.167575,
        764.75
      ],
      [
        10.588309,
        47.160419,
        762.0
      ],
      [
        10.587887,
        47.159575,
        763.0
      ],
      [
        10.589151,
        47.158321,
        766.0
      ],
      [
        10.587887,
        47.159575,
        763.0
      ],
      [
        10.588491,
        47.160701,
        762.25
      ],
      [
        10.587056,
        47.161908,
        761.0
      ],
      [
        10.586795,
        47.162657,
        760.25
      ],
      [
        10.578332,
        47.159708,
        768.5
      ],
      [
        10.575376,
        47.157498,
        765.0
      ],
      [
        10.572009,
        47.155857,
        766.25
      ],
      [
        10.571295,
        47.155121,
        769.5
      ],
      [
        10.571404,
        47.154208,
        769.75
      ],
      [
        10.570568,
        47.153659,
        771.5
      ],
      [
        10.570477,
        47.152632,
        775.75
      ],
      [
        10.571033,
        47.151945,
        776.75
      ],
      [
        10.569897,
        47.150456,
        778.5
      ],
      [
        10.569755,
        47.149214,
        780.0
      ],
      [
        10.566712,
        47.146852,
        785.25
      ],
      [
        10.564936,
        47.14478,
        786.0
      ],
      [
        10.561649,
        47.143523,
        788.25
      ],
      [
        10.561601,
        47.141476,
        795.75
      ],
      [
        10.562388,
        47.139042,
        815.25
      ],
      [
        10.56424,
        47.135837,
        826.5
      ],
      [
        10.565106,
        47.135469,
        839.25
      ],
      [
        10.564784,
        47.133601,
        880.75
      ],
      [
        10.565035,
        47.133264,
        884.5
      ],
      [
        10.566344,
        47.133124,
        886.0
      ],
      [
        10.565035,
        47.133264,
        884.5
      ],
      [
        10.564693,
        47.134057,
        881.75
      ],
      [
        10.565106,
        47.135469,
        839.25
      ],
      [
        10.56424,
        47.135837,
        826.5
      ],
      [
        10.563065,
        47.138295,
        818.0
      ],
      [
        10.561258,
        47.139456,
        813.25
      ],
      [
        10.557965,
        47.139103,
        793.25
      ],
      [
        10.555181,
        47.13992,
        792.0
      ],
      [
        10.554831,
        47.140538,
        787.5
      ],
      [
        10.550406,
        47.141665,
        794.5
      ],
      [
        10.549059,
        47.141611,
        803.0
      ],
      [
        10.546772,
        47.140844,
        795.5
      ],
      [
        10.54299,
        47.141181,
        797.0
      ],
      [
        10.540458,
        47.141003,
        801.5
      ],
      [
        10.532212,
        47.138832,
        807.25
      ],
      [
        10.529167,
        47.136703,
        821.5
      ],
      [
        10.526743,
        47.136784,
        822.0
      ],
      [
        10.524192,
        47.1361,
        829.5
      ],
      [
        10.511214,
        47.135426,
        856.75
      ],
      [
        10.511292,
        47.134431,
        839.5
      ],
      [
        10.511909,
        47.134101,
        844.0
      ],
      [
        10.511343,
        47.132786,
        848.5
      ],
      [
        10.509083,
        47.131053,
        845.75
      ],
      [
        10.506644,
        47.130007,
        856.0
      ],
      [
        10.498422,
        47.127785,
        856.25
      ],
      [
        10.498077,
        47.125729,
        857.25
      ],
      [
        10.495983,
        47.122829,
        866.5
      ],
      [
        10.495478,
        47.120569,
        864.25
      ],
      [
        10.492542,
        47.118393,
        872.25
      ],
      [
        10.490502,
        47.117574,
        880.5
      ],
      [
        10.488614,
        47.11731,
        887.5
      ],
      [
        10.481816,
        47.118712,
        936.0
      ],
      [
        10.479086,
        47.118538,
        948.5
      ],
      [
        10.474665,
        47.121311,
        971.25
      ],
      [
        10.476133,
        47.121185,
        991.25
      ],
      [
        10.475404,
        47.12158,
        989.5
      ],
      [
        10.468481,
        47.122608,
        997.25
      ],
      [
        10.463982,
        47.124673,
        1012.5
      ],
      [
        10.460687,
        47.126685,
        1009.0
      ],
      [
        10.458359,
        47.126793,
        1015.0
      ],
      [
        10.453261,
        47.128586,
        1033.0
      ],
      [
        10.450987,
        47.128746,
        1032.75
      ],
      [
        10.448898,
        47.128442,
        1034.25
      ],
      [
        10.440894,
        47.129955,
        1038.25
      ],
      [
        10.436808,
        47.129912,
        1048.0
      ],
      [
        10.434613,
        47.130568,
        1054.25
      ],
      [
        10.432322,
        47.130374,
        1063.0
      ],
      [
        10.429187,
        47.131171,
        1072.75
      ],
      [
        10.427289,
        47.132964,
        1083.0
      ],
      [
        10.41971,
        47.136982,
        1107.25
      ],
      [
        10.418235,
        47.140089,
        1107.25
      ],
      [
        10.415825,
        47.141629,
        1111.75
      ],
      [
        10.414895,
        47.143542,
        1114.5
      ],
      [
        10.412086,
        47.145579,
        1129.0
      ],
      [
        10.410841,
        47.147875,
        1149.5
      ],
      [
        10.409783,
        47.148405,
        1154.25
      ],
      [
        10.408299,
        47.148522,
        1154.75
      ],
      [
        10.405462,
        47.15003,
        1152.75
      ],
      [
        10.403736,
        47.149671,
        1153.0
      ],
      [
        10.402578,
        47.148573,
        1140.25
      ],
      [
        10.395511,
        47.15012,
        1154.75
      ],
      [
        10.39355,
        47.150095,
        1154.75
      ],
      [
        10.390772,
        47.149475,
        1153.75
      ],
      [
        10.388465,
        47.149536,
        1154.0
      ],
      [
        10.387837,
        47.149664,
        1155.5
      ],
      [
        10.387396,
        47.150555,
        1157.5
      ],
      [
        10.385454,
        47.150568,
        1156.25
      ],
      [
        10.384088,
        47.151099,
        1158.0
      ],
      [
        10.380119,
        47.150073,
        1164.25
      ],
      [
        10.379115,
        47.150255,
        1162.25
      ],
      [
        10.37918,
        47.150534,
        1165.5
      ],
      [
        10.376111,
        47.150513,
        1163.75
      ],
      [
        10.372478,
        47.151154,
        1166.0
      ],
      [
        10.367402,
        47.150224,
        1168.75
      ],
      [
        10.363999,
        47.150802,
        1170.75
      ],
      [
        10.362865,
        47.150389,
        1171.25
      ],
      [
        10.360406,
        47.14801,
        1174.25
      ],
      [
        10.351761,
        47.146559,
        1180.0
      ],
      [
        10.349651,
        47.14657,
        1184.5
      ],
      [
        10.34695,
        47.145721,
        1183.0
      ],
      [
        10.343836,
        47.145936,
        1189.0
      ],
      [
        10.335515,
        47.145599,
        1192.25
      ],
      [
        10.333462,
        47.145915,
        1195.25
      ],
      [
        10.330099,
        47.145114,
        1197.5
      ],
      [
        10.325793,
        47.143232,
        1200.75
      ],
      [
        10.318547,
        47.142615,
        1208.75
      ],
      [
        10.31445,
        47.143075,
        1211.75
      ],
      [
        10.310735,
        47.141702,
        1215.25
      ],
      [
        10.306449,
        47.142343,
        1220.5
      ],
      [
        10.304718,
        47.142067,
        1222.75
      ],
      [
        10.302251,
        47.140818,
        1228.75
      ],
      [
        10.297376,
        47.140934,
        1233.25
      ],
      [
        10.295453,
        47.140118,
        1236.0
      ],
      [
        10.292622,
        47.139952,
        1239.75
      ],
      [
        10.290208,
        47.138994,
        1248.5
      ],
      [
        10.287517,
        47.139011,
        1251.5
      ],
      [
        10.285982,
        47.138192,
        1255.0
      ],
      [
        10.28353,
        47.137695,
        1263.75
      ],
      [
        10.282839,
        47.13665,
        1267.25
      ],
      [
        10.283166,
        47.135828,
        1269.5
      ],
      [
        10.282514,
        47.135295,
        1265.75
      ],
      [
        10.280516,
        47.134864,
        1268.25
      ],
      [
        10.277969,
        47.135131,
        1274.25
      ],
      [
        10.276205,
        47.134761,
        1273.25
      ],
      [
        10.275322,
        47.133943,
        1273.75
      ],
      [
        10.274731,
        47.132096,
        1278.5
      ],
      [
        10.273864,
        47.13283,
        1276.0
      ],
      [
        10.272103,
        47.131359,
        1280.75
      ],
      [
        10.266831,
        47.128416,
        1289.75
      ],
      [
        10.265935,
        47.128845,
        1297.0
      ],
      [
        10.264546,
        47.127757,
        1299.5
      ],
      [
        10.262329,
        47.127017,
        1310.25
      ],
      [
        10.26019,
        47.125735,
        1330.75
      ],
      [
        10.254613,
        47.124437,
        1378.75
      ],
      [
        10.25377,
        47.123841,
        1387.5
      ],
      [
        10.250703,
        47.124469,
        1420.25
      ],
      [
        10.249537,
        47.12391,
        1428.75
      ],
      [
        10.248069,
        47.123757,
        1436.25
      ],
      [
        10.248399,
        47.124017,
        1434.75
      ],
      [
        10.246235,
        47.123332,
        1453.5
      ],
      [
        10.242047,
        47.123509,
        1487.25
      ],
      [
        10.239043,
        47.122487,
        1514.25
      ],
      [
        10.237101,
        47.122479,
        1528.0
      ],
      [
        10.236775,
        47.121948,
        1534.5
      ],
      [
        10.237569,
        47.121295,
        1541.5
      ],
      [
        10.236368,
        47.120153,
        1555.75
      ],
      [
        10.233419,
        47.119508,
        1586.5
      ],
      [
        10.232119,
        47.11883,
        1601.0
      ],
      [
        10.2261,
        47.118476,
        1649.75
      ],
      [
        10.225021,
        47.117864,
        1663.25
      ],
      [
        10.225267,
        47.117141,
        1671.25
      ],
      [
        10.224735,
        47.116129,
        1682.75
      ],
      [
        10.223022,
        47.115204,
        1698.5
      ],
      [
        10.22173,
        47.115217,
        1705.5
      ],
      [
        10.220945,
        47.115631,
        1712.75
      ],
      [
        10.2157,
        47.124126,
        1753.0
      ],
      [
        10.214795,
        47.125192,
        1764.25
      ],
      [
        10.214028,
        47.125356,
        1763.75
      ],
      [
        10.213674,
        47.127677,
        1770.0
      ],
      [
        10.211101,
        47.129242,
        1792.0
      ],
      [
        10.209314,
        47.131905,
        1780.75
      ],
      [
        10.206014,
        47.134892,
        1754.25
      ],
      [
        10.202555,
        47.135278,
        1734.75
      ],
      [
        10.200806,
        47.135976,
        1717.5
      ],
      [
        10.19733,
        47.136511,
        1700.0
      ],
      [
        10.187121,
        47.13706,
        1665.25
      ],
      [
        10.184186,
        47.137798,
        1643.5
      ],
      [
        10.17894,
        47.13718,
        1622.0
      ],
      [
        10.176848,
        47.137505,
        1614.25
      ],
      [
        10.173786,
        47.13865,
        1592.5
      ],
      [
        10.172419,
        47.138539,
        1579.75
      ],
      [
        10.1728,
        47.138014,
        1569.25
      ],
      [
        10.1687,
        47.137247,
        1532.0
      ],
      [
        10.165309,
        47.136963,
        1475.25
      ],
      [
        10.162724,
        47.137369,
        1443.0
      ],
      [
        10.161004,
        47.137062,
        1422.5
      ],
      [
        10.161065,
        47.137372,
        1418.25
      ],
      [
        10.159873,
        47.137503,
        1405.5
      ],
      [
        10.158646,
        47.13844,
        1405.5
      ],
      [
        10.158526,
        47.139195,
        1403.5
      ],
      [
        10.152629,
        47.137574,
        1386.5
      ],
      [
        10.148451,
        47.137372,
        1380.0
      ],
      [
        10.141513,
        47.135169,
        1349.25
      ],
      [
        10.136887,
        47.134254,
        1322.25
      ],
      [
        10.132925,
        47.134491,
        1292.25
      ],
      [
        10.130732,
        47.133892,
        1276.75
      ],
      [
        10.126146,
        47.133716,
        1250.5
      ],
      [
        10.122881,
        47.131933,
        1226.5
      ],
      [
        10.117495,
        47.132459,
        1202.75
      ],
      [
        10.11582,
        47.131928,
        1193.5
      ],
      [
        10.111261,
        47.131415,
        1168.25
      ],
      [
        10.106736,
        47.130225,
        1151.5
      ],
      [
        10.100891,
        47.13036,
        1112.75
      ],
      [
        10.09652,
        47.131943,
        1082.25
      ],
      [
        10.094475,
        47.131853,
        1075.0
      ],
      [
        10.091566,
        47.131088,
        1070.75
      ],
      [
        10.091531,
        47.130738,
        1068.0
      ],
      [
        10.087184,
        47.130122,
        1059.5
      ],
      [
        10.080903,
        47.131058,
        1049.5
      ],
      [
        10.074941,
        47.130313,
        1042.5
      ],
      [
        10.068038,
        47.130657,
        1029.5
      ],
      [
        10.060814,
        47.128826,
        1016.0
      ],
      [
        10.059315,
        47.129267,
        1016.25
      ],
      [
        10.055043,
        47.128907,
        998.5
      ],
      [
        10.054083,
        47.128252,
        996.25
      ],
      [
        10.050649,
        47.127989,
        989.25
      ],
      [
        10.04877,
        47.128259,
        987.0
      ],
      [
        10.040476,
        47.126881,
        968.0
      ],
      [
        10.03644,
        47.127466,
        949.0
      ],
      [
        10.033979,
        47.127155,
        942.25
      ],
      [
        10.030447,
        47.127374,
        934.5
      ],
      [
        10.027282,
        47.125946,
        927.5
      ],
      [
        10.025982,
        47.126108,
        918.5
      ],
      [
        10.024668,
        47.125578,
        914.75
      ],
      [
        10.017163,
        47.124524,
        895.75
      ],
      [
        10.002476,
        47.122866,
        844.25
      ],
      [
        9.999699,
        47.122989,
        841.25
      ],
      [
        9.994192,
        47.12207,
        830.0
      ],
      [
        9.989766,
        47.12215,
        825.5
      ],
      [
        9.984454,
        47.123316,
        818.0
      ],
      [
        9.982554,
        47.125106,
        812.75
      ],
      [
        9.974592,
        47.128985,
        786.75
      ],
      [
        9.969287,
        47.129537,
        771.0
      ],
      [
        9.965699,
        47.129417,
        765.25
      ],
      [
        9.964361,
        47.128966,
        762.0
      ],
      [
        9.9607,
        47.129469,
        752.0
      ],
      [
        9.959005,
        47.129194,
        747.75
      ],
      [
        9.947943,
        47.133548,
        729.5
      ],
      [
        9.941013,
        47.135147,
        725.25
      ],
      [
        9.936477,
        47.13666,
        719.0
      ],
      [
        9.928333,
        47.137512,
        702.75
      ],
      [
        9.92602,
        47.138078,
        697.5
      ],
      [
        9.923126,
        47.139472,
        690.75
      ],
      [
        9.919159,
        47.140675,
        685.0
      ],
      [
        9.91338,
        47.141378,
        678.0
      ],
      [
        9.911125,
        47.142849,
        673.0
      ],
      [
        9.905697,
        47.142846,
        668.0
      ],
      [
        9.902533,
        47.143387,
        667.25
      ],
      [
        9.901827,
        47.143925,
        669.5
      ],
      [
        9.898923,
        47.143881,
        660.0
      ],
      [
        9.896243,
        47.144747,
        656.5
      ],
      [
        9.893958,
        47.145041,
        654.75
      ],
      [
        9.890771,
        47.144334,
        652.75
      ],
      [
        9.887779,
        47.145267,
        647.0
      ],
      [
        9.885209,
        47.145188,
        645.5
      ],
      [
        9.88058,
        47.143627,
        645.75
      ],
      [
        9.880127,
        47.142712,
        640.75
      ],
      [
        9.878999,
        47.142367,
        642.75
      ],
      [
        9.877129,
        47.142637,
        638.5
      ],
      [
        9.871669,
        47.141964,
        630.5
      ],
      [
        9.869119,
        47.14219,
        622.75
      ],
      [
        9.862973,
        47.141252,
        610.5
      ],
      [
        9.860121,
        47.14172,
        602.75
      ],
      [
        9.857874,
        47.141452,
        600.5
      ],
      [
        9.855596,
        47.14091,
        598.0
      ],
      [
        9.855263,
        47.140504,
        599.0
      ],
      [
        9.848796,
        47.139202,
        589.75
      ],
      [
        9.844431,
        47.137583,
        588.25
      ],
      [
        9.840859,
        47.13682,
        580.0
      ],
      [
        9.838435,
        47.135663,
        578.0
      ],
      [
        9.836934,
        47.135893,
        576.0
      ],
      [
        9.836364,
        47.135453,
        575.75
      ],
      [
        9.832048,
        47.137669,
        571.25
      ],
      [
        9.820899,
        47.148198,
        562.25
      ],
      [
        9.817102,
        47.145857,
        562.75
      ],
      [
        9.812482,
        47.143862,
        566.0
      ],
      [
        9.815441,
        47.141885,
        570.75
      ],
      [
        9.817054,
        47.138888,
        582.0
      ],
      [
        9.816561,
        47.137169,
        594.75
      ],
      [
        9.815706,
        47.136604,
        605.0
      ],
      [
        9.814014,
        47.136591,
        625.75
      ],
      [
        9.814408,
        47.136107,
        630.0
      ],
      [
        9.811532,
        47.135363,
        692.0
      ],
      [
        9.811774,
        47.134575,
        762.25
      ],
      [
        9.812485,
        47.134873,
        757.5
      ],
      [
        9.815385,
        47.134579,
        749.75
      ],
      [
        9.812485,
        47.134873,
        757.5
      ],
      [
        9.811774,
        47.134575,
        762.25
      ],
      [
        9.811532,
        47.135363,
        692.0
      ],
      [
        9.814408,
        47.136107,
        630.0
      ],
      [
        9.814014,
        47.136591,
        625.75
      ],
      [
        9.815706,
        47.136604,
        605.0
      ],
      [
        9.816561,
        47.137169,
        594.75
      ],
      [
        9.817004,
        47.1396,
        577.5
      ],
      [
        9.814747,
        47.142618,
        568.25
      ],
      [
        9.812477,
        47.143798,
        566.0
      ],
      [
        9.81478,
        47.14491,
        562.75
      ],
      [
        9.813284,
        47.145634,
        561.5
      ],
      [
        9.811797,
        47.147138,
        560.0
      ],
      [
        9.809617,
        47.14793,
        561.0
      ],
      [
        9.807648,
        47.15009,
        559.25
      ],
      [
        9.8103,
        47.151649,
        557.75
      ],
      [
        9.815736,
        47.151941,
        560.75
      ],
      [
        9.816157,
        47.152685,
        557.75
      ],
      [
        9.809912,
        47.154844,
        555.25
      ],
      [
        9.80887,
        47.155934,
        554.75
      ],
      [
        9.807822,
        47.158444,
        552.75
      ],
      [
        9.806642,
        47.159422,
        554.0
      ],
      [
        9.802017,
        47.161051,
        548.75
      ],
      [
        9.798153,
        47.16375,
        545.5
      ],
      [
        9.792247,
        47.16587,
        542.75
      ],
      [
        9.788934,
        47.168249,
        539.5
      ],
      [
        9.789072,
        47.168744,
        540.75
      ],
      [
        9.786998,
        47.167016,
        543.5
      ],
      [
        9.777593,
        47.170398,
        535.5
      ],
      [
        9.769656,
        47.17124,
        532.0
      ],
      [
        9.772488,
        47.173131,
        533.75
      ],
      [
        9.740517,
        47.176018,
        517.5
      ],
      [
        9.735622,
        47.176964,
        521.25
      ],
      [
        9.732728,
        47.176779,
        524.25
      ],
      [
        9.730919,
        47.17721,
        515.25
      ],
      [
        9.731363,
        47.178549,
        514.5
      ],
      [
        9.724135,
        47.183151,
        508.5
      ],
      [
        9.714898,
        47.190648,
        502.5
      ],
      [
        9.714073,
        47.190449,
        506.0
      ],
      [
        9.712677,
        47.191327,
        507.0
      ],
      [
        9.705469,
        47.184112,
        525.75
      ],
      [
        9.704139,
        47.1839,
        529.0
      ],
      [
        9.702444,
        47.184214,
        534.0
      ],
      [
        9.701229,
        47.183232,
        537.5
      ],
      [
        9.699992,
        47.183585,
        539.0
      ],
      [
        9.699542,
        47.183343,
        539.75
      ],
      [
        9.699992,
        47.183585,
        539.0
      ],
      [
        9.701229,
        47.183232,
        537.5
      ],
      [
        9.70205,
        47.184062,
        534.25
      ],
      [
        9.703822,
        47.184578,
        531.75
      ],
      [
        9.70472,
        47.185265,
        529.0
      ],
      [
        9.700121,
        47.188239,
        517.25
      ],
      [
        9.695732,
        47.189275,
        507.5
      ],
      [
        9.691393,
        47.191314,
        495.75
      ],
      [
        9.688803,
        47.192097,
        498.25
      ],
      [
        9.688594,
        47.193069,
        494.0
      ],
      [
        9.6901,
        47.196197,
        495.5
      ],
      [
        9.676348,
        47.199051,
        489.0
      ],
      [
        9.675919,
        47.1996,
        487.25
      ],
      [
        9.676941,
        47.200745,
        490.0
      ],
      [
        9.672423,
        47.203201,
        486.5
      ],
      [
        9.670868,
        47.203651,
        486.0
      ],
      [
        9.670603,
        47.202979,
        486.25
      ],
      [
        9.670122,
        47.202985,
        486.75
      ],
      [
        9.66971,
        47.205329,
        485.25
      ],
      [
        9.667299,
        47.207478,
        483.75
      ],
      [
        9.665436,
        47.207828,
        485.25
      ],
      [
        9.664392,
        47.207462,
        484.5
      ],
      [
        9.654305,
        47.213158,
        478.0
      ],
      [
        9.653756,
        47.213965,
        477.0
      ],
      [
        9.651637,
        47.212402,
        477.5
      ],
      [
        9.648242,
        47.214442,
        475.5
      ],
      [
        9.638111,
        47.219364,
        471.25
      ],
      [
        9.632577,
        47.222862,
        475.0
      ],
      [
        9.628801,
        47.223244,
        473.75
      ],
      [
        9.627403,
        47.225058,
        469.75
      ],
      [
        9.625057,
        47.225115,
        467.0
      ],
      [
        9.618241,
        47.227172,
        465.25
      ],
      [
        9.610066,
        47.227553,
        463.0
      ],
      [
        9.605135,
        47.228408,
        463.5
      ],
      [
        9.60413,
        47.230237,
        465.75
      ],
      [
        9.601158,
        47.231525,
        473.25
      ],
      [
        9.599706,
        47.233129,
        462.75
      ],
      [
        9.598084,
        47.237708,
        456.0
      ],
      [
        9.598438,
        47.238095,
        457.25
      ],
      [
        9.598142,
        47.237781,
        456.25
      ],
      [
        9.597544,
        47.238415,
        456.25
      ],
      [
        9.596559,
        47.238081,
        456.0
      ],
      [
        9.596278,
        47.238386,
        456.5
      ],
      [
        9.594328,
        47.238011,
        455.0
      ],
      [
        9.593037,
        47.238174,
        458.75
      ],
      [
        9.591811,
        47.237755,
        458.0
      ],
      [
        9.589678,
        47.235101,
        465.25
      ],
      [
        9.589584,
        47.2341,
        466.75
      ],
      [
        9.587802,
        47.232607,
        474.25
      ],
      [
        9.587303,
        47.232928,
        473.25
      ],
      [
        9.585765,
        47.23173,
        473.0
      ],
      [
        9.583489,
        47.228762,
        475.0
      ],
      [
        9.580653,
        47.22739,
        467.25
      ],
      [
        9.579734,
        47.225875,
        465.75
      ],
      [
        9.578945,
        47.226264,
        460.75
      ],
      [
        9.578008,
        47.225889,
        461.75
      ],
      [
        9.573928,
        47.22179,
        461.25
      ],
      [
        9.574104,
        47.220631,
        465.25
      ],
      [
        9.572667,
        47.2194,
        458.75
      ],
      [
        9.571657,
        47.218736,
        459.0
      ],
      [
        9.570664,
        47.219204,
        456.0
      ],
      [
        9.569361,
        47.218262,
        459.25
      ],
      [
        9.569524,
        47.217748,
        462.0
      ],
      [
        9.568624,
        47.217417,
        462.0
      ],
      [
        9.569959,
        47.217324,
        470.0
      ],
      [
        9.569956,
        47.216554,
        480.0
      ],
      [
        9.569959,
        47.217324,
        470.0
      ],
      [
        9.568726,
        47.217315,
        462.5
      ],
      [
        9.566895,
        47.216389,
        457.5
      ],
      [
        9.561686,
        47.210815,
        457.0
      ],
      [
        9.56114,
        47.211239,
        452.5
      ],
      [
        9.558884,
        47.21052,
        448.5
      ],
      [
        9.555769,
        47.212363,
        442.0
      ],
      [
        9.551823,
        47.212098,
        441.25
      ],
      [
        9.549859,
        47.215994,
        440.0
      ],
      [
        9.547022,
        47.217449,
        449.0
      ],
      [
        9.546213,
        47.218328,
        451.75
      ],
      [
        9.544514,
        47.217376,
        451.5
      ],
      [
        9.542807,
        47.218469,
        452.0
      ],
      [
        9.541172,
        47.218961,
        454.5
      ],
      [
        9.539229,
        47.217398,
        458.25
      ],
      [
        9.538699,
        47.218052,
        464.25
      ],
      [
        9.537286,
        47.218398,
        478.75
      ],
      [
        9.53309,
        47.216366,
        505.5
      ],
      [
        9.531601,
        47.216147,
        503.25
      ],
      [
        9.533453,
        47.218131,
        501.5
      ],
      [
        9.532544,
        47.218579,
        507.25
      ],
      [
        9.530372,
        47.218402,
        527.5
      ],
      [
        9.528696,
        47.217554,
        533.25
      ],
      [
        9.526883,
        47.217863,
        539.0
      ],
      [
        9.522297,
        47.217545,
        529.75
      ],
      [
        9.521401,
        47.217994,
        541.25
      ],
      [
        9.518649,
        47.217986,
        544.0
      ],
      [
        9.516483,
        47.217131,
        532.75
      ],
      [
        9.518152,
        47.215231,
        510.5
      ],
      [
        9.516545,
        47.214386,
        510.75
      ],
      [
        9.516601,
        47.213459,
        503.25
      ],
      [
        9.517418,
        47.212508,
        492.0
      ],
      [
        9.520023,
        47.212826,
        477.75
      ],
      [
        9.522292,
        47.214265,
        464.25
      ],
      [
        9.522265,
        47.213359,
        456.0
      ],
      [
        9.523322,
        47.212418,
        450.0
      ],
      [
        9.522983,
        47.21131,
        447.75
      ],
      [
        9.527575,
        47.210413,
        443.5
      ],
      [
        9.527397,
        47.207914,
        440.25
      ],
      [
        9.535347,
        47.205268,
        439.0
      ],
      [
        9.542845,
        47.201644,
        445.0
      ],
      [
        9.54167,
        47.200376,
        444.75
      ],
      [
        9.542767,
        47.201622,
        444.75
      ],
      [
        9.534359,
        47.205508,
        438.75
      ],
      [
        9.529717,
        47.203357,
        438.0
      ],
      [
        9.526237,
        47.203291,
        438.5
      ],
      [
        9.524304,
        47.193077,
        439.5
      ],
      [
        9.525806,
        47.185821,
        444.75
      ],
      [
        9.517216,
        47.177847,
        447.25
      ],
      [
        9.518385,
        47.177987,
        450.0
      ],
      [
        9.518645,
        47.177587,
        451.75
      ],
      [
        9.517862,
        47.173604,
        455.5
      ],
      [
        9.515533,
        47.170158,
        460.25
      ],
      [
        9.510428,
        47.167366,
        450.75
      ],
      [
        9.509227,
        47.165933,
        450.25
      ],
      [
        9.512801,
        47.165087,
        476.0
      ],
      [
        9.51208,
        47.161514,
        475.5
      ],
      [
        9.510667,
        47.158472,
        466.75
      ],
      [
        9.509589,
        47.158103,
        458.75
      ],
      [
        9.509941,
        47.156122,
        463.75
      ],
      [
        9.506402,
        47.15566,
        452.5
      ],
      [
        9.505884,
        47.154361,
        452.0
      ],
      [
        9.506133,
        47.151316,
        452.0
      ],
      [
        9.510766,
        47.146861,
        454.0
      ],
      [
        9.512046,
        47.147264,
        463.0
      ],
      [
        9.513611,
        47.145234,
        462.5
      ],
      [
        9.518359,
        47.142175,
        461.0
      ],
      [
        9.518053,
        47.141816,
        456.0
      ],
      [
        9.519881,
        47.140718,
        455.0
      ],
      [
        9.52135,
        47.141093,
        456.75
      ],
      [
        9.522251,
        47.140634,
        456.75
      ],
      [
        9.520949,
        47.141138,
        456.5
      ],
      [
        9.51852,
        47.140188,
        454.5
      ],
      [
        9.516404,
        47.136702,
        455.0
      ],
      [
        9.511983,
        47.136492,
        458.5
      ],
      [
        9.512648,
        47.132374,
        461.75
      ],
      [
        9.518938,
        47.109494,
        469.0
      ],
      [
        9.525,
        47.109781,
        462.75
      ],
      [
        9.528169,
        47.107225,
        490.5
      ],
      [
        9.532527,
        47.106101,
        532.0
      ],
      [
        9.53287,
        47.104932,
        528.75
      ],
      [
        9.531376,
        47.102161,
        526.0
      ],
      [
        9.531631,
        47.100051,
        538.75
      ],
      [
        9.531376,
        47.102161,
        526.0
      ],
      [
        9.530093,
        47.100952,
        515.75
      ],
      [
        9.529504,
        47.098931,
        512.5
      ],
      [
        9.52987,
        47.095691,
        503.75
      ],
      [
        9.529513,
        47.094789,
        498.5
      ],
      [
        9.524997,
        47.092976,
        477.25
      ],
      [
        9.523864,
        47.09082,
        483.25
      ],
      [
        9.523372,
        47.087802,
        476.75
      ],
      [
        9.521586,
        47.086527,
        480.25
      ],
      [
        9.520438,
        47.086194,
        471.75
      ],
      [
        9.517101,
        47.082597,
        472.25
      ],
      [
        9.516452,
        47.078529,
        470.0
      ],
      [
        9.515713,
        47.077751,
        470.0
      ],
      [
        9.511802,
        47.075668,
        473.25
      ],
      [
        9.508373,
        47.071668,
        478.25
      ],
      [
        9.507238,
        47.071982,
        471.75
      ],
      [
        9.506176,
        47.070529,
        471.0
      ],
      [
        9.505888,
        47.068523,
        470.5
      ],
      [
        9.503426,
        47.066844,
        472.75
      ],
      [
        9.503541,
        47.066572,
        472.5
      ],
      [
        9.500782,
        47.066293,
        475.75
      ],
      [
        9.499598,
        47.065664,
        472.5
      ],
      [
        9.500191,
        47.066667,
        473.25
      ],
      [
        9.499551,
        47.065648,
        472.75
      ],
      [
        9.492722,
        47.063255,
        475.0
      ],
      [
        9.481675,
        47.068513,
        480.25
      ],
      [
        9.480424,
        47.069818,
        482.25
      ],
      [
        9.473617,
        47.066986,
        484.25
      ],
      [
        9.471335,
        47.065035,
        483.75
      ],
      [
        9.470725,
        47.063246,
        482.75
      ],
      [
        9.471044,
        47.060844,
        484.0
      ],
      [
        9.476475,
        47.04864,
        487.75
      ],
      [
        9.480463,
        47.043991,
        489.25
      ],
      [
        9.500371,
        47.023452,
        498.25
      ],
      [
        9.507991,
        47.027001,
        494.0
      ],
      [
        9.510009,
        47.027095,
        504.0
      ],
      [
        9.511122,
        47.026756,
        511.0
      ],
      [
        9.512418,
        47.027627,
        514.5
      ],
      [
        9.513071,
        47.027403,
        517.75
      ],
      [
        9.513244,
        47.026698,
        523.0
      ],
      [
        9.514377,
        47.026179,
        531.25
      ],
      [
        9.513472,
        47.022404,
        534.5
      ],
      [
        9.51535,
        47.019116,
        536.75
      ],
      [
        9.518022,
        47.017035,
        544.25
      ],
      [
        9.521118,
        47.015918,
        553.75
      ],
      [
        9.521509,
        47.013705,
        541.5
      ],
      [
        9.52198,
        47.013409,
        540.75
      ],
      [
        9.525815,
        47.011943,
        538.75
      ],
      [
        9.526135,
        47.011391,
        534.0
      ],
      [
        9.528115,
        47.011056,
        540.5
      ],
      [
        9.52971,
        47.010191,
        535.0
      ],
      [
        9.529437,
        47.009037,
        523.5
      ],
      [
        9.530899,
        47.008104,
        520.75
      ],
      [
        9.530837,
        47.007783,
        516.0
      ],
      [
        9.530695,
        47.008354,
        522.0
      ],
      [
        9.529505,
        47.008973,
        523.25
      ],
      [
        9.519898,
        47.010612,
        513.75
      ],
      [
        9.517412,
        47.011414,
        511.75
      ],
      [
        9.515943,
        47.00978,
        502.25
      ],
      [
        9.511794,
        47.01061,
        504.0
      ],
      [
        9.507512,
        47.010455,
        501.0
      ],
      [
        9.50721,
        47.010003,
        500.0
      ],
      [
        9.505125,
        47.009764,
        502.0
      ],
      [
        9.504811,
        47.008676,
        502.0
      ],
      [
        9.500958,
        47.003136,
        513.25
      ],
      [
        9.49994,
        47.00289,
        515.0
      ],
      [
        9.498816,
        47.001623,
        520.25
      ],
      [
        9.500107,
        47.000023,
        521.75
      ],
      [
        9.497476,
        47.002916,
        521.25
      ],
      [
        9.497074,
        47.005382,
        514.75
      ],
      [
        9.495819,
        47.006001,
        516.5
      ],
      [
        9.496399,
        47.006383,
        512.75
      ],
      [
        9.495897,
        47.007137,
        508.75
      ],
      [
        9.498863,
        47.009083,
        503.0
      ],
      [
        9.500732,
        47.009103,
        501.5
      ],
      [
        9.501347,
        47.010699,
        496.75
      ],
      [
        9.499444,
        47.011314,
        496.0
      ],
      [
        9.495516,
        47.013674,
        495.0
      ],
      [
        9.492948,
        47.013414,
        494.25
      ],
      [
        9.488428,
        47.015073,
        493.0
      ],
      [
        9.485547,
        47.015533,
        491.75
      ],
      [
        9.482202,
        47.016934,
        491.0
      ],
      [
        9.47956,
        47.017282,
        490.0
      ],
      [
        9.472999,
        47.019648,
        488.75
      ],
      [
        9.466492,
        47.020538,
        489.0
      ],
      [
        9.463868,
        47.022318,
        486.25
      ],
      [
        9.462015,
        47.025169,
        486.0
      ],
      [
        9.456317,
        47.024038,
        487.5
      ],
      [
        9.453333,
        47.024464,
        494.0
      ],
      [
        9.449125,
        47.024355,
        511.75
      ],
      [
        9.447293,
        47.024972,
        509.0
      ],
      [
        9.445412,
        47.026303,
        497.75
      ],
      [
        9.443511,
        47.026607,
        493.0
      ],
      [
        9.438677,
        47.028697,
        499.0
      ],
      [
        9.437827,
        47.029869,
        498.25
      ],
      [
        9.435654,
        47.030919,
        500.75
      ],
      [
        9.432718,
        47.033156,
        500.0
      ],
      [
        9.433351,
        47.033824,
        494.25
      ],
      [
        9.43225,
        47.034514,
        494.25
      ],
      [
        9.431627,
        47.034088,
        498.25
      ],
      [
        9.427569,
        47.037025,
        493.5
      ],
      [
        9.426707,
        47.038838,
        491.0
      ],
      [
        9.427183,
        47.040875,
        488.75
      ],
      [
        9.425598,
        47.043264,
        493.25
      ],
      [
        9.424626,
        47.04413,
        494.75
      ],
      [
        9.421454,
        47.04527,
        496.0
      ],
      [
        9.418474,
        47.046923,
        495.0
      ],
      [
        9.4185,
        47.047924,
        494.0
      ],
      [
        9.417172,
        47.050602,
        489.5
      ],
      [
        9.413433,
        47.052735,
        485.25
      ],
      [
        9.404346,
        47.055465,
        477.25
      ],
      [
        9.399702,
        47.058671,
        472.75
      ],
      [
        9.395973,
        47.060181,
        470.25
      ],
      [
        9.390073,
        47.063442,
        465.75
      ],
      [
        9.379218,
        47.068495,
        459.25
      ],
      [
        9.356194,
        47.086624,
        445.5
      ],
      [
        9.354545,
        47.088232,
        444.25
      ],
      [
        9.354365,
        47.08898,
        445.0
      ],
      [
        9.349908,
        47.090215,
        444.0
      ],
      [
        9.348734,
        47.091181,
        445.25
      ],
      [
        9.346944,
        47.091521,
        447.0
      ],
      [
        9.344613,
        47.089816,
        454.0
      ],
      [
        9.339832,
        47.088395,
        476.5
      ],
      [
        9.344573,
        47.084246,
        535.25
      ],
      [
        9.344492,
        47.083125,
        549.25
      ],
      [
        9.345579,
        47.08216,
        558.0
      ],
      [
        9.337635,
        47.083701,
        660.5
      ],
      [
        9.335002,
        47.084543,
        693.25
      ],
      [
        9.334619,
        47.083605,
        717.0
      ],
      [
        9.335999,
        47.082626,
        721.0
      ],
      [
        9.333967,
        47.082979,
        725.5
      ],
      [
        9.339019,
        47.08177,
        701.0
      ],
      [
        9.34319,
        47.079948,
        677.25
      ],
      [
        9.345203,
        47.079793,
        664.25
      ],
      [
        9.347543,
        47.078792,
        648.75
      ],
      [
        9.350415,
        47.078549,
        632.0
      ],
      [
        9.344627,
        47.081617,
        587.0
      ],
      [
        9.343833,
        47.082668,
        571.5
      ],
      [
        9.345587,
        47.082231,
        557.25
      ],
      [
        9.344492,
        47.083125,
        549.25
      ],
      [
        9.344573,
        47.084246,
        535.25
      ],
      [
        9.33986,
        47.088253,
        479.75
      ],
      [
        9.342031,
        47.089754,
        461.75
      ],
      [
        9.341266,
        47.090164,
        462.75
      ],
      [
        9.340367,
        47.091648,
        456.0
      ],
      [
        9.340392,
        47.092516,
        452.75
      ],
      [
        9.341089,
        47.092958,
        451.25
      ],
      [
        9.337883,
        47.101755,
        437.0
      ],
      [
        9.338324,
        47.102602,
        436.25
      ],
      [
        9.337609,
        47.102983,
        435.25
      ],
      [
        9.336887,
        47.104434,
        434.0
      ],
      [
        9.330931,
        47.107605,
        432.0
      ],
      [
        9.330618,
        47.108349,
        431.75
      ],
      [
        9.328949,
        47.109317,
        431.0
      ],
      [
        9.32965,
        47.110783,
        429.75
      ],
      [
        9.322574,
        47.115985,
        428.25
      ],
      [
        9.317349,
        47.118365,
        431.25
      ],
      [
        9.316393,
        47.116691,
        425.75
      ],
      [
        9.317924,
        47.119389,
        428.75
      ],
      [
        9.313062,
        47.121445,
        426.0
      ],
      [
        9.312241,
        47.120102,
        426.0
      ],
      [
        9.30716,
        47.119189,
        424.75
      ],
      [
        9.297078,
        47.11522,
        423.25
      ],
      [
        9.295217,
        47.114898,
        422.5
      ],
      [
        9.289961,
        47.115451,
        432.25
      ],
      [
        9.286956,
        47.113578,
        423.75
      ],
      [
        9.278451,
        47.112869,
        424.5
      ],
      [
        9.278301,
        47.112376,
        428.25
      ],
      [
        9.278243,
        47.112635,
        427.0
      ],
      [
        9.270709,
        47.113969,
        436.25
      ],
      [
        9.265982,
        47.115325,
        440.75
      ],
      [
        9.245522,
        47.112258,
        427.75
      ],
      [
        9.240143,
        47.112454,
        427.5
      ],
      [
        9.228507,
        47.111248,
        431.5
      ],
      [
        9.225467,
        47.111292,
        429.5
      ],
      [
        9.220483,
        47.111845,
        434.0
      ],
      [
        9.220369,
        47.112539,
        432.25
      ],
      [
        9.218614,
        47.113059,
        426.75
      ],
      [
        9.218014,
        47.113688,
        426.0
      ],
      [
        9.217547,
        47.113356,
        426.25
      ],
      [
        9.215054,
        47.113449,
        426.25
      ],
      [
        9.21492,
        47.113811,
        424.25
      ],
      [
        9.212911,
        47.11325,
        423.5
      ],
      [
        9.205662,
        47.112879,
        423.5
      ],
      [
        9.199165,
        47.114266,
        423.75
      ],
      [
        9.195264,
        47.114334,
        426.25
      ],
      [
        9.188512,
        47.115916,
        424.25
      ],
      [
        9.184316,
        47.114714,
        432.5
      ],
      [
        9.182915,
        47.115882,
        435.25
      ],
      [
        9.182028,
        47.115768,
        436.75
      ],
      [
        9.178291,
        47.116672,
        433.75
      ],
      [
        9.17178,
        47.117231,
        433.0
      ],
      [
        9.164777,
        47.119747,
        425.5
      ],
      [
        9.160406,
        47.120365,
        429.25
      ],
      [
        9.156796,
        47.120117,
        462.0
      ],
      [
        9.157552,
        47.12101,
        448.25
      ],
      [
        9.155998,
        47.121685,
        450.75
      ],
      [
        9.151315,
        47.122355,
        453.5
      ],
      [
        9.148448,
        47.122114,
        454.5
      ],
      [
        9.141617,
        47.12339,
        434.0
      ],
      [
        9.140312,
        47.124148,
        435.0
      ],
      [
        9.140053,
        47.124933,
        435.0
      ],
      [
        9.13623,
        47.125863,
        429.0
      ],
      [
        9.132534,
        47.126282,
        428.0
      ],
      [
        9.128253,
        47.125721,
        435.0
      ],
      [
        9.120774,
        47.125535,
        433.5
      ],
      [
        9.119222,
        47.12581,
        421.75
      ],
      [
        9.118799,
        47.125528,
        425.75
      ],
      [
        9.113527,
        47.127143,
        422.0
      ],
      [
        9.111564,
        47.127109,
        422.5
      ],
      [
        9.111346,
        47.12649,
        425.0
      ],
      [
        9.108148,
        47.127071,
        423.0
      ],
      [
        9.099747,
        47.127188,
        423.0
      ],
      [
        9.096302,
        47.127648,
        423.0
      ],
      [
        9.093566,
        47.128559,
        429.25
      ],
      [
        9.092992,
        47.132614,
        427.5
      ],
      [
        9.093815,
        47.133374,
        427.0
      ],
      [
        9.097521,
        47.134493,
        422.5
      ],
      [
        9.092943,
        47.133019,
        428.0
      ],
      [
        9.086045,
        47.132465,
        424.0
      ],
      [
        9.086223,
        47.13147,
        422.75
      ],
      [
        9.070509,
        47.130122,
        422.25
      ],
      [
        9.067557,
        47.130481,
        422.5
      ],
      [
        9.065649,
        47.131624,
        420.0
      ],
      [
        9.063586,
        47.133754,
        422.25
      ],
      [
        9.053956,
        47.139289,
        419.5
      ],
      [
        9.046754,
        47.144819,
        420.0
      ],
      [
        9.048203,
        47.146244,
        420.25
      ],
      [
        9.050172,
        47.146094,
        422.0
      ],
      [
        9.050484,
        47.14993,
        423.25
      ],
      [
        9.048045,
        47.154976,
        423.0
      ],
      [
        9.048706,
        47.156031,
        426.0
      ],
      [
        9.04986,
        47.156755,
        428.25
      ],
      [
        9.048641,
        47.158044,
        426.0
      ],
      [
        9.045891,
        47.159474,
        423.0
      ],
      [
        9.045982,
        47.160407,
        419.0
      ],
      [
        9.043915,
        47.161491,
        415.5
      ],
      [
        9.044261,
        47.162051,
        415.0
      ],
      [
        9.04502,
        47.162251,
        416.0
      ],
      [
        9.043916,
        47.163777,
        413.25
      ],
      [
        9.049578,
        47.168575,
        415.75
      ],
      [
        9.050516,
        47.171233,
        417.0
      ],
      [
        9.046865,
        47.176956,
        422.5
      ],
      [
        9.044459,
        47.179759,
        421.0
      ],
      [
        9.038066,
        47.185176,
        418.0
      ],
      [
        9.035164,
        47.189911,
        415.75
      ],
      [
        9.034025,
        47.193395,
        417.5
      ],
      [
        9.032907,
        47.193837,
        418.75
      ],
      [
        9.030548,
        47.198189,
        420.75
      ],
      [
        9.025407,
        47.202472,
        424.75
      ],
      [
        9.019905,
        47.201697,
        421.5
      ],
      [
        9.013938,
        47.201441,
        418.75
      ],
      [
        9.008921,
        47.203312,
        415.0
      ],
      [
        9.005409,
        47.206519,
        413.0
      ],
      [
        8.982343,
        47.223007,
        408.75
      ],
      [
        8.985569,
        47.225071,
        424.0
      ],
      [
        8.972151,
        47.21786,
        408.25
      ],
      [
        8.967379,
        47.220106,
        407.75
      ],
      [
        8.955821,
        47.220107,
        408.25
      ],
      [
        8.95496,
        47.222355,
        411.0
      ],
      [
        8.948669,
        47.224703,
        408.5
      ],
      [
        8.939697,
        47.225018,
        407.75
      ],
      [
        8.935664,
        47.22563,
        407.0
      ],
      [
        8.928352,
        47.226009,
        407.25
      ],
      [
        8.918202,
        47.225959,
        406.75
      ],
      [
        8.914754,
        47.225338,
        409.75
      ],
      [
        8.904531,
        47.221651,
        412.5
      ],
      [
        8.898151,
        47.2208,
        413.0
      ],
      [
        8.895727,
        47.220085,
        410.25
      ],
      [
        8.894872,
        47.21921,
        409.25
      ],
      [
        8.890679,
        47.218789,
        412.75
      ],
      [
        8.884723,
        47.217135,
        410.5
      ],
      [
        8.882066,
        47.216806,
        408.5
      ],
      [
        8.870463,
        47.218501,
        407.5
      ],
      [
        8.864487,
        47.221274,
        410.0
      ],
      [
        8.860492,
        47.222175,
        408.25
      ],
      [
        8.82319,
        47.225129,
        408.0
      ],
      [
        8.815586,
        47.223977,
        408.0
      ],
      [
        8.814941,
        47.223343,
        407.25
      ],
      [
        8.814857,
        47.221867,
        407.25
      ],
      [
        8.809862,
        47.21977,
        406.75
      ],
      [
        8.808737,
        47.21886,
        406.75
      ],
      [
        8.80758,
        47.219048,
        407.25
      ],
      [
        8.80027,
        47.214218,
        413.75
      ],
      [
        8.791164,
        47.20457,
        414.0
      ],
      [
        8.790468,
        47.202071,
        418.25
      ],
      [
        8.780864,
        47.201582,
        414.25
      ],
      [
        8.781055,
        47.199776,
        422.5
      ],
      [
        8.776456,
        47.201322,
        415.0
      ],
      [
        8.776116,
        47.201106,
        415.0
      ],
      [
        8.771567,
        47.201597,
        418.75
      ],
      [
        8.769258,
        47.200681,
        443.0
      ],
      [
        8.766625,
        47.200253,
        451.75
      ],
      [
        8.769258,
        47.200681,
        443.0
      ],
      [
        8.771567,
        47.201597,
        418.75
      ],
      [
        8.770016,
        47.201781,
        412.75
      ],
      [
        8.760656,
        47.200705,
        415.25
      ],
      [
        8.758882,
        47.203778,
        413.5
      ],
      [
        8.757497,
        47.203283,
        413.75
      ],
      [
        8.75667,
        47.203601,
        416.0
      ],
      [
        8.753394,
        47.203247,
        424.0
      ],
      [
        8.754052,
        47.206875,
        417.5
      ],
      [
        8.745888,
        47.20585,
        409.0
      ],
      [
        8.737969,
        47.204157,
        409.0
      ],
      [
        8.73417,
        47.20442,
        408.0
      ],
      [
        8.729582,
        47.201723,
        408.75
      ],
      [
        8.724377,
        47.200859,
        408.75
      ],
      [
        8.722529,
        47.200125,
        412.25
      ],
      [
        8.715215,
        47.201404,
        409.25
      ],
      [
        8.711614,
        47.203909,
        408.0
      ],
      [
        8.707199,
        47.205416,
        417.5
      ],
      [
        8.705333,
        47.2074,
        412.25
      ],
      [
        8.704367,
        47.207057,
        415.5
      ],
      [
        8.701832,
        47.207988,
        432.5
      ],
      [
        8.702127,
        47.210468,
        437.25
      ],
      [
        8.700235,
        47.212448,
        440.25
      ],
      [
        8.699973,
        47.21364,
        435.5
      ],
      [
        8.699062,
        47.214496,
        428.5
      ],
      [
        8.69874,
        47.215406,
        420.5
      ],
      [
        8.699079,
        47.215411,
        419.5
      ],
      [
        8.698454,
        47.215951,
        419.75
      ],
      [
        8.678717,
        47.225698,
        408.25
      ],
      [
        8.675087,
        47.228206,
        408.25
      ],
      [
        8.674589,
        47.227967,
        409.75
      ],
      [
        8.674042,
        47.229278,
        409.25
      ],
      [
        8.671708,
        47.229708,
        413.75
      ],
      [
        8.67107,
        47.230871,
        415.75
      ],
      [
        8.66975,
        47.231539,
        414.25
      ],
      [
        8.669923,
        47.232263,
        409.0
      ],
      [
        8.664035,
        47.235855,
        408.0
      ],
      [
        8.659909,
        47.237814,
        409.0
      ],
      [
        8.658436,
        47.241611,
        408.5
      ],
      [
        8.6561,
        47.243479,
        410.25
      ],
      [
        8.650232,
        47.245771,
        410.25
      ],
      [
        8.640306,
        47.246998,
        410.0
      ],
      [
        8.627835,
        47.251072,
        409.25
      ],
      [
        8.627938,
        47.251312,
        408.25
      ],
      [
        8.622496,
        47.252504,
        406.75
      ],
      [
        8.616453,
        47.255205,
        408.25
      ],
      [
        8.610955,
        47.256261,
        409.0
      ],
      [
        8.60846,
        47.257752,
        408.0
      ],
      [
        8.603826,
        47.259509,
        406.75
      ],
      [
        8.60263,
        47.259638,
        407.25
      ],
      [
        8.598147,
        47.261566,
        407.25
      ],
      [
        8.597493,
        47.260826,
        408.0
      ],
      [
        8.597699,
        47.261138,
        408.0
      ],
      [
        8.597216,
        47.261261,
        408.25
      ],
      [
        8.592859,
        47.261868,
        415.5
      ],
      [
        8.588654,
        47.264792,
        420.25
      ],
      [
        8.587578,
        47.266919,
        414.5
      ],
      [
        8.587658,
        47.26824,
        409.0
      ],
      [
        8.584201,
        47.271816,
        409.0
      ],
      [
        8.582214,
        47.274759,
        409.0
      ],
      [
        8.581418,
        47.277048,
        408.75
      ],
      [
        8.581461,
        47.279324,
        408.75
      ],
      [
        8.579813,
        47.281748,
        408.75
      ],
      [
        8.577243,
        47.283453,
        409.0
      ],
      [
        8.576403,
        47.285652,
        408.75
      ],
      [
        8.572916,
        47.290674,
        409.25
      ],
      [
        8.568492,
        47.295769,
        407.75
      ],
      [
        8.564066,
        47.299336,
        407.75
      ],
      [
        8.559412,
        47.303976,
        408.75
      ],
      [
        8.557825,
        47.309602,
        408.5
      ],
      [
        8.556791,
        47.310629,
        408.5
      ],
      [
        8.554739,
        47.316385,
        411.75
      ],
      [
        8.552301,
        47.318543,
        409.5
      ],
      [
        8.55097,
        47.320415,
        409.5
      ],
      [
        8.546852,
        47.32943,
        408.75
      ],
      [
        8.544402,
        47.332704,
        408.25
      ],
      [
        8.539375,
        47.336736,
        409.25
      ],
      [
        8.534551,
        47.344845,
        408.5
      ],
      [
        8.534352,
        47.354465,
        408.0
      ],
      [
        8.535737,
        47.357379,
        408.0
      ],
      [
        8.535338,
        47.363355,
        408.0
      ],
      [
        8.534166,
        47.365108,
        408.0
      ],
      [
        8.532848,
        47.364833,
        409.0
      ],
      [
        8.531898,
        47.366591,
        410.0
      ],
      [
        8.528873,
        47.368842,
        412.0
      ],
      [
        8.531927,
        47.371986,
        411.25
      ],
      [
        8.533588,
        47.372931,
        411.5
      ],
      [
        8.531765,
        47.373402,
        410.25
      ],
      [
        8.532462,
        47.374534,
        410.0
      ],
      [
        8.528761,
        47.376819,
        409.25
      ],
      [
        8.5293,
        47.377307,
        409.0
      ],
      [
        8.52867,
        47.377578,
        409.0
      ],
      [
        8.529202,
        47.377285,
        409.0
      ],
      [
        8.528773,
        47.376904,
        409.25
      ],
      [
        8.522625,
        47.380115,
        408.0
      ],
      [
        8.52153,
        47.379739,
        409.25
      ],
      [
        8.520174,
        47.378386,
        409.5
      ],
      [
        8.516351,
        47.379685,
        409.25
      ],
      [
        8.516151,
        47.379446,
        409.75
      ],
      [
        8.512128,
        47.380713,
        409.0
      ],
      [
        8.503232,
        47.384478,
        406.0
      ],
      [
        8.488976,
        47.389002,
        400.75
      ],
      [
        8.488286,
        47.387273,
        404.0
      ],
      [
        8.484879,
        47.38813,
        401.75
      ],
      [
        8.479992,
        47.390331,
        399.5
      ],
      [
        8.477807,
        47.391926,
        397.25
      ],
      [
        8.465255,
        47.396674,
        395.75
      ],
      [
        8.462682,
        47.397226,
        395.0
      ],
      [
        8.462255,
        47.396187,
        396.75
      ],
      [
        8.45756,
        47.397145,
        396.5
      ],
      [
        8.452861,
        47.397133,
        397.5
      ],
      [
        8.448057,
        47.396241,
        397.5
      ],
      [
        8.447024,
        47.395723,
        399.5
      ],
      [
        8.445184,
        47.395674,
        397.75
      ],
      [
        8.444295,
        47.394909,
        402.25
      ],
      [
        8.434271,
        47.394132,
        412.0
      ],
      [
        8.428904,
        47.392405,
        408.25
      ],
      [
        8.428179,
        47.394019,
        406.25
      ],
      [
        8.42742,
        47.39431,
        405.5
      ],
      [
        8.417911,
        47.393188,
        404.75
      ],
      [
        8.417693,
        47.393742,
        402.0
      ],
      [
        8.41661,
        47.393958,
        403.0
      ],
      [
        8.416356,
        47.394657,
        400.5
      ],
      [
        8.415193,
        47.394806,
        401.25
      ],
      [
        8.410808,
        47.397412,
        397.75
      ],
      [
        8.40403,
        47.399335,
        401.25
      ],
      [
        8.402162,
        47.399461,
        401.75
      ],
      [
        8.400203,
        47.400228,
        402.0
      ],
      [
        8.399996,
        47.399999,
        403.25
      ],
      [
        8.400203,
        47.400228,
        402.0
      ],
      [
        8.39645,
        47.401701,
        395.0
      ],
      [
        8.394168,
        47.404191,
        398.75
      ],
      [
        8.392771,
        47.403406,
        402.0
      ],
      [
        8.390518,
        47.405413,
        398.0
      ],
      [
        8.388876,
        47.405865,
        397.75
      ],
      [
        8.387087,
        47.407457,
        397.5
      ],
      [
        8.386261,
        47.407041,
        399.25
      ],
      [
        8.376293,
        47.414626,
        405.0
      ],
      [
        8.373356,
        47.415941,
        404.5
      ],
      [
        8.374235,
        47.416863,
        403.0
      ],
      [
        8.372318,
        47.417756,
        403.0
      ],
      [
        8.370473,
        47.419384,
        405.0
      ],
      [
        8.369279,
        47.418891,
        407.75
      ],
      [
        8.36789,
        47.41894,
        410.75
      ],
      [
        8.365579,
        47.420257,
        410.25
      ],
      [
        8.358964,
        47.428221,
        398.5
      ],
      [
        8.356157,
        47.430787,
        398.75
      ],
      [
        8.344856,
        47.435638,
        408.0
      ],
      [
        8.334247,
        47.443273,
        401.0
      ],
      [
        8.330191,
        47.447377,
        399.0
      ],
      [
        8.321019,
        47.454437,
        384.0
      ],
      [
        8.320304,
        47.453915,
        387.0
      ],
      [
        8.318112,
        47.453931,
        387.25
      ],
      [
        8.314835,
        47.452683,
        395.0
      ],
      [
        8.312782,
        47.452777,
        389.0
      ],
      [
        8.311253,
        47.453614,
        387.75
      ],
      [
        8.308131,
        47.458186,
        402.0
      ],
      [
        8.304233,
        47.460181,
        417.75
      ],
      [
        8.304266,
        47.464036,
        439.25
      ],
      [
        8.302265,
        47.465589,
        460.5
      ],
      [
        8.304346,
        47.466618,
        461.25
      ],
      [
        8.304188,
        47.467295,
        459.75
      ],
      [
        8.302027,
        47.467587,
        457.25
      ],
      [
        8.303405,
        47.467383,
        468.75
      ],
      [
        8.303834,
        47.466849,
        479.0
      ],
      [
        8.301903,
        47.466504,
        505.5
      ],
      [
        8.301489,
        47.466074,
        506.25
      ],
      [
        8.300407,
        47.466557,
        505.0
      ],
      [
        8.299512,
        47.464944,
        499.5
      ],
      [
        8.29833,
        47.466312,
        485.5
      ],
      [
        8.294831,
        47.465426,
        466.0
      ],
      [
        8.294207,
        47.466316,
        437.0
      ],
      [
        8.290768,
        47.464086,
        436.0
      ],
      [
        8.289537,
        47.464229,
        419.25
      ],
      [
        8.287349,
        47.460082,
        419.0
      ],
      [
        8.287805,
        47.45655,
        425.0
      ],
      [
        8.28554,
        47.456261,
        424.75
      ],
      [
        8.285095,
        47.457367,
        427.25
      ],
      [
        8.281019,
        47.456589,
        442.5
      ],
      [
        8.280801,
        47.457461,
        441.5
      ],
      [
        8.280016,
        47.457446,
        438.5
      ],
      [
        8.278235,
        47.458322,
        441.25
      ],
      [
        8.272122,
        47.457346,
        428.25
      ],
      [
        8.269679,
        47.456249,
        418.75
      ],
      [
        8.268092,
        47.456076,
        414.75
      ],
      [
        8.26317,
        47.457511,
        398.0
      ],
      [
        8.25976,
        47.457669,
        391.0
      ],
      [
        8.252538,
        47.459889,
        381.0
      ],
      [
        8.249321,
        47.459529,
        380.75
      ],
      [
        8.243619,
        47.462218,
        372.0
      ],
      [
        8.235153,
        47.468609,
        358.75
      ],
      [
        8.234544,
        47.471644,
        346.75
      ],
      [
        8.23067,
        47.476873,
        349.75
      ],
      [
        8.229755,
        47.479005,
        342.25
      ],
      [
        8.228069,
        47.478389,
        339.75
      ],
      [
        8.225776,
        47.475823,
        341.0
      ],
      [
        8.22486,
        47.475747,
        343.0
      ],
      [
        8.223684,
        47.477457,
        357.5
      ],
      [
        8.221298,
        47.478501,
        361.5
      ],
      [
        8.220541,
        47.480191,
        361.5
      ],
      [
        8.219559,
        47.48003,
        361.0
      ],
      [
        8.218887,
        47.482044,
        360.0
      ],
      [
        8.215207,
        47.482883,
        354.75
      ],
      [
        8.213522,
        47.48287,
        348.75
      ],
      [
        8.213457,
        47.48338,
        347.25
      ],
      [
        8.211862,
        47.483206,
        350.75
      ],
      [
        8.209314,
        47.484815,
        350.0
      ],
      [
        8.207304,
        47.48382,
        351.0
      ],
      [
        8.206675,
        47.486417,
        340.5
      ],
      [
        8.207072,
        47.484193,
        351.0
      ],
      [
        8.204594,
        47.483981,
        350.5
      ],
      [
        8.202298,
        47.482674,
        345.0
      ],
      [
        8.200898,
        47.480464,
        347.0
      ],
      [
        8.195483,
        47.475806,
        346.75
      ],
      [
        8.195318,
        47.47458,
        348.0
      ],
      [
        8.196744,
        47.473254,
        347.25
      ],
      [
        8.189327,
        47.46948,
        343.0
      ],
      [
        8.187822,
        47.467755,
        344.5
      ],
      [
        8.177141,
        47.466046,
        346.75
      ],
      [
        8.170339,
        47.460651,
        355.5
      ],
      [
        8.168027,
        47.45391,
        365.75
      ],
      [
        8.168949,
        47.445545,
        356.0
      ],
      [
        8.168728,
        47.445205,
        355.5
      ],
      [
        8.163478,
        47.444779,
        348.5
      ],
      [
        8.164603,
        47.441673,
        347.0
      ],
      [
        8.164455,
        47.439726,
        348.75
      ],
      [
        8.160635,
        47.433123,
        347.75
      ],
      [
        8.161706,
        47.427516,
        348.75
      ],
      [
        8.16203,
        47.420485,
        348.75
      ],
      [
        8.161329,
        47.418807,
        349.5
      ],
      [
        8.158644,
        47.416621,
        350.5
      ],
      [
        8.152817,
        47.415511,
        350.5
      ],
      [
        8.141086,
        47.414937,
        352.75
      ],
      [
        8.121901,
        47.412328,
        355.5
      ],
      [
        8.12096,
        47.41288,
        359.25
      ],
      [
        8.114439,
        47.41235,
        363.5
      ],
      [
        8.10622,
        47.412951,
        362.5
      ],
      [
        8.087551,
        47.412669,
        365.25
      ],
      [
        8.083873,
        47.412159,
        361.5
      ],
      [
        8.080343,
        47.410655,
        360.5
      ],
      [
        8.072962,
        47.411205,
        361.5
      ],
      [
        8.070548,
        47.410845,
        364.0
      ],
      [
        8.064087,
        47.408403,
        363.0
      ],
      [
        8.060355,
        47.406366,
        362.25
      ],
      [
        8.054131,
        47.404976,
        365.0
      ],
      [
        8.048011,
        47.398378,
        365.25
      ],
      [
        8.046126,
        47.397083,
        364.75
      ],
      [
        8.04161,
        47.395786,
        367.25
      ],
      [
        8.035232,
        47.395476,
        369.75
      ],
      [
        8.03504,
        47.394244,
        370.5
      ],
      [
        8.026499,
        47.393752,
        370.25
      ],
      [
        8.023069,
        47.392534,
        371.0
      ],
      [
        8.017451,
        47.386449,
        370.75
      ],
      [
        8.013059,
        47.385251,
        371.25
      ],
      [
        8.010137,
        47.382214,
        372.0
      ],
      [
        8.002633,
        47.37952,
        373.0
      ],
      [
        8.001569,
        47.377312,
        375.25
      ],
      [
        8.000974,
        47.377061,
        374.0
      ],
      [
        8.001587,
        47.376057,
        376.0
      ],
      [
        7.999743,
        47.372366,
        378.0
      ],
      [
        7.997467,
        47.372754,
        375.5
      ],
      [
        7.994927,
        47.370369,
        374.25
      ],
      [
        7.992887,
        47.369439,
        376.75
      ],
      [
        7.993458,
        47.368291,
        376.75
      ],
      [
        7.989845,
        47.364852,
        375.0
      ],
      [
        7.988668,
        47.364482,
        376.5
      ],
      [
        7.985684,
        47.364582,
        378.0
      ],
      [
        7.985476,
        47.363767,
        375.5
      ],
      [
        7.974717,
        47.36747,
        381.25
      ],
      [
        7.973986,
        47.368714,
        391.75
      ],
      [
        7.967524,
        47.368543,
        392.0
      ],
      [
        7.959849,
        47.366801,
        387.0
      ],
      [
        7.955473,
        47.362988,
        387.0
      ],
      [
        7.951067,
        47.361097,
        387.75
      ],
      [
        7.947013,
        47.360452,
        387.75
      ],
      [
        7.935253,
        47.359969,
        384.0
      ],
      [
        7.931974,
        47.36083,
        386.0
      ],
      [
        7.925278,
        47.363895,
        388.75
      ],
      [
        7.925847,
        47.364489,
        388.5
      ],
      [
        7.92252,
        47.365972,
        388.0
      ],
      [
        7.92058,
        47.368868,
        400.0
      ],
      [
        7.919335,
        47.369787,
        403.25
      ],
      [
        7.912528,
        47.368366,
        397.25
      ],
      [
        7.912225,
        47.368243,
        399.0
      ],
      [
        7.913616,
        47.366883,
        395.5
      ],
      [
        7.908054,
        47.361281,
        398.0
      ],
      [
        7.907424,
        47.360148,
        396.0
      ],
      [
        7.905861,
        47.35644,
        392.75
      ],
      [
        7.904518,
        47.350475,
        397.25
      ],
      [
        7.901136,
        47.34973,
        400.0
      ],
      [
        7.895625,
        47.350326,
        401.0
      ],
      [
        7.895045,
        47.350005,
        402.25
      ],
      [
        7.894608,
        47.348739,
        405.5
      ],
      [
        7.893167,
        47.34847,
        408.5
      ],
      [
        7.890692,
        47.346717,
        409.5
      ],
      [
        7.885965,
        47.344828,
        406.5
      ],
      [
        7.885309,
        47.344977,
        406.75
      ],
      [
        7.876614,
        47.343551,
        410.5
      ],
      [
        7.874037,
        47.342797,
        411.25
      ],
      [
        7.864157,
        47.337712,
        418.75
      ],
      [
        7.859374,
        47.333001,
        418.75
      ],
      [
        7.853542,
        47.3312,
        421.0
      ],
      [
        7.849094,
        47.328715,
        423.0
      ],
      [
        7.846851,
        47.330596,
        426.75
      ],
      [
        7.844387,
        47.329764,
        426.0
      ],
      [
        7.844134,
        47.330094,
        426.5
      ],
      [
        7.828491,
        47.325056,
        427.5
      ],
      [
        7.82816,
        47.324635,
        427.0
      ],
      [
        7.829613,
        47.322613,
        427.0
      ],
      [
        7.823189,
        47.320235,
        428.0
      ],
      [
        7.824551,
        47.318472,
        428.0
      ],
      [
        7.814621,
        47.314988,
        430.75
      ],
      [
        7.81387,
        47.315114,
        431.0
      ],
      [
        7.812128,
        47.31722,
        432.5
      ],
      [
        7.807566,
        47.320684,
        431.0
      ],
      [
        7.806552,
        47.319455,
        434.75
      ],
      [
        7.800421,
        47.318511,
        433.0
      ],
      [
        7.798089,
        47.317582,
        433.5
      ],
      [
        7.799804,
        47.31634,
        433.5
      ],
      [
        7.800163,
        47.316737,
        433.0
      ],
      [
        7.799804,
        47.31634,
        433.5
      ],
      [
        7.797937,
        47.317692,
        433.0
      ],
      [
        7.783715,
        47.311155,
        436.75
      ],
      [
        7.76716,
        47.304611,
        440.0
      ],
      [
        7.766286,
        47.305684,
        442.0
      ],
      [
        7.762123,
        47.304167,
        442.0
      ],
      [
        7.76036,
        47.30542,
        444.5
      ],
      [
        7.755614,
        47.301732,
        444.75
      ],
      [
        7.752514,
        47.29998,
        445.75
      ],
      [
        7.733025,
        47.29205,
        453.75
      ],
      [
        7.733357,
        47.291646,
        452.0
      ],
      [
        7.730428,
        47.290541,
        454.0
      ],
      [
        7.726366,
        47.289686,
        456.0
      ],
      [
        7.725821,
        47.289334,
        455.0
      ],
      [
        7.726558,
        47.287964,
        456.0
      ],
      [
        7.716001,
        47.285628,
        458.5
      ],
      [
        7.715823,
        47.285219,
        459.0
      ],
      [
        7.717631,
        47.283196,
        458.0
      ],
      [
        7.716993,
        47.282946,
        458.0
      ],
      [
        7.717631,
        47.283196,
        458.0
      ],
      [
        7.720016,
        47.280312,
        456.25
      ],
      [
        7.70561,
        47.267231,
        457.0
      ],
      [
        7.702364,
        47.265841,
        457.75
      ],
      [
        7.698863,
        47.26524,
        459.75
      ],
      [
        7.696715,
        47.266242,
        461.25
      ],
      [
        7.693393,
        47.265139,
        463.25
      ],
      [
        7.689691,
        47.264657,
        462.75
      ],
      [
        7.687539,
        47.263918,
        461.0
      ],
      [
        7.686664,
        47.264307,
        460.5
      ],
      [
        7.68549,
        47.266011,
        467.0
      ],
      [
        7.680179,
        47.264045,
        466.0
      ],
      [
        7.673626,
        47.262413,
        472.75
      ],
      [
        7.668143,
        47.259672,
        480.0
      ],
      [
        7.668086,
        47.259009,
        483.5
      ],
      [
        7.666487,
        47.258172,
        486.25
      ],
      [
        7.665561,
        47.258985,
        484.25
      ],
      [
        7.663004,
        47.258603,
        483.0
      ],
      [
        7.661596,
        47.259906,
        486.5
      ],
      [
        7.653755,
        47.256105,
        473.75
      ],
      [
        7.650926,
        47.253757,
        465.5
      ],
      [
        7.650867,
        47.253107,
        465.0
      ],
      [
        7.647982,
        47.252426,
        463.5
      ],
      [
        7.645339,
        47.251296,
        467.0
      ],
      [
        7.644211,
        47.251302,
        472.5
      ],
      [
        7.643453,
        47.251766,
        473.5
      ],
      [
        7.63776,
        47.249524,
        472.75
      ],
      [
        7.635577,
        47.249189,
        466.75
      ],
      [
        7.630445,
        47.249735,
        474.0
      ],
      [
        7.620124,
        47.248509,
        468.0
      ],
      [
        7.612111,
        47.246698,
        466.5
      ],
      [
        7.606639,
        47.246641,
        466.75
      ],
      [
        7.605561,
        47.245106,
        461.25
      ],
      [
        7.600092,
        47.24202,
        462.75
      ],
      [
        7.597138,
        47.239531,
        463.0
      ],
      [
        7.586173,
        47.236192,
        469.5
      ],
      [
        7.577519,
        47.232419,
        474.0
      ],
      [
        7.570028,
        47.230599,
        472.5
      ],
      [
        7.568024,
        47.229695,
        473.75
      ],
      [
        7.55302,
        47.219051,
        449.5
      ],
      [
        7.543857,
        47.210999,
        440.0
      ],
      [
        7.539025,
        47.208402,
        439.75
      ],
      [
        7.538212,
        47.208563,
        441.25
      ],
      [
        7.536864,
        47.208167,
        437.75
      ],
      [
        7.53695,
        47.20768,
        434.25
      ],
      [
        7.535271,
        47.206526,
        432.75
      ],
      [
        7.535534,
        47.205945,
        429.25
      ],
      [
        7.532927,
        47.204738,
        428.5
      ],
      [
        7.53115,
        47.201649,
        428.75
      ],
      [
        7.528194,
        47.199352,
        427.5
      ],
      [
        7.527604,
        47.199677,
        428.0
      ],
      [
        7.526484,
        47.199145,
        428.0
      ],
      [
        7.525719,
        47.199888,
        427.75
      ],
      [
        7.523669,
        47.19929,
        428.5
      ],
      [
        7.511038,
        47.198402,
        428.0
      ],
      [
        7.508056,
        47.196897,
        427.5
      ],
      [
        7.505826,
        47.19703,
        427.25
      ],
      [
        7.503235,
        47.19806,
        427.5
      ],
      [
        7.494835,
        47.204674,
        427.5
      ],
      [
        7.492506,
        47.20536,
        427.0
      ],
      [
        7.489863,
        47.205521,
        426.75
      ],
      [
        7.486394,
        47.204615,
        427.5
      ],
      [
        7.484592,
        47.20366,
        427.5
      ],
      [
        7.483452,
        47.202477,
        427.75
      ],
      [
        7.481714,
        47.202734,
        428.0
      ],
      [
        7.479976,
        47.203649,
        428.0
      ],
      [
        7.447352,
        47.197074,
        433.25
      ],
      [
        7.446737,
        47.198459,
        435.25
      ],
      [
        7.398905,
        47.188645,
        439.0
      ],
      [
        7.398006,
        47.188391,
        439.0
      ],
      [
        7.398377,
        47.187503,
        437.0
      ],
      [
        7.397153,
        47.187874,
        437.0
      ],
      [
        7.396707,
        47.189187,
        439.25
      ],
      [
        7.397017,
        47.189656,
        441.75
      ],
      [
        7.396418,
        47.190563,
        445.75
      ],
      [
        7.397153,
        47.187874,
        437.0
      ],
      [
        7.393147,
        47.187369,
        439.0
      ],
      [
        7.391551,
        47.186676,
        440.0
      ],
      [
        7.386438,
        47.187568,
        450.25
      ],
      [
        7.385353,
        47.187319,
        447.75
      ],
      [
        7.378155,
        47.184288,
        444.25
      ],
      [
        7.379017,
        47.182888,
        445.5
      ],
      [
        7.371741,
        47.18135,
        443.0
      ],
      [
        7.369601,
        47.180308,
        446.75
      ],
      [
        7.369176,
        47.178781,
        447.5
      ],
      [
        7.363951,
        47.177445,
        433.0
      ],
      [
        7.363576,
        47.178174,
        433.5
      ],
      [
        7.35629,
        47.174947,
        430.75
      ],
      [
        7.355968,
        47.175284,
        431.0
      ],
      [
        7.353063,
        47.175243,
        430.75
      ],
      [
        7.35011,
        47.17438,
        431.0
      ],
      [
        7.349622,
        47.175627,
        432.5
      ],
      [
        7.333121,
        47.172841,
        435.0
      ],
      [
        7.330879,
        47.17274,
        435.5
      ],
      [
        7.330825,
        47.172123,
        432.5
      ],
      [
        7.316802,
        47.168714,
        435.75
      ],
      [
        7.307343,
        47.167118,
        437.0
      ],
      [
        7.307803,
        47.16574,
        435.75
      ],
      [
        7.302786,
        47.164816,
        435.0
      ],
      [
        7.302237,
        47.165608,
        436.0
      ],
      [
        7.30133,
        47.165651,
        435.5
      ],
      [
        7.299832,
        47.164471,
        433.75
      ],
      [
        7.30001,
        47.163318,
        435.75
      ],
      [
        7.295831,
        47.162705,
        436.25
      ],
      [
        7.285933,
        47.159962,
        438.0
      ],
      [
        7.282203,
        47.158155,
        440.5
      ],
      [
        7.282993,
        47.157125,
        440.25
      ],
      [
        7.274159,
        47.153039,
        444.0
      ],
      [
        7.275658,
        47.151434,
        443.75
      ],
      [
        7.271409,
        47.149271,
        442.25
      ],
      [
        7.27164,
        47.14845,
        441.25
      ],
      [
        7.270883,
        47.148337,
        442.25
      ],
      [
        7.26811,
        47.146426,
        440.5
      ],
      [
        7.266369,
        47.145961,
        439.5
      ],
      [
        7.265654,
        47.144869,
        439.0
      ],
      [
        7.261614,
        47.143695,
        438.25
      ],
      [
        7.260363,
        47.142507,
        437.25
      ],
      [
        7.256187,
        47.141846,
        436.5
      ],
      [
        7.256261,
        47.141297,
        434.25
      ],
      [
        7.246657,
        47.136861,
        434.0
      ],
      [
        7.25012,
        47.133391,
        434.0
      ],
      [
        7.243598,
        47.139848,
        433.75
      ],
      [
        7.244622,
        47.1403,
        434.0
      ],
      [
        7.244579,
        47.141336,
        440.25
      ],
      [
        7.245548,
        47.142537,
        446.5
      ],
      [
        7.254329,
        47.148416,
        479.25
      ],
      [
        7.254854,
        47.149207,
        489.25
      ],
      [
        7.257819,
        47.150816,
        494.25
      ],
      [
        7.259846,
        47.15145,
        476.5
      ],
      [
        7.263242,
        47.154073,
        495.25
      ],
      [
        7.264205,
        47.156261,
        507.5
      ],
      [
        7.26387,
        47.158526,
        523.0
      ],
      [
        7.261532,
        47.159584,
        533.0
      ],
      [
        7.260329,
        47.161931,
        547.5
      ],
      [
        7.259759,
        47.166103,
        564.25
      ],
      [
        7.260101,
        47.168637,
        568.5
      ],
      [
        7.259585,
        47.169656,
        570.25
      ],
      [
        7.260085,
        47.169865,
        574.75
      ],
      [
        7.260364,
        47.168301,
        567.5
      ],
      [
        7.259644,
        47.16911,
        555.25
      ],
      [
        7.256819,
        47.169341,
        541.5
      ],
      [
        7.253522,
        47.168777,
        529.0
      ],
      [
        7.252684,
        47.170249,
        526.75
      ],
      [
        7.249725,
        47.171135,
        530.75
      ],
      [
        7.248182,
        47.172526,
        544.25
      ],
      [
        7.248164,
        47.171303,
        554.75
      ],
      [
        7.247553,
        47.171751,
        559.75
      ],
      [
        7.245986,
        47.171587,
        583.0
      ],
      [
        7.244608,
        47.173313,
        603.0
      ],
      [
        7.244761,
        47.175369,
        595.0
      ],
      [
        7.243348,
        47.176043,
        610.25
      ],
      [
        7.243881,
        47.178649,
        600.75
      ],
      [
        7.243565,
        47.179488,
        596.75
      ],
      [
        7.245462,
        47.179229,
        590.5
      ],
      [
        7.2467,
        47.179873,
        589.0
      ],
      [
        7.250581,
        47.187318,
        593.0
      ],
      [
        7.251158,
        47.187483,
        598.5
      ],
      [
        7.25073,
        47.188282,
        597.5
      ],
      [
        7.2466,
        47.190528,
        597.75
      ],
      [
        7.233117,
        47.189724,
        609.75
      ],
      [
        7.211225,
        47.191005,
        619.5
      ],
      [
        7.20589,
        47.190928,
        620.25
      ],
      [
        7.200707,
        47.189707,
        626.5
      ],
      [
        7.194507,
        47.18958,
        628.75
      ],
      [
        7.189378,
        47.188858,
        629.5
      ],
      [
        7.186807,
        47.189561,
        634.75
      ],
      [
        7.182569,
        47.19004,
        640.0
      ],
      [
        7.180389,
        47.190733,
        648.5
      ],
      [
        7.178705,
        47.190337,
        656.25
      ],
      [
        7.177925,
        47.1916,
        652.25
      ],
      [
        7.179311,
        47.193805,
        652.5
      ],
      [
        7.178672,
        47.19574,
        652.0
      ],
      [
        7.181886,
        47.196832,
        665.75
      ],
      [
        7.183667,
        47.197923,
        675.25
      ],
      [
        7.183891,
        47.19866,
        680.25
      ],
      [
        7.183182,
        47.199093,
        687.25
      ],
      [
        7.180766,
        47.198948,
        696.75
      ],
      [
        7.177959,
        47.199596,
        707.75
      ],
      [
        7.177751,
        47.200018,
        714.0
      ],
      [
        7.182441,
        47.200175,
        737.25
      ],
      [
        7.185474,
        47.201581,
        754.75
      ],
      [
        7.190691,
        47.203096,
        782.5
      ],
      [
        7.191117,
        47.203775,
        786.25
      ],
      [
        7.190653,
        47.20565,
        801.25
      ],
      [
        7.192443,
        47.209073,
        825.5
      ],
      [
        7.195073,
        47.210782,
        826.0
      ],
      [
        7.194842,
        47.211823,
        822.0
      ],
      [
        7.193838,
        47.212603,
        813.75
      ],
      [
        7.193774,
        47.213498,
        803.5
      ],
      [
        7.19017,
        47.214644,
        785.5
      ],
      [
        7.188743,
        47.215569,
        778.5
      ],
      [
        7.191252,
        47.214983,
        770.75
      ],
      [
        7.195026,
        47.215587,
        760.75
      ],
      [
        7.197242,
        47.218231,
        755.25
      ],
      [
        7.197794,
        47.219868,
        757.0
      ],
      [
        7.200211,
        47.220188,
        754.5
      ],
      [
        7.203107,
        47.222701,
        750.75
      ],
      [
        7.203455,
        47.223842,
        749.0
      ],
      [
        7.202834,
        47.225174,
        748.0
      ],
      [
        7.204442,
        47.22622,
        747.0
      ],
      [
        7.204996,
        47.225932,
        747.75
      ],
      [
        7.20646,
        47.2272,
        745.5
      ],
      [
        7.212795,
        47.229944,
        736.75
      ],
      [
        7.212013,
        47.230237,
        738.0
      ],
      [
        7.212321,
        47.230074,
        738.75
      ],
      [
        7.213175,
        47.230799,
        739.0
      ],
      [
        7.213825,
        47.232971,
        736.25
      ],
      [
        7.221317,
        47.235287,
        735.0
      ],
      [
        7.221896,
        47.234674,
        730.25
      ],
      [
        7.229916,
        47.23632,
        727.0
      ],
      [
        7.234186,
        47.236943,
        724.75
      ],
      [
        7.236504,
        47.236921,
        727.5
      ],
      [
        7.237215,
        47.237822,
        720.75
      ],
      [
        7.239104,
        47.238441,
        723.5
      ],
      [
        7.241395,
        47.237585,
        729.75
      ],
      [
        7.244627,
        47.23838,
        730.0
      ],
      [
        7.247322,
        47.238001,
        715.25
      ],
      [
        7.252737,
        47.239323,
        710.5
      ],
      [
        7.253687,
        47.239104,
        714.0
      ],
      [
        7.253604,
        47.238214,
        712.75
      ],
      [
        7.254405,
        47.238021,
        715.75
      ],
      [
        7.267709,
        47.237683,
        707.25
      ],
      [
        7.274834,
        47.236889,
        697.25
      ],
      [
        7.275098,
        47.237245,
        696.0
      ],
      [
        7.276974,
        47.237124,
        694.0
      ],
      [
        7.27695,
        47.236863,
        694.75
      ],
      [
        7.279522,
        47.236322,
        697.75
      ],
      [
        7.282452,
        47.234865,
        699.5
      ],
      [
        7.283538,
        47.235587,
        693.5
      ],
      [
        7.283771,
        47.236362,
        691.0
      ],
      [
        7.285195,
        47.23639,
        690.5
      ],
      [
        7.286871,
        47.23696,
        690.5
      ],
      [
        7.290632,
        47.237148,
        691.5
      ],
      [
        7.29583,
        47.238783,
        695.5
      ],
      [
        7.302661,
        47.23771,
        691.75
      ],
      [
        7.303665,
        47.23779,
        686.0
      ],
      [
        7.303971,
        47.238355,
        683.5
      ],
      [
        7.304929,
        47.23838,
        681.75
      ],
      [
        7.305523,
        47.239156,
        680.0
      ],
      [
        7.307909,
        47.238218,
        679.0
      ],
      [
        7.322384,
        47.237386,
        672.0
      ],
      [
        7.325638,
        47.237785,
        670.5
      ],
      [
        7.330022,
        47.239205,
        670.0
      ],
      [
        7.337067,
        47.23886,
        666.25
      ],
      [
        7.338037,
        47.238052,
        668.75
      ],
      [
        7.338674,
        47.238,
        670.5
      ],
      [
        7.340692,
        47.239203,
        671.5
      ],
      [
        7.347885,
        47.242043,
        666.5
      ],
      [
        7.348819,
        47.243043,
        665.75
      ],
      [
        7.348996,
        47.244207,
        662.75
      ],
      [
        7.348405,
        47.244522,
        661.25
      ],
      [
        7.348371,
        47.244109,
        662.75
      ],
      [
        7.347745,
        47.243973,
        666.25
      ],
      [
        7.348032,
        47.245795,
        662.25
      ],
      [
        7.345917,
        47.24724,
        657.0
      ],
      [
        7.343513,
        47.25123,
        639.25
      ],
      [
        7.34308,
        47.254716,
        629.5
      ],
      [
        7.344886,
        47.258256,
        631.5
      ],
      [
        7.345969,
        47.259316,
        629.25
      ],
      [
        7.348611,
        47.259848,
        616.0
      ],
      [
        7.350117,
        47.260651,
        605.5
      ],
      [
        7.352166,
        47.26482,
        582.0
      ],
      [
        7.357436,
        47.265881,
        569.0
      ],
      [
        7.362443,
        47.26949,
        546.75
      ],
      [
        7.362607,
        47.271292,
        541.0
      ],
      [
        7.364113,
        47.275059,
        534.0
      ],
      [
        7.371326,
        47.278001,
        530.0
      ],
      [
        7.37429,
        47.279699,
        528.0
      ],
      [
        7.378492,
        47.280923,
        527.0
      ],
      [
        7.38153,
        47.282581,
        523.75
      ],
      [
        7.382113,
        47.283832,
        527.5
      ],
      [
        7.38094,
        47.289083,
        513.25
      ],
      [
        7.382047,
        47.290853,
        509.25
      ],
      [
        7.379498,
        47.293922,
        501.5
      ],
      [
        7.379033,
        47.295278,
        501.0
      ],
      [
        7.379374,
        47.297544,
        493.25
      ],
      [
        7.384051,
        47.300796,
        491.5
      ],
      [
        7.385207,
        47.302446,
        488.75
      ],
      [
        7.384843,
        47.303848,
        486.5
      ],
      [
        7.386364,
        47.304564,
        485.75
      ],
      [
        7.389884,
        47.307303,
        482.0
      ],
      [
        7.391476,
        47.31012,
        481.75
      ],
      [
        7.389727,
        47.3151,
        479.0
      ],
      [
        7.38995,
        47.315623,
        481.0
      ],
      [
        7.382139,
        47.317195,
        474.25
      ],
      [
        7.38055,
        47.318742,
        472.25
      ],
      [
        7.380614,
        47.320369,
        464.5
      ],
      [
        7.379806,
        47.321813,
        462.5
      ],
      [
        7.377357,
        47.323545,
        459.25
      ],
      [
        7.376364,
        47.324772,
        455.5
      ],
      [
        7.376376,
        47.325405,
        452.0
      ],
      [
        7.377642,
        47.326481,
        450.0
      ],
      [
        7.378696,
        47.328445,
        448.25
      ],
      [
        7.378759,
        47.329549,
        450.0
      ],
      [
        7.373896,
        47.333267,
        444.75
      ],
      [
        7.373164,
        47.335192,
        441.0
      ],
      [
        7.374286,
        47.338045,
        438.0
      ],
      [
        7.372925,
        47.340249,
        433.0
      ],
      [
        7.371938,
        47.340629,
        433.0
      ],
      [
        7.369213,
        47.343282,
        433.25
      ],
      [
        7.367979,
        47.345328,
        431.75
      ],
      [
        7.365018,
        47.352302,
        424.75
      ],
      [
        7.365256,
        47.353955,
        422.0
      ],
      [
        7.364007,
        47.354675,
        421.5
      ],
      [
        7.360298,
        47.363045,
        412.75
      ],
      [
        7.357933,
        47.364566,
        415.25
      ],
      [
        7.356815,
        47.363535,
        412.0
      ],
      [
        7.3545,
        47.363067,
        412.0
      ],
      [
        7.352642,
        47.367877,
        412.5
      ],
      [
        7.349857,
        47.367252,
        416.0
      ],
      [
        7.350003,
        47.366667,
        410.25
      ],
      [
        7.349857,
        47.367252,
        416.0
      ],
      [
        7.352444,
        47.367767,
        412.0
      ],
      [
        7.355752,
        47.369904,
        409.0
      ],
      [
        7.3599,
        47.371242,
        407.5
      ],
      [
        7.361308,
        47.37126,
        409.0
      ],
      [
        7.362432,
        47.376435,
        409.75
      ],
      [
        7.360342,
        47.378207,
        407.5
      ],
      [
        7.360004,
        47.379486,
        405.0
      ],
      [
        7.363331,
        47.384028,
        400.25
      ],
      [
        7.363034,
        47.384246,
        399.0
      ],
      [
        7.366074,
        47.387639,
        399.0
      ],
      [
        7.368104,
        47.388521,
        402.0
      ],
      [
        7.370324,
        47.388568,
        400.5
      ],
      [
        7.371165,
        47.389074,
        398.0
      ],
      [
        7.37442,
        47.389364,
        397.25
      ],
      [
        7.380303,
        47.39092,
        393.75
      ],
      [
        7.391377,
        47.391789,
        392.25
      ],
      [
        7.392972,
        47.391019,
        394.5
      ],
      [
        7.394677,
        47.391548,
        394.0
      ],
      [
        7.397454,
        47.393195,
        393.0
      ],
      [
        7.398255,
        47.393892,
        390.5
      ],
      [
        7.397874,
        47.39447,
        390.0
      ],
      [
        7.404657,
        47.395276,
        387.0
      ],
      [
        7.410685,
        47.394159,
        385.75
      ],
      [
        7.410521,
        47.393507,
        387.5
      ],
      [
        7.41646,
        47.393144,
        385.5
      ],
      [
        7.420528,
        47.393694,
        386.75
      ],
      [
        7.421886,
        47.394045,
        385.25
      ],
      [
        7.421804,
        47.39451,
        384.25
      ],
      [
        7.424202,
        47.39471,
        383.75
      ],
      [
        7.426136,
        47.395611,
        382.5
      ],
      [
        7.429689,
        47.395993,
        382.0
      ],
      [
        7.432918,
        47.393911,
        381.25
      ],
      [
        7.434016,
        47.39381,
        381.25
      ],
      [
        7.435296,
        47.394256,
        380.5
      ],
      [
        7.436843,
        47.395573,
        381.25
      ],
      [
        7.436787,
        47.396255,
        382.0
      ],
      [
        7.43958,
        47.400598,
        382.25
      ],
      [
        7.441476,
        47.402347,
        383.5
      ],
      [
        7.443831,
        47.402614,
        383.0
      ],
      [
        7.446648,
        47.401215,
        387.5
      ],
      [
        7.448061,
        47.401039,
        385.0
      ],
      [
        7.448705,
        47.401586,
        383.75
      ],
      [
        7.44824,
        47.402836,
        383.75
      ],
      [
        7.448711,
        47.403738,
        388.5
      ],
      [
        7.452848,
        47.404913,
        379.25
      ],
      [
        7.455504,
        47.404502,
        378.25
      ],
      [
        7.458271,
        47.402151,
        376.0
      ],
      [
        7.460356,
        47.401415,
        373.75
      ],
      [
        7.462259,
        47.401453,
        374.75
      ],
      [
        7.463558,
        47.402599,
        370.0
      ],
      [
        7.464618,
        47.402826,
        371.5
      ],
      [
        7.471884,
        47.400624,
        368.25
      ],
      [
        7.476215,
        47.401155,
        365.75
      ],
      [
        7.47726,
        47.400224,
        367.0
      ],
      [
        7.481971,
        47.401213,
        369.25
      ],
      [
        7.488648,
        47.404035,
        366.5
      ],
      [
        7.490088,
        47.405433,
        361.5
      ],
      [
        7.491184,
        47.407453,
        359.5
      ],
      [
        7.492631,
        47.408252,
        362.0
      ],
      [
        7.493245,
        47.409447,
        370.0
      ],
      [
        7.497329,
        47.410689,
        360.75
      ],
      [
        7.499135,
        47.412911,
        361.25
      ],
      [
        7.502814,
        47.414003,
        360.0
      ],
      [
        7.503326,
        47.414836,
        358.25
      ],
      [
        7.502806,
        47.417868,
        352.5
      ],
      [
        7.501721,
        47.417872,
        352.75
      ],
      [
        7.501538,
        47.416588,
        355.0
      ],
      [
        7.50059,
        47.416844,
        355.5
      ],
      [
        7.501538,
        47.416588,
        355.0
      ],
      [
        7.503207,
        47.420973,
        354.0
      ],
      [
        7.504719,
        47.421802,
        350.5
      ],
      [
        7.50638,
        47.421114,
        352.0
      ],
      [
        7.509609,
        47.421792,
        347.5
      ],
      [
        7.510504,
        47.423057,
        346.75
      ],
      [
        7.51164,
        47.426923,
        352.75
      ],
      [
        7.51279,
        47.428076,
        351.0
      ],
      [
        7.514681,
        47.428887,
        351.0
      ],
      [
        7.524039,
        47.430849,
        354.0
      ],
      [
        7.528658,
        47.432475,
        347.5
      ],
      [
        7.530744,
        47.432747,
        349.0
      ],
      [
        7.531144,
        47.43384,
        353.0
      ],
      [
        7.530672,
        47.434868,
        349.0
      ],
      [
        7.530901,
        47.43713,
        343.75
      ],
      [
        7.533618,
        47.436991,
        338.0
      ],
      [
        7.533805,
        47.437452,
        338.25
      ],
      [
        7.535612,
        47.437724,
        335.0
      ],
      [
        7.535585,
        47.439004,
        338.5
      ],
      [
        7.53902,
        47.439028,
        338.5
      ],
      [
        7.538981,
        47.439441,
        339.75
      ],
      [
        7.54248,
        47.44025,
        336.75
      ],
      [
        7.544293,
        47.441263,
        335.25
      ],
      [
        7.546885,
        47.443712,
        336.0
      ],
      [
        7.548116,
        47.444224,
        335.25
      ],
      [
        7.554074,
        47.444546,
        333.25
      ],
      [
        7.556257,
        47.444235,
        335.0
      ],
      [
        7.560836,
        47.442186,
        336.75
      ],
      [
        7.560813,
        47.441732,
        335.75
      ],
      [
        7.563905,
        47.440931,
        332.5
      ],
      [
        7.565345,
        47.439667,
        333.5
      ],
      [
        7.568993,
        47.437844,
        328.0
      ],
      [
        7.571088,
        47.439283,
        331.0
      ],
      [
        7.574435,
        47.440049,
        332.5
      ],
      [
        7.579561,
        47.440049,
        333.25
      ],
      [
        7.58413,
        47.441304,
        329.25
      ],
      [
        7.587281,
        47.441457,
        326.0
      ],
      [
        7.589185,
        47.442073,
        326.25
      ],
      [
        7.590508,
        47.441104,
        321.75
      ],
      [
        7.592743,
        47.441588,
        321.25
      ],
      [
        7.597367,
        47.441386,
        321.25
      ],
      [
        7.600273,
        47.442605,
        317.5
      ],
      [
        7.601511,
        47.443645,
        316.0
      ],
      [
        7.601997,
        47.444999,
        313.75
      ],
      [
        7.599864,
        47.449386,
        313.5
      ],
      [
        7.600091,
        47.45101,
        312.5
      ],
      [
        7.602788,
        47.453326,
        308.25
      ],
      [
        7.607794,
        47.456518,
        307.25
      ],
      [
        7.609833,
        47.45858,
        305.75
      ],
      [
        7.609884,
        47.459452,
        306.0
      ],
      [
        7.607187,
        47.461903,
        303.5
      ],
      [
        7.604102,
        47.463115,
        302.25
      ],
      [
        7.602175,
        47.467655,
        298.75
      ],
      [
        7.600999,
        47.467504,
        301.25
      ],
      [
        7.599508,
        47.468386,
        304.5
      ],
      [
        7.598504,
        47.46848,
        307.0
      ],
      [
        7.598243,
        47.467997,
        308.5
      ],
      [
        7.595953,
        47.467274,
        316.0
      ],
      [
        7.592884,
        47.467281,
        318.0
      ],
      [
        7.590036,
        47.467952,
        318.75
      ],
      [
        7.583487,
        47.466369,
        341.0
      ],
      [
        7.590036,
        47.467952,
        318.75
      ],
      [
        7.592884,
        47.467281,
        318.0
      ],
      [
        7.595029,
        47.467259,
        316.75
      ],
      [
        7.598334,
        47.468044,
        308.0
      ],
      [
        7.600017,
        47.472311,
        305.0
      ],
      [
        7.601239,
        47.473477,
        303.0
      ],
      [
        7.604161,
        47.481189,
        292.75
      ],
      [
        7.605652,
        47.483723,
        292.5
      ],
      [
        7.606828,
        47.488657,
        290.25
      ],
      [
        7.605037,
        47.490569,
        288.75
      ],
      [
        7.601137,
        47.492044,
        296.0
      ],
      [
        7.601997,
        47.497722,
        296.5
      ],
      [
        7.601266,
        47.499387,
        295.75
      ],
      [
        7.601797,
        47.500166,
        294.75
      ],
      [
        7.601866,
        47.502897,
        297.25
      ],
      [
        7.605503,
        47.508344,
        293.25
      ],
      [
        7.606833,
        47.509286,
        293.0
      ],
      [
        7.606826,
        47.51079,
        291.0
      ],
      [
        7.60983,
        47.51396,
        288.75
      ],
      [
        7.609919,
        47.514942,
        290.0
      ],
      [
        7.611689,
        47.516364,
        287.5
      ],
      [
        7.614155,
        47.519486,
        281.0
      ],
      [
        7.61393,
        47.520125,
        286.25
      ],
      [
        7.610285,
        47.522173,
        288.75
      ],
      [
        7.611443,
        47.52363,
        288.0
      ],
      [
        7.61212,
        47.525863,
        287.0
      ],
      [
        7.611369,
        47.529009,
        285.0
      ],
      [
        7.611825,
        47.53268,
        285.25
      ],
      [
        7.609638,
        47.536076,
        284.25
      ],
      [
        7.604559,
        47.540698,
        280.75
      ],
      [
        7.599281,
        47.543367,
        280.5
      ],
      [
        7.59928,
        47.544468,
        281.5
      ],
      [
        7.591281,
        47.547235,
        279.0
      ],
      [
        7.591114,
        47.548951,
        277.75
      ],
      [
        7.5928,
        47.550214,
        274.0
      ],
      [
        7.591964,
        47.551081,
        272.0
      ],
      [
        7.59345,
        47.552495,
        270.0
      ],
      [
        7.592141,
        47.553745,
        268.5
      ],
      [
        7.589686,
        47.55409,
        259.75
      ],
      [
        7.58988,
        47.554751,
        259.25
      ],
      [
        7.590548,
        47.554725,
        261.25
      ],
      [
        7.58988,
        47.554751,
        259.25
      ],
      [
        7.590037,
        47.554002,
        261.0
      ],
      [
        7.587919,
        47.554315,
        267.0
      ],
      [
        7.587033,
        47.555524,
        272.25
      ],
      [
        7.584134,
        47.556612,
        272.0
      ],
      [
        7.584523,
        47.559454,
        267.0
      ],
      [
        7.586131,
        47.561547,
        257.75
      ],
      [
        7.584515,
        47.562033,
        258.0
      ],
      [
        7.580762,
        47.564944,
        258.0
      ],
      [
        7.574937,
        47.570943,
        259.0
      ],
      [
        7.576401,
        47.572536,
        257.0
      ],
      [
        7.570977,
        47.578184,
        257.75
      ],
      [
        7.572414,
        47.578735,
        256.0
      ],
      [
        7.573313,
        47.581326,
        255.0
      ],
      [
        7.567827,
        47.587796,
        255.0
      ],
      [
        7.571127,
        47.589377,
        249.75
      ],
      [
        7.568803,
        47.590417,
        247.0
      ],
      [
        7.575835,
        47.593775,
        246.75
      ],
      [
        7.560673,
        47.604883,
        244.25
      ],
      [
        7.54668,
        47.619117,
        242.75
      ],
      [
        7.544363,
        47.621996,
        242.0
      ],
      [
        7.529409,
        47.636823,
        239.25
      ],
      [
        7.515727,
        47.653052,
        237.75
      ],
      [
        7.510049,
        47.655061,
        236.75
      ],
      [
        7.50569,
        47.654102,
        245.5
      ],
      [
        7.504579,
        47.65353,
        249.75
      ],
      [
        7.500367,
        47.653841,
        252.75
      ],
      [
        7.494514,
        47.652875,
        254.5
      ],
      [
        7.474642,
        47.691027,
        248.25
      ],
      [
        7.474838,
        47.691621,
        247.75
      ],
      [
        7.471112,
        47.706143,
        243.0
      ],
      [
        7.470586,
        47.706624,
        243.0
      ],
      [
        7.470836,
        47.707189,
        243.0
      ],
      [
        7.465443,
        47.728603,
        239.0
      ],
      [
        7.44403,
        47.762144,
        235.0
      ],
      [
        7.444316,
        47.762737,
        236.75
      ],
      [
        7.424838,
        47.764851,
        237.5
      ],
      [
        7.422608,
        47.764733,
        237.75
      ],
      [
        7.415825,
        47.765901,
        236.75
      ],
      [
        7.40318,
        47.767313,
        236.5
      ],
      [
        7.401493,
        47.766893,
        236.0
      ],
      [
        7.393651,
        47.767989,
        235.75
      ],
      [
        7.387106,
        47.765183,
        234.25
      ],
      [
        7.386778,
        47.764588,
        234.0
      ],
      [
        7.388156,
        47.763106,
        234.0
      ],
      [
        7.378508,
        47.7606,
        234.5
      ],
      [
        7.369514,
        47.755252,
        239.0
      ],
      [
        7.366268,
        47.754462,
        241.0
      ],
      [
        7.364913,
        47.754542,
        241.0
      ],
      [
        7.363227,
        47.753416,
        240.0
      ],
      [
        7.362514,
        47.753556,
        239.0
      ],
      [
        7.363122,
        47.753456,
        239.5
      ],
      [
        7.362733,
        47.753788,
        236.75
      ],
      [
        7.359954,
        47.751853,
        237.25
      ],
      [
        7.358176,
        47.751174,
        238.0
      ],
      [
        7.352773,
        47.754814,
        237.5
      ],
      [
        7.348311,
        47.751468,
        237.0
      ],
      [
        7.343744,
        47.749164,
        238.0
      ],
      [
        7.342768,
        47.748222,
        239.0
      ],
      [
        7.341033,
        47.749338,
        239.0
      ],
      [
        7.340528,
        47.750336,
        239.0
      ],
      [
        7.340977,
        47.7497,
        239.0
      ],
      [
        7.338966,
        47.74991,
        240.0
      ],
      [
        7.3369,
        47.75358,
        237.75
      ],
      [
        7.336435,
        47.755968,
        238.0
      ],
      [
        7.332744,
        47.759968,
        239.0
      ],
      [
        7.330947,
        47.758631,
        239.0
      ],
      [
        7.329944,
        47.758834,
        240.0
      ],
      [
        7.32675,
        47.761303,
        239.0
      ],
      [
        7.324081,
        47.764755,
        240.75
      ],
      [
        7.321747,
        47.764373,
        236.75
      ],
      [
        7.319807,
        47.765525,
        238.75
      ],
      [
        7.317962,
        47.765888,
        240.25
      ],
      [
        7.317801,
        47.767259,
        241.0
      ],
      [
        7.316072,
        47.769809,
        240.0
      ],
      [
        7.31075,
        47.773882,
        240.0
      ],
      [
        7.309095,
        47.773427,
        240.0
      ],
      [
        7.306153,
        47.77346,
        240.0
      ],
      [
        7.305997,
        47.774913,
        240.0
      ],
      [
        7.294953,
        47.774321,
        244.75
      ],
      [
        7.292583,
        47.775697,
        245.25
      ],
      [
        7.289952,
        47.776392,
        246.0
      ],
      [
        7.285402,
        47.778711,
        246.0
      ],
      [
        7.277601,
        47.780484,
        250.0
      ],
      [
        7.267356,
        47.784046,
        253.0
      ],
      [
        7.261406,
        47.784801,
        258.25
      ],
      [
        7.25652,
        47.787433,
        258.0
      ],
      [
        7.249488,
        47.789531,
        259.0
      ],
      [
        7.245188,
        47.789849,
        262.5
      ],
      [
        7.242061,
        47.79075,
        261.5
      ],
      [
        7.240859,
        47.791746,
        261.5
      ],
      [
        7.239462,
        47.794163,
        261.75
      ],
      [
        7.239763,
        47.795393,
        262.0
      ],
      [
        7.241529,
        47.797487,
        261.75
      ],
      [
        7.232203,
        47.79896,
        265.75
      ],
      [
        7.232905,
        47.80295,
        264.0
      ],
      [
        7.231782,
        47.803052,
        264.5
      ],
      [
        7.232995,
        47.806235,
        264.0
      ],
      [
        7.232625,
        47.809208,
        263.0
      ],
      [
        7.23296,
        47.809275,
        263.0
      ],
      [
        7.229519,
        47.810126,
        264.0
      ],
      [
        7.228646,
        47.810759,
        265.5
      ],
      [
        7.226629,
        47.810755,
        266.75
      ],
      [
        7.223691,
        47.812645,
        264.75
      ],
      [
        7.221902,
        47.812031,
        266.25
      ],
      [
        7.216161,
        47.811437,
        271.0
      ],
      [
        7.209947,
        47.808281,
        277.0
      ],
      [
        7.207555,
        47.806477,
        279.0
      ],
      [
        7.205679,
        47.805782,
        280.0
      ],
      [
        7.203915,
        47.805698,
        280.75
      ],
      [
        7.200453,
        47.80654,
        284.25
      ],
      [
        7.197151,
        47.806607,
        285.5
      ],
      [
        7.189997,
        47.805442,
        288.25
      ],
      [
        7.184795,
        47.805958,
        292.0
      ],
      [
        7.182506,
        47.805364,
        295.25
      ],
      [
        7.181715,
        47.807235,
        293.75
      ],
      [
        7.181579,
        47.810208,
        294.0
      ],
      [
        7.173843,
        47.811366,
        299.0
      ],
      [
        7.172751,
        47.810487,
        301.0
      ],
      [
        7.172237,
        47.808744,
        300.0
      ],
      [
        7.170953,
        47.808838,
        301.0
      ],
      [
        7.166009,
        47.807733,
        303.25
      ],
      [
        7.161421,
        47.80748,
        305.0
      ],
      [
        7.158948,
        47.807844,
        307.0
      ],
      [
        7.157394,
        47.807689,
        308.0
      ],
      [
        7.157313,
        47.807384,
        308.0
      ],
      [
        7.151769,
        47.808593,
        313.75
      ],
      [
        7.143899,
        47.807061,
        315.75
      ],
      [
        7.141374,
        47.80762,
        317.0
      ],
      [
        7.140596,
        47.808491,
        319.5
      ],
      [
        7.137678,
        47.807603,
        321.5
      ],
      [
        7.134151,
        47.807247,
        323.0
      ],
      [
        7.126643,
        47.80753,
        327.75
      ],
      [
        7.123825,
        47.806962,
        326.0
      ],
      [
        7.121768,
        47.80706,
        328.0
      ],
      [
        7.118119,
        47.808538,
        329.75
      ],
      [
        7.117952,
        47.810255,
        329.0
      ],
      [
        7.11542,
        47.809971,
        330.0
      ],
      [
        7.11165,
        47.810265,
        331.75
      ],
      [
        7.109928,
        47.811265,
        335.75
      ],
      [
        7.104932,
        47.812622,
        337.25
      ],
      [
        7.104596,
        47.811687,
        337.0
      ],
      [
        7.102087,
        47.810089,
        340.0
      ],
      [
        7.101445,
        47.805249,
        346.75
      ],
      [
        7.102842,
        47.802976,
        340.5
      ],
      [
        7.114261,
        47.794634,
        328.5
      ],
      [
        7.114826,
        47.793265,
        328.5
      ],
      [
        7.114479,
        47.791418,
        330.75
      ],
      [
        7.112799,
        47.78986,
        333.25
      ],
      [
        7.104934,
        47.787303,
        343.75
      ],
      [
        7.103314,
        47.785064,
        349.0
      ],
      [
        7.099382,
        47.78262,
        352.5
      ],
      [
        7.097735,
        47.780649,
        364.0
      ],
      [
        7.096419,
        47.77828,
        355.75
      ],
      [
        7.096575,
        47.777094,
        357.0
      ],
      [
        7.093242,
        47.773659,
        383.75
      ],
      [
        7.093953,
        47.772084,
        392.25
      ],
      [
        7.093326,
        47.769076,
        402.25
      ],
      [
        7.092369,
        47.768621,
        396.5
      ],
      [
        7.090623,
        47.768792,
        389.0
      ],
      [
        7.090245,
        47.76849,
        387.0
      ],
      [
        7.090835,
        47.767809,
        388.25
      ],
      [
        7.093734,
        47.766646,
        394.5
      ],
      [
        7.092324,
        47.763556,
        372.75
      ],
      [
        7.089981,
        47.763421,
        366.25
      ],
      [
        7.089477,
        47.762794,
        360.5
      ],
      [
        7.090627,
        47.762294,
        364.25
      ],
      [
        7.090526,
        47.761308,
        369.5
      ],
      [
        7.092027,
        47.76075,
        374.75
      ],
      [
        7.090356,
        47.758942,
        362.25
      ],
      [
        7.091526,
        47.758966,
        357.5
      ],
      [
        7.091852,
        47.758373,
        352.25
      ],
      [
        7.093378,
        47.75773,
        343.75
      ],
      [
        7.091877,
        47.757825,
        340.75
      ],
      [
        7.090608,
        47.757299,
        335.0
      ],
      [
        7.090876,
        47.755093,
        332.0
      ],
      [
        7.090044,
        47.75318,
        334.0
      ],
      [
        7.088559,
        47.753302,
        335.0
      ],
      [
        7.086846,
        47.752933,
        337.0
      ],
      [
        7.084373,
        47.750141,
        338.0
      ],
      [
        7.076248,
        47.751566,
        348.0
      ],
      [
        7.061475,
        47.751932,
        360.0
      ],
      [
        7.053712,
        47.752904,
        366.25
      ],
      [
        7.05027,
        47.753661,
        368.0
      ],
      [
        7.0389,
        47.757702,
        366.5
      ],
      [
        7.034188,
        47.757183,
        368.75
      ],
      [
        7.027674,
        47.758385,
        375.0
      ],
      [
        7.023934,
        47.757625,
        375.75
      ],
      [
        7.020664,
        47.757814,
        378.0
      ],
      [
        7.017929,
        47.756839,
        379.0
      ],
      [
        7.014298,
        47.757804,
        383.75
      ],
      [
        7.011778,
        47.759301,
        385.0
      ],
      [
        7.010534,
        47.762115,
        389.5
      ],
      [
        7.007759,
        47.765691,
        391.75
      ],
      [
        7.007236,
        47.767488,
        394.0
      ],
      [
        7.004947,
        47.769086,
        398.0
      ],
      [
        7.003397,
        47.770785,
        402.75
      ],
      [
        7.001878,
        47.774896,
        404.25
      ],
      [
        7.000451,
        47.776477,
        408.25
      ],
      [
        7.002817,
        47.778904,
        434.25
      ],
      [
        7.006599,
        47.780816,
        455.5
      ],
      [
        7.007397,
        47.781857,
        455.0
      ],
      [
        7.011691,
        47.783183,
        450.25
      ],
      [
        7.009491,
        47.781476,
        445.5
      ],
      [
        7.011691,
        47.783183,
        450.25
      ],
      [
        7.007397,
        47.781857,
        455.0
      ],
      [
        7.006599,
        47.780816,
        455.5
      ],
      [
        7.002817,
        47.778904,
        434.25
      ],
      [
        7.000451,
        47.776477,
        408.25
      ],
      [
        7.001878,
        47.774896,
        404.25
      ],
      [
        7.003397,
        47.770785,
        402.75
      ],
      [
        7.004947,
        47.769086,
        398.0
      ],
      [
        7.007236,
        47.767488,
        394.0
      ],
      [
        7.007759,
        47.765691,
        391.75
      ],
      [
        7.010534,
        47.762115,
        389.5
      ],
      [
        7.011778,
        47.759301,
        385.0
      ],
      [
        7.014027,
        47.757891,
        384.5
      ],
      [
        7.01825,
        47.756779,
        379.0
      ],
      [
        7.018617,
        47.755592,
        380.75
      ],
      [
        7.017346,
        47.753822,
        392.25
      ],
      [
        7.014762,
        47.752396,
        420.0
      ],
      [
        7.015303,
        47.751752,
        422.5
      ],
      [
        7.014487,
        47.742813,
        418.0
      ],
      [
        7.015333,
        47.739676,
        413.0
      ],
      [
        7.014543,
        47.737404,
        411.25
      ],
      [
        7.015541,
        47.732079,
        409.0
      ],
      [
        7.014555,
        47.729943,
        408.0
      ],
      [
        7.012915,
        47.729084,
        406.75
      ],
      [
        7.012147,
        47.72792,
        407.5
      ],
      [
        7.01207,
        47.724247,
        401.25
      ],
      [
        7.007205,
        47.721943,
        388.75
      ],
      [
        7.009339,
        47.719831,
        385.25
      ],
      [
        7.011344,
        47.71498,
        380.0
      ],
      [
        7.012904,
        47.712938,
        379.0
      ],
      [
        7.012525,
        47.712368,
        379.0
      ],
      [
        7.013349,
        47.710766,
        379.0
      ],
      [
        7.011324,
        47.709639,
        381.5
      ],
      [
        7.014427,
        47.703074,
        377.75
      ],
      [
        7.014502,
        47.701668,
        378.5
      ],
      [
        7.015899,
        47.698324,
        373.5
      ],
      [
        7.013199,
        47.694273,
        367.0
      ],
      [
        7.011637,
        47.693474,
        367.5
      ],
      [
        7.010219,
        47.691564,
        372.0
      ],
      [
        7.008091,
        47.69001,
        373.75
      ],
      [
        7.003851,
        47.685464,
        376.0
      ],
      [
        7.002594,
        47.682099,
        372.25
      ],
      [
        7.000484,
        47.681013,
        372.5
      ],
      [
        6.998556,
        47.678976,
        368.25
      ],
      [
        6.997843,
        47.676489,
        365.25
      ],
      [
        6.998323,
        47.673242,
        358.5
      ],
      [
        6.997921,
        47.672785,
        358.0
      ],
      [
        6.982719,
        47.669675,
        368.75
      ],
      [
        6.980447,
        47.670219,
        368.0
      ],
      [
        6.972315,
        47.669577,
        372.5
      ],
      [
        6.97182,
        47.668489,
        374.0
      ],
      [
        6.972148,
        47.666619,
        374.0
      ],
      [
        6.967166,
        47.666368,
        361.75
      ],
      [
        6.964787,
        47.664821,
        359.0
      ],
      [
        6.960337,
        47.664585,
        360.0
      ],
      [
        6.960573,
        47.662134,
        359.75
      ],
      [
        6.958437,
        47.66098,
        357.75
      ],
      [
        6.955352,
        47.660822,
        365.25
      ],
      [
        6.949991,
        47.662948,
        371.75
      ],
      [
        6.947841,
        47.662647,
        373.5
      ],
      [
        6.944966,
        47.662881,
        367.25
      ],
      [
        6.937886,
        47.660118,
        365.75
      ],
      [
        6.934475,
        47.660159,
        358.0
      ],
      [
        6.933548,
        47.661218,
        350.5
      ],
      [
        6.929197,
        47.661101,
        358.75
      ],
      [
        6.92478,
        47.659332,
        350.5
      ],
      [
        6.922513,
        47.659411,
        350.0
      ],
      [
        6.92111,
        47.658991,
        351.25
      ],
      [
        6.919469,
        47.659328,
        352.75
      ],
      [
        6.914277,
        47.658815,
        351.0
      ],
      [
        6.91135,
        47.659742,
        353.75
      ],
      [
        6.908024,
        47.659707,
        354.75
      ],
      [
        6.906645,
        47.65894,
        356.5
      ],
      [
        6.904189,
        47.656546,
        355.5
      ],
      [
        6.897626,
        47.655975,
        370.25
      ],
      [
        6.894802,
        47.654863,
        376.25
      ],
      [
        6.891891,
        47.655247,
        382.0
      ],
      [
        6.889383,
        47.653745,
        379.25
      ],
      [
        6.885747,
        47.652996,
        380.25
      ],
      [
        6.883064,
        47.651382,
        380.0
      ],
      [
        6.880881,
        47.650587,
        380.25
      ],
      [
        6.87769,
        47.650562,
        378.75
      ],
      [
        6.875352,
        47.651287,
        379.75
      ],
      [
        6.873852,
        47.651351,
        379.0
      ],
      [
        6.867049,
        47.649218,
        369.5
      ],
      [
        6.865319,
        47.646387,
        363.0
      ],
      [
        6.862762,
        47.643948,
        360.0
      ],
      [
        6.86247,
        47.643173,
        360.75
      ],
      [
        6.861691,
        47.642939,
        360.25
      ],
      [
        6.859561,
        47.640947,
        358.75
      ],
      [
        6.857749,
        47.641612,
        361.0
      ],
      [
        6.85257,
        47.641385,
        361.75
      ],
      [
        6.848382,
        47.641047,
        368.0
      ],
      [
        6.848816,
        47.64,
        371.25
      ],
      [
        6.849999,
        47.639977,
        369.25
      ],
      [
        6.846157,
        47.640036,
        380.0
      ],
      [
        6.846141,
        47.637717,
        378.75
      ],
      [
        6.845427,
        47.636295,
        372.75
      ],
      [
        6.84561,
        47.635443,
        371.75
      ],
      [
        6.846543,
        47.634974,
        370.75
      ],
      [
        6.846743,
        47.633063,
        369.0
      ],
      [
        6.842735,
        47.629664,
        374.0
      ],
      [
        6.843694,
        47.62793,
        375.0
      ],
      [
        6.84505,
        47.627548,
        373.0
      ],
      [
        6.84533,
        47.627114,
        372.75
      ],
      [
        6.844695,
        47.626344,
        375.0
      ],
      [
        6.839783,
        47.623523,
        362.75
      ],
      [
        6.840789,
        47.62235,
        359.75
      ],
      [
        6.841453,
        47.618749,
        354.5
      ],
      [
        6.839046,
        47.615839,
        350.5
      ],
      [
        6.839189,
        47.614632,
        350.75
      ],
      [
        6.832304,
        47.614644,
        347.5
      ],
      [
        6.828261,
        47.612252,
        361.0
      ],
      [
        6.826611,
        47.606607,
        350.75
      ],
      [
        6.827085,
        47.606496,
        348.5
      ],
      [
        6.826078,
        47.604785,
        346.0
      ],
      [
        6.822465,
        47.60197,
        349.75
      ],
      [
        6.82288,
        47.60107,
        349.75
      ],
      [
        6.821989,
        47.597033,
        356.75
      ],
      [
        6.819594,
        47.594742,
        363.75
      ],
      [
        6.815889,
        47.592197,
        363.0
      ],
      [
        6.811546,
        47.593761,
        355.5
      ],
      [
        6.807539,
        47.594424,
        372.25
      ],
      [
        6.804151,
        47.591437,
        386.5
      ],
      [
        6.802619,
        47.590862,
        384.25
      ],
      [
        6.802037,
        47.589744,
        390.75
      ],
      [
        6.798052,
        47.586068,
        379.25
      ],
      [
        6.792922,
        47.582825,
        359.75
      ],
      [
        6.792147,
        47.581384,
        358.75
      ],
      [
        6.790856,
        47.581628,
        353.25
      ],
      [
        6.788438,
        47.58131,
        354.75
      ],
      [
        6.784602,
        47.580044,
        353.75
      ],
      [
        6.782751,
        47.578694,
        345.5
      ],
      [
        6.778081,
        47.57149,
        332.75
      ],
      [
        6.77479,
        47.56821,
        331.5
      ],
      [
        6.774189,
        47.566624,
        331.5
      ],
      [
        6.774703,
        47.565377,
        336.5
      ],
      [
        6.774367,
        47.56511,
        331.75
      ],
      [
        6.775716,
        47.563784,
        330.5
      ],
      [
        6.77558,
        47.563068,
        329.0
      ],
      [
        6.778903,
        47.561774,
        327.5
      ],
      [
        6.780283,
        47.560186,
        327.25
      ],
      [
        6.780416,
        47.558556,
        326.75
      ],
      [
        6.778735,
        47.555498,
        330.75
      ],
      [
        6.780001,
        47.553414,
        325.25
      ],
      [
        6.778622,
        47.550507,
        328.75
      ],
      [
        6.77998,
        47.547827,
        325.0
      ],
      [
        6.781195,
        47.547727,
        324.0
      ],
      [
        6.78527,
        47.546248,
        326.5
      ],
      [
        6.785834,
        47.542313,
        326.25
      ],
      [
        6.787221,
        47.539667,
        328.5
      ],
      [
        6.789026,
        47.538163,
        324.5
      ],
      [
        6.793491,
        47.535923,
        328.25
      ],
      [
        6.794114,
        47.53461,
        326.0
      ],
      [
        6.796044,
        47.532822,
        321.0
      ],
      [
        6.796171,
        47.532344,
        321.0
      ],
      [
        6.79531,
        47.531567,
        320.75
      ],
      [
        6.801213,
        47.52434,
        320.0
      ],
      [
        6.80143,
        47.52188,
        319.25
      ],
      [
        6.798962,
        47.51758,
        319.0
      ],
      [
        6.798308,
        47.515406,
        318.75
      ],
      [
        6.799058,
        47.512793,
        318.0
      ],
      [
        6.801024,
        47.510403,
        319.0
      ],
      [
        6.799971,
        47.509987,
        316.5
      ],
      [
        6.799261,
        47.51073,
        317.0
      ],
      [
        6.796002,
        47.510123,
        316.0
      ],
      [
        6.795748,
        47.510602,
        317.0
      ],
      [
        6.795326,
        47.51051,
        316.75
      ],
      [
        6.795481,
        47.51003,
        316.5
      ],
      [
        6.793922,
        47.509627,
        316.75
      ],
      [
        6.788281,
        47.509542,
        318.75
      ],
      [
        6.787966,
        47.509132,
        315.75
      ],
      [
        6.787326,
        47.509209,
        317.0
      ],
      [
        6.78702,
        47.507616,
        314.0
      ],
      [
        6.786363,
        47.507986,
        313.75
      ],
      [
        6.785546,
        47.507862,
        312.5
      ],
      [
        6.782862,
        47.506209,
        313.25
      ],
      [
        6.78291,
        47.505067,
        313.25
      ],
      [
        6.780794,
        47.505467,
        313.0
      ],
      [
        6.77918,
        47.505349,
        313.0
      ],
      [
        6.777012,
        47.504735,
        312.75
      ],
      [
        6.775579,
        47.503823,
        313.0
      ],
      [
        6.77373,
        47.501565,
        312.0
      ],
      [
        6.773858,
        47.500636,
        313.75
      ],
      [
        6.7723,
        47.500147,
        314.0
      ],
      [
        6.773609,
        47.495843,
        313.0
      ],
      [
        6.772841,
        47.488666,
        312.0
      ],
      [
        6.767715,
        47.481818,
        310.75
      ],
      [
        6.7663,
        47.480994,
        310.0
      ],
      [
        6.765105,
        47.481051,
        311.75
      ],
      [
        6.766208,
        47.479623,
        311.5
      ],
      [
        6.766651,
        47.479753,
        312.0
      ],
      [
        6.763292,
        47.478652,
        310.5
      ],
      [
        6.760435,
        47.476641,
        311.75
      ],
      [
        6.757873,
        47.477016,
        310.0
      ],
      [
        6.745923,
        47.47728,
        310.5
      ],
      [
        6.742289,
        47.476927,
        309.75
      ],
      [
        6.733607,
        47.475054,
        309.0
      ],
      [
        6.732313,
        47.475526,
        311.75
      ],
      [
        6.732368,
        47.475866,
        310.0
      ],
      [
        6.730911,
        47.475948,
        308.0
      ],
      [
        6.717002,
        47.47208,
        307.0
      ],
      [
        6.69571,
        47.46213,
        303.75
      ],
      [
        6.691477,
        47.458574,
        302.25
      ],
      [
        6.687275,
        47.456119,
        303.0
      ],
      [
        6.688578,
        47.455214,
        304.0
      ],
      [
        6.68625,
        47.453094,
        304.0
      ],
      [
        6.683944,
        47.451621,
        303.5
      ],
      [
        6.680645,
        47.450468,
        303.25
      ],
      [
        6.631519,
        47.446469,
        299.25
      ],
      [
        6.630612,
        47.445833,
        299.5
      ],
      [
        6.628125,
        47.439325,
        297.75
      ],
      [
        6.631234,
        47.434335,
        296.5
      ],
      [
        6.631735,
        47.432364,
        296.75
      ],
      [
        6.631494,
        47.430904,
        297.0
      ],
      [
        6.62935,
        47.428125,
        297.0
      ],
      [
        6.626963,
        47.427017,
        297.0
      ],
      [
        6.624633,
        47.426523,
        297.0
      ],
      [
        6.620104,
        47.426209,
        297.0
      ],
      [
        6.61497,
        47.427194,
        296.75
      ],
      [
        6.60073,
        47.433394,
        293.75
      ],
      [
        6.599892,
        47.434357,
        293.5
      ],
      [
        6.598426,
        47.43797,
        292.75
      ],
      [
        6.596936,
        47.447859,
        293.25
      ],
      [
        6.594803,
        47.450844,
        292.0
      ],
      [
        6.592132,
        47.452032,
        291.5
      ],
      [
        6.589446,
        47.452338,
        290.75
      ],
      [
        6.585164,
        47.450844,
        291.75
      ],
      [
        6.582156,
        47.449009,
        291.0
      ],
      [
        6.583599,
        47.447984,
        291.0
      ],
      [
        6.578874,
        47.451084,
        290.0
      ],
      [
        6.576913,
        47.448789,
        288.5
      ],
      [
        6.57643,
        47.44892,
        291.25
      ],
      [
        6.576108,
        47.447198,
        292.75
      ],
      [
        6.575254,
        47.446158,
        290.75
      ],
      [
        6.572562,
        47.444847,
        290.5
      ],
      [
        6.570714,
        47.443283,
        288.75
      ],
      [
        6.568049,
        47.442191,
        288.75
      ],
      [
        6.563197,
        47.442244,
        289.75
      ],
      [
        6.562838,
        47.443471,
        289.25
      ],
      [
        6.561663,
        47.443687,
        291.0
      ],
      [
        6.560277,
        47.443469,
        289.75
      ],
      [
        6.557833,
        47.442248,
        288.0
      ],
      [
        6.554787,
        47.441901,
        287.5
      ],
      [
        6.550757,
        47.442038,
        286.0
      ],
      [
        6.544138,
        47.440965,
        285.75
      ],
      [
        6.533237,
        47.441667,
        286.25
      ],
      [
        6.531822,
        47.439995,
        290.0
      ],
      [
        6.531243,
        47.437436,
        289.0
      ],
      [
        6.531417,
        47.435539,
        287.75
      ],
      [
        6.533179,
        47.432571,
        285.5
      ],
      [
        6.539488,
        47.428956,
        288.25
      ],
      [
        6.548895,
        47.426305,
        283.75
      ],
      [
        6.550023,
        47.425153,
        284.25
      ],
      [
        6.553436,
        47.424039,
        286.0
      ],
      [
        6.555077,
        47.421731,
        286.5
      ],
      [
        6.554897,
        47.418368,
        283.0
      ],
      [
        6.552613,
        47.416616,
        283.5
      ],
      [
        6.54883,
        47.415856,
        283.75
      ],
      [
        6.520934,
        47.416334,
        280.75
      ],
      [
        6.517773,
        47.416681,
        280.25
      ],
      [
        6.515742,
        47.416251,
        281.5
      ],
      [
        6.513482,
        47.414966,
        280.75
      ],
      [
        6.512439,
        47.413711,
        280.75
      ],
      [
        6.511675,
        47.411355,
        279.75
      ],
      [
        6.510889,
        47.404066,
        278.75
      ],
      [
        6.506986,
        47.39884,
        278.5
      ],
      [
        6.504878,
        47.397363,
        278.5
      ],
      [
        6.499971,
        47.397582,
        279.75
      ],
      [
        6.495592,
        47.395583,
        277.75
      ],
      [
        6.493857,
        47.394265,
        277.75
      ],
      [
        6.493805,
        47.393011,
        277.75
      ],
      [
        6.494417,
        47.391978,
        281.25
      ],
      [
        6.495612,
        47.392469,
        279.5
      ],
      [
        6.496975,
        47.391506,
        278.25
      ],
      [
        6.497646,
        47.391738,
        284.0
      ],
      [
        6.498347,
        47.391014,
        284.75
      ],
      [
        6.499089,
        47.391249,
        292.75
      ],
      [
        6.501322,
        47.389372,
        304.0
      ],
      [
        6.505284,
        47.382895,
        279.75
      ],
      [
        6.503952,
        47.377135,
        280.0
      ],
      [
        6.501197,
        47.372936,
        280.5
      ],
      [
        6.499724,
        47.37162,
        284.5
      ],
      [
        6.495815,
        47.369809,
        280.75
      ],
      [
        6.489291,
        47.367898,
        283.75
      ],
      [
        6.484598,
        47.36765,
        297.75
      ],
      [
        6.483335,
        47.36722,
        302.0
      ],
      [
        6.480527,
        47.367715,
        309.25
      ],
      [
        6.477062,
        47.367191,
        315.5
      ],
      [
        6.471062,
        47.367807,
        313.75
      ],
      [
        6.46694,
        47.36746,
        311.0
      ],
      [
        6.460335,
        47.365708,
        313.0
      ],
      [
        6.455588,
        47.363728,
        297.0
      ],
      [
        6.451499,
        47.359978,
        309.75
      ],
      [
        6.449793,
        47.360782,
        310.25
      ],
      [
        6.445584,
        47.361038,
        312.25
      ],
      [
        6.443079,
        47.362792,
        307.5
      ],
      [
        6.442821,
        47.36384,
        305.25
      ],
      [
        6.43964,
        47.364176,
        288.0
      ],
      [
        6.436961,
        47.365703,
        278.75
      ],
      [
        6.437064,
        47.366546,
        271.0
      ],
      [
        6.431558,
        47.367118,
        271.5
      ],
      [
        6.428262,
        47.367943,
        272.25
      ],
      [
        6.427177,
        47.36933,
        276.75
      ],
      [
        6.427006,
        47.371005,
        274.5
      ],
      [
        6.425188,
        47.371634,
        271.75
      ],
      [
        6.421816,
        47.369927,
        271.0
      ],
      [
        6.419621,
        47.366828,
        270.75
      ],
      [
        6.418966,
        47.36459,
        270.5
      ],
      [
        6.41932,
        47.359685,
        269.0
      ],
      [
        6.419045,
        47.35877,
        270.0
      ],
      [
        6.418332,
        47.358286,
        269.0
      ],
      [
        6.410439,
        47.356587,
        269.25
      ],
      [
        6.407607,
        47.356313,
        270.25
      ],
      [
        6.403419,
        47.356704,
        270.5
      ],
      [
        6.398783,
        47.357633,
        268.5
      ],
      [
        6.39625,
        47.357535,
        268.25
      ],
      [
        6.393861,
        47.356706,
        268.5
      ],
      [
        6.391243,
        47.354135,
        271.25
      ],
      [
        6.387402,
        47.352089,
        269.75
      ],
      [
        6.384799,
        47.351788,
        269.0
      ],
      [
        6.37765,
        47.352926,
        268.25
      ],
      [
        6.375445,
        47.352621,
        269.0
      ],
      [
        6.373906,
        47.351907,
        270.5
      ],
      [
        6.373408,
        47.351389,
        268.5
      ],
      [
        6.374234,
        47.347918,
        267.5
      ],
      [
        6.373719,
        47.344981,
        267.75
      ],
      [
        6.374055,
        47.343156,
        265.75
      ],
      [
        6.373569,
        47.341645,
        267.5
      ],
      [
        6.372703,
        47.341196,
        269.75
      ],
      [
        6.366859,
        47.341253,
        270.5
      ],
      [
        6.361897,
        47.341973,
        271.0
      ],
      [
        6.361439,
        47.344714,
        268.75
      ],
      [
        6.359275,
        47.345798,
        267.0
      ],
      [
        6.360006,
        47.348456,
        269.25
      ],
      [
        6.358346,
        47.351391,
        272.0
      ],
      [
        6.358769,
        47.352979,
        277.75
      ],
      [
        6.361486,
        47.353143,
        280.5
      ],
      [
        6.361052,
        47.352272,
        279.0
      ],
      [
        6.358733,
        47.352454,
        275.75
      ],
      [
        6.358346,
        47.351391,
        272.0
      ],
      [
        6.360006,
        47.348456,
        269.25
      ],
      [
        6.359275,
        47.345798,
        267.0
      ],
      [
        6.359505,
        47.344008,
        267.0
      ],
      [
        6.357372,
        47.342101,
        266.5
      ],
      [
        6.35343,
        47.339976,
        265.0
      ],
      [
        6.34887,
        47.335492,
        266.25
      ],
      [
        6.34722,
        47.336247,
        271.75
      ],
      [
        6.346178,
        47.337604,
        270.25
      ],
      [
        6.342947,
        47.339832,
        266.5
      ],
      [
        6.339891,
        47.34097,
        265.0
      ],
      [
        6.326368,
        47.343534,
        263.75
      ],
      [
        6.321031,
        47.342705,
        266.25
      ],
      [
        6.317774,
        47.340969,
        266.0
      ],
      [
        6.315964,
        47.339419,
        265.25
      ],
      [
        6.312718,
        47.331995,
        264.75
      ],
      [
        6.311161,
        47.33057,
        263.0
      ],
      [
        6.308518,
        47.329887,
        265.5
      ],
      [
        6.303879,
        47.329695,
        261.5
      ],
      [
        6.29785,
        47.330227,
        260.5
      ],
      [
        6.293462,
        47.329672,
        264.75
      ],
      [
        6.289251,
        47.327582,
        263.25
      ],
      [
        6.282272,
        47.321732,
        259.0
      ],
      [
        6.267203,
        47.320808,
        259.75
      ],
      [
        6.265944,
        47.320481,
        263.5
      ],
      [
        6.259872,
        47.311787,
        259.0
      ],
      [
        6.257181,
        47.310195,
        259.75
      ],
      [
        6.244602,
        47.308242,
        258.25
      ],
      [
        6.238932,
        47.306848,
        258.25
      ],
      [
        6.237128,
        47.306049,
        258.25
      ],
      [
        6.236432,
        47.30554,
        258.5
      ],
      [
        6.235362,
        47.303333,
        258.25
      ],
      [
        6.235238,
        47.300292,
        262.0
      ],
      [
        6.233947,
        47.298825,
        269.25
      ],
      [
        6.234243,
        47.297966,
        259.25
      ],
      [
        6.232974,
        47.297278,
        261.5
      ],
      [
        6.233481,
        47.296438,
        256.5
      ],
      [
        6.232876,
        47.296123,
        256.25
      ],
      [
        6.229553,
        47.296129,
        255.75
      ],
      [
        6.225772,
        47.29773,
        256.5
      ],
      [
        6.221706,
        47.298749,
        256.0
      ],
      [
        6.214215,
        47.303299,
        257.0
      ],
      [
        6.210801,
        47.303914,
        255.75
      ],
      [
        6.209201,
        47.303827,
        258.25
      ],
      [
        6.207738,
        47.303267,
        258.75
      ],
      [
        6.206429,
        47.301821,
        261.25
      ],
      [
        6.202649,
        47.290884,
        253.0
      ],
      [
        6.199379,
        47.289578,
        252.75
      ],
      [
        6.196316,
        47.289075,
        253.25
      ],
      [
        6.190163,
        47.288771,
        253.5
      ],
      [
        6.18147,
        47.290727,
        253.0
      ],
      [
        6.179869,
        47.29076,
        252.5
      ],
      [
        6.175597,
        47.290143,
        251.75
      ],
      [
        6.174672,
        47.289713,
        250.0
      ],
      [
        6.157381,
        47.288157,
        249.0
      ],
      [
        6.152114,
        47.287093,
        249.0
      ],
      [
        6.146592,
        47.285193,
        249.0
      ],
      [
        6.139394,
        47.284412,
        250.5
      ],
      [
        6.135189,
        47.28192,
        249.5
      ],
      [
        6.125053,
        47.28023,
        251.0
      ],
      [
        6.121632,
        47.278121,
        249.0
      ],
      [
        6.11426,
        47.270987,
        248.0
      ],
      [
        6.112438,
        47.269988,
        248.75
      ],
      [
        6.109939,
        47.269284,
        247.0
      ],
      [
        6.105228,
        47.269047,
        247.0
      ],
      [
        6.099853,
        47.269875,
        247.0
      ],
      [
        6.094857,
        47.269838,
        247.0
      ],
      [
        6.087259,
        47.27088,
        247.5
      ],
      [
        6.084836,
        47.270812,
        248.25
      ],
      [
        6.085462,
        47.268661,
        247.5
      ],
      [
        6.086232,
        47.268354,
        247.25
      ],
      [
        6.087819,
        47.268424,
        247.75
      ],
      [
        6.08884,
        47.267312,
        249.5
      ],
      [
        6.086651,
        47.262367,
        247.25
      ],
      [
        6.081914,
        47.254935,
        246.5
      ],
      [
        6.080168,
        47.252951,
        248.75
      ],
      [
        6.075732,
        47.251486,
        246.0
      ],
      [
        6.07297,
        47.248589,
        245.25
      ],
      [
        6.068769,
        47.245624,
        245.25
      ],
      [
        6.066949,
        47.241803,
        246.0
      ],
      [
        6.06246,
        47.23798,
        244.75
      ],
      [
        6.060564,
        47.233272,
        245.0
      ],
      [
        6.05804,
        47.230599,
        244.75
      ],
      [
        6.058229,
        47.231062,
        244.5
      ],
      [
        6.057171,
        47.231572,
        244.0
      ],
      [
        6.056609,
        47.230904,
        243.75
      ],
      [
        6.055452,
        47.230918,
        244.5
      ],
      [
        6.049352,
        47.22795,
        244.75
      ],
      [
        6.047025,
        47.227566,
        245.0
      ],
      [
        6.045039,
        47.227693,
        246.0
      ],
      [
        6.041615,
        47.229203,
        247.25
      ],
      [
        6.037578,
        47.233245,
        246.25
      ],
      [
        6.036167,
        47.234995,
        249.75
      ],
      [
        6.035731,
        47.236697,
        245.75
      ],
      [
        6.032246,
        47.240795,
        243.5
      ],
      [
        6.02867,
        47.242258,
        241.0
      ],
      [
        6.025081,
        47.24264,
        242.5
      ],
      [
        6.022997,
        47.242331,
        243.5
      ],
      [
        6.017193,
        47.237602,
        241.0
      ],
      [
        6.014053,
        47.232271,
        251.25
      ],
      [
        6.011726,
        47.230396,
        267.5
      ],
      [
        6.007126,
        47.228878,
        271.75
      ],
      [
        6.002907,
        47.227856,
        270.25
      ],
      [
        6.000313,
        47.227608,
        268.75
      ],
      [
        5.993274,
        47.224318,
        268.0
      ],
      [
        5.99311,
        47.22056,
        276.75
      ],
      [
        5.992367,
        47.219747,
        272.75
      ],
      [
        5.991946,
        47.214927,
        255.0
      ],
      [
        5.990113,
        47.213533,
        254.5
      ],
      [
        5.991016,
        47.212364,
        252.0
      ],
      [
        5.997002,
        47.211712,
        236.75
      ],
      [
        5.99338,
        47.207198,
        236.75
      ],
      [
        5.987114,
        47.201787,
        236.0
      ],
      [
        5.982861,
        47.200122,
        235.25
      ],
      [
        5.980618,
        47.199883,
        235.0
      ],
      [
        5.974297,
        47.200053,
        236.75
      ],
      [
        5.97053,
        47.200946,
        239.25
      ],
      [
        5.965156,
        47.200919,
        238.0
      ],
      [
        5.962464,
        47.201557,
        235.75
      ],
      [
        5.962296,
        47.199041,
        234.75
      ],
      [
        5.961066,
        47.198905,
        234.75
      ],
      [
        5.959512,
        47.197924,
        234.25
      ],
      [
        5.959251,
        47.194799,
        234.75
      ],
      [
        5.959808,
        47.193739,
        234.0
      ],
      [
        5.963529,
        47.191348,
        233.75
      ],
      [
        5.964297,
        47.190361,
        233.5
      ],
      [
        5.963972,
        47.18796,
        238.0
      ],
      [
        5.962151,
        47.186058,
        240.25
      ],
      [
        5.956233,
        47.182692,
        234.0
      ],
      [
        5.946748,
        47.180242,
        231.25
      ],
      [
        5.944499,
        47.178552,
        231.5
      ],
      [
        5.942047,
        47.175454,
        231.0
      ],
      [
        5.94054,
        47.174626,
        232.75
      ],
      [
        5.930517,
        47.171591,
        230.25
      ],
      [
        5.923061,
        47.170711,
        229.25
      ],
      [
        5.917737,
        47.170603,
        230.5
      ],
      [
        5.914943,
        47.169871,
        230.5
      ],
      [
        5.914506,
        47.170188,
        230.25
      ],
      [
        5.913115,
        47.169838,
        229.25
      ],
      [
        5.90917,
        47.170866,
        229.5
      ],
      [
        5.905639,
        47.172598,
        243.25
      ],
      [
        5.904887,
        47.172323,
        246.0
      ],
      [
        5.90683,
        47.171428,
        254.25
      ],
      [
        5.90803,
        47.170252,
        264.0
      ],
      [
        5.906689,
        47.168891,
        274.5
      ],
      [
        5.904863,
        47.165451,
        297.0
      ],
      [
        5.902099,
        47.162651,
        292.75
      ],
      [
        5.901518,
        47.160384,
        287.5
      ],
      [
        5.902471,
        47.160081,
        296.0
      ],
      [
        5.902823,
        47.159183,
        295.25
      ],
      [
        5.903996,
        47.15858,
        293.5
      ],
      [
        5.906818,
        47.159094,
        294.25
      ],
      [
        5.90776,
        47.156549,
        283.25
      ],
      [
        5.915486,
        47.155326,
        314.75
      ],
      [
        5.916118,
        47.154363,
        323.5
      ],
      [
        5.916068,
        47.150237,
        352.75
      ],
      [
        5.91503,
        47.148787,
        362.0
      ],
      [
        5.909799,
        47.14455,
        364.25
      ],
      [
        5.910926,
        47.142744,
        374.75
      ],
      [
        5.909303,
        47.137727,
        394.0
      ],
      [
        5.908243,
        47.135825,
        399.0
      ],
      [
        5.906116,
        47.13399,
        401.5
      ],
      [
        5.9038,
        47.130858,
        398.5
      ],
      [
        5.899891,
        47.122038,
        374.0
      ],
      [
        5.894315,
        47.114168,
        317.25
      ],
      [
        5.885879,
        47.105649,
        265.5
      ],
      [
        5.88464,
        47.103887,
        265.0
      ],
      [
        5.882751,
        47.103206,
        266.75
      ],
      [
        5.881891,
        47.102035,
        264.25
      ],
      [
        5.882003,
        47.101476,
        264.0
      ],
      [
        5.879792,
        47.099489,
        264.0
      ],
      [
        5.877144,
        47.097373,
        263.25
      ],
      [
        5.871451,
        47.09383,
        262.75
      ],
      [
        5.864653,
        47.085631,
        261.0
      ],
      [
        5.856772,
        47.080006,
        282.0
      ],
      [
        5.855126,
        47.079659,
        289.25
      ],
      [
        5.853741,
        47.078387,
        294.5
      ],
      [
        5.852672,
        47.076462,
        294.0
      ],
      [
        5.846063,
        47.076432,
        309.25
      ],
      [
        5.844308,
        47.075927,
        309.25
      ],
      [
        5.840715,
        47.073357,
        312.75
      ],
      [
        5.83905,
        47.070108,
        315.25
      ],
      [
        5.835567,
        47.068037,
        305.25
      ],
      [
        5.832613,
        47.064705,
        287.25
      ],
      [
        5.831481,
        47.062435,
        277.0
      ],
      [
        5.828585,
        47.061536,
        267.75
      ],
      [
        5.826823,
        47.06013,
        258.25
      ],
      [
        5.825384,
        47.059991,
        254.25
      ],
      [
        5.818463,
        47.061574,
        246.0
      ],
      [
        5.815637,
        47.061168,
        251.0
      ],
      [
        5.811593,
        47.059141,
        251.75
      ],
      [
        5.799325,
        47.047503,
        250.25
      ],
      [
        5.791031,
        47.041615,
        245.75
      ],
      [
        5.789379,
        47.039206,
        249.0
      ],
      [
        5.789426,
        47.03728,
        249.75
      ],
      [
        5.787854,
        47.03595,
        246.25
      ],
      [
        5.784396,
        47.033633,
        235.75
      ],
      [
        5.780842,
        47.032532,
        236.0
      ],
      [
        5.780853,
        47.032851,
        236.0
      ],
      [
        5.781855,
        47.033188,
        236.0
      ],
      [
        5.773167,
        47.029769,
        234.0
      ],
      [
        5.770509,
        47.030879,
        233.25
      ],
      [
        5.766893,
        47.029418,
        232.75
      ],
      [
        5.762014,
        47.028844,
        233.0
      ],
      [
        5.748567,
        47.027935,
        232.0
      ],
      [
        5.745504,
        47.027423,
        231.0
      ],
      [
        5.739853,
        47.027508,
        230.75
      ],
      [
        5.731453,
        47.025716,
        228.25
      ],
      [
        5.721915,
        47.021736,
        228.0
      ],
      [
        5.717716,
        47.020785,
        226.5
      ],
      [
        5.717252,
        47.021512,
        226.0
      ],
      [
        5.714525,
        47.021894,
        225.75
      ],
      [
        5.713463,
        47.022466,
        225.5
      ],
      [
        5.706649,
        47.028388,
        230.0
      ],
      [
        5.699605,
        47.028515,
        225.5
      ],
      [
        5.696912,
        47.029294,
        235.25
      ],
      [
        5.691103,
        47.029214,
        236.25
      ],
      [
        5.687542,
        47.028639,
        235.0
      ],
      [
        5.682866,
        47.027118,
        232.0
      ],
      [
        5.67766,
        47.027052,
        229.5
      ],
      [
        5.666368,
        47.025526,
        237.0
      ],
      [
        5.663296,
        47.023705,
        232.25
      ],
      [
        5.661758,
        47.023512,
        228.75
      ],
      [
        5.662008,
        47.021947,
        220.0
      ],
      [
        5.661055,
        47.021496,
        219.0
      ],
      [
        5.653594,
        47.020176,
        219.5
      ],
      [
        5.65083,
        47.020221,
        220.25
      ],
      [
        5.649628,
        47.019873,
        220.5
      ],
      [
        5.647881,
        47.018619,
        218.0
      ],
      [
        5.644839,
        47.018592,
        217.75
      ],
      [
        5.641377,
        47.019216,
        220.0
      ],
      [
        5.640295,
        47.021755,
        231.0
      ],
      [
        5.640652,
        47.023904,
        235.25
      ],
      [
        5.639338,
        47.02609,
        240.25
      ],
      [
        5.634774,
        47.040033,
        226.25
      ],
      [
        5.630855,
        47.042169,
        234.25
      ],
      [
        5.629778,
        47.043264,
        226.25
      ],
      [
        5.629458,
        47.045252,
        222.75
      ],
      [
        5.628214,
        47.047209,
        223.25
      ],
      [
        5.626591,
        47.04703,
        223.5
      ],
      [
        5.621767,
        47.047938,
        222.5
      ],
      [
        5.618141,
        47.047779,
        222.0
      ],
      [
        5.612688,
        47.049107,
        224.5
      ],
      [
        5.609363,
        47.049177,
        221.0
      ],
      [
        5.608692,
        47.04869,
        220.0
      ],
      [
        5.606633,
        47.049204,
        220.75
      ],
      [
        5.603169,
        47.049057,
        220.75
      ],
      [
        5.601338,
        47.049392,
        222.25
      ],
      [
        5.597487,
        47.051459,
        217.5
      ],
      [
        5.592965,
        47.052774,
        221.5
      ],
      [
        5.588733,
        47.052103,
        218.25
      ],
      [
        5.584015,
        47.060877,
        242.0
      ],
      [
        5.549244,
        47.053042,
        226.5
      ],
      [
        5.542415,
        47.05501,
        229.0
      ],
      [
        5.533704,
        47.061069,
        238.25
      ],
      [
        5.504457,
        47.06964,
        237.25
      ],
      [
        5.502329,
        47.072972,
        227.0
      ],
      [
        5.501383,
        47.077233,
        226.0
      ],
      [
        5.498427,
        47.080364,
        227.25
      ],
      [
        5.498187,
        47.082736,
        225.5
      ],
      [
        5.495863,
        47.087076,
        203.75
      ],
      [
        5.493658,
        47.090133,
        201.25
      ],
      [
        5.492576,
        47.090326,
        206.25
      ],
      [
        5.491607,
        47.091513,
        217.75
      ],
      [
        5.490072,
        47.092241,
        224.75
      ],
      [
        5.490796,
        47.092972,
        224.25
      ],
      [
        5.490575,
        47.092725,
        225.0
      ],
      [
        5.492629,
        47.093575,
        223.25
      ],
      [
        5.489555,
        47.095884,
        229.75
      ],
      [
        5.486441,
        47.095666,
        231.0
      ],
      [
        5.484934,
        47.095185,
        237.0
      ],
      [
        5.484025,
        47.095863,
        237.75
      ],
      [
        5.484134,
        47.096334,
        237.75
      ],
      [
        5.480719,
        47.098484,
        245.75
      ],
      [
        5.480513,
        47.101096,
        243.0
      ],
      [
        5.478393,
        47.103935,
        234.75
      ],
      [
        5.476942,
        47.104819,
        240.5
      ],
      [
        5.476984,
        47.109004,
        258.0
      ],
      [
        5.474065,
        47.110432,
        264.5
      ],
      [
        5.469017,
        47.111453,
        301.0
      ],
      [
        5.466755,
        47.110672,
        294.25
      ],
      [
        5.464111,
        47.110799,
        286.25
      ],
      [
        5.460517,
        47.112412,
        277.0
      ],
      [
        5.462591,
        47.116419,
        282.0
      ],
      [
        5.459666,
        47.122899,
        246.0
      ],
      [
        5.46138,
        47.123612,
        244.75
      ],
      [
        5.461094,
        47.125039,
        246.75
      ],
      [
        5.458899,
        47.125299,
        237.75
      ],
      [
        5.458894,
        47.125945,
        236.25
      ],
      [
        5.456848,
        47.126535,
        225.0
      ],
      [
        5.457393,
        47.127575,
        225.75
      ],
      [
        5.456867,
        47.130707,
        216.25
      ],
      [
        5.454773,
        47.13484,
        217.75
      ],
      [
        5.456358,
        47.138173,
        213.75
      ],
      [
        5.456142,
        47.140549,
        209.75
      ],
      [
        5.456807,
        47.142362,
        209.25
      ],
      [
        5.455758,
        47.144219,
        198.5
      ],
      [
        5.455913,
        47.145559,
        201.0
      ],
      [
        5.455502,
        47.145548,
        202.25
      ],
      [
        5.455331,
        47.146066,
        204.75
      ],
      [
        5.454408,
        47.146562,
        208.0
      ],
      [
        5.45165,
        47.146639,
        209.75
      ],
      [
        5.445356,
        47.144721,
        209.5
      ],
      [
        5.439981,
        47.143966,
        207.75
      ],
      [
        5.436841,
        47.143997,
        207.5
      ],
      [
        5.430075,
        47.145648,
        200.0
      ],
      [
        5.429694,
        47.146385,
        199.0
      ],
      [
        5.425044,
        47.149703,
        201.75
      ],
      [
        5.421085,
        47.150459,
        203.5
      ],
      [
        5.420037,
        47.151239,
        204.25
      ],
      [
        5.422183,
        47.153718,
        206.0
      ],
      [
        5.42355,
        47.167571,
        202.5
      ],
      [
        5.427867,
        47.171592,
        206.0
      ],
      [
        5.427906,
        47.172071,
        206.0
      ],
      [
        5.423084,
        47.17114,
        202.75
      ],
      [
        5.415825,
        47.173658,
        195.0
      ],
      [
        5.413646,
        47.174972,
        199.0
      ],
      [
        5.411096,
        47.175825,
        199.0
      ],
      [
        5.408793,
        47.177744,
        195.0
      ],
      [
        5.404027,
        47.180307,
        198.5
      ],
      [
        5.400394,
        47.181474,
        196.5
      ],
      [
        5.396054,
        47.184341,
        187.25
      ],
      [
        5.392461,
        47.185653,
        186.5
      ],
      [
        5.387975,
        47.191189,
        185.0
      ],
      [
        5.388646,
        47.19468,
        187.0
      ],
      [
        5.386684,
        47.193168,
        186.0
      ],
      [
        5.381257,
        47.195109,
        184.25
      ],
      [
        5.381309,
        47.197644,
        183.0
      ],
      [
        5.379699,
        47.20868,
        183.0
      ],
      [
        5.379861,
        47.213501,
        182.5
      ],
      [
        5.377505,
        47.220957,
        184.25
      ],
      [
        5.377758,
        47.221942,
        184.75
      ],
      [
        5.379344,
        47.223798,
        183.25
      ],
      [
        5.379037,
        47.225214,
        184.0
      ],
      [
        5.37619,
        47.227353,
        186.0
      ],
      [
        5.375134,
        47.228902,
        188.0
      ],
      [
        5.372472,
        47.229709,
        193.0
      ],
      [
        5.3727,
        47.231525,
        201.75
      ],
      [
        5.371312,
        47.230918,
        203.75
      ],
      [
        5.369215,
        47.231749,
        205.0
      ],
      [
        5.366594,
        47.232236,
        205.0
      ],
      [
        5.363413,
        47.23213,
        205.0
      ],
      [
        5.353353,
        47.235245,
        205.75
      ],
      [
        5.349272,
        47.238338,
        207.0
      ],
      [
        5.348024,
        47.241421,
        212.0
      ],
      [
        5.343976,
        47.245045,
        220.0
      ],
      [
        5.345775,
        47.247143,
        217.25
      ],
      [
        5.345282,
        47.247481,
        216.0
      ],
      [
        5.345351,
        47.248643,
        209.75
      ],
      [
        5.3426,
        47.250287,
        203.75
      ],
      [
        5.334587,
        47.249306,
        231.0
      ],
      [
        5.318191,
        47.253311,
        210.0
      ],
      [
        5.30046,
        47.255015,
        225.5
      ],
      [
        5.296875,
        47.257071,
        217.5
      ],
      [
        5.29357,
        47.258161,
        207.75
      ],
      [
        5.291727,
        47.259548,
        201.25
      ],
      [
        5.287076,
        47.259912,
        199.75
      ],
      [
        5.286159,
        47.260733,
        202.5
      ],
      [
        5.26825,
        47.26062,
        209.25
      ],
      [
        5.259646,
        47.259981,
        210.75
      ],
      [
        5.253436,
        47.259094,
        207.0
      ],
      [
        5.252154,
        47.258557,
        205.0
      ],
      [
        5.251136,
        47.256717,
        203.0
      ],
      [
        5.247923,
        47.254722,
        200.0
      ],
      [
        5.243263,
        47.252488,
        200.75
      ],
      [
        5.23804,
        47.25129,
        201.25
      ],
      [
        5.230508,
        47.247066,
        199.5
      ],
      [
        5.227664,
        47.244767,
        199.0
      ],
      [
        5.227249,
        47.243392,
        203.25
      ],
      [
        5.22607,
        47.242498,
        203.5
      ],
      [
        5.221772,
        47.240809,
        199.25
      ],
      [
        5.220265,
        47.241526,
        199.5
      ],
      [
        5.217355,
        47.240782,
        198.75
      ],
      [
        5.197734,
        47.23266,
        199.75
      ],
      [
        5.196309,
        47.232863,
        199.75
      ],
      [
        5.191564,
        47.230938,
        199.0
      ],
      [
        5.188882,
        47.232644,
        200.0
      ],
      [
        5.179842,
        47.229993,
        200.75
      ],
      [
        5.178841,
        47.22988,
        201.0
      ],
      [
        5.177694,
        47.23026,
        201.75
      ],
      [
        5.17072,
        47.226597,
        201.5
      ],
      [
        5.157926,
        47.220906,
        201.0
      ],
      [
        5.152431,
        47.218023,
        201.0
      ],
      [
        5.145574,
        47.216159,
        201.75
      ],
      [
        5.142815,
        47.214122,
        201.0
      ],
      [
        5.141283,
        47.216506,
        201.5
      ],
      [
        5.140067,
        47.216323,
        202.0
      ],
      [
        5.13882,
        47.216763,
        202.5
      ],
      [
        5.137411,
        47.216447,
        205.5
      ],
      [
        5.077612,
        47.264491,
        221.0
      ],
      [
        5.077304,
        47.264307,
        221.5
      ],
      [
        5.061799,
        47.276609,
        227.25
      ],
      [
        5.062177,
        47.276472,
        228.0
      ],
      [
        5.062263,
        47.276754,
        227.25
      ],
      [
        5.036067,
        47.297755,
        235.0
      ],
      [
        5.02462,
        47.316444,
        238.0
      ],
      [
        5.020434,
        47.317912,
        238.0
      ],
      [
        5.016237,
        47.317618,
        238.5
      ],
      [
        5.017028,
        47.315307,
        239.75
      ],
      [
        5.01632,
        47.315226,
        241.0
      ],
      [
        5.016695,
        47.313725,
        240.75
      ],
      [
        5.017704,
        47.313827,
        239.75
      ],
      [
        5.023796,
        47.308496,
        237.0
      ],
      [
        5.022031,
        47.30552,
        238.5
      ],
      [
        5.018643,
        47.302044,
        241.25
      ],
      [
        5.013446,
        47.297782,
        251.0
      ],
      [
        5.008321,
        47.291066,
        258.0
      ],
      [
        4.995159,
        47.277428,
        277.0
      ],
      [
        4.99204,
        47.275188,
        276.75
      ],
      [
        4.987612,
        47.269773,
        279.25
      ],
      [
        4.990672,
        47.269264,
        273.5
      ],
      [
        4.987559,
        47.263729,
        273.25
      ],
      [
        4.986379,
        47.260518,
        274.75
      ],
      [
        4.986322,
        47.258687,
        271.0
      ],
      [
        4.984548,
        47.256767,
        268.25
      ],
      [
        4.985548,
        47.256189,
        268.0
      ],
      [
        4.985233,
        47.254619,
        270.0
      ],
      [
        4.979604,
        47.239618,
        270.5
      ],
      [
        4.977608,
        47.235861,
        267.0
      ],
      [
        4.975229,
        47.233896,
        267.0
      ],
      [
        4.972687,
        47.229631,
        273.0
      ],
      [
        4.971802,
        47.226355,
        275.0
      ],
      [
        4.971281,
        47.225927,
        276.0
      ],
      [
        4.97012,
        47.225866,
        277.0
      ],
      [
        4.970672,
        47.224635,
        277.0
      ],
      [
        4.969646,
        47.223906,
        278.0
      ],
      [
        4.967864,
        47.223942,
        280.5
      ],
      [
        4.966049,
        47.221934,
        289.25
      ],
      [
        4.968098,
        47.220276,
        278.5
      ],
      [
        4.967642,
        47.218524,
        277.0
      ],
      [
        4.96838,
        47.218007,
        273.5
      ],
      [
        4.967135,
        47.214716,
        274.5
      ],
      [
        4.967235,
        47.213724,
        275.75
      ],
      [
        4.965237,
        47.20916,
        282.25
      ],
      [
        4.965611,
        47.204594,
        270.0
      ],
      [
        4.963954,
        47.200023,
        277.5
      ],
      [
        4.962241,
        47.198918,
        282.75
      ],
      [
        4.961815,
        47.195547,
        266.75
      ],
      [
        4.960048,
        47.193021,
        269.25
      ],
      [
        4.959786,
        47.191445,
        270.5
      ],
      [
        4.960597,
        47.190033,
        268.5
      ],
      [
        4.960215,
        47.186283,
        263.0
      ],
      [
        4.956395,
        47.179862,
        277.25
      ],
      [
        4.954882,
        47.176871,
        268.5
      ],
      [
        4.955001,
        47.176289,
        263.5
      ],
      [
        4.953656,
        47.174896,
        262.75
      ],
      [
        4.951778,
        47.16801,
        261.75
      ],
      [
        4.951531,
        47.164201,
        261.5
      ],
      [
        4.955549,
        47.163334,
        250.0
      ],
      [
        4.955521,
        47.161458,
        246.5
      ],
      [
        4.953846,
        47.159957,
        245.75
      ],
      [
        4.953628,
        47.159057,
        244.75
      ],
      [
        4.952232,
        47.159179,
        248.0
      ],
      [
        4.951183,
        47.158485,
        252.5
      ],
      [
        4.948116,
        47.150208,
        257.5
      ],
      [
        4.943314,
        47.145214,
        247.75
      ],
      [
        4.946847,
        47.143076,
        246.0
      ],
      [
        4.946049,
        47.14187,
        245.0
      ],
      [
        4.951647,
        47.139118,
        242.75
      ],
      [
        4.951028,
        47.138327,
        241.0
      ],
      [
        4.951583,
        47.138869,
        241.5
      ],
      [
        4.950127,
        47.139827,
        243.0
      ],
      [
        4.948851,
        47.138178,
        242.0
      ],
      [
        4.946967,
        47.138226,
        242.0
      ],
      [
        4.947121,
        47.137812,
        241.25
      ],
      [
        4.94609,
        47.137666,
        241.0
      ],
      [
        4.946527,
        47.136104,
        240.75
      ],
      [
        4.944323,
        47.135718,
        247.25
      ],
      [
        4.943501,
        47.129606,
        246.0
      ],
      [
        4.942799,
        47.12877,
        246.0
      ],
      [
        4.940407,
        47.128017,
        263.5
      ],
      [
        4.937869,
        47.124551,
        258.25
      ],
      [
        4.93678,
        47.123741,
        260.0
      ],
      [
        4.935621,
        47.120434,
        263.0
      ],
      [
        4.932896,
        47.117806,
        269.5
      ],
      [
        4.932869,
        47.116707,
        265.5
      ],
      [
        4.931206,
        47.115141,
        273.0
      ],
      [
        4.929645,
        47.111808,
        246.5
      ],
      [
        4.927076,
        47.110829,
        260.75
      ],
      [
        4.923042,
        47.108029,
        255.75
      ],
      [
        4.921851,
        47.106565,
        251.25
      ],
      [
        4.921979,
        47.104284,
        244.25
      ],
      [
        4.921601,
        47.104139,
        243.75
      ],
      [
        4.92202,
        47.103733,
        242.25
      ],
      [
        4.921002,
        47.102283,
        237.75
      ],
      [
        4.920785,
        47.100655,
        232.25
      ],
      [
        4.921965,
        47.099825,
        231.25
      ],
      [
        4.922083,
        47.099134,
        231.25
      ],
      [
        4.919724,
        47.095852,
        235.75
      ],
      [
        4.91625,
        47.0931,
        238.5
      ],
      [
        4.914675,
        47.092367,
        237.0
      ],
      [
        4.912346,
        47.088445,
        234.0
      ],
      [
        4.908042,
        47.085793,
        237.75
      ],
      [
        4.905778,
        47.083057,
        237.75
      ],
      [
        4.896585,
        47.078748,
        227.75
      ],
      [
        4.89332,
        47.077904,
        228.25
      ],
      [
        4.890971,
        47.076861,
        229.5
      ],
      [
        4.884089,
        47.075187,
        225.0
      ],
      [
        4.878627,
        47.073231,
        221.0
      ],
      [
        4.875427,
        47.075196,
        239.25
      ],
      [
        4.874052,
        47.07514,
        249.0
      ],
      [
        4.867683,
        47.070704,
        253.0
      ],
      [
        4.864218,
        47.069514,
        261.25
      ],
      [
        4.861576,
        47.067216,
        257.25
      ],
      [
        4.860037,
        47.066475,
        255.0
      ],
      [
        4.859508,
        47.06592,
        252.5
      ],
      [
        4.862008,
        47.065179,
        242.75
      ],
      [
        4.860335,
        47.063704,
        238.25
      ],
      [
        4.861726,
        47.058676,
        229.75
      ],
      [
        4.864526,
        47.057318,
        226.0
      ],
      [
        4.862002,
        47.053316,
        228.75
      ],
      [
        4.862338,
        47.050222,
        228.75
      ],
      [
        4.863454,
        47.048699,
        229.5
      ],
      [
        4.864133,
        47.045689,
        230.5
      ],
      [
        4.86335,
        47.0445,
        231.75
      ],
      [
        4.859606,
        47.042772,
        229.0
      ],
      [
        4.855388,
        47.041748,
        225.25
      ],
      [
        4.854585,
        47.040279,
        225.0
      ],
      [
        4.851002,
        47.038125,
        228.5
      ],
      [
        4.848397,
        47.03463,
        226.0
      ],
      [
        4.846048,
        47.034764,
        226.0
      ],
      [
        4.845762,
        47.031926,
        224.0
      ],
      [
        4.843729,
        47.029098,
        221.75
      ],
      [
        4.840477,
        47.027326,
        222.25
      ],
      [
        4.839471,
        47.02748,
        221.75
      ],
      [
        4.839161,
        47.026393,
        220.0
      ],
      [
        4.839722,
        47.026569,
        220.0
      ],
      [
        4.840702,
        47.025788,
        219.25
      ],
      [
        4.839649,
        47.024714,
        218.75
      ],
      [
        4.837602,
        47.025402,
        220.0
      ],
      [
        4.837192,
        47.024979,
        219.0
      ],
      [
        4.835591,
        47.025201,
        218.0
      ],
      [
        4.8356,
        47.026318,
        221.5
      ],
      [
        4.8344,
        47.025878,
        219.0
      ],
      [
        4.833361,
        47.026122,
        218.0
      ],
      [
        4.832345,
        47.025648,
        216.5
      ],
      [
        4.828197,
        47.026055,
        218.0
      ],
      [
        4.825786,
        47.023268,
        223.25
      ],
      [
        4.821473,
        47.024398,
        229.5
      ],
      [
        4.816768,
        47.020481,
        235.0
      ],
      [
        4.816289,
        47.018956,
        231.5
      ],
      [
        4.815472,
        47.01847,
        231.5
      ],
      [
        4.813677,
        47.01803,
        233.5
      ],
      [
        4.812097,
        47.017063,
        236.75
      ],
      [
        4.80874,
        47.016179,
        245.5
      ],
      [
        4.807334,
        47.015034,
        247.5
      ],
      [
        4.798921,
        47.012925,
        260.25
      ],
      [
        4.797035,
        47.011731,
        254.25
      ],
      [
        4.793114,
        47.008054,
        251.75
      ],
      [
        4.787213,
        47.005378,
        276.25
      ],
      [
        4.786727,
        47.005463,
        280.75
      ],
      [
        4.781873,
        47.001292,
        287.75
      ],
      [
        4.781013,
        47.001583,
        292.75
      ],
      [
        4.780728,
        47.000089,
        284.75
      ],
      [
        4.784791,
        46.997874,
        262.25
      ],
      [
        4.785826,
        46.996309,
        251.5
      ],
      [
        4.782363,
        46.991496,
        243.5
      ],
      [
        4.78065,
        46.99011,
        244.75
      ],
      [
        4.779662,
        46.98806,
        241.0
      ],
      [
        4.77902,
        46.987622,
        241.5
      ],
      [
        4.776949,
        46.987895,
        245.75
      ],
      [
        4.77565,
        46.986481,
        246.75
      ],
      [
        4.774977,
        46.986525,
        247.5
      ],
      [
        4.773216,
        46.985267,
        246.25
      ],
      [
        4.772542,
        46.983719,
        244.5
      ],
      [
        4.769797,
        46.980646,
        245.25
      ],
      [
        4.768637,
        46.980633,
        244.0
      ],
      [
        4.768301,
        46.978845,
        246.5
      ],
      [
        4.76865,
        46.978384,
        247.5
      ],
      [
        4.769389,
        46.978367,
        250.75
      ],
      [
        4.767132,
        46.973757,
        237.0
      ],
      [
        4.76371,
        46.970121,
        234.0
      ],
      [
        4.762979,
        46.964949,
        229.0
      ],
      [
        4.759859,
        46.961121,
        233.0
      ],
      [
        4.756161,
        46.953954,
        234.0
      ],
      [
        4.752633,
        46.94881,
        228.75
      ],
      [
        4.753559,
        46.948361,
        229.0
      ],
      [
        4.752652,
        46.946318,
        230.5
      ],
      [
        4.754406,
        46.94596,
        228.25
      ],
      [
        4.753226,
        46.943587,
        231.0
      ],
      [
        4.754438,
        46.940864,
        235.75
      ],
      [
        4.753685,
        46.939654,
        238.0
      ],
      [
        4.755009,
        46.936645,
        235.75
      ],
      [
        4.754485,
        46.936074,
        234.75
      ],
      [
        4.754812,
        46.935762,
        235.0
      ],
      [
        4.7543,
        46.932678,
        232.0
      ],
      [
        4.751805,
        46.928645,
        229.0
      ],
      [
        4.752452,
        46.927473,
        222.25
      ],
      [
        4.753233,
        46.921424,
        209.0
      ],
      [
        4.752404,
        46.918596,
        207.0
      ],
      [
        4.755483,
        46.916069,
        209.0
      ],
      [
        4.756074,
        46.914719,
        206.0
      ],
      [
        4.753544,
        46.913954,
        207.0
      ],
      [
        4.753166,
        46.911607,
        208.0
      ],
      [
        4.752394,
        46.910562,
        208.75
      ],
      [
        4.751523,
        46.911264,
        208.25
      ],
      [
        4.749976,
        46.908948,
        208.75
      ],
      [
        4.748595,
        46.908611,
        209.0
      ],
      [
        4.747505,
        46.908851,
        209.25
      ],
      [
        4.746864,
        46.908248,
        213.5
      ],
      [
        4.747739,
        46.907173,
        219.75
      ],
      [
        4.745657,
        46.906171,
        222.5
      ],
      [
        4.746471,
        46.906419,
        224.0
      ],
      [
        4.749119,
        46.904508,
        223.0
      ],
      [
        4.749945,
        46.903248,
        221.5
      ],
      [
        4.752273,
        46.902775,
        224.25
      ],
      [
        4.753356,
        46.902071,
        223.25
      ],
      [
        4.756941,
        46.891315,
        224.0
      ],
      [
        4.764247,
        46.887954,
        218.5
      ],
      [
        4.765032,
        46.885539,
        218.0
      ],
      [
        4.764769,
        46.882454,
        213.25
      ],
      [
        4.767934,
        46.880877,
        210.0
      ],
      [
        4.769215,
        46.879384,
        209.75
      ],
      [
        4.772019,
        46.877905,
        205.0
      ],
      [
        4.773541,
        46.876279,
        204.0
      ],
      [
        4.777037,
        46.875487,
        200.5
      ],
      [
        4.78005,
        46.871954,
        198.0
      ],
      [
        4.785975,
        46.870402,
        197.25
      ],
      [
        4.786979,
        46.868958,
        195.0
      ],
      [
        4.791552,
        46.86649,
        194.5
      ],
      [
        4.792402,
        46.864407,
        192.5
      ],
      [
        4.795641,
        46.861044,
        192.5
      ],
      [
        4.800614,
        46.853662,
        192.25
      ],
      [
        4.800776,
        46.851231,
        192.0
      ],
      [
        4.802611,
        46.84906,
        192.5
      ],
      [
        4.807939,
        46.84743,
        188.75
      ],
      [
        4.811119,
        46.847124,
        188.25
      ],
      [
        4.814304,
        46.847651,
        186.25
      ],
      [
        4.82032,
        46.846901,
        186.5
      ],
      [
        4.823005,
        46.845601,
        187.25
      ],
      [
        4.823125,
        46.843899,
        186.25
      ],
      [
        4.82517,
        46.842205,
        186.75
      ],
      [
        4.825988,
        46.840945,
        184.5
      ],
      [
        4.827595,
        46.840041,
        184.0
      ],
      [
        4.828068,
        46.838947,
        184.0
      ],
      [
        4.829686,
        46.837632,
        184.25
      ],
      [
        4.830653,
        46.835655,
        184.5
      ],
      [
        4.835797,
        46.833937,
        184.75
      ],
      [
        4.84235,
        46.833479,
        181.5
      ],
      [
        4.846171,
        46.832912,
        181.5
      ],
      [
        4.847403,
        46.832332,
        181.75
      ],
      [
        4.849922,
        46.82899,
        182.25
      ],
      [
        4.850482,
        46.826388,
        182.25
      ],
      [
        4.849611,
        46.825215,
        181.75
      ],
      [
        4.846579,
        46.824595,
        181.5
      ],
      [
        4.846298,
        46.821494,
        182.5
      ],
      [
        4.843522,
        46.821104,
        182.25
      ],
      [
        4.842363,
        46.81867,
        181.5
      ],
      [
        4.839719,
        46.816797,
        185.5
      ],
      [
        4.842195,
        46.812286,
        188.75
      ],
      [
        4.851449,
        46.786872,
        190.75
      ],
      [
        4.849863,
        46.785078,
        187.5
      ],
      [
        4.850023,
        46.781262,
        177.0
      ],
      [
        4.850945,
        46.779754,
        176.75
      ],
      [
        4.85279,
        46.780626,
        177.5
      ],
      [
        4.850767,
        46.779934,
        177.0
      ],
      [
        4.851024,
        46.779432,
        178.0
      ],
      [
        4.84579,
        46.777833,
        178.0
      ],
      [
        4.844546,
        46.776283,
        182.25
      ],
      [
        4.843047,
        46.7756,
        183.0
      ],
      [
        4.841712,
        46.776007,
        179.75
      ],
      [
        4.840297,
        46.775924,
        178.0
      ],
      [
        4.833229,
        46.773578,
        177.0
      ],
      [
        4.83077,
        46.774897,
        176.5
      ],
      [
        4.829632,
        46.776297,
        177.75
      ],
      [
        4.792164,
        46.78246,
        201.75
      ],
      [
        4.773376,
        46.784957,
        196.25
      ],
      [
        4.752714,
        46.782878,
        210.5
      ],
      [
        4.750919,
        46.782346,
        209.25
      ],
      [
        4.749685,
        46.781462,
        209.25
      ],
      [
        4.746294,
        46.782025,
        217.5
      ],
      [
        4.737866,
        46.784741,
        229.0
      ],
      [
        4.735629,
        46.783712,
        234.5
      ],
      [
        4.733699,
        46.781737,
        240.0
      ],
      [
        4.727022,
        46.777519,
        247.25
      ],
      [
        4.724091,
        46.77348,
        251.75
      ],
      [
        4.721701,
        46.771467,
        250.75
      ],
      [
        4.720275,
        46.768667,
        250.75
      ],
      [
        4.718244,
        46.766987,
        244.5
      ],
      [
        4.717169,
        46.766875,
        239.5
      ],
      [
        4.71638,
        46.767455,
        247.0
      ],
      [
        4.714422,
        46.765493,
        245.25
      ],
      [
        4.716696,
        46.764298,
        237.25
      ],
      [
        4.718087,
        46.762768,
        230.0
      ],
      [
        4.718079,
        46.760728,
        232.25
      ],
      [
        4.717398,
        46.759351,
        235.0
      ],
      [
        4.717786,
        46.758433,
        233.75
      ],
      [
        4.716989,
        46.757668,
        232.5
      ],
      [
        4.714914,
        46.757378,
        232.75
      ],
      [
        4.713217,
        46.758168,
        237.5
      ],
      [
        4.709438,
        46.758469,
        243.75
      ],
      [
        4.708973,
        46.757252,
        238.25
      ],
      [
        4.708047,
        46.756903,
        233.0
      ],
      [
        4.707714,
        46.755586,
        228.0
      ],
      [
        4.706171,
        46.756362,
        230.75
      ],
      [
        4.701969,
        46.755614,
        233.0
      ],
      [
        4.697301,
        46.756039,
        249.75
      ],
      [
        4.694692,
        46.754175,
        250.0
      ],
      [
        4.690406,
        46.752933,
        251.25
      ],
      [
        4.690251,
        46.752326,
        250.25
      ],
      [
        4.686642,
        46.752714,
        256.0
      ],
      [
        4.68516,
        46.753321,
        260.25
      ],
      [
        4.684065,
        46.753143,
        263.5
      ],
      [
        4.683019,
        46.752061,
        283.0
      ],
      [
        4.680243,
        46.751366,
        316.5
      ],
      [
        4.679907,
        46.750726,
        319.5
      ],
      [
        4.677773,
        46.751014,
        337.0
      ],
      [
        4.67639,
        46.750407,
        343.75
      ],
      [
        4.675054,
        46.749145,
        338.75
      ],
      [
        4.673017,
        46.748561,
        333.5
      ],
      [
        4.6707,
        46.745951,
        336.75
      ],
      [
        4.670094,
        46.745766,
        335.5
      ],
      [
        4.66427,
        46.745873,
        316.75
      ],
      [
        4.663189,
        46.745444,
        315.75
      ],
      [
        4.661693,
        46.746312,
        310.5
      ],
      [
        4.657521,
        46.746745,
        311.25
      ],
      [
        4.647522,
        46.74525,
        292.75
      ],
      [
        4.645132,
        46.74439,
        300.0
      ],
      [
        4.644593,
        46.744446,
        300.75
      ],
      [
        4.643286,
        46.746061,
        299.25
      ],
      [
        4.641126,
        46.744319,
        299.75
      ],
      [
        4.627586,
        46.742287,
        308.0
      ],
      [
        4.606998,
        46.748469,
        349.5
      ],
      [
        4.60457,
        46.748038,
        362.5
      ],
      [
        4.603871,
        46.746863,
        369.25
      ],
      [
        4.600621,
        46.746507,
        385.0
      ],
      [
        4.600147,
        46.745914,
        388.25
      ],
      [
        4.598984,
        46.745614,
        395.75
      ],
      [
        4.596715,
        46.746061,
        407.5
      ],
      [
        4.595255,
        46.747118,
        417.25
      ],
      [
        4.594445,
        46.746169,
        423.25
      ],
      [
        4.590853,
        46.746294,
        427.25
      ],
      [
        4.582646,
        46.742293,
        425.25
      ],
      [
        4.577666,
        46.742004,
        413.5
      ],
      [
        4.577073,
        46.741373,
        413.75
      ],
      [
        4.576873,
        46.7391,
        425.0
      ],
      [
        4.574527,
        46.737863,
        420.75
      ],
      [
        4.573514,
        46.736773,
        419.25
      ],
      [
        4.572008,
        46.736925,
        422.25
      ],
      [
        4.567524,
        46.734357,
        428.5
      ],
      [
        4.56621,
        46.736575,
        441.0
      ],
      [
        4.558102,
        46.737043,
        435.0
      ],
      [
        4.552116,
        46.738006,
        431.75
      ],
      [
        4.549024,
        46.737973,
        434.25
      ],
      [
        4.540487,
        46.736567,
        429.0
      ],
      [
        4.538224,
        46.73782,
        421.0
      ],
      [
        4.531549,
        46.736328,
        399.5
      ],
      [
        4.527977,
        46.737082,
        387.75
      ],
      [
        4.520264,
        46.735811,
        365.5
      ],
      [
        4.518442,
        46.736681,
        359.5
      ],
      [
        4.51618,
        46.736626,
        353.0
      ],
      [
        4.514153,
        46.737316,
        345.75
      ],
      [
        4.513731,
        46.738729,
        341.0
      ],
      [
        4.512023,
        46.740807,
        339.25
      ],
      [
        4.50965,
        46.742741,
        329.5
      ],
      [
        4.506862,
        46.743818,
        325.25
      ],
      [
        4.501057,
        46.744787,
        321.0
      ],
      [
        4.495883,
        46.745055,
        305.25
      ],
      [
        4.495118,
        46.744245,
        303.25
      ],
      [
        4.490099,
        46.743957,
        303.0
      ],
      [
        4.487829,
        46.742916,
        303.0
      ],
      [
        4.482395,
        46.737225,
        303.5
      ],
      [
        4.47998,
        46.735541,
        307.5
      ],
      [
        4.479422,
        46.735899,
        307.0
      ],
      [
        4.478598,
        46.735576,
        304.75
      ],
      [
        4.476342,
        46.733622,
        302.25
      ],
      [
        4.475081,
        46.731118,
        299.75
      ],
      [
        4.474227,
        46.730426,
        298.5
      ],
      [
        4.461361,
        46.727422,
        297.0
      ],
      [
        4.450957,
        46.723402,
        293.75
      ],
      [
        4.448542,
        46.72151,
        293.5
      ],
      [
        4.44504,
        46.721097,
        293.75
      ],
      [
        4.443811,
        46.720197,
        293.75
      ],
      [
        4.44282,
        46.718435,
        291.25
      ],
      [
        4.440422,
        46.717541,
        291.0
      ],
      [
        4.439784,
        46.715879,
        291.5
      ],
      [
        4.440479,
        46.713607,
        290.5
      ],
      [
        4.438745,
        46.712394,
        289.5
      ],
      [
        4.430553,
        46.710228,
        290.0
      ],
      [
        4.429493,
        46.709463,
        290.75
      ],
      [
        4.428279,
        46.707655,
        290.0
      ],
      [
        4.426502,
        46.707356,
        289.0
      ],
      [
        4.419996,
        46.70368,
        288.75
      ],
      [
        4.415295,
        46.702299,
        285.25
      ],
      [
        4.412784,
        46.700254,
        286.0
      ],
      [
        4.408397,
        46.699754,
        285.75
      ],
      [
        4.402844,
        46.697045,
        282.5
      ],
      [
        4.401943,
        46.697264,
        283.5
      ],
      [
        4.399557,
        46.699103,
        283.5
      ],
      [
        4.398426,
        46.699241,
        283.25
      ],
      [
        4.396566,
        46.698153,
        283.25
      ],
      [
        4.395265,
        46.69616,
        283.75
      ],
      [
        4.391327,
        46.695879,
        285.0
      ],
      [
        4.390785,
        46.688852,
        305.75
      ],
      [
        4.385686,
        46.687221,
        302.25
      ],
      [
        4.384704,
        46.68654,
        297.5
      ],
      [
        4.383606,
        46.686554,
        297.75
      ],
      [
        4.383936,
        46.685083,
        300.5
      ],
      [
        4.383379,
        46.684408,
        296.0
      ],
      [
        4.384946,
        46.682879,
        306.5
      ],
      [
        4.38219,
        46.681117,
        307.0
      ],
      [
        4.37874,
        46.677807,
        293.25
      ],
      [
        4.375732,
        46.67582,
        293.0
      ],
      [
        4.37271,
        46.672343,
        306.5
      ],
      [
        4.370577,
        46.668654,
        320.75
      ],
      [
        4.369192,
        46.668377,
        316.75
      ],
      [
        4.370186,
        46.667021,
        324.25
      ],
      [
        4.368106,
        46.665917,
        323.0
      ],
      [
        4.366282,
        46.665622,
        323.0
      ],
      [
        4.365659,
        46.662482,
        317.0
      ],
      [
        4.363042,
        46.662342,
        321.0
      ],
      [
        4.362163,
        46.662669,
        320.75
      ],
      [
        4.361505,
        46.662129,
        320.0
      ],
      [
        4.357432,
        46.661581,
        312.75
      ],
      [
        4.356852,
        46.662117,
        312.5
      ],
      [
        4.356742,
        46.661652,
        310.0
      ],
      [
        4.354009,
        46.659662,
        309.5
      ],
      [
        4.352261,
        46.660287,
        299.0
      ],
      [
        4.351043,
        46.659138,
        299.5
      ],
      [
        4.34963,
        46.655965,
        301.25
      ],
      [
        4.347429,
        46.654668,
        297.5
      ],
      [
        4.342831,
        46.654539,
        284.75
      ],
      [
        4.341255,
        46.655203,
        281.25
      ],
      [
        4.340181,
        46.654419,
        278.5
      ],
      [
        4.339389,
        46.652849,
        276.0
      ],
      [
        4.339247,
        46.650546,
        276.0
      ],
      [
        4.335699,
        46.648385,
        273.75
      ],
      [
        4.335828,
        46.645531,
        274.75
      ],
      [
        4.333668,
        46.64502,
        274.25
      ],
      [
        4.332602,
        46.643731,
        277.25
      ],
      [
        4.333754,
        46.641649,
        273.25
      ],
      [
        4.333607,
        46.640362,
        273.75
      ],
      [
        4.334755,
        46.636896,
        273.75
      ],
      [
        4.334543,
        46.635164,
        273.0
      ],
      [
        4.335081,
        46.633367,
        272.75
      ],
      [
        4.334784,
        46.63229,
        273.25
      ],
      [
        4.333044,
        46.631326,
        274.25
      ],
      [
        4.332465,
        46.630522,
        273.25
      ],
      [
        4.333451,
        46.629101,
        272.5
      ],
      [
        4.333956,
        46.626843,
        273.0
      ],
      [
        4.333363,
        46.625374,
        273.5
      ],
      [
        4.331019,
        46.624691,
        273.0
      ],
      [
        4.329242,
        46.62469,
        273.75
      ],
      [
        4.327372,
        46.623842,
        273.75
      ],
      [
        4.327099,
        46.62324,
        272.5
      ],
      [
        4.327881,
        46.621884,
        273.0
      ],
      [
        4.326134,
        46.619374,
        272.25
      ],
      [
        4.317368,
        46.618278,
        270.75
      ],
      [
        4.314332,
        46.616546,
        270.0
      ],
      [
        4.312241,
        46.61321,
        270.75
      ],
      [
        4.312602,
        46.611613,
        270.0
      ],
      [
        4.31225,
        46.60987,
        270.0
      ],
      [
        4.308121,
        46.606251,
        267.5
      ],
      [
        4.304592,
        46.604899,
        268.25
      ],
      [
        4.301159,
        46.604252,
        267.0
      ],
      [
        4.299727,
        46.60276,
        267.75
      ],
      [
        4.29539,
        46.600093,
        267.25
      ],
      [
        4.285948,
        46.598058,
        266.75
      ],
      [
        4.280248,
        46.597716,
        265.5
      ],
      [
        4.276088,
        46.597048,
        263.75
      ],
      [
        4.273568,
        46.597462,
        264.75
      ],
      [
        4.270715,
        46.598477,
        263.25
      ],
      [
        4.265837,
        46.596957,
        264.75
      ],
      [
        4.263359,
        46.598077,
        264.75
      ],
      [
        4.261438,
        46.597853,
        264.0
      ],
      [
        4.257844,
        46.593945,
        264.5
      ],
      [
        4.253309,
        46.59289,
        262.75
      ],
      [
        4.246955,
        46.58749,
        263.0
      ],
      [
        4.244063,
        46.58689,
        263.75
      ],
      [
        4.242175,
        46.586082,
        263.5
      ],
      [
        4.241602,
        46.585267,
        263.5
      ],
      [
        4.241534,
        46.583488,
        263.0
      ],
      [
        4.239292,
        46.581842,
        266.75
      ],
      [
        4.237814,
        46.579557,
        268.25
      ],
      [
        4.234356,
        46.577353,
        260.75
      ],
      [
        4.234011,
        46.576389,
        260.25
      ],
      [
        4.232297,
        46.574603,
        259.5
      ],
      [
        4.229668,
        46.573912,
        260.25
      ],
      [
        4.227286,
        46.57128,
        260.0
      ],
      [
        4.225359,
        46.57073,
        257.75
      ],
      [
        4.222573,
        46.570829,
        258.75
      ],
      [
        4.221751,
        46.570493,
        258.5
      ],
      [
        4.221758,
        46.567535,
        258.25
      ],
      [
        4.223465,
        46.566707,
        260.0
      ],
      [
        4.22417,
        46.566984,
        260.0
      ],
      [
        4.224914,
        46.566728,
        263.0
      ],
      [
        4.224677,
        46.565482,
        265.25
      ],
      [
        4.223127,
        46.56391,
        262.5
      ],
      [
        4.224653,
        46.563238,
        266.75
      ],
      [
        4.225139,
        46.561379,
        261.5
      ],
      [
        4.221723,
        46.559704,
        266.25
      ],
      [
        4.221095,
        46.556947,
        269.75
      ],
      [
        4.219318,
        46.553315,
        274.0
      ],
      [
        4.218492,
        46.553419,
        272.25
      ],
      [
        4.213917,
        46.549489,
        264.75
      ],
      [
        4.211262,
        46.548791,
        261.0
      ],
      [
        4.212545,
        46.546275,
        262.5
      ],
      [
        4.210745,
        46.541884,
        261.25
      ],
      [
        4.211228,
        46.541,
        265.25
      ],
      [
        4.213295,
        46.540587,
        270.5
      ],
      [
        4.214477,
        46.539846,
        269.75
      ],
      [
        4.213175,
        46.535269,
        279.0
      ],
      [
        4.212889,
        46.530856,
        274.5
      ],
      [
        4.213299,
        46.525525,
        275.75
      ],
      [
        4.210686,
        46.519075,
        278.5
      ],
      [
        4.208351,
        46.517079,
        283.0
      ],
      [
        4.206495,
        46.511964,
        272.0
      ],
      [
        4.206841,
        46.509327,
        272.25
      ],
      [
        4.204132,
        46.508287,
        274.0
      ],
      [
        4.199773,
        46.50793,
        270.5
      ],
      [
        4.197482,
        46.504917,
        278.0
      ],
      [
        4.186628,
        46.506474,
        254.0
      ],
      [
        4.186319,
        46.506182,
        253.0
      ],
      [
        4.185074,
        46.503468,
        251.75
      ],
      [
        4.182047,
        46.4913,
        250.0
      ],
      [
        4.178199,
        46.486226,
        250.0
      ],
      [
        4.175975,
        46.480212,
        249.5
      ],
      [
        4.173001,
        46.477988,
        247.5
      ],
      [
        4.171702,
        46.473574,
        247.0
      ],
      [
        4.166575,
        46.469887,
        248.25
      ],
      [
        4.16452,
        46.467456,
        245.5
      ],
      [
        4.163652,
        46.464392,
        245.5
      ],
      [
        4.157498,
        46.456438,
        244.75
      ],
      [
        4.158134,
        46.452731,
        245.0
      ],
      [
        4.156872,
        46.450673,
        244.5
      ],
      [
        4.155719,
        46.446675,
        245.25
      ],
      [
        4.153608,
        46.443524,
        244.25
      ],
      [
        4.151327,
        46.442276,
        244.5
      ],
      [
        4.144433,
        46.443177,
        244.5
      ],
      [
        4.128411,
        46.44318,
        244.0
      ],
      [
        4.120459,
        46.445688,
        242.0
      ],
      [
        4.117596,
        46.447195,
        244.0
      ],
      [
        4.117633,
        46.44797,
        241.25
      ],
      [
        4.120152,
        46.45185,
        242.0
      ],
      [
        4.11948,
        46.450743,
        241.25
      ],
      [
        4.116991,
        46.451332,
        242.0
      ],
      [
        4.114923,
        46.449049,
        244.5
      ],
      [
        4.102738,
        46.454589,
        241.75
      ],
      [
        4.098552,
        46.457407,
        242.0
      ],
      [
        4.097125,
        46.459639,
        240.0
      ],
      [
        4.09408,
        46.46175,
        239.5
      ],
      [
        4.091303,
        46.464497,
        237.25
      ],
      [
        4.083373,
        46.469896,
        236.25
      ],
      [
        4.080819,
        46.470712,
        236.25
      ],
      [
        4.078219,
        46.470472,
        236.5
      ],
      [
        4.069679,
        46.473598,
        237.0
      ],
      [
        4.066804,
        46.476485,
        236.25
      ],
      [
        4.066346,
        46.478367,
        236.75
      ],
      [
        4.065661,
        46.479062,
        235.75
      ],
      [
        4.064032,
        46.479521,
        236.0
      ],
      [
        4.058531,
        46.479126,
        234.25
      ],
      [
        4.053159,
        46.482038,
        233.75
      ],
      [
        4.051165,
        46.484195,
        234.25
      ],
      [
        4.047671,
        46.485948,
        234.0
      ],
      [
        4.037278,
        46.487042,
        234.75
      ],
      [
        4.034016,
        46.486783,
        237.0
      ],
      [
        4.028818,
        46.488127,
        233.75
      ],
      [
        4.020099,
        46.486972,
        234.5
      ],
      [
        4.016771,
        46.487277,
        234.25
      ],
      [
        4.013588,
        46.488215,
        233.75
      ],
      [
        4.009876,
        46.487639,
        234.0
      ],
      [
        4.004298,
        46.488231,
        234.25
      ],
      [
        3.997279,
        46.485381,
        235.25
      ],
      [
        3.988675,
        46.485036,
        233.0
      ],
      [
        3.986078,
        46.484636,
        233.0
      ],
      [
        3.984602,
        46.485124,
        232.25
      ],
      [
        3.984105,
        46.483656,
        232.75
      ],
      [
        3.980761,
        46.482795,
        229.75
      ],
      [
        3.979591,
        46.481914,
        233.0
      ],
      [
        3.983152,
        46.481465,
        236.0
      ],
      [
        3.985254,
        46.481885,
        236.5
      ],
      [
        3.982284,
        46.480237,
        236.5
      ],
      [
        3.978168,
        46.473818,
        230.5
      ],
      [
        3.977135,
        46.473017,
        231.0
      ],
      [
        3.945929,
        46.470896,
        231.75
      ],
      [
        3.942011,
        46.471293,
        230.0
      ],
      [
        3.932777,
        46.475318,
        230.25
      ],
      [
        3.921043,
        46.476483,
        229.25
      ],
      [
        3.91569,
        46.478059,
        230.75
      ],
      [
        3.910696,
        46.477955,
        229.5
      ],
      [
        3.898227,
        46.479846,
        230.0
      ],
      [
        3.891083,
        46.479118,
        233.25
      ],
      [
        3.883778,
        46.480653,
        230.5
      ],
      [
        3.871268,
        46.480641,
        228.0
      ],
      [
        3.868609,
        46.481021,
        230.25
      ],
      [
        3.85972,
        46.48446,
        228.75
      ],
      [
        3.854227,
        46.486134,
        228.5
      ],
      [
        3.848956,
        46.490367,
        227.5
      ],
      [
        3.83939,
        46.494803,
        223.75
      ],
      [
        3.82939,
        46.500155,
        225.5
      ],
      [
        3.806713,
        46.509104,
        225.0
      ],
      [
        3.802981,
        46.511939,
        226.0
      ],
      [
        3.78094,
        46.520583,
        222.75
      ],
      [
        3.768159,
        46.532242,
        220.75
      ],
      [
        3.766446,
        46.534579,
        220.0
      ],
      [
        3.763475,
        46.536434,
        219.75
      ],
      [
        3.762007,
        46.536589,
        220.25
      ],
      [
        3.758842,
        46.536018,
        220.25
      ],
      [
        3.75338,
        46.532944,
        221.5
      ],
      [
        3.750369,
        46.532695,
        221.0
      ],
      [
        3.749528,
        46.531956,
        221.5
      ],
      [
        3.743894,
        46.53214,
        219.5
      ],
      [
        3.739441,
        46.530066,
        220.0
      ],
      [
        3.731377,
        46.528155,
        217.5
      ],
      [
        3.728764,
        46.529076,
        221.75
      ],
      [
        3.727269,
        46.530469,
        219.25
      ],
      [
        3.71722,
        46.533069,
        220.75
      ],
      [
        3.712169,
        46.537137,
        221.25
      ],
      [
        3.707695,
        46.538361,
        219.5
      ],
      [
        3.707155,
        46.537869,
        218.25
      ],
      [
        3.706181,
        46.538258,
        219.0
      ],
      [
        3.706391,
        46.537948,
        218.5
      ],
      [
        3.702933,
        46.533981,
        219.25
      ],
      [
        3.697542,
        46.531358,
        218.75
      ],
      [
        3.693995,
        46.526212,
        219.25
      ],
      [
        3.689426,
        46.523775,
        219.0
      ],
      [
        3.68671,
        46.521817,
        220.0
      ],
      [
        3.68725,
        46.521475,
        220.5
      ],
      [
        3.684872,
        46.519275,
        220.75
      ],
      [
        3.681523,
        46.521775,
        231.0
      ],
      [
        3.681824,
        46.521438,
        232.25
      ],
      [
        3.680787,
        46.520758,
        234.0
      ],
      [
        3.677169,
        46.515487,
        235.0
      ],
      [
        3.668442,
        46.508669,
        248.5
      ],
      [
        3.665756,
        46.507444,
        245.5
      ],
      [
        3.657924,
        46.505271,
        237.75
      ],
      [
        3.642748,
        46.504163,
        252.0
      ],
      [
        3.631431,
        46.500685,
        261.25
      ],
      [
        3.628494,
        46.502344,
        263.0
      ],
      [
        3.625692,
        46.503325,
        260.75
      ],
      [
        3.625024,
        46.504685,
        259.75
      ],
      [
        3.623382,
        46.505792,
        258.75
      ],
      [
        3.622325,
        46.507807,
        260.5
      ],
      [
        3.612381,
        46.515534,
        269.0
      ],
      [
        3.607851,
        46.516503,
        256.25
      ],
      [
        3.603339,
        46.518139,
        252.0
      ],
      [
        3.597938,
        46.519208,
        253.0
      ],
      [
        3.592733,
        46.521888,
        249.5
      ],
      [
        3.583212,
        46.5219,
        247.75
      ],
      [
        3.580537,
        46.523763,
        245.75
      ],
      [
        3.576926,
        46.525064,
        243.75
      ],
      [
        3.575157,
        46.525045,
        240.25
      ],
      [
        3.573793,
        46.525986,
        238.75
      ],
      [
        3.570736,
        46.527123,
        238.0
      ],
      [
        3.569469,
        46.5317,
        244.0
      ],
      [
        3.567182,
        46.534081,
        242.5
      ],
      [
        3.56609,
        46.536889,
        242.75
      ],
      [
        3.563337,
        46.537267,
        242.75
      ],
      [
        3.56206,
        46.538589,
        242.0
      ],
      [
        3.558694,
        46.540092,
        244.75
      ],
      [
        3.554789,
        46.542822,
        242.75
      ],
      [
        3.549293,
        46.544263,
        248.25
      ],
      [
        3.546449,
        46.547275,
        246.0
      ],
      [
        3.539372,
        46.55141,
        251.0
      ],
      [
        3.538814,
        46.552489,
        252.75
      ],
      [
        3.539834,
        46.554796,
        244.25
      ],
      [
        3.539731,
        46.556051,
        244.75
      ],
      [
        3.536626,
        46.562988,
        249.0
      ],
      [
        3.528188,
        46.564623,
        256.0
      ],
      [
        3.525137,
        46.564562,
        253.25
      ],
      [
        3.512418,
        46.565655,
        243.0
      ],
      [
        3.504551,
        46.565246,
        256.0
      ],
      [
        3.498739,
        46.56626,
        250.25
      ],
      [
        3.497587,
        46.566951,
        245.25
      ],
      [
        3.492543,
        46.56566,
        236.0
      ],
      [
        3.487648,
        46.565027,
        245.5
      ],
      [
        3.480654,
        46.565796,
        256.0
      ],
      [
        3.467166,
        46.565334,
        259.75
      ],
      [
        3.457596,
        46.566908,
        267.0
      ],
      [
        3.451669,
        46.567015,
        260.25
      ],
      [
        3.446248,
        46.567617,
        250.75
      ],
      [
        3.439776,
        46.567046,
        255.0
      ],
      [
        3.434824,
        46.567204,
        259.75
      ],
      [
        3.428084,
        46.570026,
        259.75
      ],
      [
        3.419825,
        46.568989,
        260.0
      ],
      [
        3.412831,
        46.570094,
        267.25
      ],
      [
        3.396634,
        46.567892,
        250.75
      ],
      [
        3.390571,
        46.567912,
        253.75
      ],
      [
        3.388096,
        46.567005,
        256.0
      ],
      [
        3.383692,
        46.566434,
        266.0
      ],
      [
        3.380769,
        46.564776,
        265.0
      ],
      [
        3.377124,
        46.563335,
        262.75
      ],
      [
        3.368193,
        46.563366,
        246.0
      ],
      [
        3.361865,
        46.56424,
        246.75
      ],
      [
        3.354449,
        46.566264,
        239.0
      ],
      [
        3.352607,
        46.565935,
        235.5
      ],
      [
        3.343702,
        46.566803,
        224.0
      ],
      [
        3.33844,
        46.566265,
        219.0
      ],
      [
        3.337888,
        46.564951,
        220.5
      ],
      [
        3.33595,
        46.564956,
        217.5
      ],
      [
        3.335118,
        46.565621,
        219.0
      ],
      [
        3.335287,
        46.566231,
        219.75
      ],
      [
        3.331288,
        46.564533,
        211.5
      ],
      [
        3.329122,
        46.564535,
        210.5
      ],
      [
        3.329327,
        46.563908,
        211.0
      ],
      [
        3.321166,
        46.561023,
        213.25
      ],
      [
        3.318236,
        46.563701,
        212.5
      ],
      [
        3.315877,
        46.562703,
        208.25
      ],
      [
        3.311825,
        46.56346,
        209.0
      ],
      [
        3.307018,
        46.563341,
        210.0
      ],
      [
        3.303801,
        46.565928,
        212.75
      ],
      [
        3.30148,
        46.566066,
        213.0
      ],
      [
        3.297634,
        46.567929,
        213.0
      ],
      [
        3.294405,
        46.56892,
        213.0
      ],
      [
        3.298823,
        46.57045,
        210.75
      ],
      [
        3.298311,
        46.571978,
        211.0
      ],
      [
        3.296323,
        46.574429,
        211.25
      ],
      [
        3.291817,
        46.577707,
        212.0
      ],
      [
        3.288151,
        46.577886,
        211.75
      ],
      [
        3.28533,
        46.579124,
        228.5
      ],
      [
        3.281033,
        46.580278,
        242.0
      ],
      [
        3.275139,
        46.5798,
        243.75
      ],
      [
        3.273864,
        46.579988,
        244.0
      ],
      [
        3.271661,
        46.579383,
        244.0
      ],
      [
        3.270894,
        46.579746,
        241.25
      ],
      [
        3.268946,
        46.581079,
        228.0
      ],
      [
        3.268293,
        46.582333,
        225.25
      ],
      [
        3.266538,
        46.582955,
        237.75
      ],
      [
        3.265819,
        46.583979,
        240.5
      ],
      [
        3.264574,
        46.584026,
        237.5
      ],
      [
        3.263574,
        46.584773,
        232.0
      ],
      [
        3.263932,
        46.587026,
        239.75
      ],
      [
        3.265696,
        46.588486,
        242.75
      ],
      [
        3.265862,
        46.589539,
        243.25
      ],
      [
        3.25522,
        46.588191,
        249.0
      ],
      [
        3.251498,
        46.587094,
        252.0
      ],
      [
        3.252432,
        46.590015,
        249.75
      ],
      [
        3.251378,
        46.595033,
        246.75
      ],
      [
        3.252183,
        46.596728,
        247.75
      ],
      [
        3.252022,
        46.598122,
        246.0
      ],
      [
        3.252951,
        46.599923,
        244.25
      ],
      [
        3.251367,
        46.602183,
        227.25
      ],
      [
        3.249812,
        46.603034,
        226.0
      ],
      [
        3.252287,
        46.606025,
        240.25
      ],
      [
        3.253104,
        46.609545,
        213.75
      ],
      [
        3.252619,
        46.609891,
        212.75
      ],
      [
        3.250676,
        46.609922,
        220.75
      ],
      [
        3.249916,
        46.610425,
        224.75
      ],
      [
        3.249365,
        46.612772,
        232.75
      ],
      [
        3.249783,
        46.614298,
        236.0
      ],
      [
        3.248984,
        46.61521,
        236.5
      ],
      [
        3.244829,
        46.618333,
        238.5
      ],
      [
        3.237034,
        46.621666,
        227.75
      ],
      [
        3.232177,
        46.625437,
        237.0
      ],
      [
        3.231545,
        46.62804,
        232.0
      ],
      [
        3.227934,
        46.635068,
        215.75
      ],
      [
        3.226566,
        46.638898,
        211.5
      ],
      [
        3.224366,
        46.641157,
        205.25
      ],
      [
        3.219742,
        46.643529,
        203.5
      ],
      [
        3.213975,
        46.64791,
        205.25
      ],
      [
        3.21219,
        46.65098,
        202.25
      ],
      [
        3.205325,
        46.659262,
        201.75
      ],
      [
        3.196667,
        46.658074,
        220.0
      ],
      [
        3.194093,
        46.659335,
        225.5
      ],
      [
        3.187836,
        46.657227,
        226.75
      ],
      [
        3.176521,
        46.65908,
        244.5
      ],
      [
        3.174,
        46.658338,
        244.25
      ],
      [
        3.170761,
        46.65875,
        246.5
      ],
      [
        3.170004,
        46.660152,
        251.5
      ],
      [
        3.162446,
        46.66126,
        253.0
      ],
      [
        3.16132,
        46.667306,
        245.0
      ],
      [
        3.158346,
        46.669689,
        245.0
      ],
      [
        3.155424,
        46.674765,
        237.75
      ],
      [
        3.15487,
        46.678093,
        236.0
      ],
      [
        3.155921,
        46.681268,
        230.25
      ],
      [
        3.149812,
        46.68232,
        211.5
      ],
      [
        3.1486,
        46.683103,
        206.75
      ],
      [
        3.14803,
        46.684738,
        198.75
      ],
      [
        3.138957,
        46.687478,
        208.75
      ],
      [
        3.137602,
        46.68822,
        213.0
      ],
      [
        3.136878,
        46.689183,
        218.25
      ],
      [
        3.136096,
        46.693481,
        224.0
      ],
      [
        3.130296,
        46.698637,
        220.75
      ],
      [
        3.125986,
        46.703414,
        219.0
      ],
      [
        3.122582,
        46.706156,
        215.25
      ],
      [
        3.115617,
        46.709778,
        228.0
      ],
      [
        3.112357,
        46.712764,
        229.0
      ],
      [
        3.102912,
        46.719871,
        226.0
      ],
      [
        3.099771,
        46.722832,
        219.5
      ],
      [
        3.095569,
        46.724739,
        221.0
      ],
      [
        3.083144,
        46.725346,
        226.5
      ],
      [
        3.081458,
        46.725696,
        222.25
      ],
      [
        3.077778,
        46.727288,
        213.0
      ],
      [
        3.076238,
        46.728398,
        209.25
      ],
      [
        3.075721,
        46.729352,
        205.75
      ],
      [
        3.075764,
        46.731367,
        199.5
      ],
      [
        3.077046,
        46.734117,
        195.25
      ],
      [
        3.076657,
        46.735013,
        194.75
      ],
      [
        3.071478,
        46.738142,
        191.75
      ],
      [
        3.06371,
        46.740884,
        191.75
      ],
      [
        3.046205,
        46.75198,
        188.5
      ],
      [
        3.04437,
        46.753915,
        195.0
      ],
      [
        3.041485,
        46.755122,
        191.75
      ],
      [
        3.041914,
        46.756331,
        190.0
      ],
      [
        3.03983,
        46.756339,
        191.5
      ],
      [
        3.033003,
        46.760112,
        187.25
      ],
      [
        3.030515,
        46.7633,
        191.0
      ],
      [
        3.030961,
        46.765209,
        200.25
      ],
      [
        3.027622,
        46.766046,
        214.0
      ],
      [
        3.026631,
        46.767169,
        213.5
      ],
      [
        3.026081,
        46.768909,
        211.75
      ],
      [
        3.025112,
        46.769729,
        213.0
      ],
      [
        3.022173,
        46.76672,
        215.5
      ],
      [
        3.020473,
        46.767191,
        215.75
      ],
      [
        3.012432,
        46.767995,
        209.75
      ],
      [
        2.997809,
        46.7673,
        214.0
      ],
      [
        2.989725,
        46.767473,
        219.75
      ],
      [
        2.984669,
        46.767957,
        223.5
      ],
      [
        2.963913,
        46.767685,
        226.5
      ],
      [
        2.953036,
        46.766786,
        228.0
      ],
      [
        2.94209,
        46.772192,
        224.5
      ],
      [
        2.933898,
        46.778881,
        228.75
      ],
      [
        2.928052,
        46.780546,
        230.0
      ],
      [
        2.929874,
        46.783949,
        226.5
      ],
      [
        2.930723,
        46.784656,
        228.5
      ],
      [
        2.930732,
        46.785335,
        229.5
      ],
      [
        2.930329,
        46.786135,
        227.0
      ],
      [
        2.924739,
        46.790826,
        218.75
      ],
      [
        2.924471,
        46.792836,
        213.75
      ],
      [
        2.925518,
        46.794423,
        209.75
      ],
      [
        2.923977,
        46.796606,
        214.0
      ],
      [
        2.923877,
        46.800075,
        215.0
      ],
      [
        2.931666,
        46.801823,
        212.0
      ],
      [
        2.931123,
        46.803285,
        209.0
      ],
      [
        2.929983,
        46.803621,
        208.0
      ],
      [
        2.927832,
        46.807225,
        208.75
      ],
      [
        2.926713,
        46.817472,
        206.75
      ],
      [
        2.925986,
        46.820815,
        206.0
      ],
      [
        2.924932,
        46.823068,
        207.0
      ],
      [
        2.923487,
        46.825015,
        209.0
      ],
      [
        2.92062,
        46.827611,
        214.0
      ],
      [
        2.920442,
        46.829101,
        210.0
      ],
      [
        2.919906,
        46.82959,
        209.0
      ],
      [
        2.920265,
        46.830841,
        206.0
      ],
      [
        2.919994,
        46.830395,
        207.0
      ],
      [
        2.919698,
        46.830758,
        206.25
      ],
      [
        2.917402,
        46.831051,
        207.25
      ],
      [
        2.917048,
        46.832897,
        203.75
      ],
      [
        2.915524,
        46.834317,
        197.25
      ],
      [
        2.918745,
        46.835904,
        196.75
      ],
      [
        2.920389,
        46.837565,
        201.5
      ],
      [
        2.925542,
        46.843965,
        202.0
      ],
      [
        2.927022,
        46.846499,
        200.25
      ],
      [
        2.923936,
        46.850497,
        200.0
      ],
      [
        2.923841,
        46.853036,
        201.0
      ],
      [
        2.924851,
        46.857462,
        205.5
      ],
      [
        2.924105,
        46.85891,
        205.25
      ],
      [
        2.923034,
        46.864039,
        208.0
      ],
      [
        2.921685,
        46.866838,
        208.5
      ],
      [
        2.919518,
        46.867984,
        202.75
      ],
      [
        2.917085,
        46.867991,
        206.0
      ],
      [
        2.916387,
        46.868608,
        208.0
      ],
      [
        2.91375,
        46.869522,
        210.5
      ],
      [
        2.912462,
        46.870683,
        209.0
      ],
      [
        2.912763,
        46.872156,
        198.25
      ],
      [
        2.911478,
        46.875795,
        218.0
      ],
      [
        2.913617,
        46.876766,
        216.75
      ],
      [
        2.916893,
        46.876856,
        209.75
      ],
      [
        2.918988,
        46.877951,
        204.25
      ],
      [
        2.922275,
        46.87842,
        204.0
      ],
      [
        2.922516,
        46.879819,
        204.25
      ],
      [
        2.92207,
        46.880288,
        208.0
      ],
      [
        2.923336,
        46.882254,
        215.0
      ],
      [
        2.928157,
        46.880892,
        209.5
      ],
      [
        2.93384,
        46.879938,
        197.5
      ],
      [
        2.934881,
        46.878445,
        195.25
      ],
      [
        2.936703,
        46.878681,
        195.0
      ],
      [
        2.941051,
        46.878463,
        199.5
      ],
      [
        2.954031,
        46.875714,
        218.0
      ],
      [
        2.955169,
        46.877656,
        209.5
      ],
      [
        2.95999,
        46.880626,
        221.25
      ],
      [
        2.964345,
        46.881285,
        222.0
      ],
      [
        2.96576,
        46.881843,
        221.0
      ],
      [
        2.975416,
        46.88749,
        219.0
      ],
      [
        2.984835,
        46.892173,
        213.5
      ],
      [
        2.991972,
        46.892998,
        211.0
      ],
      [
        2.999858,
        46.894532,
        206.25
      ],
      [
        3.010321,
        46.894372,
        200.75
      ],
      [
        3.040232,
        46.909759,
        203.0
      ],
      [
        3.043449,
        46.909364,
        196.25
      ],
      [
        3.046426,
        46.907249,
        184.0
      ],
      [
        3.047665,
        46.906961,
        178.25
      ],
      [
        3.048261,
        46.910188,
        177.5
      ],
      [
        3.051066,
        46.916805,
        176.75
      ],
      [
        3.054517,
        46.919985,
        174.25
      ],
      [
        3.055376,
        46.922348,
        177.0
      ],
      [
        3.056069,
        46.922466,
        176.75
      ],
      [
        3.059528,
        46.929092,
        175.25
      ],
      [
        3.060347,
        46.934113,
        174.75
      ],
      [
        3.059866,
        46.946008,
        175.5
      ],
      [
        3.061743,
        46.946122,
        175.5
      ],
      [
        3.065874,
        46.948054,
        172.0
      ],
      [
        3.06888,
        46.946541,
        172.5
      ],
      [
        3.069477,
        46.946968,
        172.75
      ],
      [
        3.07906,
        46.942379,
        181.0
      ],
      [
        3.078841,
        46.941926,
        183.25
      ],
      [
        3.079687,
        46.94164,
        181.5
      ],
      [
        3.08345,
        46.943375,
        181.0
      ],
      [
        3.086706,
        46.943815,
        183.0
      ],
      [
        3.087394,
        46.9451,
        182.25
      ],
      [
        3.091776,
        46.943554,
        183.0
      ],
      [
        3.094135,
        46.943675,
        181.5
      ],
      [
        3.095425,
        46.944219,
        181.75
      ],
      [
        3.098092,
        46.946313,
        180.25
      ],
      [
        3.099751,
        46.946788,
        179.5
      ],
      [
        3.101396,
        46.94663,
        180.75
      ],
      [
        3.105174,
        46.945247,
        181.0
      ],
      [
        3.107817,
        46.945187,
        181.0
      ],
      [
        3.109856,
        46.945881,
        180.5
      ],
      [
        3.113326,
        46.948228,
        179.0
      ],
      [
        3.114657,
        46.948552,
        180.5
      ],
      [
        3.117044,
        46.948164,
        180.0
      ],
      [
        3.118572,
        46.946564,
        179.75
      ],
      [
        3.119943,
        46.945952,
        178.75
      ],
      [
        3.123312,
        46.94633,
        180.75
      ],
      [
        3.129269,
        46.947726,
        179.5
      ],
      [
        3.133341,
        46.951401,
        181.0
      ],
      [
        3.134902,
        46.952206,
        180.5
      ],
      [
        3.140285,
        46.95284,
        180.5
      ],
      [
        3.144404,
        46.95452,
        180.25
      ],
      [
        3.152232,
        46.953862,
        180.75
      ],
      [
        3.155768,
        46.952267,
        181.75
      ],
      [
        3.157656,
        46.951975,
        181.25
      ],
      [
        3.169406,
        46.952478,
        183.0
      ],
      [
        3.175253,
        46.953508,
        180.25
      ],
      [
        3.177907,
        46.954411,
        181.75
      ],
      [
        3.179938,
        46.955908,
        180.0
      ],
      [
        3.182139,
        46.958907,
        181.0
      ],
      [
        3.181533,
        46.959659,
        180.0
      ],
      [
        3.178604,
        46.960845,
        177.75
      ],
      [
        3.176641,
        46.962389,
        177.0
      ],
      [
        3.166385,
        46.981862,
        175.75
      ],
      [
        3.164664,
        46.981503,
        175.0
      ],
      [
        3.161214,
        46.982034,
        177.0
      ],
      [
        3.160256,
        46.981882,
        179.75
      ],
      [
        3.157541,
        46.985199,
        180.0
      ],
      [
        3.158297,
        46.985713,
        185.25
      ],
      [
        3.157547,
        46.987009,
        196.0
      ],
      [
        3.158251,
        46.987545,
        194.25
      ],
      [
        3.156964,
        46.989254,
        194.75
      ],
      [
        3.157187,
        46.991246,
        195.0
      ],
      [
        3.158175,
        46.991784,
        194.0
      ],
      [
        3.157461,
        46.992695,
        194.0
      ],
      [
        3.158863,
        46.993329,
        193.0
      ],
      [
        3.157497,
        46.994099,
        195.0
      ],
      [
        3.15692,
        46.994202,
        196.0
      ],
      [
        3.15717,
        46.991401,
        195.0
      ],
      [
        3.152704,
        46.991658,
        205.75
      ],
      [
        3.150347,
        46.991336,
        198.0
      ],
      [
        3.149544,
        46.991692,
        193.5
      ],
      [
        3.149189,
        46.992481,
        192.0
      ],
      [
        3.147328,
        46.992454,
        189.5
      ],
      [
        3.145024,
        46.99384,
        193.0
      ],
      [
        3.136757,
        46.995912,
        193.5
      ],
      [
        3.136111,
        46.994164,
        196.0
      ],
      [
        3.128504,
        46.996332,
        196.75
      ],
      [
        3.122839,
        46.995925,
        188.0
      ],
      [
        3.120293,
        46.996345,
        184.0
      ],
      [
        3.115874,
        46.995204,
        182.75
      ],
      [
        3.11294,
        46.995358,
        182.5
      ],
      [
        3.108222,
        46.998407,
        181.25
      ],
      [
        3.100422,
        47.000926,
        181.5
      ],
      [
        3.098747,
        47.001917,
        180.0
      ],
      [
        3.094872,
        47.005289,
        178.0
      ],
      [
        3.094023,
        47.007301,
        178.0
      ],
      [
        3.087307,
        47.013046,
        175.0
      ],
      [
        3.08567,
        47.013292,
        175.5
      ],
      [
        3.078138,
        47.012342,
        170.0
      ],
      [
        3.070651,
        47.012332,
        170.75
      ],
      [
        3.071766,
        47.01536,
        170.0
      ],
      [
        3.070255,
        47.017142,
        170.75
      ],
      [
        3.068811,
        47.024972,
        169.0
      ],
      [
        3.06932,
        47.028585,
        168.75
      ],
      [
        3.067768,
        47.03124,
        167.75
      ],
      [
        3.061767,
        47.037053,
        167.75
      ],
      [
        3.053817,
        47.042157,
        166.75
      ],
      [
        3.040005,
        47.047903,
        166.75
      ],
      [
        3.037837,
        47.04964,
        166.25
      ],
      [
        3.027256,
        47.055278,
        167.5
      ],
      [
        3.01867,
        47.062429,
        165.5
      ],
      [
        3.014775,
        47.068052,
        165.75
      ],
      [
        3.012767,
        47.06988,
        164.75
      ],
      [
        3.011864,
        47.072291,
        165.5
      ],
      [
        3.016685,
        47.079865,
        165.25
      ],
      [
        3.022557,
        47.085156,
        164.75
      ],
      [
        3.024279,
        47.088572,
        164.5
      ],
      [
        3.025085,
        47.092172,
        164.25
      ],
      [
        3.024823,
        47.112047,
        162.75
      ],
      [
        3.024569,
        47.117785,
        162.5
      ],
      [
        3.02282,
        47.129131,
        163.25
      ],
      [
        3.016768,
        47.135947,
        161.75
      ],
      [
        3.014477,
        47.141421,
        162.0
      ],
      [
        3.014765,
        47.145863,
        162.25
      ],
      [
        3.013085,
        47.151338,
        162.5
      ],
      [
        3.013279,
        47.15311,
        162.25
      ],
      [
        3.011941,
        47.155117,
        161.25
      ],
      [
        3.011051,
        47.158859,
        161.25
      ],
      [
        3.008287,
        47.174669,
        161.5
      ],
      [
        3.015614,
        47.17744,
        161.75
      ],
      [
        3.016244,
        47.177512,
        164.5
      ],
      [
        3.017129,
        47.176417,
        166.25
      ],
      [
        3.018915,
        47.177156,
        178.0
      ],
      [
        3.02086,
        47.177376,
        188.5
      ],
      [
        3.020749,
        47.177917,
        187.25
      ],
      [
        3.01923,
        47.177617,
        180.5
      ],
      [
        3.019187,
        47.177197,
        179.25
      ],
      [
        3.01669,
        47.177209,
        167.0
      ],
      [
        3.015449,
        47.176641,
        159.5
      ],
      [
        3.015131,
        47.177311,
        160.5
      ],
      [
        3.008287,
        47.174669,
        161.5
      ],
      [
        3.011051,
        47.158859,
        161.25
      ],
      [
        3.011941,
        47.155117,
        161.25
      ],
      [
        3.013279,
        47.15311,
        162.25
      ],
      [
        3.013085,
        47.151338,
        162.5
      ],
      [
        3.014765,
        47.145863,
        162.25
      ],
      [
        3.014477,
        47.141421,
        162.0
      ],
      [
        3.01611,
        47.137456,
        162.75
      ],
      [
        3.012469,
        47.13741,
        159.25
      ],
      [
        3.010553,
        47.136576,
        159.25
      ],
      [
        3.008527,
        47.136964,
        159.75
      ],
      [
        3.007407,
        47.137687,
        160.0
      ],
      [
        3.006369,
        47.137519,
        161.0
      ],
      [
        3.004846,
        47.135756,
        162.0
      ],
      [
        3.004923,
        47.134773,
        162.25
      ],
      [
        2.9979,
        47.13234,
        167.5
      ],
      [
        2.99286,
        47.13216,
        183.5
      ],
      [
        2.98892,
        47.131578,
        187.75
      ],
      [
        2.986912,
        47.131883,
        187.75
      ],
      [
        2.983338,
        47.131509,
        187.5
      ],
      [
        2.96855,
        47.13171,
        191.75
      ],
      [
        2.94982,
        47.13076,
        188.0
      ],
      [
        2.94262,
        47.12908,
        187.0
      ],
      [
        2.938015,
        47.128935,
        186.75
      ],
      [
        2.9356,
        47.129286,
        185.5
      ],
      [
        2.934079,
        47.128409,
        180.5
      ],
      [
        2.9293,
        47.12977,
        172.75
      ],
      [
        2.92708,
        47.13086,
        172.25
      ],
      [
        2.92355,
        47.13074,
        181.0
      ],
      [
        2.92118,
        47.13132,
        180.0
      ],
      [
        2.916474,
        47.133552,
        180.25
      ],
      [
        2.909415,
        47.13533,
        185.75
      ],
      [
        2.901082,
        47.139381,
        185.0
      ],
      [
        2.890694,
        47.141776,
        214.75
      ],
      [
        2.888557,
        47.141505,
        213.75
      ],
      [
        2.88165,
        47.14285,
        196.25
      ],
      [
        2.875464,
        47.14511,
        198.25
      ],
      [
        2.87346,
        47.144923,
        199.5
      ],
      [
        2.872107,
        47.146915,
        203.75
      ],
      [
        2.867598,
        47.149839,
        197.0
      ],
      [
        2.86515,
        47.150785,
        201.0
      ],
      [
        2.85829,
        47.151648,
        190.0
      ],
      [
        2.856193,
        47.152339,
        191.25
      ],
      [
        2.846068,
        47.156445,
        195.75
      ],
      [
        2.8393,
        47.160353,
        188.0
      ],
      [
        2.828232,
        47.162975,
        197.5
      ],
      [
        2.820499,
        47.163744,
        199.5
      ],
      [
        2.804349,
        47.166994,
        181.0
      ],
      [
        2.802,
        47.168278,
        181.0
      ],
      [
        2.800369,
        47.168424,
        179.0
      ],
      [
        2.798832,
        47.169057,
        184.0
      ],
      [
        2.79568,
        47.171137,
        180.25
      ],
      [
        2.795061,
        47.172243,
        175.0
      ],
      [
        2.791822,
        47.173695,
        182.5
      ],
      [
        2.758834,
        47.172683,
        182.75
      ],
      [
        2.754503,
        47.174995,
        188.0
      ],
      [
        2.747634,
        47.177084,
        201.25
      ],
      [
        2.742677,
        47.173718,
        198.75
      ],
      [
        2.740833,
        47.171266,
        195.5
      ],
      [
        2.735548,
        47.168506,
        201.0
      ],
      [
        2.725863,
        47.161408,
        198.0
      ],
      [
        2.724253,
        47.162377,
        199.0
      ],
      [
        2.72188,
        47.162719,
        196.0
      ],
      [
        2.699371,
        47.160436,
        200.0
      ],
      [
        2.693384,
        47.1625,
        206.0
      ],
      [
        2.680536,
        47.162089,
        213.75
      ],
      [
        2.678533,
        47.158575,
        215.75
      ],
      [
        2.678458,
        47.156365,
        212.25
      ],
      [
        2.677334,
        47.154579,
        207.75
      ],
      [
        2.675343,
        47.14859,
        198.0
      ],
      [
        2.672177,
        47.14339,
        186.75
      ],
      [
        2.672139,
        47.140697,
        191.25
      ],
      [
        2.671497,
        47.139151,
        190.25
      ],
      [
        2.666734,
        47.135524,
        185.0
      ],
      [
        2.656567,
        47.131753,
        179.25
      ],
      [
        2.652701,
        47.129338,
        174.5
      ],
      [
        2.635922,
        47.126903,
        176.0
      ],
      [
        2.628733,
        47.1247,
        173.75
      ],
      [
        2.626687,
        47.123661,
        174.0
      ],
      [
        2.620508,
        47.123661,
        161.75
      ],
      [
        2.618817,
        47.124057,
        163.0
      ],
      [
        2.615998,
        47.123943,
        166.0
      ],
      [
        2.610778,
        47.12446,
        172.0
      ],
      [
        2.603448,
        47.123996,
        179.25
      ],
      [
        2.579372,
        47.126649,
        170.25
      ],
      [
        2.574516,
        47.128465,
        169.25
      ],
      [
        2.570467,
        47.130711,
        164.0
      ],
      [
        2.56679,
        47.131879,
        161.75
      ],
      [
        2.553543,
        47.13381,
        153.0
      ],
      [
        2.54989,
        47.135466,
        153.0
      ],
      [
        2.52469,
        47.128176,
        155.25
      ],
      [
        2.519051,
        47.12292,
        146.25
      ],
      [
        2.516041,
        47.120921,
        150.75
      ],
      [
        2.51227,
        47.116846,
        148.5
      ],
      [
        2.498147,
        47.112095,
        145.25
      ],
      [
        2.490431,
        47.107938,
        153.25
      ],
      [
        2.486952,
        47.105601,
        152.5
      ],
      [
        2.482791,
        47.1005,
        152.75
      ],
      [
        2.480292,
        47.098906,
        148.0
      ],
      [
        2.468491,
        47.098061,
        136.75
      ],
      [
        2.465379,
        47.093798,
        136.75
      ],
      [
        2.460083,
        47.092339,
        132.75
      ],
      [
        2.454803,
        47.092008,
        133.0
      ],
      [
        2.447424,
        47.092497,
        130.5
      ],
      [
        2.441248,
        47.093771,
        135.75
      ],
      [
        2.429931,
        47.090429,
        138.0
      ],
      [
        2.422698,
        47.090403,
        132.5
      ],
      [
        2.421791,
        47.090146,
        130.0
      ],
      [
        2.420472,
        47.085,
        129.25
      ],
      [
        2.41938,
        47.083515,
        135.0
      ],
      [
        2.407043,
        47.080872,
        142.75
      ],
      [
        2.406495,
        47.081108,
        143.0
      ],
      [
        2.405021,
        47.080347,
        146.5
      ],
      [
        2.39949,
        47.079922,
        156.0
      ],
      [
        2.397165,
        47.079156,
        145.25
      ],
      [
        2.395401,
        47.079535,
        135.0
      ],
      [
        2.392882,
        47.078018,
        128.5
      ],
      [
        2.390261,
        47.079668,
        127.0
      ],
      [
        2.389589,
        47.079442,
        126.25
      ],
      [
        2.387273,
        47.081086,
        126.25
      ],
      [
        2.373318,
        47.086661,
        123.0
      ],
      [
        2.359572,
        47.086406,
        122.0
      ],
      [
        2.355758,
        47.085181,
        123.25
      ],
      [
        2.348038,
        47.084522,
        121.5
      ],
      [
        2.342755,
        47.084546,
        121.75
      ],
      [
        2.342722,
        47.081118,
        125.75
      ],
      [
        2.332011,
        47.08132,
        123.0
      ],
      [
        2.293091,
        47.078726,
        132.5
      ],
      [
        2.284467,
        47.079416,
        130.0
      ],
      [
        2.275582,
        47.080656,
        128.0
      ],
      [
        2.267047,
        47.080493,
        126.5
      ],
      [
        2.263783,
        47.080804,
        121.75
      ],
      [
        2.207383,
        47.081593,
        130.5
      ],
      [
        2.199446,
        47.08109,
        130.0
      ],
      [
        2.193916,
        47.079836,
        114.0
      ],
      [
        2.180513,
        47.077967,
        117.0
      ],
      [
        2.181583,
        47.076311,
        117.0
      ],
      [
        2.176871,
        47.068316,
        132.75
      ],
      [
        2.16641,
        47.063874,
        128.75
      ],
      [
        2.160523,
        47.061805,
        133.5
      ],
      [
        2.156092,
        47.059585,
        137.25
      ],
      [
        2.140464,
        47.045886,
        142.25
      ],
      [
        2.13897,
        47.043838,
        145.0
      ],
      [
        2.137693,
        47.043123,
        145.25
      ],
      [
        2.131539,
        47.042219,
        151.0
      ],
      [
        2.130018,
        47.042727,
        151.0
      ],
      [
        2.127742,
        47.042807,
        150.75
      ],
      [
        2.118669,
        47.040855,
        149.0
      ],
      [
        2.117484,
        47.041047,
        149.75
      ],
      [
        2.110817,
        47.037321,
        148.25
      ],
      [
        2.102074,
        47.031609,
        136.0
      ],
      [
        2.098957,
        47.030482,
        141.5
      ],
      [
        2.098073,
        47.029047,
        140.5
      ],
      [
        2.095229,
        47.026633,
        137.75
      ],
      [
        2.092876,
        47.027253,
        138.0
      ],
      [
        2.091575,
        47.027226,
        140.0
      ],
      [
        2.087533,
        47.028423,
        140.5
      ],
      [
        2.084557,
        47.02836,
        142.0
      ],
      [
        2.080052,
        47.027565,
        134.75
      ],
      [
        2.073887,
        47.027569,
        116.75
      ],
      [
        2.071357,
        47.0291,
        119.0
      ],
      [
        2.068743,
        47.029984,
        116.75
      ],
      [
        2.065426,
        47.02604,
        117.75
      ],
      [
        2.067324,
        47.024668,
        123.0
      ],
      [
        2.067215,
        47.024211,
        127.5
      ],
      [
        2.065648,
        47.024158,
        135.25
      ],
      [
        2.059021,
        47.018162,
        145.0
      ],
      [
        2.056934,
        47.013899,
        146.0
      ],
      [
        2.052642,
        47.00872,
        150.5
      ],
      [
        2.045925,
        47.004192,
        143.0
      ],
      [
        2.037385,
        47.000773,
        132.75
      ],
      [
        2.034438,
        46.998197,
        138.75
      ],
      [
        2.029054,
        46.995303,
        136.75
      ],
      [
        2.003341,
        46.964149,
        138.0
      ],
      [
        2.001043,
        46.965047,
        131.0
      ],
      [
        1.997723,
        46.962243,
        134.5
      ],
      [
        1.996528,
        46.962589,
        127.5
      ],
      [
        1.994079,
        46.959993,
        128.0
      ],
      [
        1.992627,
        46.957623,
        125.25
      ],
      [
        1.991461,
        46.958666,
        125.25
      ],
      [
        1.988485,
        46.959956,
        126.25
      ],
      [
        1.980751,
        46.955888,
        133.0
      ],
      [
        1.977074,
        46.952381,
        130.5
      ],
      [
        1.973454,
        46.952112,
        132.5
      ],
      [
        1.9699,
        46.951301,
        131.75
      ],
      [
        1.97264,
        46.948595,
        128.0
      ],
      [
        1.969654,
        46.947518,
        129.0
      ],
      [
        1.967211,
        46.945571,
        131.75
      ],
      [
        1.96455,
        46.944378,
        131.75
      ],
      [
        1.961632,
        46.942456,
        133.0
      ],
      [
        1.95683,
        46.940453,
        133.75
      ],
      [
        1.953876,
        46.940797,
        133.25
      ],
      [
        1.92125,
        46.937986,
        152.25
      ],
      [
        1.834135,
        46.932013,
        164.0
      ],
      [
        1.807297,
        46.934052,
        165.0
      ],
      [
        1.806084,
        46.93466,
        164.0
      ],
      [
        1.800471,
        46.940467,
        174.0
      ],
      [
        1.795349,
        46.935894,
        172.5
      ],
      [
        1.791795,
        46.9342,
        174.0
      ],
      [
        1.778702,
        46.924049,
        173.0
      ],
      [
        1.766377,
        46.915368,
        172.0
      ],
      [
        1.756423,
        46.903239,
        164.5
      ],
      [
        1.733761,
        46.887202,
        158.5
      ],
      [
        1.728018,
        46.881499,
        156.0
      ],
      [
        1.72548,
        46.880098,
        155.0
      ],
      [
        1.724063,
        46.880254,
        155.5
      ],
      [
        1.710298,
        46.848939,
        155.0
      ],
      [
        1.709671,
        46.848473,
        154.75
      ],
      [
        1.709861,
        46.847871,
        154.25
      ],
      [
        1.708467,
        46.84585,
        156.25
      ],
      [
        1.708644,
        46.845161,
        156.75
      ],
      [
        1.701267,
        46.828371,
        144.0
      ],
      [
        1.701153,
        46.82634,
        144.0
      ],
      [
        1.697797,
        46.823936,
        147.0
      ],
      [
        1.696765,
        46.818038,
        145.25
      ],
      [
        1.696458,
        46.81253,
        158.75
      ],
      [
        1.691192,
        46.810854,
        155.0
      ],
      [
        1.691819,
        46.810346,
        155.0
      ],
      [
        1.691248,
        46.810649,
        155.0
      ],
      [
        1.687556,
        46.807072,
        156.0
      ],
      [
        1.68356,
        46.807766,
        155.75
      ],
      [
        1.68074,
        46.807571,
        152.25
      ],
      [
        1.68083,
        46.806998,
        153.75
      ],
      [
        1.680209,
        46.806906,
        153.0
      ],
      [
        1.676995,
        46.808011,
        148.0
      ],
      [
        1.667664,
        46.797477,
        147.5
      ],
      [
        1.665177,
        46.795943,
        144.75
      ],
      [
        1.665184,
        46.794615,
        145.75
      ],
      [
        1.654928,
        46.783003,
        157.0
      ],
      [
        1.653774,
        46.782228,
        156.75
      ],
      [
        1.653483,
        46.781369,
        157.5
      ],
      [
        1.648956,
        46.776195,
        162.5
      ],
      [
        1.647952,
        46.775591,
        162.75
      ],
      [
        1.648147,
        46.775192,
        163.5
      ],
      [
        1.644033,
        46.770423,
        160.0
      ],
      [
        1.64167,
        46.769055,
        161.25
      ],
      [
        1.641704,
        46.767757,
        164.0
      ],
      [
        1.63836,
        46.763932,
        167.5
      ],
      [
        1.635363,
        46.762646,
        167.75
      ],
      [
        1.635292,
        46.760796,
        171.75
      ],
      [
        1.63468,
        46.759733,
        171.0
      ],
      [
        1.623346,
        46.746724,
        170.75
      ],
      [
        1.621731,
        46.745759,
        171.25
      ],
      [
        1.61615,
        46.7441,
        175.0
      ],
      [
        1.617678,
        46.740286,
        183.0
      ],
      [
        1.607262,
        46.728087,
        165.0
      ],
      [
        1.606405,
        46.723481,
        157.5
      ],
      [
        1.604961,
        46.722161,
        154.0
      ],
      [
        1.600275,
        46.719979,
        153.0
      ],
      [
        1.598638,
        46.716875,
        154.75
      ],
      [
        1.59596,
        46.714958,
        149.75
      ],
      [
        1.591015,
        46.709311,
        153.5
      ],
      [
        1.577963,
        46.676263,
        152.25
      ],
      [
        1.577654,
        46.672911,
        153.25
      ],
      [
        1.575505,
        46.670225,
        153.75
      ],
      [
        1.57083,
        46.65977,
        158.75
      ],
      [
        1.557135,
        46.642723,
        168.5
      ],
      [
        1.556899,
        46.637856,
        153.25
      ],
      [
        1.554847,
        46.636294,
        145.75
      ],
      [
        1.554753,
        46.634738,
        136.0
      ],
      [
        1.553377,
        46.633901,
        133.75
      ],
      [
        1.55246,
        46.632498,
        127.25
      ],
      [
        1.550592,
        46.631435,
        122.0
      ],
      [
        1.550561,
        46.628474,
        127.25
      ],
      [
        1.548565,
        46.625552,
        137.5
      ],
      [
        1.549047,
        46.622785,
        141.75
      ],
      [
        1.547517,
        46.621183,
        148.75
      ],
      [
        1.542827,
        46.619068,
        158.25
      ],
      [
        1.540457,
        46.616049,
        167.0
      ],
      [
        1.538092,
        46.614136,
        168.75
      ],
      [
        1.533581,
        46.608165,
        164.75
      ],
      [
        1.524655,
        46.602797,
        144.0
      ],
      [
        1.523873,
        46.600686,
        139.5
      ],
      [
        1.524343,
        46.59749,
        121.5
      ],
      [
        1.525188,
        46.597036,
        126.5
      ],
      [
        1.519137,
        46.588905,
        106.0
      ],
      [
        1.518453,
        46.586494,
        106.0
      ],
      [
        1.517141,
        46.586759,
        108.5
      ],
      [
        1.51636,
        46.584824,
        117.25
      ],
      [
        1.517324,
        46.583388,
        111.25
      ],
      [
        1.524159,
        46.577618,
        111.5
      ],
      [
        1.527348,
        46.576663,
        111.5
      ],
      [
        1.528101,
        46.576104,
        110.75
      ],
      [
        1.530457,
        46.573372,
        110.0
      ],
      [
        1.539467,
        46.559573,
        113.0
      ],
      [
        1.543642,
        46.557466,
        112.75
      ],
      [
        1.543476,
        46.555348,
        119.5
      ],
      [
        1.542373,
        46.554716,
        126.0
      ],
      [
        1.54317,
        46.554208,
        134.0
      ],
      [
        1.543357,
        46.55349,
        141.0
      ],
      [
        1.5425,
        46.553381,
        145.0
      ],
      [
        1.541986,
        46.552188,
        152.0
      ],
      [
        1.542146,
        46.551089,
        159.25
      ],
      [
        1.541044,
        46.550507,
        164.25
      ],
      [
        1.541979,
        46.548334,
        166.75
      ],
      [
        1.541483,
        46.548196,
        165.75
      ],
      [
        1.540586,
        46.546114,
        173.75
      ],
      [
        1.538505,
        46.544119,
        177.5
      ],
      [
        1.534992,
        46.542104,
        177.5
      ],
      [
        1.532869,
        46.541683,
        183.75
      ],
      [
        1.531619,
        46.540813,
        182.0
      ],
      [
        1.53132,
        46.540365,
        186.0
      ],
      [
        1.531831,
        46.539042,
        196.25
      ],
      [
        1.530336,
        46.538569,
        205.5
      ],
      [
        1.528976,
        46.536876,
        197.75
      ],
      [
        1.52719,
        46.536422,
        198.5
      ],
      [
        1.526489,
        46.535422,
        194.75
      ],
      [
        1.524206,
        46.533907,
        188.75
      ],
      [
        1.524169,
        46.532772,
        196.0
      ],
      [
        1.523,
        46.53168,
        199.0
      ],
      [
        1.521267,
        46.528087,
        199.75
      ],
      [
        1.519851,
        46.526574,
        199.25
      ],
      [
        1.520328,
        46.525687,
        200.75
      ],
      [
        1.519941,
        46.522239,
        205.0
      ],
      [
        1.520844,
        46.517222,
        215.0
      ],
      [
        1.522877,
        46.512724,
        223.25
      ],
      [
        1.523039,
        46.511151,
        222.75
      ],
      [
        1.522412,
        46.509014,
        226.5
      ],
      [
        1.522722,
        46.508221,
        228.0
      ],
      [
        1.525598,
        46.504563,
        232.25
      ],
      [
        1.531602,
        46.500537,
        254.0
      ],
      [
        1.531697,
        46.499607,
        259.75
      ],
      [
        1.534202,
        46.498785,
        267.25
      ],
      [
        1.5341,
        46.498153,
        267.25
      ],
      [
        1.535455,
        46.496748,
        257.75
      ],
      [
        1.535777,
        46.495364,
        246.75
      ],
      [
        1.533624,
        46.491777,
        245.0
      ],
      [
        1.532998,
        46.489739,
        252.75
      ],
      [
        1.534036,
        46.485299,
        261.0
      ],
      [
        1.533821,
        46.480516,
        269.75
      ],
      [
        1.532543,
        46.475925,
        264.25
      ],
      [
        1.532917,
        46.473333,
        257.0
      ],
      [
        1.532317,
        46.47135,
        261.5
      ],
      [
        1.531448,
        46.470425,
        263.25
      ],
      [
        1.53231,
        46.46872,
        266.0
      ],
      [
        1.531286,
        46.468145,
        271.0
      ],
      [
        1.533041,
        46.466845,
        264.0
      ],
      [
        1.533866,
        46.465281,
        269.75
      ],
      [
        1.53573,
        46.465776,
        272.0
      ],
      [
        1.544285,
        46.46432,
        266.75
      ],
      [
        1.551484,
        46.460301,
        277.25
      ],
      [
        1.56121,
        46.44771,
        277.5
      ],
      [
        1.561156,
        46.44269,
        287.0
      ],
      [
        1.558876,
        46.442702,
        289.25
      ],
      [
        1.559657,
        46.438393,
        295.5
      ],
      [
        1.561535,
        46.437646,
        298.0
      ],
      [
        1.563338,
        46.435298,
        300.0
      ],
      [
        1.566993,
        46.432599,
        298.5
      ],
      [
        1.558931,
        46.41945,
        288.75
      ],
      [
        1.553458,
        46.412222,
        298.75
      ],
      [
        1.554304,
        46.410659,
        299.25
      ],
      [
        1.556126,
        46.409749,
        298.75
      ],
      [
        1.555804,
        46.409043,
        301.0
      ],
      [
        1.556355,
        46.406485,
        303.0
      ],
      [
        1.555411,
        46.403756,
        298.75
      ],
      [
        1.551072,
        46.398982,
        296.5
      ],
      [
        1.550854,
        46.396429,
        297.75
      ],
      [
        1.551621,
        46.394144,
        304.75
      ],
      [
        1.550495,
        46.393017,
        304.5
      ],
      [
        1.549782,
        46.391278,
        310.0
      ],
      [
        1.549488,
        46.38839,
        320.75
      ],
      [
        1.548319,
        46.387345,
        325.75
      ],
      [
        1.551789,
        46.382545,
        333.0
      ],
      [
        1.550859,
        46.380535,
        341.0
      ],
      [
        1.551116,
        46.379873,
        343.5
      ],
      [
        1.549539,
        46.378431,
        347.0
      ],
      [
        1.550049,
        46.37525,
        355.0
      ],
      [
        1.549361,
        46.372246,
        345.75
      ],
      [
        1.546591,
        46.36538,
        350.75
      ],
      [
        1.545014,
        46.363738,
        351.0
      ],
      [
        1.543737,
        46.360686,
        344.0
      ],
      [
        1.541973,
        46.358305,
        342.0
      ],
      [
        1.542198,
        46.354139,
        335.75
      ],
      [
        1.541503,
        46.353298,
        337.0
      ],
      [
        1.539717,
        46.353163,
        341.5
      ],
      [
        1.538387,
        46.352101,
        349.25
      ],
      [
        1.538974,
        46.35088,
        351.75
      ],
      [
        1.538776,
        46.340744,
        357.75
      ],
      [
        1.539813,
        46.337884,
        354.0
      ],
      [
        1.537378,
        46.333277,
        361.75
      ],
      [
        1.533113,
        46.329791,
        357.25
      ],
      [
        1.531247,
        46.327561,
        359.0
      ],
      [
        1.532703,
        46.324614,
        350.0
      ],
      [
        1.533584,
        46.324306,
        350.5
      ],
      [
        1.53467,
        46.32285,
        355.0
      ],
      [
        1.539507,
        46.320803,
        345.0
      ],
      [
        1.541525,
        46.318178,
        340.5
      ],
      [
        1.543935,
        46.316098,
        333.25
      ],
      [
        1.542413,
        46.314523,
        326.75
      ],
      [
        1.54082,
        46.314039,
        337.25
      ],
      [
        1.539525,
        46.312402,
        336.75
      ],
      [
        1.542122,
        46.309448,
        322.25
      ],
      [
        1.541271,
        46.308578,
        326.75
      ],
      [
        1.53837,
        46.308071,
        335.75
      ],
      [
        1.535576,
        46.305429,
        340.0
      ],
      [
        1.53243,
        46.303551,
        347.75
      ],
      [
        1.524433,
        46.293372,
        330.0
      ],
      [
        1.519545,
        46.28956,
        318.5
      ],
      [
        1.515843,
        46.284217,
        315.75
      ],
      [
        1.516075,
        46.281427,
        304.25
      ],
      [
        1.515423,
        46.280274,
        301.0
      ],
      [
        1.511942,
        46.279278,
        308.0
      ],
      [
        1.509367,
        46.27689,
        317.25
      ],
      [
        1.509949,
        46.27519,
        327.5
      ],
      [
        1.509608,
        46.273349,
        335.75
      ],
      [
        1.507074,
        46.26957,
        362.0
      ],
      [
        1.507252,
        46.265933,
        379.25
      ],
      [
        1.503329,
        46.263255,
        389.25
      ],
      [
        1.503168,
        46.261437,
        398.75
      ],
      [
        1.504481,
        46.257283,
        397.75
      ],
      [
        1.503181,
        46.254284,
        397.5
      ],
      [
        1.502985,
        46.25049,
        390.5
      ],
      [
        1.502072,
        46.249028,
        390.25
      ],
      [
        1.500534,
        46.247877,
        394.25
      ],
      [
        1.50127,
        46.246091,
        395.25
      ],
      [
        1.502727,
        46.243989,
        389.5
      ],
      [
        1.503283,
        46.243958,
        385.0
      ],
      [
        1.504346,
        46.242623,
        387.0
      ],
      [
        1.504266,
        46.24219,
        389.75
      ],
      [
        1.502554,
        46.240834,
        384.0
      ],
      [
        1.497396,
        46.239429,
        377.0
      ],
      [
        1.492726,
        46.238464,
        368.75
      ],
      [
        1.49166,
        46.239334,
        366.75
      ],
      [
        1.491311,
        46.238748,
        366.0
      ],
      [
        1.487469,
        46.237864,
        372.0
      ],
      [
        1.487462,
        46.237167,
        373.5
      ],
      [
        1.485134,
        46.237441,
        384.5
      ],
      [
        1.484026,
        46.236822,
        379.75
      ],
      [
        1.481001,
        46.236833,
        374.75
      ],
      [
        1.480163,
        46.236384,
        375.25
      ],
      [
        1.481601,
        46.234194,
        370.0
      ],
      [
        1.482808,
        46.233355,
        370.75
      ],
      [
        1.478901,
        46.228219,
        382.0
      ],
      [
        1.476012,
        46.227114,
        379.25
      ],
      [
        1.475288,
        46.226024,
        375.5
      ],
      [
        1.474604,
        46.225758,
        376.25
      ],
      [
        1.475455,
        46.224554,
        376.25
      ],
      [
        1.475282,
        46.223705,
        373.25
      ],
      [
        1.4686,
        46.216273,
        349.5
      ],
      [
        1.465924,
        46.215045,
        349.25
      ],
      [
        1.461405,
        46.212043,
        361.5
      ],
      [
        1.450677,
        46.201713,
        351.0
      ],
      [
        1.450899,
        46.200451,
        355.75
      ],
      [
        1.452254,
        46.199513,
        350.25
      ],
      [
        1.454579,
        46.199026,
        339.5
      ],
      [
        1.456416,
        46.197893,
        334.0
      ],
      [
        1.457496,
        46.195859,
        332.75
      ],
      [
        1.459183,
        46.194556,
        341.0
      ],
      [
        1.456138,
        46.189425,
        338.0
      ],
      [
        1.456083,
        46.187944,
        333.0
      ],
      [
        1.454893,
        46.18482,
        322.75
      ],
      [
        1.453784,
        46.18377,
        323.5
      ],
      [
        1.454207,
        46.183301,
        329.0
      ],
      [
        1.450376,
        46.180672,
        331.0
      ],
      [
        1.449495,
        46.177733,
        338.5
      ],
      [
        1.448504,
        46.176971,
        337.5
      ],
      [
        1.446795,
        46.177509,
        330.5
      ],
      [
        1.445887,
        46.176163,
        335.75
      ],
      [
        1.441496,
        46.174564,
        344.0
      ],
      [
        1.438007,
        46.171911,
        352.75
      ],
      [
        1.433029,
        46.170455,
        343.75
      ],
      [
        1.432214,
        46.168584,
        343.75
      ],
      [
        1.430842,
        46.167676,
        342.25
      ],
      [
        1.428238,
        46.164826,
        349.25
      ],
      [
        1.424202,
        46.162142,
        349.0
      ],
      [
        1.421174,
        46.161459,
        343.25
      ],
      [
        1.418746,
        46.153512,
        357.5
      ],
      [
        1.417584,
        46.153399,
        355.5
      ],
      [
        1.416462,
        46.150603,
        348.0
      ],
      [
        1.411521,
        46.14514,
        360.25
      ],
      [
        1.408155,
        46.144383,
        372.25
      ],
      [
        1.406533,
        46.14326,
        380.25
      ],
      [
        1.403177,
        46.141997,
        392.5
      ],
      [
        1.399886,
        46.137904,
        389.75
      ],
      [
        1.39851,
        46.137167,
        388.5
      ],
      [
        1.398367,
        46.134059,
        381.25
      ],
      [
        1.395672,
        46.131452,
        365.0
      ],
      [
        1.391841,
        46.128943,
        345.25
      ],
      [
        1.389504,
        46.125639,
        332.25
      ],
      [
        1.385188,
        46.121485,
        331.25
      ],
      [
        1.3852,
        46.119469,
        320.0
      ],
      [
        1.382461,
        46.119514,
        311.0
      ],
      [
        1.380485,
        46.117869,
        298.25
      ],
      [
        1.374405,
        46.115749,
        275.0
      ],
      [
        1.374638,
        46.113762,
        279.25
      ],
      [
        1.373493,
        46.111572,
        293.5
      ],
      [
        1.371905,
        46.111797,
        297.0
      ],
      [
        1.371224,
        46.112439,
        298.5
      ],
      [
        1.370646,
        46.112324,
        299.5
      ],
      [
        1.369243,
        46.110861,
        309.25
      ],
      [
        1.368586,
        46.109015,
        320.5
      ],
      [
        1.367546,
        46.107867,
        313.25
      ],
      [
        1.362376,
        46.103395,
        334.25
      ],
      [
        1.354206,
        46.102158,
        337.25
      ],
      [
        1.352444,
        46.103449,
        326.25
      ],
      [
        1.349382,
        46.102944,
        337.0
      ],
      [
        1.345694,
        46.103608,
        337.0
      ],
      [
        1.343752,
        46.103268,
        335.0
      ],
      [
        1.341396,
        46.103588,
        339.0
      ],
      [
        1.340171,
        46.09994,
        346.5
      ],
      [
        1.338785,
        46.099152,
        347.5
      ],
      [
        1.336691,
        46.099325,
        347.25
      ],
      [
        1.334946,
        46.096815,
        351.5
      ],
      [
        1.331121,
        46.096858,
        346.0
      ],
      [
        1.32363,
        46.09425,
        333.0
      ],
      [
        1.320873,
        46.09208,
        326.5
      ],
      [
        1.315076,
        46.089373,
        355.5
      ],
      [
        1.31216,
        46.08539,
        370.75
      ],
      [
        1.311418,
        46.082358,
        371.25
      ],
      [
        1.310205,
        46.081358,
        366.5
      ],
      [
        1.303508,
        46.078344,
        379.75
      ],
      [
        1.302856,
        46.077134,
        383.0
      ],
      [
        1.302934,
        46.076145,
        387.75
      ],
      [
        1.300901,
        46.07389,
        399.0
      ],
      [
        1.303836,
        46.071134,
        399.75
      ],
      [
        1.30706,
        46.069694,
        410.25
      ],
      [
        1.306315,
        46.067636,
        406.5
      ],
      [
        1.306682,
        46.066161,
        397.0
      ],
      [
        1.305159,
        46.064419,
        394.5
      ],
      [
        1.305883,
        46.060976,
        405.5
      ],
      [
        1.305126,
        46.059647,
        413.0
      ],
      [
        1.303542,
        46.058327,
        409.25
      ],
      [
        1.302383,
        46.055609,
        393.0
      ],
      [
        1.302501,
        46.054478,
        391.0
      ],
      [
        1.301278,
        46.052512,
        387.0
      ],
      [
        1.297957,
        46.049868,
        381.0
      ],
      [
        1.296038,
        46.049166,
        378.5
      ],
      [
        1.292832,
        46.045629,
        384.75
      ],
      [
        1.292389,
        46.044046,
        389.25
      ],
      [
        1.293062,
        46.042807,
        380.0
      ],
      [
        1.296597,
        46.039784,
        361.5
      ],
      [
        1.295862,
        46.036877,
        366.5
      ],
      [
        1.296654,
        46.035409,
        373.25
      ],
      [
        1.298371,
        46.034684,
        374.25
      ],
      [
        1.30541,
        46.034151,
        400.75
      ],
      [
        1.30685,
        46.033219,
        407.75
      ],
      [
        1.307411,
        46.025933,
        388.0
      ],
      [
        1.306145,
        46.024441,
        382.0
      ],
      [
        1.301515,
        46.021405,
        381.5
      ],
      [
        1.296081,
        46.020197,
        388.5
      ],
      [
        1.292772,
        46.018132,
        403.5
      ],
      [
        1.291085,
        46.011161,
        370.25
      ],
      [
        1.287978,
        46.009373,
        368.75
      ],
      [
        1.286744,
        46.007094,
        355.5
      ],
      [
        1.28476,
        46.00601,
        352.75
      ],
      [
        1.283063,
        46.003122,
        360.25
      ],
      [
        1.280247,
        46.002204,
        350.75
      ],
      [
        1.27908,
        46.001225,
        356.0
      ],
      [
        1.278425,
        45.998707,
        344.25
      ],
      [
        1.276224,
        45.996403,
        363.0
      ],
      [
        1.274769,
        45.993641,
        393.75
      ],
      [
        1.274931,
        45.99013,
        390.75
      ],
      [
        1.273843,
        45.989221,
        382.0
      ],
      [
        1.273293,
        45.987782,
        379.5
      ],
      [
        1.271147,
        45.986474,
        378.25
      ],
      [
        1.269534,
        45.984039,
        365.25
      ],
      [
        1.268072,
        45.983224,
        372.75
      ],
      [
        1.267083,
        45.981706,
        375.75
      ],
      [
        1.265297,
        45.981604,
        380.0
      ],
      [
        1.264072,
        45.981015,
        384.5
      ],
      [
        1.26344,
        45.979582,
        393.0
      ],
      [
        1.260757,
        45.978256,
        401.25
      ],
      [
        1.258447,
        45.975929,
        396.5
      ],
      [
        1.256276,
        45.975347,
        392.0
      ],
      [
        1.256127,
        45.9725,
        389.5
      ],
      [
        1.253331,
        45.971074,
        401.75
      ],
      [
        1.250059,
        45.967121,
        398.25
      ],
      [
        1.244409,
        45.963142,
        401.75
      ],
      [
        1.251543,
        45.956551,
        411.75
      ],
      [
        1.253357,
        45.954479,
        413.25
      ],
      [
        1.253347,
        45.95386,
        411.75
      ],
      [
        1.258277,
        45.951231,
        410.75
      ],
      [
        1.263175,
        45.949577,
        413.0
      ],
      [
        1.265461,
        45.949244,
        421.75
      ],
      [
        1.266693,
        45.948016,
        431.0
      ],
      [
        1.267928,
        45.947694,
        439.0
      ],
      [
        1.268398,
        45.94691,
        444.0
      ],
      [
        1.270683,
        45.946487,
        454.25
      ],
      [
        1.273467,
        45.944195,
        430.25
      ],
      [
        1.274374,
        45.944118,
        429.0
      ],
      [
        1.275481,
        45.943392,
        432.25
      ],
      [
        1.276411,
        45.942336,
        425.5
      ],
      [
        1.275101,
        45.941641,
        419.5
      ],
      [
        1.273804,
        45.93922,
        420.25
      ],
      [
        1.274068,
        45.937343,
        419.25
      ],
      [
        1.272766,
        45.934818,
        419.25
      ],
      [
        1.273188,
        45.932555,
        404.75
      ],
      [
        1.271741,
        45.931614,
        396.25
      ],
      [
        1.268711,
        45.930924,
        393.25
      ],
      [
        1.267119,
        45.929594,
        390.75
      ],
      [
        1.266879,
        45.928787,
        387.25
      ],
      [
        1.265621,
        45.92801,
        380.0
      ],
      [
        1.266075,
        45.92613,
        377.0
      ],
      [
        1.266028,
        45.924837,
        367.25
      ],
      [
        1.265231,
        45.924122,
        367.75
      ],
      [
        1.265828,
        45.922267,
        363.75
      ],
      [
        1.265471,
        45.921351,
        366.0
      ],
      [
        1.26636,
        45.920204,
        367.25
      ],
      [
        1.266989,
        45.915598,
        366.25
      ],
      [
        1.264916,
        45.910446,
        339.75
      ],
      [
        1.262309,
        45.910287,
        348.5
      ],
      [
        1.261418,
        45.908787,
        355.75
      ],
      [
        1.265065,
        45.908076,
        347.75
      ],
      [
        1.26724,
        45.905865,
        342.0
      ],
      [
        1.272395,
        45.907424,
        348.5
      ],
      [
        1.272986,
        45.905455,
        347.0
      ],
      [
        1.273152,
        45.903201,
        338.0
      ],
      [
        1.272791,
        45.900693,
        326.25
      ],
      [
        1.272262,
        45.90012,
        329.5
      ],
      [
        1.272169,
        45.897526,
        344.0
      ],
      [
        1.269789,
        45.89285,
        353.75
      ],
      [
        1.270057,
        45.889389,
        344.25
      ],
      [
        1.266758,
        45.886154,
        332.0
      ],
      [
        1.266797,
        45.884765,
        340.25
      ],
      [
        1.264458,
        45.880387,
        340.75
      ],
      [
        1.263838,
        45.877195,
        341.75
      ],
      [
        1.265131,
        45.876364,
        338.75
      ],
      [
        1.267632,
        45.873061,
        329.0
      ],
      [
        1.268322,
        45.868401,
        321.0
      ],
      [
        1.274569,
        45.861911,
        317.5
      ],
      [
        1.274777,
        45.861141,
        322.75
      ],
      [
        1.272421,
        45.860155,
        320.75
      ],
      [
        1.269876,
        45.856749,
        324.5
      ],
      [
        1.266406,
        45.855018,
        332.0
      ],
      [
        1.265749,
        45.85299,
        330.75
      ],
      [
        1.261296,
        45.847239,
        305.0
      ],
      [
        1.258716,
        45.842197,
        281.75
      ],
      [
        1.262718,
        45.835849,
        263.25
      ],
      [
        1.261846,
        45.835592,
        265.0
      ],
      [
        1.262059,
        45.835242,
        263.75
      ],
      [
        1.262463,
        45.835359,
        262.5
      ],
      [
        1.262059,
        45.835242,
        263.75
      ],
      [
        1.262281,
        45.834854,
        262.25
      ],
      [
        1.259887,
        45.834153,
        268.25
      ],
      [
        1.257812,
        45.831652,
        275.0
      ],
      [
        1.254394,
        45.831124,
        292.0
      ],
      [
        1.253544,
        45.831652,
        293.25
      ],
      [
        1.249483,
        45.829955,
        298.75
      ],
      [
        1.244729,
        45.829362,
        293.25
      ],
      [
        1.243417,
        45.8289,
        295.75
      ],
      [
        1.242922,
        45.826433,
        284.25
      ],
      [
        1.241977,
        45.825291,
        278.75
      ],
      [
        1.239357,
        45.825415,
        288.0
      ],
      [
        1.235895,
        45.820955,
        296.5
      ],
      [
        1.233807,
        45.819654,
        298.0
      ],
      [
        1.234054,
        45.816975,
        291.5
      ],
      [
        1.233619,
        45.81618,
        284.75
      ],
      [
        1.230351,
        45.814392,
        296.0
      ],
      [
        1.227903,
        45.813721,
        304.25
      ],
      [
        1.228094,
        45.813079,
        302.75
      ],
      [
        1.219199,
        45.80961,
        307.5
      ],
      [
        1.21719,
        45.809141,
        308.25
      ],
      [
        1.211292,
        45.803893,
        322.25
      ],
      [
        1.210431,
        45.802475,
        330.25
      ],
      [
        1.207793,
        45.80003,
        319.0
      ],
      [
        1.198941,
        45.797954,
        292.75
      ],
      [
        1.192098,
        45.798024,
        285.5
      ],
      [
        1.187272,
        45.797364,
        287.25
      ],
      [
        1.185562,
        45.796142,
        294.0
      ],
      [
        1.176043,
        45.795995,
        283.25
      ],
      [
        1.17365,
        45.795225,
        272.75
      ],
      [
        1.171673,
        45.795958,
        270.25
      ],
      [
        1.171062,
        45.79663,
        268.75
      ],
      [
        1.169737,
        45.79677,
        269.0
      ],
      [
        1.161731,
        45.795707,
        255.0
      ],
      [
        1.15958,
        45.796027,
        263.25
      ],
      [
        1.156055,
        45.795729,
        254.5
      ],
      [
        1.151328,
        45.794614,
        208.75
      ],
      [
        1.148843,
        45.795709,
        208.75
      ],
      [
        1.148429,
        45.797538,
        225.25
      ],
      [
        1.143849,
        45.797898,
        205.5
      ],
      [
        1.141943,
        45.796651,
        202.75
      ],
      [
        1.140146,
        45.797448,
        211.75
      ],
      [
        1.126505,
        45.795207,
        230.75
      ],
      [
        1.124347,
        45.793532,
        253.0
      ],
      [
        1.118972,
        45.790972,
        287.0
      ],
      [
        1.119292,
        45.78865,
        286.5
      ],
      [
        1.118644,
        45.780723,
        298.25
      ],
      [
        1.114714,
        45.771016,
        299.5
      ],
      [
        1.114146,
        45.76153,
        270.5
      ],
      [
        1.110915,
        45.756741,
        249.0
      ],
      [
        1.111086,
        45.748843,
        296.75
      ],
      [
        1.111701,
        45.746532,
        307.25
      ],
      [
        1.111134,
        45.741879,
        314.75
      ],
      [
        1.10526,
        45.734019,
        324.5
      ],
      [
        1.105137,
        45.727027,
        329.5
      ],
      [
        1.103905,
        45.725092,
        333.0
      ],
      [
        1.096823,
        45.720618,
        342.25
      ],
      [
        1.09349,
        45.71627,
        353.0
      ],
      [
        1.092637,
        45.712154,
        354.75
      ],
      [
        1.089748,
        45.70902,
        359.75
      ],
      [
        1.086138,
        45.702936,
        371.75
      ],
      [
        1.085776,
        45.693455,
        388.75
      ],
      [
        1.078814,
        45.688072,
        360.5
      ],
      [
        1.077809,
        45.685776,
        352.0
      ],
      [
        1.075721,
        45.684208,
        346.25
      ],
      [
        1.07371,
        45.681035,
        349.5
      ],
      [
        1.071827,
        45.680607,
        353.75
      ],
      [
        1.07115,
        45.679767,
        348.25
      ],
      [
        1.060999,
        45.67613,
        377.25
      ],
      [
        1.059473,
        45.67418,
        384.25
      ],
      [
        1.058268,
        45.671462,
        399.5
      ],
      [
        1.052166,
        45.665167,
        426.5
      ],
      [
        1.045316,
        45.662714,
        446.25
      ],
      [
        1.038525,
        45.661105,
        469.25
      ],
      [
        1.035142,
        45.660967,
        484.5
      ],
      [
        1.031618,
        45.658715,
        497.0
      ],
      [
        1.017566,
        45.657561,
        447.75
      ],
      [
        1.006301,
        45.659888,
        419.5
      ],
      [
        1.000621,
        45.660618,
        400.25
      ],
      [
        0.996839,
        45.659704,
        407.25
      ],
      [
        0.990524,
        45.659957,
        400.5
      ],
      [
        0.98246,
        45.658459,
        390.75
      ],
      [
        0.981064,
        45.657855,
        393.5
      ],
      [
        0.981565,
        45.65472,
        374.0
      ],
      [
        0.976433,
        45.654645,
        373.0
      ],
      [
        0.973556,
        45.652086,
        380.5
      ],
      [
        0.974782,
        45.65042,
        386.0
      ],
      [
        0.975448,
        45.648309,
        393.5
      ],
      [
        0.974301,
        45.646878,
        394.5
      ],
      [
        0.975174,
        45.646879,
        396.25
      ],
      [
        0.975637,
        45.64619,
        395.5
      ],
      [
        0.975353,
        45.645598,
        393.5
      ],
      [
        0.976073,
        45.645413,
        398.75
      ],
      [
        0.972915,
        45.64273,
        394.25
      ],
      [
        0.970054,
        45.638563,
        374.75
      ],
      [
        0.966272,
        45.63787,
        379.0
      ],
      [
        0.965616,
        45.635318,
        379.5
      ],
      [
        0.963729,
        45.63577,
        374.5
      ],
      [
        0.959564,
        45.634332,
        369.75
      ],
      [
        0.957864,
        45.632862,
        355.25
      ],
      [
        0.95767,
        45.631987,
        348.25
      ],
      [
        0.95353,
        45.630827,
        363.25
      ],
      [
        0.949702,
        45.630825,
        370.0
      ],
      [
        0.949199,
        45.630196,
        372.0
      ],
      [
        0.949403,
        45.628011,
        374.5
      ],
      [
        0.946669,
        45.626679,
        370.0
      ],
      [
        0.945307,
        45.624869,
        368.0
      ],
      [
        0.943042,
        45.624205,
        365.0
      ],
      [
        0.941881,
        45.62071,
        359.75
      ],
      [
        0.942556,
        45.616734,
        357.0
      ],
      [
        0.941082,
        45.613744,
        356.5
      ],
      [
        0.939899,
        45.612423,
        347.75
      ],
      [
        0.93633,
        45.611796,
        326.75
      ],
      [
        0.935079,
        45.612316,
        320.5
      ],
      [
        0.932551,
        45.612477,
        318.75
      ],
      [
        0.931174,
        45.611909,
        319.25
      ],
      [
        0.931072,
        45.613017,
        318.75
      ],
      [
        0.929781,
        45.613475,
        323.0
      ],
      [
        0.927478,
        45.615884,
        341.5
      ],
      [
        0.924228,
        45.61666,
        345.0
      ],
      [
        0.919596,
        45.617047,
        334.75
      ],
      [
        0.919287,
        45.614637,
        335.25
      ],
      [
        0.921439,
        45.612565,
        337.0
      ],
      [
        0.922268,
        45.609722,
        333.25
      ],
      [
        0.921761,
        45.607256,
        314.5
      ],
      [
        0.922261,
        45.605656,
        307.75
      ],
      [
        0.923901,
        45.605385,
        315.25
      ],
      [
        0.923276,
        45.603058,
        330.0
      ],
      [
        0.925046,
        45.600828,
        346.0
      ],
      [
        0.926086,
        45.600251,
        348.0
      ],
      [
        0.925369,
        45.599056,
        350.5
      ],
      [
        0.926495,
        45.597784,
        345.25
      ],
      [
        0.92577,
        45.597167,
        346.5
      ],
      [
        0.926234,
        45.594455,
        347.0
      ],
      [
        0.925321,
        45.592325,
        340.5
      ],
      [
        0.925211,
        45.588952,
        331.5
      ],
      [
        0.924553,
        45.588235,
        333.5
      ],
      [
        0.925271,
        45.587198,
        327.5
      ],
      [
        0.92514,
        45.585773,
        329.5
      ],
      [
        0.925742,
        45.585166,
        333.75
      ],
      [
        0.925838,
        45.581236,
        346.5
      ],
      [
        0.92708,
        45.577391,
        352.75
      ],
      [
        0.927145,
        45.575705,
        351.75
      ],
      [
        0.919017,
        45.571755,
        341.0
      ],
      [
        0.917104,
        45.569454,
        347.25
      ],
      [
        0.911599,
        45.566108,
        341.75
      ],
      [
        0.910773,
        45.563945,
        341.25
      ],
      [
        0.908959,
        45.561559,
        335.25
      ],
      [
        0.907604,
        45.557507,
        330.0
      ],
      [
        0.905289,
        45.554104,
        325.5
      ],
      [
        0.904123,
        45.54965,
        323.5
      ],
      [
        0.904717,
        45.549524,
        324.25
      ],
      [
        0.904697,
        45.546915,
        310.75
      ],
      [
        0.9036,
        45.545219,
        304.75
      ],
      [
        0.903908,
        45.543239,
        299.75
      ],
      [
        0.906106,
        45.540767,
        282.25
      ],
      [
        0.905014,
        45.539347,
        270.5
      ],
      [
        0.905915,
        45.535746,
        280.0
      ],
      [
        0.905277,
        45.533305,
        294.0
      ],
      [
        0.905918,
        45.531584,
        301.75
      ],
      [
        0.908318,
        45.530103,
        301.0
      ],
      [
        0.909786,
        45.528516,
        291.75
      ],
      [
        0.911083,
        45.525536,
        290.75
      ],
      [
        0.911593,
        45.522051,
        294.0
      ],
      [
        0.907612,
        45.510803,
        274.75
      ],
      [
        0.904999,
        45.508923,
        269.5
      ],
      [
        0.904683,
        45.50672,
        262.75
      ],
      [
        0.901207,
        45.502855,
        258.0
      ],
      [
        0.901089,
        45.501269,
        259.25
      ],
      [
        0.900091,
        45.500291,
        262.0
      ],
      [
        0.899835,
        45.499057,
        261.5
      ],
      [
        0.900993,
        45.497571,
        259.75
      ],
      [
        0.900975,
        45.496038,
        266.75
      ],
      [
        0.901969,
        45.494689,
        275.25
      ],
      [
        0.902304,
        45.492572,
        281.25
      ],
      [
        0.902592,
        45.488645,
        277.5
      ],
      [
        0.901473,
        45.484815,
        278.5
      ],
      [
        0.90201,
        45.48281,
        276.0
      ],
      [
        0.902849,
        45.482404,
        276.0
      ],
      [
        0.903056,
        45.481821,
        274.75
      ],
      [
        0.902219,
        45.480557,
        273.0
      ],
      [
        0.903069,
        45.479412,
        270.25
      ],
      [
        0.904566,
        45.479209,
        267.75
      ],
      [
        0.904424,
        45.478291,
        266.25
      ],
      [
        0.906014,
        45.477983,
        265.5
      ],
      [
        0.907592,
        45.47685,
        262.25
      ],
      [
        0.90764,
        45.475526,
        257.25
      ],
      [
        0.90937,
        45.47367,
        248.5
      ],
      [
        0.911143,
        45.472652,
        239.75
      ],
      [
        0.910832,
        45.470469,
        230.25
      ],
      [
        0.912358,
        45.469317,
        225.25
      ],
      [
        0.912108,
        45.468573,
        227.0
      ],
      [
        0.909965,
        45.468063,
        235.25
      ],
      [
        0.907766,
        45.465086,
        247.5
      ],
      [
        0.90849,
        45.46458,
        248.5
      ],
      [
        0.910323,
        45.464386,
        249.5
      ],
      [
        0.912258,
        45.463228,
        250.0
      ],
      [
        0.911685,
        45.461086,
        260.0
      ],
      [
        0.914326,
        45.459005,
        250.5
      ],
      [
        0.912743,
        45.457557,
        244.25
      ],
      [
        0.912756,
        45.455936,
        230.75
      ],
      [
        0.913293,
        45.45548,
        226.0
      ],
      [
        0.914376,
        45.455642,
        221.0
      ],
      [
        0.915082,
        45.455359,
        215.0
      ],
      [
        0.913912,
        45.453345,
        224.0
      ],
      [
        0.916732,
        45.451727,
        240.5
      ],
      [
        0.918591,
        45.448921,
        259.75
      ],
      [
        0.918021,
        45.445758,
        275.5
      ],
      [
        0.914495,
        45.44317,
        286.75
      ],
      [
        0.914339,
        45.442675,
        287.0
      ],
      [
        0.915782,
        45.441778,
        284.25
      ],
      [
        0.917241,
        45.441762,
        280.0
      ],
      [
        0.918345,
        45.440879,
        274.75
      ],
      [
        0.920147,
        45.440699,
        270.5
      ],
      [
        0.920841,
        45.439929,
        266.75
      ],
      [
        0.92028,
        45.438846,
        261.75
      ],
      [
        0.920771,
        45.43748,
        255.5
      ],
      [
        0.920188,
        45.436095,
        249.25
      ],
      [
        0.921216,
        45.434769,
        244.25
      ],
      [
        0.921955,
        45.430752,
        256.25
      ],
      [
        0.921813,
        45.428825,
        251.5
      ],
      [
        0.924103,
        45.423678,
        245.75
      ],
      [
        0.924014,
        45.421774,
        248.5
      ],
      [
        0.922861,
        45.420644,
        251.0
      ],
      [
        0.923445,
        45.420288,
        253.0
      ],
      [
        0.922301,
        45.41911,
        250.25
      ],
      [
        0.921449,
        45.415967,
        262.25
      ],
      [
        0.920668,
        45.414813,
        270.5
      ],
      [
        0.922032,
        45.412732,
        268.25
      ],
      [
        0.922404,
        45.411165,
        268.5
      ],
      [
        0.921055,
        45.408411,
        263.25
      ],
      [
        0.917407,
        45.405963,
        249.0
      ],
      [
        0.914615,
        45.401801,
        229.5
      ],
      [
        0.914821,
        45.401379,
        231.0
      ],
      [
        0.907825,
        45.396575,
        232.5
      ],
      [
        0.904332,
        45.386939,
        219.75
      ],
      [
        0.903245,
        45.379054,
        206.5
      ],
      [
        0.898309,
        45.367567,
        178.0
      ],
      [
        0.897079,
        45.366518,
        187.75
      ],
      [
        0.892785,
        45.359197,
        195.75
      ],
      [
        0.871497,
        45.321025,
        193.5
      ],
      [
        0.87094,
        45.318493,
        186.0
      ],
      [
        0.870156,
        45.318059,
        186.0
      ],
      [
        0.862607,
        45.304123,
        161.5
      ],
      [
        0.861182,
        45.30369,
        161.25
      ],
      [
        0.856708,
        45.301071,
        166.5
      ],
      [
        0.853414,
        45.300007,
        166.0
      ],
      [
        0.852116,
        45.299977,
        160.75
      ],
      [
        0.847904,
        45.29713,
        158.0
      ],
      [
        0.845401,
        45.295932,
        165.25
      ],
      [
        0.84373,
        45.295847,
        168.5
      ],
      [
        0.842268,
        45.295313,
        171.25
      ],
      [
        0.836574,
        45.292443,
        182.25
      ],
      [
        0.833516,
        45.291424,
        193.0
      ],
      [
        0.831885,
        45.29033,
        203.5
      ],
      [
        0.829176,
        45.289944,
        198.75
      ],
      [
        0.829121,
        45.288811,
        196.75
      ],
      [
        0.829942,
        45.287502,
        190.0
      ],
      [
        0.82955,
        45.285588,
        188.0
      ],
      [
        0.828226,
        45.281922,
        194.5
      ],
      [
        0.826011,
        45.278855,
        192.25
      ],
      [
        0.825746,
        45.276561,
        190.5
      ],
      [
        0.827653,
        45.273644,
        187.5
      ],
      [
        0.828545,
        45.270811,
        183.25
      ],
      [
        0.827237,
        45.269215,
        180.0
      ],
      [
        0.826668,
        45.267485,
        180.75
      ],
      [
        0.828014,
        45.262933,
        181.75
      ],
      [
        0.824775,
        45.261594,
        163.25
      ],
      [
        0.822244,
        45.261096,
        151.25
      ],
      [
        0.818816,
        45.258643,
        143.75
      ],
      [
        0.817406,
        45.256842,
        140.25
      ],
      [
        0.812723,
        45.253877,
        143.75
      ],
      [
        0.808097,
        45.24888,
        175.75
      ],
      [
        0.804248,
        45.246356,
        185.75
      ],
      [
        0.801945,
        45.245437,
        186.75
      ],
      [
        0.795427,
        45.244558,
        201.5
      ],
      [
        0.794007,
        45.243963,
        207.25
      ],
      [
        0.790288,
        45.239638,
        212.5
      ],
      [
        0.782499,
        45.233338,
        211.0
      ],
      [
        0.779753,
        45.229828,
        213.75
      ],
      [
        0.775215,
        45.227364,
        224.25
      ],
      [
        0.773644,
        45.225885,
        224.0
      ],
      [
        0.771786,
        45.225559,
        218.25
      ],
      [
        0.76764,
        45.223786,
        217.25
      ],
      [
        0.766618,
        45.223858,
        218.0
      ],
      [
        0.764753,
        45.224834,
        221.75
      ],
      [
        0.762914,
        45.224653,
        225.75
      ],
      [
        0.754651,
        45.221029,
        230.0
      ],
      [
        0.752269,
        45.218446,
        226.5
      ],
      [
        0.750669,
        45.218446,
        237.0
      ],
      [
        0.749826,
        45.218942,
        234.75
      ],
      [
        0.742112,
        45.219221,
        213.5
      ],
      [
        0.741676,
        45.218172,
        208.0
      ],
      [
        0.739548,
        45.216954,
        202.0
      ],
      [
        0.738807,
        45.215774,
        199.0
      ],
      [
        0.736929,
        45.214244,
        195.75
      ],
      [
        0.736062,
        45.210076,
        190.5
      ],
      [
        0.735158,
        45.208465,
        188.0
      ],
      [
        0.734967,
        45.205663,
        184.0
      ],
      [
        0.733181,
        45.203496,
        181.0
      ],
      [
        0.729192,
        45.201605,
        149.25
      ],
      [
        0.728638,
        45.200577,
        138.25
      ],
      [
        0.729058,
        45.198939,
        123.5
      ],
      [
        0.726684,
        45.198563,
        120.25
      ],
      [
        0.724369,
        45.196863,
        115.0
      ],
      [
        0.722682,
        45.193512,
        109.75
      ],
      [
        0.721946,
        45.193655,
        111.5
      ],
      [
        0.72093,
        45.192143,
        112.75
      ],
      [
        0.720979,
        45.191104,
        106.0
      ],
      [
        0.720194,
        45.189616,
        110.25
      ],
      [
        0.718664,
        45.19039,
        109.0
      ],
      [
        0.716663,
        45.189424,
        101.75
      ],
      [
        0.713186,
        45.191646,
        101.75
      ],
      [
        0.710495,
        45.192782,
        99.75
      ],
      [
        0.709121,
        45.191963,
        91.75
      ],
      [
        0.702162,
        45.196959,
        84.0
      ],
      [
        0.701593,
        45.196435,
        84.0
      ],
      [
        0.700229,
        45.197416,
        84.25
      ],
      [
        0.699043,
        45.197193,
        85.5
      ],
      [
        0.698115,
        45.198864,
        83.5
      ],
      [
        0.697008,
        45.198437,
        81.0
      ],
      [
        0.695424,
        45.198787,
        81.0
      ],
      [
        0.695404,
        45.198467,
        81.0
      ],
      [
        0.692162,
        45.201554,
        82.75
      ],
      [
        0.689369,
        45.201894,
        84.0
      ],
      [
        0.687644,
        45.201734,
        84.75
      ],
      [
        0.684679,
        45.200664,
        91.0
      ],
      [
        0.684732,
        45.199435,
        83.75
      ],
      [
        0.685334,
        45.199108,
        80.25
      ],
      [
        0.680236,
        45.193723,
        79.25
      ],
      [
        0.678578,
        45.1926,
        79.25
      ],
      [
        0.675518,
        45.192517,
        80.0
      ],
      [
        0.675202,
        45.19001,
        78.5
      ],
      [
        0.671174,
        45.188714,
        77.5
      ],
      [
        0.664601,
        45.188131,
        77.5
      ],
      [
        0.662193,
        45.188888,
        78.0
      ],
      [
        0.660969,
        45.187645,
        79.25
      ],
      [
        0.65506,
        45.186672,
        78.0
      ],
      [
        0.651115,
        45.18554,
        78.0
      ],
      [
        0.647925,
        45.185059,
        77.75
      ],
      [
        0.64343,
        45.185147,
        77.5
      ],
      [
        0.638338,
        45.185477,
        79.25
      ],
      [
        0.632887,
        45.18878,
        78.5
      ],
      [
        0.631861,
        45.188876,
        78.75
      ],
      [
        0.628177,
        45.190468,
        77.0
      ],
      [
        0.627322,
        45.190013,
        76.25
      ],
      [
        0.621649,
        45.190322,
        74.75
      ],
      [
        0.620621,
        45.187384,
        74.5
      ],
      [
        0.619554,
        45.185863,
        74.75
      ],
      [
        0.619686,
        45.18291,
        74.75
      ],
      [
        0.618743,
        45.180635,
        73.0
      ],
      [
        0.619286,
        45.179986,
        77.5
      ],
      [
        0.613509,
        45.176125,
        77.5
      ],
      [
        0.610353,
        45.17491,
        75.5
      ],
      [
        0.606512,
        45.172785,
        76.0
      ],
      [
        0.602532,
        45.172245,
        75.0
      ],
      [
        0.601175,
        45.174212,
        73.75
      ],
      [
        0.594061,
        45.17113,
        73.25
      ],
      [
        0.592421,
        45.172488,
        77.5
      ],
      [
        0.590648,
        45.171999,
        80.5
      ],
      [
        0.589725,
        45.170676,
        73.75
      ],
      [
        0.58732,
        45.16896,
        71.75
      ],
      [
        0.585411,
        45.166643,
        73.25
      ],
      [
        0.585674,
        45.16626,
        72.5
      ],
      [
        0.584075,
        45.164921,
        72.5
      ],
      [
        0.573357,
        45.162428,
        72.0
      ],
      [
        0.569859,
        45.162611,
        68.75
      ],
      [
        0.569538,
        45.162933,
        68.25
      ],
      [
        0.567026,
        45.161454,
        69.0
      ],
      [
        0.569735,
        45.158071,
        70.0
      ],
      [
        0.567121,
        45.157893,
        70.5
      ],
      [
        0.561858,
        45.155729,
        71.0
      ],
      [
        0.55811,
        45.154833,
        69.5
      ],
      [
        0.556368,
        45.153663,
        69.75
      ],
      [
        0.555059,
        45.153749,
        67.5
      ],
      [
        0.551242,
        45.152266,
        70.0
      ],
      [
        0.54974,
        45.151491,
        71.25
      ],
      [
        0.547582,
        45.149562,
        72.0
      ],
      [
        0.547744,
        45.149052,
        72.0
      ],
      [
        0.543678,
        45.148172,
        70.25
      ],
      [
        0.541019,
        45.148654,
        69.5
      ],
      [
        0.5363,
        45.148353,
        67.75
      ],
      [
        0.534782,
        45.143293,
        65.5
      ],
      [
        0.534163,
        45.143769,
        62.75
      ],
      [
        0.533225,
        45.143366,
        62.75
      ],
      [
        0.532855,
        45.143737,
        63.25
      ],
      [
        0.533798,
        45.14207,
        64.0
      ],
      [
        0.533088,
        45.142149,
        65.25
      ],
      [
        0.52695,
        45.140535,
        72.75
      ],
      [
        0.526156,
        45.139074,
        75.25
      ],
      [
        0.524209,
        45.137083,
        73.0
      ],
      [
        0.52305,
        45.136696,
        74.0
      ],
      [
        0.519957,
        45.134004,
        72.75
      ],
      [
        0.514206,
        45.13286,
        70.5
      ],
      [
        0.502501,
        45.12758,
        69.5
      ],
      [
        0.502609,
        45.126227,
        68.75
      ],
      [
        0.50034,
        45.124729,
        68.75
      ],
      [
        0.501811,
        45.122611,
        60.5
      ],
      [
        0.49664,
        45.12117,
        61.0
      ],
      [
        0.496012,
        45.122101,
        65.25
      ],
      [
        0.493096,
        45.122909,
        72.75
      ],
      [
        0.49109,
        45.117096,
        63.5
      ],
      [
        0.491477,
        45.114939,
        63.5
      ],
      [
        0.487523,
        45.114571,
        65.25
      ],
      [
        0.484892,
        45.112774,
        67.0
      ],
      [
        0.481574,
        45.111714,
        65.0
      ],
      [
        0.468371,
        45.110271,
        61.75
      ],
      [
        0.468785,
        45.108308,
        60.0
      ],
      [
        0.467895,
        45.106709,
        59.0
      ],
      [
        0.46934,
        45.10475,
        57.5
      ],
      [
        0.469529,
        45.102291,
        64.5
      ],
      [
        0.469099,
        45.100748,
        69.0
      ],
      [
        0.45544,
        45.099352,
        61.0
      ],
      [
        0.449541,
        45.096801,
        60.0
      ],
      [
        0.448209,
        45.094001,
        55.75
      ],
      [
        0.447365,
        45.089563,
        60.0
      ],
      [
        0.444871,
        45.087066,
        61.0
      ],
      [
        0.44374,
        45.086568,
        61.0
      ],
      [
        0.443555,
        45.082569,
        61.0
      ],
      [
        0.443991,
        45.080997,
        61.5
      ],
      [
        0.441086,
        45.079014,
        60.0
      ],
      [
        0.438115,
        45.074574,
        61.0
      ],
      [
        0.433936,
        45.07059,
        64.0
      ],
      [
        0.434113,
        45.069926,
        65.0
      ],
      [
        0.432423,
        45.069279,
        66.75
      ],
      [
        0.429904,
        45.067548,
        67.75
      ],
      [
        0.423226,
        45.06675,
        62.5
      ],
      [
        0.419186,
        45.06707,
        64.0
      ],
      [
        0.413527,
        45.06665,
        58.0
      ],
      [
        0.405462,
        45.064903,
        52.0
      ],
      [
        0.402804,
        45.063547,
        52.0
      ],
      [
        0.403933,
        45.061289,
        51.0
      ],
      [
        0.405805,
        45.059697,
        51.0
      ],
      [
        0.40663,
        45.056984,
        50.5
      ],
      [
        0.404551,
        45.056134,
        49.25
      ],
      [
        0.404209,
        45.056324,
        49.25
      ],
      [
        0.401961,
        45.054328,
        50.0
      ],
      [
        0.400284,
        45.055459,
        54.25
      ],
      [
        0.399702,
        45.055074,
        52.5
      ],
      [
        0.395669,
        45.055741,
        53.0
      ],
      [
        0.39442,
        45.05758,
        54.75
      ],
      [
        0.391212,
        45.060283,
        56.75
      ],
      [
        0.388098,
        45.058396,
        53.0
      ],
      [
        0.38479,
        45.058581,
        53.5
      ],
      [
        0.380111,
        45.057635,
        48.25
      ],
      [
        0.37977,
        45.057039,
        47.25
      ],
      [
        0.377414,
        45.057468,
        48.75
      ],
      [
        0.373471,
        45.056906,
        49.25
      ],
      [
        0.365843,
        45.053871,
        47.75
      ],
      [
        0.363729,
        45.052467,
        55.25
      ],
      [
        0.364757,
        45.049549,
        50.25
      ],
      [
        0.361465,
        45.048361,
        48.25
      ],
      [
        0.36267,
        45.047097,
        47.25
      ],
      [
        0.366831,
        45.044845,
        49.5
      ],
      [
        0.365212,
        45.043497,
        45.0
      ],
      [
        0.370786,
        45.03937,
        46.0
      ],
      [
        0.368555,
        45.037393,
        47.0
      ],
      [
        0.365552,
        45.036684,
        52.0
      ],
      [
        0.364257,
        45.03688,
        56.75
      ],
      [
        0.365552,
        45.036684,
        52.0
      ],
      [
        0.368012,
        45.037257,
        47.0
      ],
      [
        0.369469,
        45.03505,
        48.75
      ],
      [
        0.372092,
        45.033229,
        59.25
      ],
      [
        0.377807,
        45.027305,
        60.75
      ],
      [
        0.382223,
        45.023949,
        64.5
      ],
      [
        0.387384,
        45.021655,
        61.25
      ],
      [
        0.388665,
        45.020379,
        60.5
      ],
      [
        0.390653,
        45.01927,
        59.5
      ],
      [
        0.392259,
        45.019051,
        61.25
      ],
      [
        0.394845,
        45.019298,
        61.75
      ],
      [
        0.403884,
        45.018125,
        62.0
      ],
      [
        0.410501,
        45.018305,
        63.75
      ],
      [
        0.413632,
        45.018052,
        63.75
      ],
      [
        0.415473,
        45.018453,
        62.25
      ],
      [
        0.417876,
        45.01777,
        67.25
      ],
      [
        0.426065,
        45.017297,
        68.0
      ],
      [
        0.431082,
        45.016503,
        68.5
      ],
      [
        0.434954,
        45.016853,
        69.5
      ],
      [
        0.450448,
        45.01518,
        74.75
      ],
      [
        0.454178,
        45.011736,
        80.25
      ],
      [
        0.455913,
        45.006551,
        81.0
      ],
      [
        0.45786,
        45.003339,
        83.25
      ],
      [
        0.458211,
        45.000572,
        84.25
      ],
      [
        0.45922,
        44.999578,
        85.0
      ],
      [
        0.460869,
        44.99909,
        91.75
      ],
      [
        0.462932,
        44.994303,
        109.5
      ],
      [
        0.465649,
        44.990251,
        102.75
      ],
      [
        0.46736,
        44.989468,
        103.75
      ],
      [
        0.468739,
        44.987635,
        107.0
      ],
      [
        0.47037,
        44.986744,
        111.25
      ],
      [
        0.470786,
        44.985747,
        110.5
      ],
      [
        0.472022,
        44.985288,
        111.0
      ],
      [
        0.472709,
        44.983589,
        114.0
      ],
      [
        0.474482,
        44.983037,
        115.0
      ],
      [
        0.476048,
        44.981709,
        117.75
      ],
      [
        0.478211,
        44.971666,
        132.5
      ],
      [
        0.481025,
        44.969383,
        136.0
      ],
      [
        0.48247,
        44.965882,
        144.75
      ],
      [
        0.484124,
        44.963998,
        150.25
      ],
      [
        0.486427,
        44.961823,
        156.25
      ],
      [
        0.488275,
        44.961064,
        161.0
      ],
      [
        0.492285,
        44.960261,
        171.0
      ],
      [
        0.494659,
        44.96037,
        176.75
      ],
      [
        0.49619,
        44.962541,
        182.75
      ],
      [
        0.49755,
        44.96132,
        173.0
      ],
      [
        0.499744,
        44.961425,
        164.0
      ],
      [
        0.502378,
        44.959944,
        157.0
      ],
      [
        0.505144,
        44.959191,
        159.0
      ],
      [
        0.507869,
        44.956306,
        163.0
      ],
      [
        0.510678,
        44.955711,
        153.25
      ],
      [
        0.514006,
        44.95187,
        145.25
      ],
      [
        0.513577,
        44.947728,
        151.0
      ],
      [
        0.512007,
        44.945555,
        145.5
      ],
      [
        0.511682,
        44.940141,
        162.25
      ],
      [
        0.51202,
        44.938197,
        180.25
      ],
      [
        0.51342,
        44.936701,
        175.0
      ],
      [
        0.510705,
        44.934042,
        152.0
      ],
      [
        0.510257,
        44.932576,
        158.0
      ],
      [
        0.510641,
        44.929982,
        160.75
      ],
      [
        0.509978,
        44.927833,
        165.75
      ],
      [
        0.507315,
        44.923904,
        161.0
      ],
      [
        0.503348,
        44.921146,
        154.0
      ],
      [
        0.500325,
        44.919579,
        148.0
      ],
      [
        0.499368,
        44.916662,
        150.0
      ],
      [
        0.499685,
        44.915068,
        161.5
      ],
      [
        0.501047,
        44.914208,
        170.25
      ],
      [
        0.501852,
        44.912924,
        167.5
      ],
      [
        0.500782,
        44.90322,
        148.75
      ],
      [
        0.501493,
        44.901803,
        152.25
      ],
      [
        0.50187,
        44.898794,
        134.5
      ],
      [
        0.504687,
        44.892098,
        120.5
      ],
      [
        0.504274,
        44.889022,
        114.0
      ],
      [
        0.505028,
        44.886061,
        108.25
      ],
      [
        0.507292,
        44.882093,
        82.75
      ],
      [
        0.508181,
        44.876103,
        43.25
      ],
      [
        0.505802,
        44.874127,
        41.5
      ],
      [
        0.504174,
        44.869449,
        48.0
      ],
      [
        0.489001,
        44.853905,
        37.25
      ],
      [
        0.488622,
        44.853547,
        37.0
      ],
      [
        0.487679,
        44.853743,
        38.0
      ],
      [
        0.487076,
        44.852788,
        38.0
      ],
      [
        0.486348,
        44.852967,
        39.0
      ],
      [
        0.485138,
        44.85171,
        36.25
      ],
      [
        0.482756,
        44.851622,
        34.25
      ],
      [
        0.481832,
        44.850461,
        23.75
      ],
      [
        0.484097,
        44.848629,
        28.5
      ],
      [
        0.481923,
        44.847018,
        31.25
      ],
      [
        0.479769,
        44.842623,
        29.0
      ],
      [
        0.476284,
        44.839787,
        30.25
      ],
      [
        0.474051,
        44.834137,
        32.0
      ],
      [
        0.468179,
        44.829831,
        32.25
      ],
      [
        0.468821,
        44.827753,
        37.0
      ],
      [
        0.468275,
        44.825261,
        38.75
      ],
      [
        0.46841,
        44.819539,
        46.0
      ],
      [
        0.467002,
        44.814324,
        47.0
      ],
      [
        0.467126,
        44.812905,
        49.0
      ],
      [
        0.464367,
        44.811275,
        51.0
      ],
      [
        0.462285,
        44.80935,
        55.0
      ],
      [
        0.473806,
        44.807335,
        56.0
      ],
      [
        0.473357,
        44.804928,
        63.25
      ],
      [
        0.476291,
        44.803558,
        80.75
      ],
      [
        0.476586,
        44.802568,
        90.75
      ],
      [
        0.475774,
        44.799667,
        121.75
      ],
      [
        0.475689,
        44.793455,
        159.75
      ],
      [
        0.476597,
        44.791907,
        150.0
      ],
      [
        0.478804,
        44.790372,
        144.75
      ],
      [
        0.479227,
        44.788834,
        143.5
      ],
      [
        0.476272,
        44.783699,
        146.75
      ],
      [
        0.473183,
        44.78143,
        144.25
      ],
      [
        0.469468,
        44.780495,
        131.75
      ],
      [
        0.467139,
        44.778051,
        121.25
      ],
      [
        0.46767,
        44.777023,
        120.25
      ],
      [
        0.470639,
        44.776076,
        114.75
      ],
      [
        0.471609,
        44.773374,
        97.0
      ],
      [
        0.470031,
        44.767696,
        102.25
      ],
      [
        0.467699,
        44.763761,
        122.5
      ],
      [
        0.467767,
        44.760475,
        107.25
      ],
      [
        0.464661,
        44.75647,
        121.5
      ],
      [
        0.463877,
        44.756087,
        125.0
      ],
      [
        0.46527,
        44.754506,
        122.75
      ],
      [
        0.467358,
        44.753548,
        120.75
      ],
      [
        0.467678,
        44.751807,
        119.0
      ],
      [
        0.469545,
        44.75058,
        124.25
      ],
      [
        0.467092,
        44.748688,
        123.5
      ],
      [
        0.466291,
        44.747492,
        118.0
      ],
      [
        0.463426,
        44.746949,
        124.75
      ],
      [
        0.463069,
        44.746509,
        130.75
      ],
      [
        0.466455,
        44.740427,
        153.5
      ],
      [
        0.465292,
        44.73662,
        141.75
      ],
      [
        0.463605,
        44.735012,
        131.0
      ],
      [
        0.463846,
        44.733639,
        134.25
      ],
      [
        0.468118,
        44.732209,
        122.5
      ],
      [
        0.469549,
        44.730013,
        120.0
      ],
      [
        0.468953,
        44.72618,
        117.25
      ],
      [
        0.465615,
        44.722328,
        112.25
      ],
      [
        0.465674,
        44.720425,
        114.75
      ],
      [
        0.46518,
        44.719127,
        113.75
      ],
      [
        0.467652,
        44.714615,
        98.5
      ],
      [
        0.460613,
        44.713338,
        99.75
      ],
      [
        0.457329,
        44.713164,
        109.25
      ],
      [
        0.457615,
        44.711986,
        102.5
      ],
      [
        0.457005,
        44.711678,
        103.75
      ],
      [
        0.453215,
        44.711772,
        113.25
      ],
      [
        0.449544,
        44.707398,
        107.5
      ],
      [
        0.446789,
        44.705847,
        112.5
      ],
      [
        0.443915,
        44.70326,
        108.25
      ],
      [
        0.441895,
        44.70296,
        106.75
      ],
      [
        0.439901,
        44.70196,
        98.75
      ],
      [
        0.438335,
        44.698971,
        105.5
      ],
      [
        0.438255,
        44.69725,
        103.25
      ],
      [
        0.436797,
        44.695719,
        106.25
      ],
      [
        0.434806,
        44.691937,
        109.0
      ],
      [
        0.431809,
        44.692167,
        106.0
      ],
      [
        0.430473,
        44.689965,
        101.25
      ],
      [
        0.428175,
        44.688563,
        99.25
      ],
      [
        0.427775,
        44.686733,
        91.5
      ],
      [
        0.428251,
        44.684496,
        82.25
      ],
      [
        0.427244,
        44.683375,
        73.0
      ],
      [
        0.427602,
        44.682022,
        63.25
      ],
      [
        0.425782,
        44.680628,
        52.75
      ],
      [
        0.416639,
        44.679464,
        53.0
      ],
      [
        0.414052,
        44.678217,
        55.25
      ],
      [
        0.409178,
        44.678114,
        53.0
      ],
      [
        0.403995,
        44.670972,
        44.75
      ],
      [
        0.403629,
        44.670778,
        49.5
      ],
      [
        0.400747,
        44.672819,
        49.75
      ],
      [
        0.399585,
        44.671871,
        51.0
      ],
      [
        0.398972,
        44.667024,
        50.25
      ],
      [
        0.396572,
        44.667186,
        48.0
      ],
      [
        0.396513,
        44.666819,
        48.0
      ],
      [
        0.395984,
        44.666785,
        47.0
      ],
      [
        0.392674,
        44.667022,
        49.5
      ],
      [
        0.391158,
        44.665346,
        49.0
      ],
      [
        0.384749,
        44.661498,
        49.5
      ],
      [
        0.378936,
        44.660664,
        54.25
      ],
      [
        0.366015,
        44.662485,
        43.75
      ],
      [
        0.363242,
        44.662248,
        44.0
      ],
      [
        0.355321,
        44.657269,
        44.25
      ],
      [
        0.345218,
        44.649803,
        44.75
      ],
      [
        0.340737,
        44.647723,
        43.75
      ],
      [
        0.342862,
        44.647165,
        41.75
      ],
      [
        0.342982,
        44.645598,
        41.5
      ],
      [
        0.341157,
        44.642911,
        41.0
      ],
      [
        0.341096,
        44.64178,
        41.5
      ],
      [
        0.339862,
        44.640433,
        49.75
      ],
      [
        0.339524,
        44.639032,
        53.5
      ],
      [
        0.335758,
        44.637475,
        56.0
      ],
      [
        0.323206,
        44.630122,
        41.5
      ],
      [
        0.320565,
        44.629246,
        40.5
      ],
      [
        0.319064,
        44.627404,
        43.5
      ],
      [
        0.317288,
        44.622166,
        47.75
      ],
      [
        0.317277,
        44.618906,
        58.25
      ],
      [
        0.315309,
        44.615125,
        77.5
      ],
      [
        0.313379,
        44.613477,
        83.75
      ],
      [
        0.312862,
        44.609687,
        91.0
      ],
      [
        0.312051,
        44.60812,
        98.5
      ],
      [
        0.310974,
        44.607459,
        101.5
      ],
      [
        0.310351,
        44.605022,
        88.25
      ],
      [
        0.30744,
        44.602884,
        78.5
      ],
      [
        0.301034,
        44.600524,
        83.0
      ],
      [
        0.295112,
        44.599172,
        76.0
      ],
      [
        0.291421,
        44.596865,
        102.25
      ],
      [
        0.286967,
        44.593044,
        117.0
      ],
      [
        0.277034,
        44.590084,
        117.0
      ],
      [
        0.275309,
        44.588997,
        116.75
      ],
      [
        0.274996,
        44.58792,
        119.5
      ],
      [
        0.276135,
        44.586112,
        124.0
      ],
      [
        0.274394,
        44.583215,
        114.75
      ],
      [
        0.275067,
        44.577751,
        127.5
      ],
      [
        0.278234,
        44.576429,
        129.0
      ],
      [
        0.28053,
        44.574977,
        128.0
      ],
      [
        0.28234,
        44.570486,
        125.5
      ],
      [
        0.284857,
        44.568311,
        126.25
      ],
      [
        0.28121,
        44.568754,
        116.0
      ],
      [
        0.277259,
        44.567811,
        110.0
      ],
      [
        0.266561,
        44.561207,
        110.0
      ],
      [
        0.263931,
        44.558776,
        116.75
      ],
      [
        0.26236,
        44.558139,
        113.25
      ],
      [
        0.261128,
        44.554933,
        114.0
      ],
      [
        0.258999,
        44.552485,
        113.25
      ],
      [
        0.251009,
        44.54771,
        127.75
      ],
      [
        0.2494,
        44.547368,
        137.25
      ],
      [
        0.247196,
        44.545464,
        127.5
      ],
      [
        0.246309,
        44.543571,
        122.0
      ],
      [
        0.245244,
        44.535371,
        115.5
      ],
      [
        0.243418,
        44.534545,
        123.0
      ],
      [
        0.236483,
        44.533065,
        114.5
      ],
      [
        0.230241,
        44.529366,
        115.25
      ],
      [
        0.229282,
        44.528157,
        113.75
      ],
      [
        0.229146,
        44.52504,
        120.5
      ],
      [
        0.228,
        44.523871,
        119.75
      ],
      [
        0.225698,
        44.522633,
        108.5
      ],
      [
        0.225195,
        44.520856,
        97.5
      ],
      [
        0.223519,
        44.519511,
        83.0
      ],
      [
        0.217734,
        44.518068,
        60.5
      ],
      [
        0.213645,
        44.515801,
        52.0
      ],
      [
        0.194793,
        44.509543,
        37.25
      ],
      [
        0.1936,
        44.508507,
        36.5
      ],
      [
        0.191546,
        44.508458,
        35.25
      ],
      [
        0.186905,
        44.506939,
        33.0
      ],
      [
        0.183098,
        44.503055,
        31.0
      ],
      [
        0.18184,
        44.502533,
        31.0
      ],
      [
        0.180974,
        44.501546,
        30.25
      ],
      [
        0.178346,
        44.500948,
        31.0
      ],
      [
        0.177489,
        44.501124,
        30.75
      ],
      [
        0.17692,
        44.500793,
        30.0
      ],
      [
        0.172753,
        44.50162,
        28.75
      ],
      [
        0.169869,
        44.499997,
        28.0
      ],
      [
        0.170711,
        44.500598,
        28.0
      ],
      [
        0.170153,
        44.501412,
        30.75
      ],
      [
        0.166772,
        44.500116,
        30.0
      ],
      [
        0.16554,
        44.501846,
        30.75
      ],
      [
        0.163759,
        44.502555,
        30.0
      ],
      [
        0.159461,
        44.501179,
        30.0
      ],
      [
        0.157991,
        44.50181,
        30.0
      ],
      [
        0.155892,
        44.500728,
        26.0
      ],
      [
        0.150032,
        44.50336,
        29.0
      ],
      [
        0.147838,
        44.503635,
        28.0
      ],
      [
        0.145106,
        44.503297,
        28.0
      ],
      [
        0.141121,
        44.504141,
        27.0
      ],
      [
        0.142228,
        44.505556,
        28.75
      ],
      [
        0.141402,
        44.505911,
        27.75
      ],
      [
        0.140209,
        44.504284,
        24.75
      ],
      [
        0.128794,
        44.481354,
        22.75
      ],
      [
        0.12085,
        44.471214,
        23.5
      ],
      [
        0.120097,
        44.46946,
        22.75
      ],
      [
        0.119265,
        44.452444,
        31.25
      ],
      [
        0.117959,
        44.444738,
        35.5
      ],
      [
        0.119557,
        44.437489,
        38.0
      ],
      [
        0.122893,
        44.43386,
        36.0
      ],
      [
        0.126021,
        44.428532,
        36.25
      ],
      [
        0.126826,
        44.426318,
        36.25
      ],
      [
        0.124061,
        44.417822,
        47.25
      ],
      [
        0.124673,
        44.412764,
        47.0
      ],
      [
        0.124075,
        44.40706,
        46.75
      ],
      [
        0.123292,
        44.405161,
        47.75
      ],
      [
        0.11998,
        44.400318,
        47.75
      ],
      [
        0.113417,
        44.394908,
        49.5
      ],
      [
        0.10765,
        44.391712,
        47.75
      ],
      [
        0.098985,
        44.383735,
        49.0
      ],
      [
        0.097227,
        44.381296,
        51.0
      ],
      [
        0.088597,
        44.33058,
        62.0
      ],
      [
        0.085931,
        44.325181,
        64.0
      ],
      [
        0.083353,
        44.322723,
        66.5
      ],
      [
        0.084746,
        44.319871,
        64.25
      ],
      [
        0.08753,
        44.316733,
        65.0
      ],
      [
        0.087397,
        44.316053,
        66.0
      ],
      [
        0.086041,
        44.316244,
        65.0
      ],
      [
        0.085594,
        44.315602,
        65.25
      ],
      [
        0.08898,
        44.31512,
        67.0
      ],
      [
        0.087133,
        44.315235,
        68.0
      ],
      [
        0.086556,
        44.314207,
        67.75
      ],
      [
        0.08517,
        44.31427,
        66.75
      ],
      [
        0.085108,
        44.31399,
        67.0
      ],
      [
        0.080468,
        44.314203,
        69.0
      ],
      [
        0.079672,
        44.311482,
        68.5
      ],
      [
        0.074215,
        44.309199,
        88.75
      ],
      [
        0.072155,
        44.307677,
        87.25
      ],
      [
        0.065046,
        44.305787,
        96.75
      ],
      [
        0.060275,
        44.305128,
        105.75
      ],
      [
        0.055561,
        44.302616,
        96.0
      ],
      [
        0.049506,
        44.303775,
        84.0
      ],
      [
        0.046127,
        44.301972,
        83.75
      ],
      [
        0.027731,
        44.296583,
        106.0
      ],
      [
        0.02318,
        44.296627,
        117.5
      ],
      [
        0.023329,
        44.294638,
        116.25
      ],
      [
        0.022512,
        44.292385,
        118.75
      ],
      [
        0.022679,
        44.283976,
        98.0
      ],
      [
        0.023941,
        44.280021,
        94.0
      ],
      [
        0.024761,
        44.27255,
        94.75
      ],
      [
        0.027113,
        44.272346,
        97.75
      ],
      [
        -0.003389,
        44.236538,
        141.25
      ],
      [
        -0.053153,
        44.200874,
        122.0
      ],
      [
        -0.054257,
        44.201008,
        121.0
      ],
      [
        -0.084283,
        44.189967,
        130.25
      ],
      [
        -0.102991,
        44.186086,
        135.75
      ],
      [
        -0.110822,
        44.187299,
        137.0
      ],
      [
        -0.112575,
        44.186214,
        138.0
      ],
      [
        -0.122382,
        44.186759,
        140.0
      ],
      [
        -0.124036,
        44.186098,
        140.0
      ],
      [
        -0.132083,
        44.187918,
        140.0
      ],
      [
        -0.139583,
        44.188823,
        139.0
      ],
      [
        -0.152279,
        44.191105,
        137.0
      ],
      [
        -0.152689,
        44.19013,
        138.0
      ],
      [
        -0.152324,
        44.189605,
        138.0
      ],
      [
        -0.158407,
        44.17843,
        142.0
      ],
      [
        -0.174603,
        44.145883,
        136.0
      ],
      [
        -0.186962,
        44.134999,
        124.0
      ],
      [
        -0.191982,
        44.128168,
        120.0
      ],
      [
        -0.191642,
        44.122017,
        115.25
      ],
      [
        -0.191984,
        44.121115,
        117.75
      ],
      [
        -0.19481,
        44.121,
        116.75
      ],
      [
        -0.198302,
        44.12143,
        111.75
      ],
      [
        -0.207022,
        44.126052,
        112.75
      ],
      [
        -0.209204,
        44.125853,
        105.5
      ],
      [
        -0.211202,
        44.126435,
        111.25
      ],
      [
        -0.214003,
        44.126271,
        111.25
      ],
      [
        -0.216525,
        44.126769,
        112.0
      ],
      [
        -0.218267,
        44.126561,
        113.75
      ],
      [
        -0.219053,
        44.123917,
        110.5
      ],
      [
        -0.221495,
        44.12185,
        111.5
      ],
      [
        -0.261986,
        44.101493,
        89.0
      ],
      [
        -0.277376,
        44.091781,
        84.0
      ],
      [
        -0.310758,
        44.057759,
        81.5
      ],
      [
        -0.313739,
        44.058358,
        82.5
      ],
      [
        -0.316189,
        44.056089,
        83.0
      ],
      [
        -0.31765,
        44.053513,
        81.0
      ],
      [
        -0.319159,
        44.053724,
        81.75
      ],
      [
        -0.32167,
        44.045683,
        74.75
      ],
      [
        -0.32311,
        44.038981,
        72.0
      ],
      [
        -0.324789,
        44.035087,
        66.75
      ],
      [
        -0.321988,
        44.034018,
        67.25
      ],
      [
        -0.321427,
        44.034121,
        69.0
      ],
      [
        -0.322818,
        44.03435,
        66.5
      ],
      [
        -0.323679,
        44.032478,
        65.75
      ],
      [
        -0.324856,
        44.031548,
        70.5
      ],
      [
        -0.32648,
        44.03154,
        79.0
      ],
      [
        -0.327139,
        44.031085,
        87.25
      ],
      [
        -0.327684,
        44.029954,
        93.0
      ],
      [
        -0.327446,
        44.028673,
        95.75
      ],
      [
        -0.330702,
        44.023761,
        99.0
      ],
      [
        -0.331415,
        44.020162,
        102.75
      ],
      [
        -0.333427,
        44.01685,
        99.25
      ],
      [
        -0.334725,
        44.016671,
        98.0
      ],
      [
        -0.335136,
        44.015485,
        98.0
      ],
      [
        -0.334574,
        44.014693,
        100.0
      ],
      [
        -0.337523,
        44.006284,
        105.0
      ],
      [
        -0.337273,
        44.003066,
        105.0
      ],
      [
        -0.339986,
        43.998791,
        103.0
      ],
      [
        -0.343846,
        43.995759,
        98.0
      ],
      [
        -0.348193,
        43.99573,
        96.0
      ],
      [
        -0.351315,
        43.996226,
        94.0
      ],
      [
        -0.353607,
        43.995834,
        87.0
      ],
      [
        -0.354069,
        43.994915,
        86.0
      ],
      [
        -0.355661,
        43.995005,
        80.5
      ],
      [
        -0.35804,
        43.993601,
        92.0
      ],
      [
        -0.359541,
        43.987862,
        98.0
      ],
      [
        -0.356783,
        43.977996,
        104.75
      ],
      [
        -0.359068,
        43.973434,
        98.0
      ],
      [
        -0.365164,
        43.963708,
        107.0
      ],
      [
        -0.369185,
        43.958911,
        99.0
      ],
      [
        -0.36961,
        43.957655,
        98.5
      ],
      [
        -0.369363,
        43.953555,
        97.0
      ],
      [
        -0.369782,
        43.9501,
        97.0
      ],
      [
        -0.369075,
        43.94998,
        96.75
      ],
      [
        -0.372612,
        43.942532,
        92.0
      ],
      [
        -0.37227,
        43.941226,
        90.0
      ],
      [
        -0.373074,
        43.941127,
        91.0
      ],
      [
        -0.376976,
        43.936435,
        91.75
      ],
      [
        -0.377118,
        43.935072,
        91.0
      ],
      [
        -0.37541,
        43.933892,
        89.0
      ],
      [
        -0.374639,
        43.93189,
        87.0
      ],
      [
        -0.37649,
        43.927059,
        79.25
      ],
      [
        -0.378245,
        43.924866,
        83.0
      ],
      [
        -0.37812,
        43.922997,
        81.25
      ],
      [
        -0.377124,
        43.922211,
        80.0
      ],
      [
        -0.378952,
        43.918714,
        77.5
      ],
      [
        -0.378293,
        43.916623,
        77.5
      ],
      [
        -0.380487,
        43.915097,
        74.75
      ],
      [
        -0.382781,
        43.9098,
        63.5
      ],
      [
        -0.383218,
        43.903486,
        58.0
      ],
      [
        -0.385044,
        43.898954,
        56.0
      ],
      [
        -0.389428,
        43.896347,
        48.75
      ],
      [
        -0.391372,
        43.896661,
        49.75
      ],
      [
        -0.394222,
        43.894338,
        53.75
      ],
      [
        -0.392874,
        43.890106,
        49.5
      ],
      [
        -0.391648,
        43.889713,
        47.75
      ],
      [
        -0.392147,
        43.889166,
        47.5
      ],
      [
        -0.392167,
        43.888029,
        53.25
      ],
      [
        -0.394304,
        43.886054,
        67.5
      ],
      [
        -0.39675,
        43.886057,
        73.25
      ],
      [
        -0.441035,
        43.881689,
        65.75
      ],
      [
        -0.446129,
        43.8817,
        75.0
      ],
      [
        -0.450227,
        43.882123,
        79.5
      ],
      [
        -0.481658,
        43.888178,
        57.75
      ],
      [
        -0.48475,
        43.888044,
        56.0
      ],
      [
        -0.487782,
        43.88687,
        56.25
      ],
      [
        -0.489189,
        43.887382,
        53.25
      ],
      [
        -0.489386,
        43.890293,
        47.0
      ],
      [
        -0.492919,
        43.889657,
        45.0
      ],
      [
        -0.497932,
        43.889634,
        47.0
      ],
      [
        -0.497789,
        43.890113,
        46.5
      ],
      [
        -0.499824,
        43.890376,
        44.25
      ],
      [
        -0.4998,
        43.89003,
        45.5
      ],
      [
        -0.499824,
        43.890376,
        44.25
      ],
      [
        -0.501199,
        43.890393,
        41.25
      ],
      [
        -0.501563,
        43.891479,
        34.75
      ],
      [
        -0.504431,
        43.89008,
        30.5
      ],
      [
        -0.505852,
        43.888756,
        29.25
      ],
      [
        -0.507172,
        43.888445,
        30.5
      ],
      [
        -0.50666,
        43.888202,
        37.75
      ],
      [
        -0.51647,
        43.886821,
        43.25
      ],
      [
        -0.515941,
        43.885483,
        47.0
      ],
      [
        -0.51474,
        43.88444,
        56.0
      ],
      [
        -0.517925,
        43.882931,
        67.75
      ],
      [
        -0.522273,
        43.882475,
        77.0
      ],
      [
        -0.523577,
        43.880914,
        77.0
      ],
      [
        -0.525799,
        43.881082,
        67.75
      ],
      [
        -0.527212,
        43.882437,
        55.75
      ],
      [
        -0.529302,
        43.881004,
        51.5
      ],
      [
        -0.531279,
        43.881433,
        51.25
      ],
      [
        -0.534692,
        43.880535,
        62.5
      ],
      [
        -0.534558,
        43.879623,
        64.75
      ],
      [
        -0.535041,
        43.879375,
        64.0
      ],
      [
        -0.538425,
        43.878999,
        65.25
      ],
      [
        -0.537786,
        43.881258,
        74.0
      ],
      [
        -0.539436,
        43.880705,
        74.5
      ],
      [
        -0.543197,
        43.88025,
        78.25
      ],
      [
        -0.544117,
        43.879375,
        80.0
      ],
      [
        -0.544963,
        43.879823,
        80.75
      ],
      [
        -0.550099,
        43.878914,
        84.0
      ],
      [
        -0.550429,
        43.878478,
        84.25
      ],
      [
        -0.551424,
        43.878672,
        85.0
      ],
      [
        -0.556452,
        43.877775,
        86.0
      ],
      [
        -0.560104,
        43.875955,
        88.5
      ],
      [
        -0.56164,
        43.87588,
        88.0
      ],
      [
        -0.562612,
        43.87667,
        87.5
      ],
      [
        -0.577724,
        43.873955,
        85.0
      ],
      [
        -0.578622,
        43.872307,
        84.5
      ],
      [
        -0.579468,
        43.871791,
        83.5
      ],
      [
        -0.581296,
        43.871628,
        82.75
      ],
      [
        -0.581328,
        43.8708,
        82.0
      ],
      [
        -0.583428,
        43.870313,
        81.5
      ],
      [
        -0.584549,
        43.868826,
        81.0
      ],
      [
        -0.591488,
        43.86824,
        79.25
      ],
      [
        -0.591659,
        43.866359,
        79.75
      ],
      [
        -0.594334,
        43.866584,
        77.25
      ],
      [
        -0.594334,
        43.865234,
        69.0
      ],
      [
        -0.597719,
        43.866466,
        73.25
      ],
      [
        -0.599077,
        43.869004,
        69.5
      ],
      [
        -0.601075,
        43.869594,
        68.0
      ],
      [
        -0.602261,
        43.868849,
        69.75
      ],
      [
        -0.603773,
        43.869302,
        68.0
      ],
      [
        -0.618185,
        43.866486,
        62.75
      ],
      [
        -0.622181,
        43.86628,
        62.75
      ],
      [
        -0.634332,
        43.86413,
        54.25
      ],
      [
        -0.640026,
        43.865344,
        60.0
      ],
      [
        -0.640223,
        43.868287,
        58.75
      ],
      [
        -0.645197,
        43.868258,
        58.25
      ],
      [
        -0.645347,
        43.866833,
        59.0
      ],
      [
        -0.649721,
        43.865914,
        61.75
      ],
      [
        -0.660269,
        43.869169,
        57.75
      ],
      [
        -0.666954,
        43.872432,
        52.75
      ],
      [
        -0.669188,
        43.874443,
        50.0
      ],
      [
        -0.671879,
        43.875169,
        47.5
      ],
      [
        -0.674414,
        43.875184,
        47.0
      ],
      [
        -0.675953,
        43.875784,
        46.0
      ],
      [
        -0.677688,
        43.875328,
        45.5
      ],
      [
        -0.67874,
        43.873901,
        46.5
      ],
      [
        -0.6801,
        43.873258,
        47.5
      ],
      [
        -0.680766,
        43.871772,
        47.5
      ],
      [
        -0.680768,
        43.869672,
        51.75
      ],
      [
        -0.682281,
        43.868495,
        52.0
      ],
      [
        -0.684534,
        43.867648,
        53.0
      ],
      [
        -0.685632,
        43.864365,
        67.25
      ],
      [
        -0.70684,
        43.863641,
        63.0
      ],
      [
        -0.708767,
        43.863151,
        55.75
      ],
      [
        -0.710752,
        43.863954,
        48.0
      ],
      [
        -0.713066,
        43.864337,
        41.0
      ],
      [
        -0.714323,
        43.865077,
        39.5
      ],
      [
        -0.715435,
        43.867224,
        38.25
      ],
      [
        -0.717841,
        43.870038,
        31.25
      ],
      [
        -0.725111,
        43.873839,
        23.25
      ],
      [
        -0.727493,
        43.874823,
        21.0
      ],
      [
        -0.728591,
        43.874712,
        20.75
      ],
      [
        -0.730321,
        43.874361,
        19.5
      ],
      [
        -0.730217,
        43.870339,
        29.75
      ],
      [
        -0.731572,
        43.869307,
        34.0
      ],
      [
        -0.733246,
        43.868819,
        45.25
      ],
      [
        -0.734347,
        43.866304,
        57.0
      ],
      [
        -0.739564,
        43.867064,
        56.5
      ],
      [
        -0.741727,
        43.868187,
        50.0
      ],
      [
        -0.742408,
        43.868092,
        46.75
      ],
      [
        -0.746716,
        43.862027,
        54.25
      ],
      [
        -0.747371,
        43.859621,
        53.0
      ],
      [
        -0.751921,
        43.857661,
        58.0
      ],
      [
        -0.765838,
        43.853485,
        49.0
      ],
      [
        -0.767935,
        43.851906,
        43.0
      ],
      [
        -0.773878,
        43.8504,
        29.25
      ],
      [
        -0.775408,
        43.847677,
        45.5
      ],
      [
        -0.779118,
        43.847041,
        47.25
      ],
      [
        -0.779791,
        43.845039,
        40.0
      ],
      [
        -0.782027,
        43.8444,
        42.5
      ],
      [
        -0.78608,
        43.841987,
        38.5
      ],
      [
        -0.789818,
        43.842203,
        40.0
      ],
      [
        -0.791858,
        43.841845,
        33.25
      ],
      [
        -0.794791,
        43.84021,
        25.0
      ],
      [
        -0.795787,
        43.839051,
        20.0
      ],
      [
        -0.797183,
        43.838627,
        22.75
      ],
      [
        -0.797896,
        43.836811,
        35.0
      ],
      [
        -0.803637,
        43.831851,
        28.25
      ],
      [
        -0.80688,
        43.832134,
        21.75
      ],
      [
        -0.806647,
        43.832746,
        21.0
      ],
      [
        -0.808102,
        43.833241,
        16.75
      ],
      [
        -0.807343,
        43.833564,
        13.75
      ],
      [
        -0.808452,
        43.832044,
        14.25
      ],
      [
        -0.813213,
        43.83038,
        15.0
      ],
      [
        -0.814679,
        43.832326,
        23.75
      ],
      [
        -0.818784,
        43.831197,
        22.75
      ],
      [
        -0.820157,
        43.830637,
        22.75
      ],
      [
        -0.824412,
        43.827041,
        19.25
      ],
      [
        -0.825301,
        43.826064,
        18.0
      ],
      [
        -0.824517,
        43.825779,
        14.0
      ],
      [
        -0.824943,
        43.825323,
        14.5
      ],
      [
        -0.825686,
        43.825704,
        17.5
      ],
      [
        -0.826216,
        43.825284,
        17.5
      ],
      [
        -0.828743,
        43.825222,
        15.0
      ],
      [
        -0.833875,
        43.826102,
        14.75
      ],
      [
        -0.836378,
        43.826081,
        15.0
      ],
      [
        -0.841141,
        43.825906,
        22.0
      ],
      [
        -0.847819,
        43.824523,
        19.5
      ],
      [
        -0.849342,
        43.82557,
        23.5
      ],
      [
        -0.851188,
        43.825431,
        20.25
      ],
      [
        -0.853856,
        43.826426,
        20.75
      ],
      [
        -0.865974,
        43.824278,
        28.25
      ],
      [
        -0.872316,
        43.820735,
        21.0
      ],
      [
        -0.896742,
        43.808472,
        37.0
      ],
      [
        -0.897499,
        43.807667,
        39.75
      ],
      [
        -0.897566,
        43.806899,
        35.75
      ],
      [
        -0.901053,
        43.806405,
        31.0
      ],
      [
        -0.910497,
        43.801588,
        32.25
      ],
      [
        -0.911315,
        43.799867,
        33.75
      ],
      [
        -0.917449,
        43.79682,
        31.25
      ],
      [
        -0.919365,
        43.796888,
        32.0
      ],
      [
        -0.920574,
        43.795634,
        29.0
      ],
      [
        -0.925461,
        43.78779,
        24.75
      ],
      [
        -0.927013,
        43.787587,
        26.0
      ],
      [
        -0.93008,
        43.787936,
        25.5
      ],
      [
        -0.939045,
        43.789685,
        24.25
      ],
      [
        -0.946975,
        43.787843,
        27.25
      ],
      [
        -0.957742,
        43.782769,
        26.0
      ],
      [
        -0.989373,
        43.784691,
        36.25
      ],
      [
        -0.99197,
        43.783117,
        36.0
      ],
      [
        -0.993113,
        43.781104,
        34.0
      ],
      [
        -0.986797,
        43.771916,
        24.0
      ],
      [
        -0.986479,
        43.76324,
        17.5
      ],
      [
        -0.987861,
        43.762559,
        18.0
      ],
      [
        -0.990539,
        43.756256,
        16.75
      ],
      [
        -0.993346,
        43.753546,
        11.0
      ],
      [
        -0.994681,
        43.753078,
        13.0
      ],
      [
        -0.994613,
        43.748969,
        14.75
      ],
      [
        -0.996193,
        43.745732,
        15.75
      ],
      [
        -0.996466,
        43.743603,
        9.0
      ],
      [
        -0.998896,
        43.741945,
        15.0
      ],
      [
        -1.00179,
        43.741276,
        16.0
      ],
      [
        -1.003883,
        43.740367,
        14.5
      ],
      [
        -1.005659,
        43.73858,
        10.25
      ],
      [
        -1.004097,
        43.736057,
        7.25
      ],
      [
        -0.998067,
        43.732786,
        8.75
      ],
      [
        -0.998037,
        43.732469,
        7.75
      ],
      [
        -1.002435,
        43.729209,
        6.5
      ],
      [
        -1.007717,
        43.728799,
        6.0
      ],
      [
        -1.008588,
        43.728404,
        5.0
      ],
      [
        -1.009818,
        43.727156,
        5.5
      ],
      [
        -1.009975,
        43.725282,
        6.0
      ],
      [
        -1.012751,
        43.722236,
        5.75
      ],
      [
        -1.013266,
        43.715351,
        7.75
      ],
      [
        -1.020751,
        43.714516,
        6.25
      ],
      [
        -1.021775,
        43.71355,
        6.0
      ],
      [
        -1.021316,
        43.71152,
        9.25
      ],
      [
        -1.032912,
        43.710033,
        6.5
      ],
      [
        -1.035821,
        43.710783,
        9.0
      ],
      [
        -1.038574,
        43.710782,
        9.5
      ],
      [
        -1.040286,
        43.708985,
        9.5
      ],
      [
        -1.042036,
        43.710585,
        9.75
      ],
      [
        -1.042587,
        43.710367,
        9.0
      ],
      [
        -1.044599,
        43.711113,
        5.75
      ],
      [
        -1.047553,
        43.711344,
        5.25
      ],
      [
        -1.049367,
        43.712028,
        7.0
      ],
      [
        -1.049956,
        43.711507,
        7.0
      ],
      [
        -1.049773,
        43.710018,
        9.75
      ],
      [
        -1.049853,
        43.710495,
        8.0
      ],
      [
        -1.050952,
        43.710589,
        9.0
      ],
      [
        -1.05106,
        43.710968,
        10.25
      ],
      [
        -1.052283,
        43.710953,
        8.25
      ],
      [
        -1.052568,
        43.704589,
        14.0
      ],
      [
        -1.053652,
        43.701682,
        20.75
      ],
      [
        -1.05508,
        43.699654,
        21.75
      ],
      [
        -1.0445,
        43.686956,
        25.0
      ],
      [
        -1.043182,
        43.682219,
        11.0
      ],
      [
        -1.04122,
        43.678412,
        7.0
      ],
      [
        -1.04228,
        43.676279,
        9.0
      ],
      [
        -1.042005,
        43.675255,
        18.75
      ],
      [
        -1.043501,
        43.673306,
        45.5
      ],
      [
        -1.043533,
        43.670689,
        42.5
      ],
      [
        -1.044924,
        43.669887,
        34.75
      ],
      [
        -1.046293,
        43.668166,
        26.5
      ],
      [
        -1.048782,
        43.66676,
        16.5
      ],
      [
        -1.048732,
        43.665072,
        35.25
      ],
      [
        -1.050495,
        43.660047,
        37.75
      ],
      [
        -1.052721,
        43.659204,
        33.25
      ],
      [
        -1.053647,
        43.657949,
        22.25
      ],
      [
        -1.053632,
        43.65481,
        35.75
      ],
      [
        -1.052825,
        43.652905,
        53.0
      ],
      [
        -1.053283,
        43.650571,
        62.75
      ],
      [
        -1.053023,
        43.648617,
        65.0
      ],
      [
        -1.054758,
        43.646018,
        60.5
      ],
      [
        -1.055307,
        43.643983,
        51.75
      ],
      [
        -1.059223,
        43.63945,
        38.5
      ],
      [
        -1.059857,
        43.636754,
        36.75
      ],
      [
        -1.05954,
        43.63469,
        26.75
      ],
      [
        -1.060077,
        43.633626,
        24.25
      ],
      [
        -1.059869,
        43.632883,
        25.5
      ],
      [
        -1.060644,
        43.631747,
        29.0
      ],
      [
        -1.062024,
        43.626585,
        35.0
      ],
      [
        -1.06296,
        43.625493,
        34.25
      ],
      [
        -1.068111,
        43.622396,
        27.25
      ],
      [
        -1.069161,
        43.620764,
        30.0
      ],
      [
        -1.067967,
        43.616851,
        33.75
      ],
      [
        -1.064346,
        43.614776,
        33.5
      ],
      [
        -1.065213,
        43.610309,
        36.0
      ],
      [
        -1.064715,
        43.608566,
        26.75
      ],
      [
        -1.063512,
        43.60732,
        35.5
      ],
      [
        -1.064732,
        43.605228,
        38.0
      ],
      [
        -1.068626,
        43.601959,
        40.0
      ],
      [
        -1.068324,
        43.594921,
        45.5
      ],
      [
        -1.067356,
        43.59393,
        35.75
      ],
      [
        -1.066098,
        43.593866,
        33.0
      ],
      [
        -1.065891,
        43.591895,
        44.25
      ],
      [
        -1.064081,
        43.591147,
        47.25
      ],
      [
        -1.061988,
        43.58933,
        47.5
      ],
      [
        -1.058481,
        43.587783,
        36.5
      ],
      [
        -1.056422,
        43.586347,
        32.0
      ],
      [
        -1.057834,
        43.583935,
        35.75
      ],
      [
        -1.057388,
        43.582361,
        35.25
      ],
      [
        -1.058593,
        43.581121,
        36.75
      ],
      [
        -1.059362,
        43.578796,
        41.25
      ],
      [
        -1.059176,
        43.577163,
        38.75
      ],
      [
        -1.060078,
        43.575708,
        41.5
      ],
      [
        -1.056541,
        43.5735,
        64.25
      ],
      [
        -1.057961,
        43.57193,
        64.75
      ],
      [
        -1.059838,
        43.570675,
        71.0
      ],
      [
        -1.060368,
        43.567306,
        80.75
      ],
      [
        -1.062396,
        43.565408,
        86.5
      ],
      [
        -1.062299,
        43.564203,
        94.0
      ],
      [
        -1.064981,
        43.563949,
        89.5
      ],
      [
        -1.069773,
        43.565079,
        87.0
      ],
      [
        -1.071247,
        43.564653,
        82.75
      ],
      [
        -1.072149,
        43.562231,
        78.5
      ],
      [
        -1.075603,
        43.560993,
        68.5
      ],
      [
        -1.076677,
        43.559199,
        65.0
      ],
      [
        -1.076929,
        43.556721,
        57.0
      ],
      [
        -1.079557,
        43.554613,
        45.25
      ],
      [
        -1.081201,
        43.552417,
        35.75
      ],
      [
        -1.083658,
        43.551516,
        30.0
      ],
      [
        -1.086747,
        43.549581,
        24.0
      ],
      [
        -1.094998,
        43.548557,
        18.75
      ],
      [
        -1.097243,
        43.54515,
        9.75
      ],
      [
        -1.098428,
        43.545295,
        9.0
      ],
      [
        -1.099943,
        43.544917,
        8.0
      ],
      [
        -1.10015,
        43.543928,
        4.0
      ],
      [
        -1.10303,
        43.544274,
        6.0
      ],
      [
        -1.104462,
        43.543693,
        5.75
      ],
      [
        -1.105258,
        43.54415,
        7.0
      ],
      [
        -1.110274,
        43.532079,
        7.5
      ],
      [
        -1.109685,
        43.531164,
        13.5
      ],
      [
        -1.106395,
        43.53005,
        29.25
      ],
      [
        -1.103831,
        43.526769,
        51.25
      ],
      [
        -1.103712,
        43.525952,
        54.5
      ],
      [
        -1.104537,
        43.523419,
        62.25
      ],
      [
        -1.107361,
        43.517883,
        64.25
      ],
      [
        -1.109331,
        43.515175,
        71.5
      ],
      [
        -1.114055,
        43.50475,
        66.25
      ],
      [
        -1.118084,
        43.502068,
        42.25
      ],
      [
        -1.124007,
        43.50174,
        20.5
      ],
      [
        -1.132514,
        43.500215,
        3.5
      ],
      [
        -1.137107,
        43.50049,
        3.25
      ],
      [
        -1.138918,
        43.499255,
        3.25
      ],
      [
        -1.140018,
        43.497192,
        3.75
      ],
      [
        -1.138964,
        43.492258,
        3.25
      ],
      [
        -1.139232,
        43.490222,
        4.25
      ],
      [
        -1.13985,
        43.489651,
        4.5
      ],
      [
        -1.138745,
        43.488543,
        3.5
      ],
      [
        -1.13908,
        43.487506,
        5.5
      ],
      [
        -1.138772,
        43.485042,
        27.25
      ],
      [
        -1.139157,
        43.484218,
        33.25
      ],
      [
        -1.139841,
        43.484039,
        34.5
      ],
      [
        -1.137063,
        43.484254,
        26.5
      ],
      [
        -1.132965,
        43.483326,
        9.5
      ],
      [
        -1.130434,
        43.481576,
        6.0
      ],
      [
        -1.128578,
        43.480936,
        5.75
      ],
      [
        -1.124174,
        43.481166,
        6.25
      ],
      [
        -1.122194,
        43.480097,
        7.25
      ],
      [
        -1.1215,
        43.479102,
        6.25
      ],
      [
        -1.114787,
        43.473431,
        6.75
      ],
      [
        -1.113858,
        43.473132,
        8.25
      ],
      [
        -1.11228,
        43.473462,
        11.0
      ],
      [
        -1.110763,
        43.472193,
        22.75
      ],
      [
        -1.106807,
        43.473302,
        46.0
      ],
      [
        -1.104406,
        43.472921,
        60.0
      ],
      [
        -1.102198,
        43.473018,
        64.75
      ],
      [
        -1.093869,
        43.471675,
        63.75
      ],
      [
        -1.079345,
        43.471635,
        85.75
      ],
      [
        -1.074682,
        43.469153,
        93.5
      ],
      [
        -1.07262,
        43.468538,
        86.0
      ],
      [
        -1.069831,
        43.465755,
        96.0
      ],
      [
        -1.067565,
        43.465317,
        89.5
      ],
      [
        -1.063555,
        43.463244,
        85.75
      ],
      [
        -1.060891,
        43.459161,
        82.0
      ],
      [
        -1.060049,
        43.456002,
        92.75
      ],
      [
        -1.059183,
        43.455364,
        98.25
      ],
      [
        -1.058779,
        43.454362,
        96.25
      ],
      [
        -1.056269,
        43.452149,
        98.0
      ],
      [
        -1.052268,
        43.44961,
        81.5
      ],
      [
        -1.051276,
        43.448032,
        76.75
      ],
      [
        -1.050675,
        43.445385,
        65.0
      ],
      [
        -1.051153,
        43.4429,
        68.75
      ],
      [
        -1.05047,
        43.441778,
        61.5
      ],
      [
        -1.049921,
        43.438664,
        74.25
      ],
      [
        -1.050341,
        43.435889,
        57.0
      ],
      [
        -1.052808,
        43.43252,
        47.0
      ],
      [
        -1.053157,
        43.42944,
        47.25
      ],
      [
        -1.056017,
        43.425525,
        59.0
      ],
      [
        -1.056246,
        43.421343,
        68.0
      ],
      [
        -1.057465,
        43.421114,
        68.0
      ],
      [
        -1.057772,
        43.420159,
        60.25
      ],
      [
        -1.059481,
        43.418893,
        48.75
      ],
      [
        -1.061188,
        43.418452,
        39.5
      ],
      [
        -1.060398,
        43.416555,
        25.5
      ],
      [
        -1.057971,
        43.415652,
        30.5
      ],
      [
        -1.054044,
        43.411932,
        29.0
      ],
      [
        -1.052259,
        43.411012,
        26.5
      ],
      [
        -1.050413,
        43.407891,
        25.5
      ],
      [
        -1.048831,
        43.406752,
        24.75
      ],
      [
        -1.050154,
        43.406058,
        34.5
      ],
      [
        -1.051407,
        43.404042,
        25.25
      ],
      [
        -1.051802,
        43.401397,
        26.0
      ],
      [
        -1.051089,
        43.398733,
        27.25
      ],
      [
        -1.05219,
        43.396722,
        26.0
      ],
      [
        -1.053082,
        43.396013,
        29.25
      ],
      [
        -1.053306,
        43.394101,
        36.25
      ],
      [
        -1.052783,
        43.392473,
        37.75
      ],
      [
        -1.048802,
        43.389163,
        40.25
      ],
      [
        -1.046216,
        43.388902,
        40.5
      ],
      [
        -1.04449,
        43.390116,
        42.25
      ],
      [
        -1.042327,
        43.392865,
        48.5
      ],
      [
        -1.041198,
        43.39326,
        49.0
      ],
      [
        -1.039031,
        43.393067,
        36.25
      ],
      [
        -1.033333,
        43.393742,
        36.25
      ],
      [
        -1.028015,
        43.392058,
        32.75
      ],
      [
        -1.021928,
        43.388221,
        35.0
      ],
      [
        -1.020318,
        43.388183,
        42.0
      ],
      [
        -1.019231,
        43.384034,
        34.25
      ],
      [
        -1.017103,
        43.379794,
        37.5
      ],
      [
        -1.017777,
        43.377845,
        43.75
      ],
      [
        -1.017321,
        43.376336,
        42.75
      ],
      [
        -1.018289,
        43.374828,
        45.5
      ],
      [
        -1.019612,
        43.373882,
        41.5
      ],
      [
        -1.02018,
        43.372492,
        39.5
      ],
      [
        -1.020115,
        43.371392,
        40.0
      ],
      [
        -1.019061,
        43.370556,
        43.25
      ],
      [
        -1.01903,
        43.368333,
        45.25
      ],
      [
        -1.018389,
        43.367563,
        45.75
      ],
      [
        -1.018673,
        43.366005,
        47.25
      ],
      [
        -1.01963,
        43.365131,
        45.25
      ],
      [
        -1.019922,
        43.36334,
        43.5
      ],
      [
        -1.019237,
        43.362581,
        37.5
      ],
      [
        -1.02115,
        43.359534,
        44.25
      ],
      [
        -1.022382,
        43.354662,
        47.5
      ],
      [
        -1.022265,
        43.353369,
        46.75
      ],
      [
        -1.021035,
        43.35128,
        51.25
      ],
      [
        -1.021015,
        43.349996,
        52.0
      ],
      [
        -1.022058,
        43.347614,
        49.75
      ],
      [
        -1.02383,
        43.347036,
        50.0
      ],
      [
        -1.026268,
        43.341773,
        41.25
      ],
      [
        -1.030625,
        43.335829,
        42.75
      ],
      [
        -1.028879,
        43.334851,
        42.75
      ],
      [
        -1.031876,
        43.330816,
        50.75
      ],
      [
        -1.033156,
        43.329754,
        52.0
      ],
      [
        -1.032502,
        43.329296,
        52.0
      ],
      [
        -1.033995,
        43.328242,
        51.0
      ],
      [
        -1.034814,
        43.328889,
        53.0
      ],
      [
        -1.036633,
        43.327348,
        52.25
      ],
      [
        -1.034488,
        43.326407,
        50.0
      ],
      [
        -1.035254,
        43.324622,
        53.0
      ],
      [
        -1.034639,
        43.32391,
        53.5
      ],
      [
        -1.037071,
        43.318956,
        74.5
      ],
      [
        -1.038802,
        43.317979,
        88.75
      ],
      [
        -1.036772,
        43.316989,
        104.0
      ],
      [
        -1.036931,
        43.313848,
        130.25
      ],
      [
        -1.038051,
        43.311974,
        142.0
      ],
      [
        -1.036879,
        43.309361,
        153.0
      ],
      [
        -1.035562,
        43.308398,
        156.75
      ],
      [
        -1.035016,
        43.306517,
        161.5
      ],
      [
        -1.036463,
        43.305695,
        165.0
      ],
      [
        -1.038236,
        43.303331,
        161.5
      ],
      [
        -1.03768,
        43.302297,
        160.5
      ],
      [
        -1.036274,
        43.301214,
        159.75
      ],
      [
        -1.035263,
        43.298135,
        144.5
      ],
      [
        -1.032143,
        43.293518,
        118.25
      ],
      [
        -1.028426,
        43.290792,
        108.5
      ],
      [
        -1.022667,
        43.287473,
        85.75
      ],
      [
        -1.022784,
        43.286,
        97.5
      ],
      [
        -1.021664,
        43.283405,
        109.5
      ],
      [
        -1.024669,
        43.280662,
        121.5
      ],
      [
        -1.022761,
        43.279598,
        101.0
      ],
      [
        -1.022834,
        43.278829,
        90.0
      ],
      [
        -1.021935,
        43.278522,
        84.75
      ],
      [
        -1.023513,
        43.276307,
        91.0
      ],
      [
        -1.026351,
        43.2761,
        87.5
      ],
      [
        -1.027635,
        43.275564,
        85.5
      ],
      [
        -1.03228,
        43.270561,
        98.5
      ],
      [
        -1.034703,
        43.268803,
        100.5
      ],
      [
        -1.036935,
        43.267999,
        91.5
      ],
      [
        -1.038118,
        43.266862,
        92.5
      ],
      [
        -1.038958,
        43.265551,
        90.75
      ],
      [
        -1.041503,
        43.258223,
        99.25
      ],
      [
        -1.046803,
        43.251974,
        106.0
      ],
      [
        -1.050279,
        43.251182,
        109.5
      ],
      [
        -1.054165,
        43.252316,
        123.25
      ],
      [
        -1.063662,
        43.25056,
        114.5
      ],
      [
        -1.094299,
        43.234173,
        155.75
      ],
      [
        -1.094443,
        43.233571,
        157.75
      ],
      [
        -1.094299,
        43.234173,
        155.75
      ],
      [
        -1.096535,
        43.233393,
        161.5
      ],
      [
        -1.088301,
        43.226289,
        147.25
      ],
      [
        -1.087834,
        43.225367,
        154.75
      ],
      [
        -1.093182,
        43.224976,
        149.25
      ],
      [
        -1.094332,
        43.225278,
        157.0
      ],
      [
        -1.095696,
        43.224561,
        167.25
      ],
      [
        -1.098724,
        43.224077,
        162.0
      ],
      [
        -1.101162,
        43.224142,
        172.0
      ],
      [
        -1.106474,
        43.223161,
        166.75
      ],
      [
        -1.109254,
        43.222492,
        166.75
      ],
      [
        -1.112833,
        43.220928,
        167.5
      ],
      [
        -1.1162,
        43.220102,
        173.5
      ],
      [
        -1.11706,
        43.220409,
        168.0
      ],
      [
        -1.119874,
        43.21929,
        170.5
      ],
      [
        -1.12152,
        43.219377,
        170.0
      ],
      [
        -1.122821,
        43.218204,
        178.5
      ],
      [
        -1.12604,
        43.219906,
        189.0
      ],
      [
        -1.127268,
        43.220114,
        191.25
      ],
      [
        -1.131286,
        43.220181,
        199.0
      ],
      [
        -1.134268,
        43.219592,
        206.0
      ],
      [
        -1.137975,
        43.220529,
        230.75
      ],
      [
        -1.138539,
        43.220439,
        232.25
      ],
      [
        -1.139563,
        43.219294,
        227.5
      ],
      [
        -1.14172,
        43.218379,
        230.5
      ],
      [
        -1.142428,
        43.217675,
        252.75
      ],
      [
        -1.142181,
        43.217085,
        257.5
      ],
      [
        -1.142755,
        43.216385,
        272.75
      ],
      [
        -1.142036,
        43.215846,
        281.75
      ],
      [
        -1.142302,
        43.214151,
        272.0
      ],
      [
        -1.142886,
        43.214467,
        266.0
      ],
      [
        -1.143659,
        43.211557,
        245.25
      ],
      [
        -1.145781,
        43.209184,
        236.25
      ],
      [
        -1.145894,
        43.205974,
        227.0
      ],
      [
        -1.146633,
        43.205027,
        226.0
      ],
      [
        -1.150288,
        43.203502,
        223.75
      ],
      [
        -1.154851,
        43.204293,
        221.5
      ],
      [
        -1.154902,
        43.203235,
        219.5
      ],
      [
        -1.154185,
        43.201648,
        215.0
      ],
      [
        -1.152327,
        43.199257,
        233.25
      ],
      [
        -1.155072,
        43.197714,
        227.25
      ],
      [
        -1.153811,
        43.197884,
        230.5
      ],
      [
        -1.153487,
        43.197266,
        225.5
      ],
      [
        -1.150877,
        43.195741,
        216.5
      ],
      [
        -1.150509,
        43.194733,
        220.0
      ],
      [
        -1.149349,
        43.193598,
        229.25
      ],
      [
        -1.152402,
        43.19211,
        223.5
      ],
      [
        -1.153045,
        43.191052,
        219.25
      ],
      [
        -1.154318,
        43.190685,
        222.75
      ],
      [
        -1.155663,
        43.189298,
        217.25
      ],
      [
        -1.155494,
        43.188701,
        217.0
      ],
      [
        -1.159123,
        43.18726,
        210.25
      ],
      [
        -1.158977,
        43.186596,
        211.5
      ],
      [
        -1.159743,
        43.186011,
        213.0
      ],
      [
        -1.159439,
        43.185284,
        223.0
      ],
      [
        -1.159796,
        43.184773,
        225.0
      ],
      [
        -1.161304,
        43.184632,
        227.75
      ],
      [
        -1.163206,
        43.183634,
        234.75
      ],
      [
        -1.166714,
        43.183043,
        220.0
      ],
      [
        -1.168369,
        43.183187,
        212.25
      ],
      [
        -1.169159,
        43.182895,
        206.5
      ],
      [
        -1.169938,
        43.18345,
        199.75
      ],
      [
        -1.169652,
        43.182597,
        204.75
      ],
      [
        -1.170326,
        43.180261,
        234.75
      ],
      [
        -1.170951,
        43.179967,
        242.25
      ],
      [
        -1.171106,
        43.178974,
        246.5
      ],
      [
        -1.172809,
        43.17818,
        250.75
      ],
      [
        -1.172965,
        43.175541,
        269.75
      ],
      [
        -1.171981,
        43.173883,
        245.0
      ],
      [
        -1.172534,
        43.173607,
        239.75
      ],
      [
        -1.17248,
        43.173173,
        233.25
      ],
      [
        -1.170658,
        43.170851,
        215.5
      ],
      [
        -1.17112,
        43.168214,
        221.25
      ],
      [
        -1.172854,
        43.165118,
        212.5
      ],
      [
        -1.17479,
        43.16304,
        203.75
      ],
      [
        -1.180232,
        43.160478,
        201.5
      ],
      [
        -1.181999,
        43.160897,
        205.5
      ],
      [
        -1.182473,
        43.161605,
        212.0
      ],
      [
        -1.185137,
        43.162382,
        221.0
      ],
      [
        -1.189529,
        43.164342,
        207.75
      ],
      [
        -1.191218,
        43.164627,
        201.5
      ],
      [
        -1.191815,
        43.164311,
        201.25
      ],
      [
        -1.193315,
        43.164379,
        198.75
      ],
      [
        -1.193874,
        43.165392,
        203.0
      ],
      [
        -1.196181,
        43.165136,
        203.0
      ],
      [
        -1.232091,
        43.168907,
        163.5
      ],
      [
        -1.232618,
        43.168661,
        162.0
      ],
      [
        -1.233834,
        43.16573,
        160.25
      ],
      [
        -1.237777,
        43.164569,
        163.5
      ],
      [
        -1.237799,
        43.164093,
        165.5
      ],
      [
        -1.236931,
        43.163706,
        170.75
      ],
      [
        -1.238733,
        43.162034,
        163.25
      ],
      [
        -1.241442,
        43.163429,
        164.5
      ],
      [
        -1.244616,
        43.162616,
        179.5
      ],
      [
        -1.244789,
        43.159668,
        190.75
      ],
      [
        -1.24918,
        43.157369,
        182.0
      ],
      [
        -1.24928,
        43.154941,
        173.75
      ],
      [
        -1.249869,
        43.153656,
        172.5
      ],
      [
        -1.253062,
        43.150627,
        178.0
      ],
      [
        -1.251355,
        43.149414,
        189.5
      ],
      [
        -1.250701,
        43.147628,
        196.25
      ],
      [
        -1.249662,
        43.147737,
        197.5
      ],
      [
        -1.249165,
        43.147417,
        199.5
      ],
      [
        -1.249081,
        43.145315,
        205.0
      ],
      [
        -1.249573,
        43.144139,
        208.75
      ],
      [
        -1.248563,
        43.142025,
        215.75
      ],
      [
        -1.247136,
        43.14113,
        219.0
      ],
      [
        -1.247968,
        43.139172,
        252.75
      ],
      [
        -1.248304,
        43.135477,
        298.75
      ],
      [
        -1.244236,
        43.12807,
        421.25
      ],
      [
        -1.244966,
        43.124287,
        489.75
      ],
      [
        -1.24453,
        43.124033,
        489.0
      ],
      [
        -1.244966,
        43.124287,
        489.75
      ],
      [
        -1.245057,
        43.12405,
        495.75
      ],
      [
        -1.243781,
        43.121801,
        540.75
      ],
      [
        -1.244453,
        43.120107,
        556.25
      ],
      [
        -1.241732,
        43.117445,
        603.25
      ],
      [
        -1.241791,
        43.114352,
        644.25
      ],
      [
        -1.239487,
        43.118038,
        699.5
      ],
      [
        -1.238343,
        43.117724,
        718.5
      ],
      [
        -1.237627,
        43.115932,
        753.75
      ],
      [
        -1.237273,
        43.112298,
        802.5
      ],
      [
        -1.23943,
        43.107971,
        802.25
      ],
      [
        -1.239443,
        43.10659,
        824.25
      ],
      [
        -1.238138,
        43.106363,
        832.0
      ],
      [
        -1.237899,
        43.105717,
        840.25
      ],
      [
        -1.239774,
        43.103819,
        856.5
      ],
      [
        -1.240038,
        43.101224,
        880.5
      ],
      [
        -1.242338,
        43.095518,
        945.25
      ],
      [
        -1.242394,
        43.094009,
        966.75
      ],
      [
        -1.243995,
        43.091407,
        992.75
      ],
      [
        -1.244488,
        43.089419,
        1006.75
      ],
      [
        -1.243113,
        43.088701,
        1015.5
      ],
      [
        -1.239878,
        43.089395,
        978.5
      ],
      [
        -1.243113,
        43.088701,
        1015.5
      ],
      [
        -1.244488,
        43.089419,
        1006.75
      ],
      [
        -1.245546,
        43.088473,
        1019.0
      ],
      [
        -1.246433,
        43.089471,
        1030.25
      ],
      [
        -1.246872,
        43.089443,
        1034.5
      ],
      [
        -1.249829,
        43.087546,
        1059.5
      ],
      [
        -1.250336,
        43.086488,
        1072.0
      ],
      [
        -1.251712,
        43.085718,
        1085.0
      ],
      [
        -1.252156,
        43.084733,
        1091.25
      ],
      [
        -1.252127,
        43.081289,
        1096.5
      ],
      [
        -1.254977,
        43.08048,
        1115.75
      ],
      [
        -1.256543,
        43.079609,
        1130.0
      ],
      [
        -1.257523,
        43.080159,
        1137.5
      ],
      [
        -1.259383,
        43.07978,
        1128.0
      ],
      [
        -1.262515,
        43.077635,
        1112.75
      ],
      [
        -1.2635,
        43.075613,
        1113.5
      ],
      [
        -1.26636,
        43.073986,
        1129.0
      ],
      [
        -1.266843,
        43.071141,
        1154.75
      ],
      [
        -1.268335,
        43.071161,
        1167.5
      ],
      [
        -1.26916,
        43.070757,
        1174.75
      ],
      [
        -1.269031,
        43.068216,
        1195.5
      ],
      [
        -1.267737,
        43.067254,
        1191.5
      ],
      [
        -1.26647,
        43.063432,
        1193.75
      ],
      [
        -1.266942,
        43.061832,
        1195.0
      ],
      [
        -1.268312,
        43.061239,
        1205.75
      ],
      [
        -1.26817,
        43.059949,
        1218.75
      ],
      [
        -1.266102,
        43.055831,
        1264.75
      ],
      [
        -1.268422,
        43.050425,
        1290.75
      ],
      [
        -1.265407,
        43.047966,
        1305.75
      ],
      [
        -1.264746,
        43.046843,
        1310.75
      ],
      [
        -1.264977,
        43.045249,
        1318.0
      ],
      [
        -1.270423,
        43.042939,
        1325.5
      ],
      [
        -1.27712,
        43.041723,
        1293.0
      ],
      [
        -1.281624,
        43.040011,
        1282.25
      ],
      [
        -1.2831,
        43.03851,
        1288.75
      ],
      [
        -1.28755,
        43.037647,
        1308.5
      ],
      [
        -1.2916,
        43.036003,
        1344.25
      ],
      [
        -1.291879,
        43.035363,
        1354.0
      ],
      [
        -1.290979,
        43.034806,
        1360.25
      ],
      [
        -1.29178,
        43.034381,
        1369.75
      ],
      [
        -1.291793,
        43.032768,
        1379.25
      ],
      [
        -1.293894,
        43.030893,
        1408.75
      ],
      [
        -1.295101,
        43.03061,
        1412.5
      ],
      [
        -1.296132,
        43.029734,
        1414.5
      ],
      [
        -1.295316,
        43.026559,
        1429.5
      ],
      [
        -1.296356,
        43.024747,
        1407.75
      ],
      [
        -1.296521,
        43.025946,
        1405.0
      ],
      [
        -1.298701,
        43.027355,
        1376.75
      ],
      [
        -1.301254,
        43.027419,
        1354.75
      ],
      [
        -1.304126,
        43.026925,
        1322.5
      ],
      [
        -1.304321,
        43.02656,
        1315.5
      ],
      [
        -1.306151,
        43.025968,
        1292.25
      ],
      [
        -1.306379,
        43.02522,
        1283.25
      ],
      [
        -1.307196,
        43.025878,
        1270.75
      ],
      [
        -1.307616,
        43.025679,
        1265.0
      ],
      [
        -1.308063,
        43.026007,
        1257.0
      ],
      [
        -1.30842,
        43.025725,
        1253.75
      ],
      [
        -1.307938,
        43.025096,
        1251.0
      ],
      [
        -1.30885,
        43.025365,
        1242.5
      ],
      [
        -1.313861,
        43.02483,
        1195.25
      ],
      [
        -1.312879,
        43.024593,
        1187.25
      ],
      [
        -1.313923,
        43.023438,
        1168.25
      ],
      [
        -1.316439,
        43.023131,
        1144.5
      ],
      [
        -1.317142,
        43.020447,
        1126.0
      ],
      [
        -1.317628,
        43.020254,
        1123.75
      ],
      [
        -1.318336,
        43.02092,
        1120.25
      ],
      [
        -1.317707,
        43.019443,
        1104.75
      ],
      [
        -1.320193,
        43.020934,
        1084.75
      ],
      [
        -1.321865,
        43.019864,
        1071.75
      ],
      [
        -1.322489,
        43.020343,
        1063.5
      ],
      [
        -1.323981,
        43.020083,
        1057.0
      ],
      [
        -1.322956,
        43.016933,
        1034.25
      ],
      [
        -1.3211,
        43.016039,
        1019.75
      ],
      [
        -1.319264,
        43.01432,
        1001.5
      ],
      [
        -1.319723,
        43.010859,
        972.5
      ],
      [
        -1.321297,
        43.009559,
        966.25
      ],
      [
        -1.322209,
        43.009563,
        964.0
      ],
      [
        -1.32139,
        43.009242,
        959.75
      ],
      [
        -1.320068,
        43.009327,
        951.25
      ],
      [
        -1.320565,
        43.009216,
        955.25
      ],
      [
        -1.319731,
        43.008516,
        947.25
      ],
      [
        -1.31939,
        43.005502,
        936.5
      ],
      [
        -1.321663,
        43.002439,
        925.0
      ],
      [
        -1.324642,
        43.001433,
        920.5
      ],
      [
        -1.327341,
        42.999981,
        915.0
      ],
      [
        -1.328256,
        42.997809,
        912.25
      ],
      [
        -1.330375,
        42.996517,
        904.25
      ],
      [
        -1.329476,
        42.994021,
        903.25
      ],
      [
        -1.33114,
        42.992373,
        896.75
      ],
      [
        -1.334743,
        42.990798,
        895.25
      ],
      [
        -1.333525,
        42.989899,
        893.5
      ],
      [
        -1.334812,
        42.988983,
        891.5
      ],
      [
        -1.333255,
        42.988337,
        890.0
      ],
      [
        -1.336185,
        42.984819,
        883.75
      ],
      [
        -1.339784,
        42.976348,
        875.5
      ],
      [
        -1.339972,
        42.974605,
        870.5
      ],
      [
        -1.341149,
        42.974384,
        870.0
      ],
      [
        -1.343154,
        42.971794,
        865.25
      ],
      [
        -1.343997,
        42.971601,
        866.75
      ],
      [
        -1.345739,
        42.972406,
        873.25
      ],
      [
        -1.349356,
        42.972945,
        865.5
      ],
      [
        -1.349385,
        42.974034,
        862.5
      ],
      [
        -1.349751,
        42.974117,
        862.0
      ],
      [
        -1.353744,
        42.972409,
        872.0
      ],
      [
        -1.357643,
        42.975181,
        863.25
      ],
      [
        -1.365051,
        42.978295,
        875.5
      ],
      [
        -1.369237,
        42.979041,
        869.5
      ],
      [
        -1.3695,
        42.979361,
        867.75
      ],
      [
        -1.369039,
        42.980286,
        870.5
      ],
      [
        -1.373846,
        42.982527,
        871.5
      ],
      [
        -1.37535,
        42.982321,
        868.25
      ],
      [
        -1.37646,
        42.982733,
        872.25
      ],
      [
        -1.376337,
        42.992143,
        896.25
      ],
      [
        -1.376642,
        42.995013,
        901.25
      ],
      [
        -1.377464,
        42.996591,
        908.0
      ],
      [
        -1.376624,
        42.998559,
        894.75
      ],
      [
        -1.377075,
        42.999289,
        891.0
      ],
      [
        -1.378389,
        42.99785,
        893.75
      ],
      [
        -1.380808,
        42.996905,
        874.0
      ],
      [
        -1.381259,
        42.997389,
        871.0
      ],
      [
        -1.382608,
        42.995614,
        855.25
      ],
      [
        -1.386347,
        42.994802,
        843.25
      ],
      [
        -1.387575,
        42.992712,
        835.5
      ],
      [
        -1.389544,
        42.992271,
        827.25
      ],
      [
        -1.390145,
        42.9916,
        823.75
      ],
      [
        -1.393294,
        42.991363,
        814.5
      ],
      [
        -1.395689,
        42.991608,
        809.25
      ],
      [
        -1.399096,
        42.990654,
        804.25
      ],
      [
        -1.399951,
        42.990007,
        802.75
      ],
      [
        -1.401532,
        42.990588,
        797.5
      ],
      [
        -1.404333,
        42.990308,
        793.25
      ],
      [
        -1.405212,
        42.989935,
        791.5
      ],
      [
        -1.405809,
        42.98903,
        790.25
      ],
      [
        -1.408379,
        42.988528,
        781.75
      ],
      [
        -1.411264,
        42.986171,
        776.5
      ],
      [
        -1.411305,
        42.985559,
        775.0
      ],
      [
        -1.409946,
        42.98446,
        773.25
      ],
      [
        -1.409623,
        42.982491,
        768.75
      ],
      [
        -1.407759,
        42.981041,
        767.5
      ],
      [
        -1.406005,
        42.978782,
        765.0
      ],
      [
        -1.405892,
        42.977733,
        761.25
      ],
      [
        -1.406745,
        42.974979,
        761.5
      ],
      [
        -1.406451,
        42.973608,
        755.25
      ],
      [
        -1.407389,
        42.972672,
        756.75
      ],
      [
        -1.406904,
        42.970682,
        752.75
      ],
      [
        -1.40834,
        42.971066,
        761.0
      ],
      [
        -1.411066,
        42.969533,
        774.75
      ],
      [
        -1.411867,
        42.970068,
        780.5
      ],
      [
        -1.413022,
        42.970036,
        783.75
      ],
      [
        -1.416999,
        42.968461,
        776.5
      ],
      [
        -1.4174,
        42.967557,
        782.5
      ],
      [
        -1.41793,
        42.968094,
        779.25
      ],
      [
        -1.419102,
        42.967919,
        774.75
      ],
      [
        -1.420454,
        42.968207,
        773.25
      ],
      [
        -1.422503,
        42.967497,
        782.0
      ],
      [
        -1.425906,
        42.967273,
        768.5
      ],
      [
        -1.434408,
        42.963704,
        742.75
      ],
      [
        -1.435645,
        42.963599,
        734.75
      ],
      [
        -1.437703,
        42.962718,
        733.0
      ],
      [
        -1.437878,
        42.96233,
        736.0
      ],
      [
        -1.43706,
        42.961134,
        748.5
      ],
      [
        -1.439448,
        42.960525,
        771.5
      ],
      [
        -1.442328,
        42.960835,
        783.5
      ],
      [
        -1.442827,
        42.961084,
        784.75
      ],
      [
        -1.442918,
        42.96184,
        794.0
      ],
      [
        -1.446368,
        42.961308,
        823.5
      ],
      [
        -1.447975,
        42.960057,
        829.0
      ],
      [
        -1.451122,
        42.961278,
        847.5
      ],
      [
        -1.451964,
        42.961204,
        847.0
      ],
      [
        -1.452513,
        42.960816,
        845.5
      ],
      [
        -1.452759,
        42.958774,
        834.25
      ],
      [
        -1.454982,
        42.958601,
        833.0
      ],
      [
        -1.454885,
        42.956096,
        822.5
      ],
      [
        -1.455409,
        42.95559,
        827.0
      ],
      [
        -1.457013,
        42.95524,
        827.0
      ],
      [
        -1.458901,
        42.953663,
        824.75
      ],
      [
        -1.461412,
        42.9539,
        819.75
      ],
      [
        -1.462821,
        42.953561,
        822.25
      ],
      [
        -1.464475,
        42.952382,
        819.75
      ],
      [
        -1.465148,
        42.951272,
        818.75
      ],
      [
        -1.463722,
        42.950013,
        840.75
      ],
      [
        -1.465642,
        42.949295,
        846.5
      ],
      [
        -1.466924,
        42.948276,
        843.75
      ],
      [
        -1.467975,
        42.945627,
        824.25
      ],
      [
        -1.471233,
        42.940321,
        798.5
      ],
      [
        -1.473125,
        42.938595,
        774.5
      ],
      [
        -1.477213,
        42.937473,
        778.75
      ],
      [
        -1.483348,
        42.938742,
        743.25
      ],
      [
        -1.486462,
        42.93848,
        712.5
      ],
      [
        -1.493617,
        42.935473,
        589.0
      ],
      [
        -1.494712,
        42.930505,
        556.5
      ],
      [
        -1.497162,
        42.930033,
        563.25
      ],
      [
        -1.500387,
        42.930377,
        545.5
      ],
      [
        -1.502964,
        42.929822,
        526.25
      ],
      [
        -1.504648,
        42.930335,
        525.75
      ],
      [
        -1.504505,
        42.930607,
        526.25
      ],
      [
        -1.504648,
        42.930335,
        525.75
      ],
      [
        -1.502848,
        42.929838,
        527.25
      ],
      [
        -1.502212,
        42.928226,
        529.25
      ],
      [
        -1.502844,
        42.92736,
        536.0
      ],
      [
        -1.504236,
        42.926601,
        526.75
      ],
      [
        -1.504818,
        42.925275,
        525.25
      ],
      [
        -1.504653,
        42.923901,
        535.5
      ],
      [
        -1.506552,
        42.92336,
        521.25
      ],
      [
        -1.50639,
        42.922908,
        524.5
      ],
      [
        -1.507822,
        42.920297,
        543.0
      ],
      [
        -1.509879,
        42.919424,
        550.5
      ],
      [
        -1.510773,
        42.918291,
        559.25
      ],
      [
        -1.511986,
        42.918132,
        550.5
      ],
      [
        -1.513517,
        42.916825,
        539.0
      ],
      [
        -1.513796,
        42.915211,
        550.75
      ],
      [
        -1.516675,
        42.913215,
        517.0
      ],
      [
        -1.517496,
        42.911283,
        545.5
      ],
      [
        -1.517234,
        42.910523,
        548.5
      ],
      [
        -1.519427,
        42.910231,
        538.0
      ],
      [
        -1.52312,
        42.909065,
        520.25
      ],
      [
        -1.522744,
        42.910294,
        505.75
      ],
      [
        -1.524721,
        42.912443,
        522.5
      ],
      [
        -1.522742,
        42.910178,
        505.25
      ],
      [
        -1.523257,
        42.909134,
        517.25
      ],
      [
        -1.525224,
        42.907702,
        530.75
      ],
      [
        -1.525298,
        42.906458,
        521.0
      ],
      [
        -1.527938,
        42.907505,
        521.0
      ],
      [
        -1.529512,
        42.907513,
        519.5
      ],
      [
        -1.53305,
        42.905862,
        512.75
      ],
      [
        -1.53529,
        42.903135,
        511.25
      ],
      [
        -1.535978,
        42.903144,
        512.75
      ],
      [
        -1.538675,
        42.901848,
        498.75
      ],
      [
        -1.538922,
        42.90109,
        503.75
      ],
      [
        -1.540566,
        42.900641,
        496.5
      ],
      [
        -1.540404,
        42.901022,
        492.25
      ],
      [
        -1.541199,
        42.901669,
        496.0
      ],
      [
        -1.540631,
        42.902143,
        496.5
      ],
      [
        -1.541246,
        42.902283,
        497.0
      ],
      [
        -1.540631,
        42.902143,
        496.5
      ],
      [
        -1.541199,
        42.901669,
        496.0
      ],
      [
        -1.540401,
        42.900936,
        494.0
      ],
      [
        -1.541959,
        42.898357,
        518.5
      ],
      [
        -1.541933,
        42.896921,
        520.0
      ],
      [
        -1.54254,
        42.896687,
        525.5
      ],
      [
        -1.54317,
        42.897,
        531.25
      ],
      [
        -1.54366,
        42.896485,
        536.25
      ],
      [
        -1.543042,
        42.896272,
        541.0
      ],
      [
        -1.54312,
        42.895604,
        544.0
      ],
      [
        -1.547298,
        42.894583,
        523.25
      ],
      [
        -1.548012,
        42.8939,
        516.5
      ],
      [
        -1.549825,
        42.894606,
        503.0
      ],
      [
        -1.554223,
        42.891409,
        521.0
      ],
      [
        -1.55559,
        42.889927,
        516.75
      ],
      [
        -1.556857,
        42.889378,
        510.25
      ],
      [
        -1.55852,
        42.889468,
        481.25
      ],
      [
        -1.559674,
        42.887738,
        483.5
      ],
      [
        -1.562446,
        42.886244,
        483.25
      ],
      [
        -1.562396,
        42.882392,
        480.5
      ],
      [
        -1.564069,
        42.880835,
        474.0
      ],
      [
        -1.565439,
        42.878487,
        471.25
      ],
      [
        -1.56618,
        42.878594,
        477.25
      ],
      [
        -1.566117,
        42.879903,
        498.5
      ],
      [
        -1.56689,
        42.879952,
        509.5
      ],
      [
        -1.566117,
        42.879903,
        498.5
      ],
      [
        -1.567329,
        42.87875,
        495.25
      ],
      [
        -1.566684,
        42.877808,
        477.0
      ],
      [
        -1.569476,
        42.87287,
        474.75
      ],
      [
        -1.568797,
        42.867925,
        476.0
      ],
      [
        -1.569777,
        42.865342,
        485.25
      ],
      [
        -1.570917,
        42.864566,
        476.75
      ],
      [
        -1.571311,
        42.862691,
        473.25
      ],
      [
        -1.570844,
        42.861703,
        473.0
      ],
      [
        -1.573197,
        42.859813,
        463.0
      ],
      [
        -1.574515,
        42.86002,
        461.25
      ],
      [
        -1.577649,
        42.857506,
        463.75
      ],
      [
        -1.577888,
        42.856778,
        460.0
      ],
      [
        -1.579755,
        42.855621,
        474.0
      ],
      [
        -1.580993,
        42.855755,
        491.25
      ],
      [
        -1.579755,
        42.855621,
        474.0
      ],
      [
        -1.583619,
        42.852838,
        459.25
      ],
      [
        -1.583769,
        42.852496,
        456.75
      ],
      [
        -1.58325,
        42.85249,
        456.0
      ],
      [
        -1.583533,
        42.851737,
        452.5
      ],
      [
        -1.584851,
        42.851345,
        449.25
      ],
      [
        -1.584668,
        42.848283,
        450.5
      ],
      [
        -1.585635,
        42.847145,
        447.5
      ],
      [
        -1.585776,
        42.845844,
        453.0
      ],
      [
        -1.588691,
        42.842883,
        444.25
      ],
      [
        -1.589148,
        42.841587,
        443.0
      ],
      [
        -1.588406,
        42.840111,
        444.5
      ],
      [
        -1.590296,
        42.837431,
        442.75
      ],
      [
        -1.589984,
        42.835337,
        440.75
      ],
      [
        -1.587406,
        42.833896,
        440.5
      ],
      [
        -1.587495,
        42.832686,
        439.75
      ],
      [
        -1.587101,
        42.832334,
        437.0
      ],
      [
        -1.586035,
        42.832306,
        439.75
      ],
      [
        -1.585054,
        42.83078,
        443.5
      ],
      [
        -1.585072,
        42.82436,
        457.0
      ],
      [
        -1.585969,
        42.821646,
        458.0
      ],
      [
        -1.582392,
        42.821753,
        471.0
      ],
      [
        -1.582219,
        42.82107,
        471.0
      ],
      [
        -1.583559,
        42.819279,
        465.0
      ],
      [
        -1.58261,
        42.817206,
        477.75
      ],
      [
        -1.583559,
        42.819279,
        465.0
      ],
      [
        -1.581885,
        42.821036,
        472.5
      ],
      [
        -1.582303,
        42.822079,
        471.0
      ],
      [
        -1.585642,
        42.822002,
        458.5
      ],
      [
        -1.589816,
        42.820873,
        451.75
      ],
      [
        -1.591071,
        42.820947,
        446.0
      ],
      [
        -1.594508,
        42.824571,
        440.25
      ],
      [
        -1.597142,
        42.825325,
        440.0
      ],
      [
        -1.598231,
        42.828095,
        440.25
      ],
      [
        -1.601386,
        42.829773,
        434.0
      ],
      [
        -1.603774,
        42.830158,
        424.0
      ],
      [
        -1.604858,
        42.82961,
        422.5
      ],
      [
        -1.605459,
        42.831415,
        421.0
      ],
      [
        -1.604156,
        42.833314,
        424.0
      ],
      [
        -1.603417,
        42.836114,
        433.0
      ],
      [
        -1.603824,
        42.836134,
        432.25
      ],
      [
        -1.603417,
        42.836114,
        433.0
      ],
      [
        -1.604156,
        42.833314,
        424.0
      ],
      [
        -1.605459,
        42.831415,
        421.0
      ],
      [
        -1.605345,
        42.830416,
        421.5
      ],
      [
        -1.604447,
        42.829408,
        422.5
      ],
      [
        -1.605247,
        42.827603,
        420.25
      ],
      [
        -1.608155,
        42.826053,
        420.25
      ],
      [
        -1.612916,
        42.820954,
        420.25
      ],
      [
        -1.615483,
        42.819683,
        421.0
      ],
      [
        -1.617992,
        42.819723,
        421.75
      ],
      [
        -1.6222,
        42.822228,
        420.0
      ],
      [
        -1.626742,
        42.82205,
        418.25
      ],
      [
        -1.629854,
        42.821186,
        419.5
      ],
      [
        -1.63424,
        42.821563,
        417.5
      ],
      [
        -1.637436,
        42.820716,
        415.0
      ],
      [
        -1.637945,
        42.821749,
        417.0
      ],
      [
        -1.639015,
        42.820977,
        418.0
      ],
      [
        -1.639314,
        42.819954,
        421.25
      ],
      [
        -1.639002,
        42.819069,
        425.25
      ],
      [
        -1.637695,
        42.817977,
        430.75
      ],
      [
        -1.637988,
        42.817293,
        434.0
      ],
      [
        -1.64106,
        42.81597,
        448.75
      ],
      [
        -1.642257,
        42.815841,
        450.0
      ],
      [
        -1.64257,
        42.816373,
        449.0
      ],
      [
        -1.646742,
        42.814946,
        447.0
      ],
      [
        -1.649527,
        42.816883,
        444.75
      ],
      [
        -1.652842,
        42.8146,
        445.0
      ],
      [
        -1.654921,
        42.812578,
        444.0
      ],
      [
        -1.654358,
        42.81244,
        444.5
      ],
      [
        -1.653506,
        42.810449,
        448.0
      ],
      [
        -1.652646,
        42.809676,
        448.25
      ],
      [
        -1.653217,
        42.808882,
        448.0
      ],
      [
        -1.65889,
        42.805665,
        439.25
      ],
      [
        -1.66267,
        42.802074,
        415.0
      ],
      [
        -1.665178,
        42.801368,
        410.75
      ],
      [
        -1.667162,
        42.797827,
        410.0
      ],
      [
        -1.669366,
        42.795972,
        413.75
      ],
      [
        -1.671423,
        42.795185,
        414.75
      ],
      [
        -1.673169,
        42.794006,
        418.5
      ],
      [
        -1.674915,
        42.790477,
        441.75
      ],
      [
        -1.675179,
        42.788356,
        460.25
      ],
      [
        -1.676234,
        42.787859,
        464.25
      ],
      [
        -1.675798,
        42.787478,
        462.75
      ],
      [
        -1.677017,
        42.785601,
        457.5
      ],
      [
        -1.678385,
        42.785908,
        455.75
      ],
      [
        -1.682607,
        42.781822,
        433.25
      ],
      [
        -1.686164,
        42.780093,
        437.0
      ],
      [
        -1.68825,
        42.778345,
        442.75
      ],
      [
        -1.693527,
        42.777696,
        462.75
      ],
      [
        -1.694275,
        42.775709,
        473.5
      ],
      [
        -1.694285,
        42.772719,
        476.75
      ],
      [
        -1.699169,
        42.770428,
        491.25
      ],
      [
        -1.702487,
        42.76672,
        490.5
      ],
      [
        -1.705222,
        42.765283,
        490.0
      ],
      [
        -1.707878,
        42.764462,
        497.25
      ],
      [
        -1.709212,
        42.763167,
        498.75
      ],
      [
        -1.710076,
        42.762996,
        502.5
      ],
      [
        -1.712351,
        42.761499,
        518.0
      ],
      [
        -1.715115,
        42.756769,
        549.0
      ],
      [
        -1.719663,
        42.751311,
        603.75
      ],
      [
        -1.719847,
        42.749895,
        602.5
      ],
      [
        -1.723059,
        42.747954,
        624.0
      ],
      [
        -1.722733,
        42.748275,
        621.75
      ],
      [
        -1.723286,
        42.748976,
        613.75
      ],
      [
        -1.731716,
        42.752286,
        547.0
      ],
      [
        -1.734775,
        42.752104,
        538.75
      ],
      [
        -1.736004,
        42.751622,
        539.25
      ],
      [
        -1.737745,
        42.752099,
        536.25
      ],
      [
        -1.738811,
        42.75327,
        529.5
      ],
      [
        -1.739734,
        42.755452,
        520.25
      ],
      [
        -1.741062,
        42.75466,
        524.0
      ],
      [
        -1.74382,
        42.751247,
        517.25
      ],
      [
        -1.747901,
        42.749773,
        544.0
      ],
      [
        -1.749656,
        42.747684,
        554.0
      ],
      [
        -1.750898,
        42.74745,
        561.75
      ],
      [
        -1.753568,
        42.748017,
        575.25
      ],
      [
        -1.755161,
        42.747849,
        580.5
      ],
      [
        -1.756628,
        42.746817,
        588.5
      ],
      [
        -1.757256,
        42.745067,
        603.75
      ],
      [
        -1.759299,
        42.743321,
        626.0
      ],
      [
        -1.763425,
        42.742478,
        653.75
      ],
      [
        -1.764987,
        42.741442,
        667.75
      ],
      [
        -1.764996,
        42.739135,
        667.75
      ],
      [
        -1.763647,
        42.735848,
        638.75
      ],
      [
        -1.763441,
        42.733079,
        611.75
      ],
      [
        -1.764175,
        42.731501,
        594.5
      ],
      [
        -1.76586,
        42.729828,
        576.25
      ],
      [
        -1.76656,
        42.72682,
        552.25
      ],
      [
        -1.763411,
        42.726087,
        546.0
      ],
      [
        -1.762099,
        42.724815,
        540.75
      ],
      [
        -1.762018,
        42.71914,
        507.25
      ],
      [
        -1.758604,
        42.713976,
        481.0
      ],
      [
        -1.75845,
        42.712533,
        485.25
      ],
      [
        -1.759527,
        42.709993,
        492.5
      ],
      [
        -1.755354,
        42.709642,
        495.25
      ],
      [
        -1.752117,
        42.71031,
        493.75
      ],
      [
        -1.750667,
        42.710241,
        504.75
      ],
      [
        -1.747894,
        42.709207,
        505.25
      ],
      [
        -1.747341,
        42.70761,
        516.5
      ],
      [
        -1.747845,
        42.704146,
        515.75
      ],
      [
        -1.749019,
        42.703875,
        511.25
      ],
      [
        -1.748689,
        42.702988,
        509.5
      ],
      [
        -1.749256,
        42.701756,
        505.25
      ],
      [
        -1.752543,
        42.699096,
        490.25
      ],
      [
        -1.753112,
        42.699332,
        481.5
      ],
      [
        -1.754799,
        42.696573,
        477.25
      ],
      [
        -1.755275,
        42.69652,
        472.5
      ],
      [
        -1.755809,
        42.695726,
        462.5
      ],
      [
        -1.756431,
        42.69545,
        452.0
      ],
      [
        -1.757649,
        42.695597,
        445.75
      ],
      [
        -1.760221,
        42.694661,
        436.25
      ],
      [
        -1.760659,
        42.693689,
        437.75
      ],
      [
        -1.762418,
        42.69312,
        436.5
      ],
      [
        -1.763187,
        42.693219,
        432.0
      ],
      [
        -1.767194,
        42.690337,
        436.5
      ],
      [
        -1.769325,
        42.689709,
        443.25
      ],
      [
        -1.770103,
        42.688095,
        440.0
      ],
      [
        -1.76759,
        42.686371,
        415.75
      ],
      [
        -1.765106,
        42.683205,
        399.0
      ],
      [
        -1.76879,
        42.677199,
        384.75
      ],
      [
        -1.76992,
        42.676236,
        383.75
      ],
      [
        -1.784785,
        42.676372,
        376.5
      ],
      [
        -1.785055,
        42.676628,
        377.75
      ],
      [
        -1.784091,
        42.67819,
        404.5
      ],
      [
        -1.784995,
        42.680106,
        413.0
      ],
      [
        -1.783994,
        42.68129,
        415.75
      ],
      [
        -1.783436,
        42.683358,
        409.75
      ],
      [
        -1.783994,
        42.68129,
        415.75
      ],
      [
        -1.784925,
        42.681593,
        414.25
      ],
      [
        -1.786694,
        42.681496,
        411.75
      ],
      [
        -1.786594,
        42.680154,
        411.25
      ],
      [
        -1.787264,
        42.678923,
        408.75
      ],
      [
        -1.791402,
        42.678659,
        389.5
      ],
      [
        -1.796645,
        42.677212,
        362.75
      ],
      [
        -1.804275,
        42.677237,
        355.0
      ],
      [
        -1.806551,
        42.676366,
        354.75
      ],
      [
        -1.810247,
        42.673775,
        352.75
      ],
      [
        -1.812833,
        42.673325,
        348.75
      ],
      [
        -1.812812,
        42.672452,
        347.0
      ],
      [
        -1.817983,
        42.671484,
        343.0
      ],
      [
        -1.819365,
        42.670874,
        341.75
      ],
      [
        -1.819124,
        42.669681,
        342.5
      ],
      [
        -1.819626,
        42.6692,
        342.0
      ],
      [
        -1.82679,
        42.666734,
        339.0
      ],
      [
        -1.828873,
        42.666338,
        339.0
      ],
      [
        -1.834035,
        42.664353,
        338.75
      ],
      [
        -1.839938,
        42.663521,
        350.5
      ],
      [
        -1.841773,
        42.662115,
        343.25
      ],
      [
        -1.844719,
        42.661303,
        342.75
      ],
      [
        -1.846144,
        42.66216,
        354.25
      ],
      [
        -1.847233,
        42.664027,
        371.75
      ],
      [
        -1.848841,
        42.665685,
        397.75
      ],
      [
        -1.850016,
        42.66594,
        415.0
      ],
      [
        -1.849762,
        42.666116,
        410.5
      ],
      [
        -1.850707,
        42.666029,
        422.75
      ],
      [
        -1.853663,
        42.667218,
        463.25
      ],
      [
        -1.857383,
        42.66806,
        469.0
      ],
      [
        -1.858729,
        42.668784,
        473.0
      ],
      [
        -1.858838,
        42.669353,
        472.0
      ],
      [
        -1.865431,
        42.668758,
        450.0
      ],
      [
        -1.87009,
        42.669342,
        455.5
      ],
      [
        -1.876726,
        42.671233,
        445.25
      ],
      [
        -1.878063,
        42.670938,
        444.5
      ],
      [
        -1.879541,
        42.671175,
        437.25
      ],
      [
        -1.88361,
        42.674097,
        454.25
      ],
      [
        -1.888684,
        42.675593,
        467.0
      ],
      [
        -1.889111,
        42.676348,
        467.0
      ],
      [
        -1.889581,
        42.676115,
        469.75
      ],
      [
        -1.88966,
        42.677729,
        459.75
      ],
      [
        -1.891171,
        42.678151,
        456.5
      ],
      [
        -1.896832,
        42.677549,
        452.5
      ],
      [
        -1.899879,
        42.676722,
        435.25
      ],
      [
        -1.903818,
        42.675312,
        417.5
      ],
      [
        -1.906632,
        42.673629,
        405.0
      ],
      [
        -1.909621,
        42.673042,
        391.25
      ],
      [
        -1.912695,
        42.673639,
        377.75
      ],
      [
        -1.922219,
        42.67677,
        387.25
      ],
      [
        -1.926754,
        42.679151,
        381.5
      ],
      [
        -1.936655,
        42.678699,
        411.0
      ],
      [
        -1.93931,
        42.678089,
        423.5
      ],
      [
        -1.941379,
        42.676025,
        439.5
      ],
      [
        -1.943295,
        42.675291,
        447.0
      ],
      [
        -1.943778,
        42.673685,
        460.0
      ],
      [
        -1.945347,
        42.672322,
        467.5
      ],
      [
        -1.944312,
        42.670863,
        476.5
      ],
      [
        -1.944047,
        42.668635,
        476.75
      ],
      [
        -1.943404,
        42.668367,
        477.0
      ],
      [
        -1.94265,
        42.669027,
        471.0
      ],
      [
        -1.941974,
        42.668726,
        463.0
      ],
      [
        -1.94265,
        42.669027,
        471.0
      ],
      [
        -1.943404,
        42.668367,
        477.0
      ],
      [
        -1.944047,
        42.668635,
        476.75
      ],
      [
        -1.944339,
        42.670929,
        477.0
      ],
      [
        -1.945266,
        42.672122,
        470.0
      ],
      [
        -1.945841,
        42.672238,
        464.5
      ],
      [
        -1.951305,
        42.669324,
        474.5
      ],
      [
        -1.955268,
        42.66793,
        479.75
      ],
      [
        -1.960954,
        42.666578,
        491.25
      ],
      [
        -1.960834,
        42.665857,
        490.0
      ],
      [
        -1.962101,
        42.665138,
        486.25
      ],
      [
        -1.961813,
        42.664323,
        486.25
      ],
      [
        -1.962256,
        42.663479,
        488.5
      ],
      [
        -1.965671,
        42.66078,
        477.5
      ],
      [
        -1.96684,
        42.65851,
        481.25
      ],
      [
        -1.96888,
        42.657299,
        471.75
      ],
      [
        -1.973177,
        42.651825,
        459.25
      ],
      [
        -1.976363,
        42.654176,
        468.5
      ],
      [
        -1.978347,
        42.654263,
        464.5
      ],
      [
        -1.979585,
        42.65511,
        462.5
      ],
      [
        -1.986466,
        42.658032,
        431.25
      ],
      [
        -1.990602,
        42.659364,
        420.75
      ],
      [
        -1.993789,
        42.65943,
        440.5
      ],
      [
        -1.994534,
        42.658115,
        439.0
      ],
      [
        -1.996351,
        42.657621,
        438.25
      ],
      [
        -1.9993,
        42.656019,
        433.75
      ],
      [
        -2.002133,
        42.658358,
        436.0
      ],
      [
        -2.003674,
        42.657489,
        430.5
      ],
      [
        -2.008193,
        42.656289,
        423.75
      ],
      [
        -2.008881,
        42.658015,
        427.0
      ],
      [
        -2.009291,
        42.656908,
        414.5
      ],
      [
        -2.009469,
        42.657303,
        412.25
      ],
      [
        -2.008565,
        42.660021,
        413.0
      ],
      [
        -2.009738,
        42.660788,
        411.75
      ],
      [
        -2.008771,
        42.661833,
        412.5
      ],
      [
        -2.00836,
        42.663138,
        413.0
      ],
      [
        -2.009672,
        42.664928,
        414.25
      ],
      [
        -2.012186,
        42.664848,
        415.25
      ],
      [
        -2.016536,
        42.663095,
        417.5
      ],
      [
        -2.018994,
        42.662823,
        417.25
      ],
      [
        -2.020459,
        42.663711,
        417.0
      ],
      [
        -2.02304,
        42.667833,
        419.75
      ],
      [
        -2.021083,
        42.662719,
        434.75
      ],
      [
        -2.022228,
        42.666349,
        424.0
      ],
      [
        -2.023967,
        42.669529,
        418.5
      ],
      [
        -2.027175,
        42.669894,
        420.25
      ],
      [
        -2.02871,
        42.669617,
        420.5
      ],
      [
        -2.029413,
        42.669361,
        420.5
      ],
      [
        -2.032109,
        42.66657,
        427.5
      ],
      [
        -2.032362,
        42.664318,
        437.0
      ],
      [
        -2.033932,
        42.664269,
        445.75
      ],
      [
        -2.03465,
        42.663868,
        447.75
      ],
      [
        -2.035394,
        42.662382,
        457.0
      ],
      [
        -2.034952,
        42.662171,
        454.5
      ],
      [
        -2.035417,
        42.661126,
        463.75
      ],
      [
        -2.036605,
        42.660482,
        474.0
      ],
      [
        -2.038928,
        42.657125,
        491.75
      ],
      [
        -2.038037,
        42.656488,
        486.5
      ],
      [
        -2.041576,
        42.653892,
        487.75
      ],
      [
        -2.042249,
        42.652248,
        501.25
      ],
      [
        -2.044072,
        42.650353,
        516.0
      ],
      [
        -2.047242,
        42.648272,
        533.25
      ],
      [
        -2.048078,
        42.645411,
        557.5
      ],
      [
        -2.051823,
        42.646323,
        559.75
      ],
      [
        -2.055702,
        42.645217,
        572.75
      ],
      [
        -2.057091,
        42.646314,
        566.5
      ],
      [
        -2.062377,
        42.644899,
        573.75
      ],
      [
        -2.068371,
        42.642025,
        588.75
      ],
      [
        -2.070546,
        42.64186,
        580.25
      ],
      [
        -2.073185,
        42.640808,
        579.25
      ],
      [
        -2.07267,
        42.639177,
        594.25
      ],
      [
        -2.078409,
        42.63795,
        586.0
      ],
      [
        -2.077677,
        42.637485,
        589.25
      ],
      [
        -2.078001,
        42.637404,
        589.75
      ],
      [
        -2.082901,
        42.63671,
        572.75
      ],
      [
        -2.085265,
        42.635083,
        569.0
      ],
      [
        -2.086815,
        42.635779,
        578.5
      ],
      [
        -2.090266,
        42.630082,
        585.75
      ],
      [
        -2.095488,
        42.626688,
        607.25
      ],
      [
        -2.098495,
        42.62561,
        615.75
      ],
      [
        -2.098881,
        42.625155,
        616.5
      ],
      [
        -2.10224,
        42.627284,
        641.25
      ],
      [
        -2.102448,
        42.628047,
        647.75
      ],
      [
        -2.103361,
        42.627718,
        654.0
      ],
      [
        -2.103187,
        42.630233,
        686.5
      ],
      [
        -2.101835,
        42.631149,
        695.25
      ],
      [
        -2.101628,
        42.633205,
        722.25
      ],
      [
        -2.101835,
        42.631149,
        695.25
      ],
      [
        -2.103187,
        42.630233,
        686.5
      ],
      [
        -2.103339,
        42.627671,
        653.25
      ],
      [
        -2.102448,
        42.628047,
        647.75
      ],
      [
        -2.102319,
        42.627371,
        642.25
      ],
      [
        -2.100996,
        42.626343,
        630.25
      ],
      [
        -2.096656,
        42.623801,
        619.5
      ],
      [
        -2.098567,
        42.622086,
        605.0
      ],
      [
        -2.102487,
        42.616259,
        594.0
      ],
      [
        -2.101072,
        42.615018,
        587.75
      ],
      [
        -2.099636,
        42.612803,
        597.5
      ],
      [
        -2.0998,
        42.612476,
        601.0
      ],
      [
        -2.09932,
        42.612348,
        604.25
      ],
      [
        -2.099525,
        42.610911,
        588.75
      ],
      [
        -2.103312,
        42.610119,
        569.5
      ],
      [
        -2.105459,
        42.60889,
        562.25
      ],
      [
        -2.108282,
        42.606468,
        541.0
      ],
      [
        -2.108319,
        42.605225,
        536.75
      ],
      [
        -2.110895,
        42.603025,
        530.25
      ],
      [
        -2.112695,
        42.602218,
        523.25
      ],
      [
        -2.114813,
        42.602194,
        519.0
      ],
      [
        -2.115268,
        42.602477,
        521.5
      ],
      [
        -2.122835,
        42.59768,
        522.25
      ],
      [
        -2.136258,
        42.593054,
        499.5
      ],
      [
        -2.137041,
        42.59213,
        498.0
      ],
      [
        -2.137414,
        42.588874,
        497.0
      ],
      [
        -2.138971,
        42.587098,
        503.5
      ],
      [
        -2.151057,
        42.578968,
        489.0
      ],
      [
        -2.152634,
        42.578964,
        490.5
      ],
      [
        -2.155782,
        42.57651,
        484.75
      ],
      [
        -2.169129,
        42.573818,
        459.25
      ],
      [
        -2.176738,
        42.568787,
        454.25
      ],
      [
        -2.181837,
        42.566156,
        448.25
      ],
      [
        -2.186956,
        42.56871,
        457.5
      ],
      [
        -2.187213,
        42.569147,
        460.75
      ],
      [
        -2.191095,
        42.56849,
        446.0
      ],
      [
        -2.191824,
        42.569509,
        447.25
      ],
      [
        -2.199017,
        42.567226,
        467.25
      ],
      [
        -2.208162,
        42.566093,
        467.0
      ],
      [
        -2.223609,
        42.564969,
        466.75
      ],
      [
        -2.23568,
        42.562865,
        451.75
      ],
      [
        -2.237048,
        42.56357,
        458.0
      ],
      [
        -2.241624,
        42.563819,
        463.25
      ],
      [
        -2.245666,
        42.563459,
        463.5
      ],
      [
        -2.249529,
        42.564326,
        462.0
      ],
      [
        -2.254108,
        42.563555,
        455.75
      ],
      [
        -2.255077,
        42.563729,
        452.75
      ],
      [
        -2.256335,
        42.562829,
        458.75
      ],
      [
        -2.257307,
        42.562909,
        464.75
      ],
      [
        -2.26107,
        42.559425,
        465.75
      ],
      [
        -2.264952,
        42.557547,
        470.75
      ],
      [
        -2.264972,
        42.556439,
        477.5
      ],
      [
        -2.266212,
        42.555347,
        486.25
      ],
      [
        -2.266504,
        42.554489,
        492.5
      ],
      [
        -2.265868,
        42.553002,
        486.25
      ],
      [
        -2.267021,
        42.552256,
        478.0
      ],
      [
        -2.264854,
        42.550586,
        482.75
      ],
      [
        -2.266499,
        42.550638,
        474.0
      ],
      [
        -2.264854,
        42.550586,
        482.75
      ],
      [
        -2.270627,
        42.554364,
        452.0
      ],
      [
        -2.272475,
        42.553475,
        453.25
      ],
      [
        -2.276193,
        42.552715,
        460.0
      ],
      [
        -2.278585,
        42.551576,
        466.75
      ],
      [
        -2.28192,
        42.5518,
        485.5
      ],
      [
        -2.283348,
        42.551394,
        494.5
      ],
      [
        -2.284857,
        42.550258,
        507.75
      ],
      [
        -2.285164,
        42.54779,
        505.5
      ],
      [
        -2.288319,
        42.548119,
        499.25
      ],
      [
        -2.290693,
        42.547577,
        502.0
      ],
      [
        -2.288329,
        42.544797,
        525.25
      ],
      [
        -2.291592,
        42.544368,
        542.0
      ],
      [
        -2.29737,
        42.541565,
        560.75
      ],
      [
        -2.299939,
        42.542389,
        539.0
      ],
      [
        -2.300009,
        42.540336,
        548.75
      ],
      [
        -2.302311,
        42.540185,
        537.5
      ],
      [
        -2.301549,
        42.538281,
        554.0
      ],
      [
        -2.303034,
        42.537451,
        560.5
      ],
      [
        -2.30388,
        42.536459,
        567.5
      ],
      [
        -2.306953,
        42.536223,
        561.25
      ],
      [
        -2.311818,
        42.534697,
        543.5
      ],
      [
        -2.314699,
        42.535865,
        526.0
      ],
      [
        -2.315007,
        42.534943,
        519.75
      ],
      [
        -2.314568,
        42.533968,
        512.5
      ],
      [
        -2.316908,
        42.534841,
        497.25
      ],
      [
        -2.318572,
        42.534532,
        488.0
      ],
      [
        -2.320785,
        42.532876,
        473.25
      ],
      [
        -2.322842,
        42.527518,
        451.75
      ],
      [
        -2.325104,
        42.52621,
        462.0
      ],
      [
        -2.326833,
        42.525954,
        471.25
      ],
      [
        -2.328176,
        42.526352,
        477.75
      ],
      [
        -2.329439,
        42.526239,
        485.5
      ],
      [
        -2.331342,
        42.527012,
        498.0
      ],
      [
        -2.331715,
        42.526582,
        499.25
      ],
      [
        -2.331258,
        42.524713,
        508.75
      ],
      [
        -2.336909,
        42.523748,
        481.75
      ],
      [
        -2.34051,
        42.521128,
        483.0
      ],
      [
        -2.343985,
        42.519715,
        476.75
      ],
      [
        -2.351742,
        42.517986,
        461.25
      ],
      [
        -2.354137,
        42.518033,
        451.25
      ],
      [
        -2.364671,
        42.515445,
        444.0
      ],
      [
        -2.366217,
        42.515534,
        445.75
      ],
      [
        -2.369,
        42.515049,
        455.5
      ],
      [
        -2.369953,
        42.515702,
        464.25
      ],
      [
        -2.371347,
        42.51548,
        467.25
      ],
      [
        -2.370089,
        42.515065,
        467.75
      ],
      [
        -2.373532,
        42.514785,
        469.25
      ],
      [
        -2.374633,
        42.515553,
        459.75
      ],
      [
        -2.374826,
        42.515119,
        454.5
      ],
      [
        -2.375915,
        42.515126,
        443.0
      ],
      [
        -2.375882,
        42.51487,
        440.25
      ],
      [
        -2.378612,
        42.514145,
        429.75
      ],
      [
        -2.381349,
        42.514215,
        428.5
      ],
      [
        -2.383586,
        42.513456,
        425.25
      ],
      [
        -2.384084,
        42.512529,
        429.5
      ],
      [
        -2.385555,
        42.511742,
        427.25
      ],
      [
        -2.38855,
        42.510905,
        424.25
      ],
      [
        -2.391322,
        42.509302,
        418.0
      ],
      [
        -2.394383,
        42.508561,
        410.75
      ],
      [
        -2.395758,
        42.507595,
        409.0
      ],
      [
        -2.395513,
        42.506208,
        407.0
      ],
      [
        -2.396642,
        42.503255,
        404.75
      ],
      [
        -2.399868,
        42.49986,
        402.0
      ],
      [
        -2.402686,
        42.495963,
        404.75
      ],
      [
        -2.404415,
        42.494748,
        409.75
      ],
      [
        -2.405128,
        42.493701,
        408.25
      ],
      [
        -2.418351,
        42.489896,
        392.5
      ],
      [
        -2.41898,
        42.48916,
        393.25
      ],
      [
        -2.422138,
        42.488554,
        402.25
      ],
      [
        -2.427927,
        42.485775,
        428.5
      ],
      [
        -2.431337,
        42.484866,
        435.5
      ],
      [
        -2.432627,
        42.483943,
        429.5
      ],
      [
        -2.434426,
        42.482208,
        425.25
      ],
      [
        -2.437611,
        42.477014,
        398.0
      ],
      [
        -2.439161,
        42.476144,
        378.5
      ],
      [
        -2.4402,
        42.472757,
        369.0
      ],
      [
        -2.44184,
        42.471612,
        369.75
      ],
      [
        -2.444375,
        42.471251,
        374.75
      ],
      [
        -2.443321,
        42.468812,
        376.25
      ],
      [
        -2.446718,
        42.467617,
        378.5
      ],
      [
        -2.44672,
        42.465283,
        385.75
      ],
      [
        -2.445553,
        42.465043,
        386.75
      ],
      [
        -2.446717,
        42.465308,
        385.5
      ],
      [
        -2.446644,
        42.466407,
        381.75
      ],
      [
        -2.451349,
        42.46639,
        387.0
      ],
      [
        -2.451592,
        42.466042,
        386.75
      ],
      [
        -2.462257,
        42.46354,
        392.0
      ],
      [
        -2.461271,
        42.461154,
        392.75
      ],
      [
        -2.462315,
        42.460194,
        397.75
      ],
      [
        -2.467778,
        42.459093,
        409.5
      ],
      [
        -2.468121,
        42.45824,
        411.25
      ],
      [
        -2.470472,
        42.458215,
        412.5
      ],
      [
        -2.473386,
        42.456561,
        413.0
      ],
      [
        -2.477415,
        42.455759,
        413.0
      ],
      [
        -2.477703,
        42.455224,
        408.75
      ],
      [
        -2.47961,
        42.454909,
        410.5
      ],
      [
        -2.48316,
        42.453446,
        411.0
      ],
      [
        -2.486931,
        42.452921,
        412.75
      ],
      [
        -2.494207,
        42.450542,
        421.0
      ],
      [
        -2.494995,
        42.449925,
        424.25
      ],
      [
        -2.497578,
        42.449814,
        431.0
      ],
      [
        -2.498272,
        42.448788,
        431.75
      ],
      [
        -2.499777,
        42.448104,
        428.25
      ],
      [
        -2.500631,
        42.447126,
        436.0
      ],
      [
        -2.503498,
        42.448146,
        436.5
      ],
      [
        -2.504694,
        42.447947,
        443.25
      ],
      [
        -2.505277,
        42.446756,
        441.25
      ],
      [
        -2.508644,
        42.446985,
        441.25
      ],
      [
        -2.513285,
        42.444792,
        442.5
      ],
      [
        -2.513331,
        42.444459,
        442.75
      ],
      [
        -2.512092,
        42.443929,
        441.25
      ],
      [
        -2.513201,
        42.443246,
        443.75
      ],
      [
        -2.513366,
        42.441369,
        443.0
      ],
      [
        -2.514796,
        42.44153,
        447.5
      ],
      [
        -2.515323,
        42.439086,
        449.75
      ],
      [
        -2.514372,
        42.437808,
        459.75
      ],
      [
        -2.516265,
        42.436542,
        480.75
      ],
      [
        -2.517966,
        42.437656,
        485.5
      ],
      [
        -2.523714,
        42.440068,
        513.0
      ],
      [
        -2.529018,
        42.439567,
        510.5
      ],
      [
        -2.535587,
        42.438463,
        500.25
      ],
      [
        -2.542873,
        42.436326,
        477.75
      ],
      [
        -2.548093,
        42.435546,
        470.0
      ],
      [
        -2.549674,
        42.435918,
        471.25
      ],
      [
        -2.550926,
        42.434992,
        470.25
      ],
      [
        -2.559083,
        42.43256,
        484.75
      ],
      [
        -2.559469,
        42.432926,
        488.0
      ],
      [
        -2.559207,
        42.431897,
        492.25
      ],
      [
        -2.559635,
        42.430177,
        511.5
      ],
      [
        -2.561542,
        42.429462,
        511.0
      ],
      [
        -2.561461,
        42.428824,
        501.75
      ],
      [
        -2.563609,
        42.429592,
        505.5
      ],
      [
        -2.564699,
        42.430655,
        504.0
      ],
      [
        -2.568085,
        42.430104,
        504.0
      ],
      [
        -2.577059,
        42.425852,
        518.75
      ],
      [
        -2.579939,
        42.422258,
        534.75
      ],
      [
        -2.582862,
        42.419657,
        548.0
      ],
      [
        -2.584522,
        42.418778,
        553.5
      ],
      [
        -2.587108,
        42.416237,
        566.5
      ],
      [
        -2.587737,
        42.41504,
        571.75
      ],
      [
        -2.594046,
        42.414655,
        578.0
      ],
      [
        -2.596632,
        42.416092,
        569.75
      ],
      [
        -2.598155,
        42.416516,
        564.5
      ],
      [
        -2.598238,
        42.417136,
        561.25
      ],
      [
        -2.608711,
        42.413122,
        582.75
      ],
      [
        -2.614148,
        42.412194,
        594.75
      ],
      [
        -2.614305,
        42.411476,
        597.0
      ],
      [
        -2.618541,
        42.409906,
        608.25
      ],
      [
        -2.622355,
        42.407906,
        617.0
      ],
      [
        -2.624308,
        42.405736,
        628.75
      ],
      [
        -2.625926,
        42.405125,
        640.25
      ],
      [
        -2.626212,
        42.404056,
        636.0
      ],
      [
        -2.625926,
        42.405125,
        640.25
      ],
      [
        -2.625074,
        42.405461,
        632.0
      ],
      [
        -2.625916,
        42.405958,
        631.25
      ],
      [
        -2.627806,
        42.410261,
        613.0
      ],
      [
        -2.62806,
        42.411731,
        616.0
      ],
      [
        -2.627692,
        42.412472,
        617.75
      ],
      [
        -2.628784,
        42.412347,
        614.75
      ],
      [
        -2.629699,
        42.413347,
        614.0
      ],
      [
        -2.637359,
        42.416704,
        633.5
      ],
      [
        -2.640686,
        42.417686,
        646.0
      ],
      [
        -2.643337,
        42.417346,
        650.75
      ],
      [
        -2.647957,
        42.415218,
        639.25
      ],
      [
        -2.649406,
        42.413786,
        633.75
      ],
      [
        -2.650083,
        42.411767,
        626.0
      ],
      [
        -2.651015,
        42.410943,
        622.0
      ],
      [
        -2.654648,
        42.410545,
        617.25
      ],
      [
        -2.659917,
        42.411308,
        609.5
      ],
      [
        -2.663321,
        42.411409,
        610.0
      ],
      [
        -2.667664,
        42.412189,
        595.25
      ],
      [
        -2.671333,
        42.413241,
        586.75
      ],
      [
        -2.67453,
        42.413635,
        575.25
      ],
      [
        -2.678065,
        42.414993,
        583.0
      ],
      [
        -2.683318,
        42.414246,
        571.0
      ],
      [
        -2.686406,
        42.413422,
        563.75
      ],
      [
        -2.692252,
        42.413255,
        557.25
      ],
      [
        -2.693975,
        42.413584,
        546.0
      ],
      [
        -2.694904,
        42.414164,
        540.25
      ],
      [
        -2.698546,
        42.414319,
        533.0
      ],
      [
        -2.699765,
        42.416157,
        530.5
      ],
      [
        -2.700329,
        42.415692,
        530.25
      ],
      [
        -2.702524,
        42.415371,
        528.25
      ],
      [
        -2.70989,
        42.416063,
        526.5
      ],
      [
        -2.714777,
        42.417167,
        518.75
      ],
      [
        -2.715382,
        42.41772,
        517.0
      ],
      [
        -2.716065,
        42.417581,
        516.5
      ],
      [
        -2.719897,
        42.418524,
        508.5
      ],
      [
        -2.724944,
        42.418219,
        502.5
      ],
      [
        -2.7255,
        42.418536,
        503.0
      ],
      [
        -2.731113,
        42.416919,
        485.75
      ],
      [
        -2.732012,
        42.417322,
        485.5
      ],
      [
        -2.731313,
        42.416458,
        485.0
      ],
      [
        -2.730916,
        42.416524,
        485.75
      ],
      [
        -2.731479,
        42.416576,
        485.0
      ],
      [
        -2.731113,
        42.416919,
        485.75
      ],
      [
        -2.733371,
        42.417634,
        485.75
      ],
      [
        -2.733465,
        42.419345,
        483.0
      ],
      [
        -2.734185,
        42.419934,
        482.0
      ],
      [
        -2.734955,
        42.423815,
        486.5
      ],
      [
        -2.738499,
        42.424984,
        493.0
      ],
      [
        -2.740561,
        42.424501,
        493.0
      ],
      [
        -2.755643,
        42.42288,
        524.5
      ],
      [
        -2.767996,
        42.42036,
        542.25
      ],
      [
        -2.778088,
        42.419801,
        547.75
      ],
      [
        -2.789047,
        42.420744,
        548.0
      ],
      [
        -2.793681,
        42.422386,
        543.5
      ],
      [
        -2.797494,
        42.423045,
        550.0
      ],
      [
        -2.800671,
        42.423029,
        554.75
      ],
      [
        -2.801569,
        42.423697,
        548.0
      ],
      [
        -2.800935,
        42.424186,
        546.5
      ],
      [
        -2.802415,
        42.424622,
        540.25
      ],
      [
        -2.803088,
        42.423417,
        540.75
      ],
      [
        -2.807189,
        42.419275,
        550.5
      ],
      [
        -2.810835,
        42.417144,
        556.25
      ],
      [
        -2.814931,
        42.415856,
        562.0
      ],
      [
        -2.816983,
        42.414371,
        565.25
      ],
      [
        -2.818837,
        42.41232,
        570.5
      ],
      [
        -2.818546,
        42.411578,
        570.5
      ],
      [
        -2.822036,
        42.409895,
        577.25
      ],
      [
        -2.845461,
        42.392631,
        642.5
      ],
      [
        -2.846197,
        42.391366,
        645.0
      ],
      [
        -2.850477,
        42.391718,
        657.0
      ],
      [
        -2.8615,
        42.389837,
        695.5
      ],
      [
        -2.866762,
        42.391831,
        727.0
      ],
      [
        -2.869697,
        42.393751,
        742.75
      ],
      [
        -2.881609,
        42.392814,
        784.75
      ],
      [
        -2.885876,
        42.397627,
        791.0
      ],
      [
        -2.88915,
        42.398923,
        777.25
      ],
      [
        -2.889912,
        42.40041,
        777.25
      ],
      [
        -2.894074,
        42.404995,
        766.0
      ],
      [
        -2.895191,
        42.408979,
        757.5
      ],
      [
        -2.894986,
        42.409709,
        751.0
      ],
      [
        -2.894238,
        42.410071,
        748.75
      ],
      [
        -2.896138,
        42.412822,
        741.75
      ],
      [
        -2.896322,
        42.414268,
        735.75
      ],
      [
        -2.897892,
        42.414637,
        727.25
      ],
      [
        -2.898548,
        42.415235,
        725.75
      ],
      [
        -2.900098,
        42.42414,
        701.25
      ],
      [
        -2.900703,
        42.424496,
        699.25
      ],
      [
        -2.904236,
        42.430079,
        680.25
      ],
      [
        -2.905676,
        42.431598,
        675.25
      ],
      [
        -2.907303,
        42.432353,
        669.25
      ],
      [
        -2.911657,
        42.432946,
        661.0
      ],
      [
        -2.94352,
        42.439041,
        636.0
      ],
      [
        -2.943847,
        42.43934,
        636.0
      ],
      [
        -2.946694,
        42.439252,
        637.0
      ],
      [
        -2.947063,
        42.436863,
        640.25
      ],
      [
        -2.949953,
        42.433806,
        645.0
      ],
      [
        -2.950069,
        42.433013,
        646.0
      ],
      [
        -2.949953,
        42.433806,
        645.0
      ],
      [
        -2.952449,
        42.434719,
        645.75
      ],
      [
        -2.952959,
        42.435404,
        644.75
      ],
      [
        -2.953304,
        42.439395,
        641.0
      ],
      [
        -2.95718,
        42.439936,
        640.75
      ],
      [
        -2.959208,
        42.441409,
        639.75
      ],
      [
        -2.968471,
        42.44427,
        635.25
      ],
      [
        -2.971648,
        42.443,
        639.25
      ],
      [
        -2.979695,
        42.441158,
        653.25
      ],
      [
        -2.985067,
        42.441293,
        659.25
      ],
      [
        -2.987704,
        42.440729,
        667.5
      ],
      [
        -2.991521,
        42.43886,
        681.5
      ],
      [
        -2.993137,
        42.437612,
        695.5
      ],
      [
        -2.99376,
        42.43354,
        731.0
      ],
      [
        -2.994561,
        42.432884,
        734.0
      ],
      [
        -2.995572,
        42.432247,
        732.75
      ],
      [
        -3.000671,
        42.431665,
        736.5
      ],
      [
        -3.005626,
        42.427869,
        757.0
      ],
      [
        -3.007029,
        42.425861,
        764.25
      ],
      [
        -3.013025,
        42.424116,
        764.0
      ],
      [
        -3.015155,
        42.425425,
        765.75
      ],
      [
        -3.015059,
        42.427141,
        763.5
      ],
      [
        -3.017195,
        42.426244,
        763.75
      ],
      [
        -3.020181,
        42.427597,
        763.25
      ],
      [
        -3.021056,
        42.42919,
        749.0
      ],
      [
        -3.020586,
        42.431111,
        734.75
      ],
      [
        -3.021856,
        42.431217,
        728.0
      ],
      [
        -3.023712,
        42.43365,
        727.0
      ],
      [
        -3.023477,
        42.437532,
        729.25
      ],
      [
        -3.024693,
        42.439146,
        736.0
      ],
      [
        -3.025868,
        42.445717,
        738.25
      ],
      [
        -3.026354,
        42.447144,
        733.0
      ],
      [
        -3.028495,
        42.449404,
        730.5
      ],
      [
        -3.027008,
        42.450023,
        725.75
      ],
      [
        -3.027212,
        42.450443,
        723.75
      ],
      [
        -3.030152,
        42.449178,
        732.75
      ],
      [
        -3.029857,
        42.448828,
        734.75
      ],
      [
        -3.032963,
        42.448578,
        701.0
      ],
      [
        -3.032899,
        42.44895,
        698.5
      ],
      [
        -3.037029,
        42.450899,
        692.75
      ],
      [
        -3.039172,
        42.44879,
        703.25
      ],
      [
        -3.045619,
        42.445091,
        738.5
      ],
      [
        -3.052105,
        42.443226,
        725.75
      ],
      [
        -3.057887,
        42.439918,
        727.75
      ],
      [
        -3.06175,
        42.438221,
        735.5
      ],
      [
        -3.06222,
        42.438064,
        736.75
      ],
      [
        -3.063273,
        42.438809,
        736.0
      ],
      [
        -3.065398,
        42.436623,
        742.5
      ],
      [
        -3.066591,
        42.436682,
        744.5
      ],
      [
        -3.068183,
        42.434092,
        751.5
      ],
      [
        -3.066519,
        42.433806,
        750.75
      ],
      [
        -3.068183,
        42.434092,
        751.5
      ],
      [
        -3.066235,
        42.437302,
        743.0
      ],
      [
        -3.073031,
        42.437201,
        756.0
      ],
      [
        -3.079564,
        42.437603,
        757.0
      ],
      [
        -3.080132,
        42.436992,
        760.75
      ],
      [
        -3.083192,
        42.436839,
        769.25
      ],
      [
        -3.083571,
        42.434754,
        774.75
      ],
      [
        -3.083217,
        42.433326,
        780.0
      ],
      [
        -3.083571,
        42.434754,
        774.75
      ],
      [
        -3.083192,
        42.436839,
        769.25
      ],
      [
        -3.086254,
        42.436371,
        767.0
      ],
      [
        -3.08661,
        42.436645,
        761.0
      ],
      [
        -3.088538,
        42.435266,
        754.25
      ],
      [
        -3.096718,
        42.433331,
        761.75
      ],
      [
        -3.101722,
        42.43331,
        754.25
      ],
      [
        -3.101927,
        42.432298,
        747.25
      ],
      [
        -3.122325,
        42.430427,
        785.25
      ],
      [
        -3.129336,
        42.431015,
        791.5
      ],
      [
        -3.130991,
        42.430449,
        791.25
      ],
      [
        -3.13302,
        42.42892,
        782.25
      ],
      [
        -3.137234,
        42.427725,
        786.25
      ],
      [
        -3.13704,
        42.427247,
        790.75
      ],
      [
        -3.138542,
        42.427184,
        789.25
      ],
      [
        -3.158565,
        42.420628,
        821.25
      ],
      [
        -3.177029,
        42.415927,
        802.5
      ],
      [
        -3.179193,
        42.415837,
        798.0
      ],
      [
        -3.183339,
        42.41663,
        793.25
      ],
      [
        -3.181198,
        42.416341,
        794.75
      ],
      [
        -3.187136,
        42.417986,
        782.75
      ],
      [
        -3.189089,
        42.420533,
        770.75
      ],
      [
        -3.191275,
        42.420931,
        765.25
      ],
      [
        -3.195644,
        42.418884,
        767.25
      ],
      [
        -3.201097,
        42.417626,
        767.0
      ],
      [
        -3.204108,
        42.418554,
        767.25
      ],
      [
        -3.207081,
        42.416901,
        774.25
      ],
      [
        -3.210135,
        42.41596,
        780.5
      ],
      [
        -3.211623,
        42.41512,
        783.75
      ],
      [
        -3.218929,
        42.412823,
        790.0
      ],
      [
        -3.230418,
        42.411291,
        803.5
      ],
      [
        -3.233444,
        42.411468,
        807.5
      ],
      [
        -3.236081,
        42.412195,
        809.25
      ],
      [
        -3.241682,
        42.412922,
        820.75
      ],
      [
        -3.239841,
        42.413991,
        813.0
      ],
      [
        -3.236043,
        42.41362,
        808.0
      ],
      [
        -3.233315,
        42.416655,
        832.25
      ],
      [
        -3.236043,
        42.41362,
        808.0
      ],
      [
        -3.239841,
        42.413991,
        813.0
      ],
      [
        -3.241682,
        42.412922,
        820.75
      ],
      [
        -3.243917,
        42.413153,
        822.0
      ],
      [
        -3.251675,
        42.408622,
        847.75
      ],
      [
        -3.254465,
        42.406368,
        849.0
      ],
      [
        -3.25906,
        42.404726,
        861.75
      ],
      [
        -3.261895,
        42.404377,
        859.25
      ],
      [
        -3.263337,
        42.404716,
        859.0
      ],
      [
        -3.264334,
        42.404401,
        862.0
      ],
      [
        -3.266547,
        42.404584,
        867.5
      ],
      [
        -3.266056,
        42.400885,
        898.25
      ],
      [
        -3.266547,
        42.404584,
        867.5
      ],
      [
        -3.278208,
        42.405111,
        891.0
      ],
      [
        -3.280479,
        42.405757,
        897.25
      ],
      [
        -3.281473,
        42.4057,
        898.75
      ],
      [
        -3.281965,
        42.406375,
        896.75
      ],
      [
        -3.28401,
        42.40506,
        891.0
      ],
      [
        -3.288038,
        42.404143,
        912.0
      ],
      [
        -3.291237,
        42.404058,
        929.5
      ],
      [
        -3.300833,
        42.401521,
        924.0
      ],
      [
        -3.302874,
        42.396773,
        929.25
      ],
      [
        -3.302314,
        42.395683,
        934.75
      ],
      [
        -3.305301,
        42.392127,
        937.75
      ],
      [
        -3.307579,
        42.390563,
        936.25
      ],
      [
        -3.309218,
        42.388806,
        949.25
      ],
      [
        -3.309037,
        42.388204,
        950.25
      ],
      [
        -3.309218,
        42.388806,
        949.25
      ],
      [
        -3.310642,
        42.387511,
        976.75
      ],
      [
        -3.315834,
        42.388599,
        1017.0
      ],
      [
        -3.325193,
        42.385747,
        1086.0
      ],
      [
        -3.325388,
        42.384079,
        1103.5
      ],
      [
        -3.328919,
        42.381519,
        1129.5
      ],
      [
        -3.332438,
        42.378111,
        1145.75
      ],
      [
        -3.336941,
        42.374854,
        1156.75
      ],
      [
        -3.347505,
        42.370387,
        1122.0
      ],
      [
        -3.350071,
        42.368008,
        1142.5
      ],
      [
        -3.353896,
        42.366433,
        1146.75
      ],
      [
        -3.357863,
        42.365934,
        1155.5
      ],
      [
        -3.365671,
        42.366391,
        1145.0
      ],
      [
        -3.367951,
        42.367019,
        1141.75
      ],
      [
        -3.371015,
        42.368692,
        1134.75
      ],
      [
        -3.379262,
        42.370019,
        1124.75
      ],
      [
        -3.391592,
        42.374098,
        1097.0
      ],
      [
        -3.394244,
        42.3743,
        1094.5
      ],
      [
        -3.410207,
        42.377293,
        1068.0
      ],
      [
        -3.418525,
        42.377983,
        1048.25
      ],
      [
        -3.429518,
        42.377406,
        1010.75
      ],
      [
        -3.432619,
        42.37686,
        1003.0
      ],
      [
        -3.434019,
        42.376003,
        1006.25
      ],
      [
        -3.436649,
        42.375674,
        1004.0
      ],
      [
        -3.44123,
        42.37621,
        1003.25
      ],
      [
        -3.446118,
        42.378566,
        991.25
      ],
      [
        -3.450424,
        42.379709,
        987.0
      ],
      [
        -3.452131,
        42.381851,
        984.0
      ],
      [
        -3.450424,
        42.379709,
        987.0
      ],
      [
        -3.445677,
        42.378397,
        992.75
      ],
      [
        -3.44123,
        42.37621,
        1003.25
      ],
      [
        -3.441324,
        42.375975,
        1004.75
      ],
      [
        -3.448382,
        42.374691,
        1013.0
      ],
      [
        -3.45446,
        42.374179,
        1009.75
      ],
      [
        -3.463182,
        42.371935,
        1000.5
      ],
      [
        -3.471509,
        42.37235,
        996.0
      ],
      [
        -3.47334,
        42.371994,
        986.25
      ],
      [
        -3.476503,
        42.370224,
        964.0
      ],
      [
        -3.478362,
        42.369745,
        965.0
      ],
      [
        -3.484461,
        42.371668,
        949.75
      ],
      [
        -3.489161,
        42.371717,
        948.75
      ],
      [
        -3.501327,
        42.373984,
        954.5
      ],
      [
        -3.505521,
        42.375274,
        953.75
      ],
      [
        -3.506625,
        42.375916,
        952.75
      ],
      [
        -3.50712,
        42.376961,
        952.0
      ],
      [
        -3.508599,
        42.376993,
        953.0
      ],
      [
        -3.514116,
        42.379743,
        957.0
      ],
      [
        -3.518643,
        42.383962,
        955.5
      ],
      [
        -3.523047,
        42.387336,
        952.0
      ],
      [
        -3.526543,
        42.389093,
        949.0
      ],
      [
        -3.531146,
        42.390676,
        942.5
      ],
      [
        -3.532463,
        42.392316,
        941.5
      ],
      [
        -3.534397,
        42.393342,
        934.75
      ],
      [
        -3.539162,
        42.394009,
        933.5
      ],
      [
        -3.540427,
        42.393093,
        941.5
      ],
      [
        -3.540461,
        42.392052,
        950.75
      ],
      [
        -3.544103,
        42.388257,
        975.5
      ],
      [
        -3.544252,
        42.387341,
        987.5
      ],
      [
        -3.545068,
        42.386454,
        995.5
      ],
      [
        -3.548797,
        42.385788,
        1005.0
      ],
      [
        -3.553433,
        42.38649,
        985.25
      ],
      [
        -3.556653,
        42.38597,
        992.75
      ],
      [
        -3.557922,
        42.386311,
        1001.75
      ],
      [
        -3.559584,
        42.38536,
        1012.5
      ],
      [
        -3.561453,
        42.38506,
        1001.5
      ],
      [
        -3.559984,
        42.382972,
        1005.75
      ],
      [
        -3.558338,
        42.382173,
        1009.0
      ],
      [
        -3.561189,
        42.380508,
        983.0
      ],
      [
        -3.55852,
        42.378358,
        981.25
      ],
      [
        -3.55777,
        42.375464,
        987.0
      ],
      [
        -3.557101,
        42.374548,
        985.0
      ],
      [
        -3.556423,
        42.373991,
        985.0
      ],
      [
        -3.554154,
        42.373806,
        983.25
      ],
      [
        -3.553837,
        42.372101,
        972.25
      ],
      [
        -3.554597,
        42.370563,
        960.75
      ],
      [
        -3.554228,
        42.369398,
        949.5
      ],
      [
        -3.556466,
        42.368257,
        939.5
      ],
      [
        -3.557472,
        42.367012,
        936.0
      ],
      [
        -3.5573,
        42.36524,
        932.5
      ],
      [
        -3.555467,
        42.363046,
        927.5
      ],
      [
        -3.55574,
        42.36167,
        926.5
      ],
      [
        -3.557248,
        42.360253,
        923.75
      ],
      [
        -3.562012,
        42.358511,
        919.75
      ],
      [
        -3.564989,
        42.358763,
        918.0
      ],
      [
        -3.567687,
        42.358485,
        915.5
      ],
      [
        -3.573078,
        42.359524,
        912.25
      ],
      [
        -3.582044,
        42.359925,
        908.25
      ],
      [
        -3.582718,
        42.360266,
        909.0
      ],
      [
        -3.584335,
        42.363122,
        920.25
      ],
      [
        -3.581771,
        42.367218,
        907.0
      ],
      [
        -3.583487,
        42.367103,
        905.0
      ],
      [
        -3.581771,
        42.367218,
        907.0
      ],
      [
        -3.583513,
        42.364338,
        915.0
      ],
      [
        -3.587846,
        42.364081,
        905.0
      ],
      [
        -3.591641,
        42.362735,
        902.25
      ],
      [
        -3.5924,
        42.361588,
        906.0
      ],
      [
        -3.591175,
        42.361075,
        902.0
      ],
      [
        -3.600784,
        42.363661,
        900.75
      ],
      [
        -3.601728,
        42.364592,
        898.25
      ],
      [
        -3.601629,
        42.366488,
        896.5
      ],
      [
        -3.602823,
        42.367361,
        894.0
      ],
      [
        -3.603898,
        42.367493,
        894.75
      ],
      [
        -3.609064,
        42.363922,
        895.75
      ],
      [
        -3.612735,
        42.364327,
        893.25
      ],
      [
        -3.614315,
        42.363873,
        893.5
      ],
      [
        -3.615491,
        42.362869,
        896.5
      ],
      [
        -3.617081,
        42.364195,
        894.5
      ],
      [
        -3.620243,
        42.364529,
        891.25
      ],
      [
        -3.620951,
        42.364294,
        892.5
      ],
      [
        -3.621377,
        42.364676,
        891.0
      ],
      [
        -3.638658,
        42.361246,
        881.0
      ],
      [
        -3.639909,
        42.361468,
        880.0
      ],
      [
        -3.640863,
        42.360831,
        881.0
      ],
      [
        -3.650868,
        42.35857,
        879.75
      ],
      [
        -3.651362,
        42.358727,
        879.0
      ],
      [
        -3.663112,
        42.355495,
        874.0
      ],
      [
        -3.663371,
        42.355099,
        874.0
      ],
      [
        -3.669448,
        42.353132,
        868.25
      ],
      [
        -3.685873,
        42.344099,
        860.0
      ],
      [
        -3.70378,
        42.339726,
        856.25
      ],
      [
        -3.704439,
        42.340106,
        856.25
      ],
      [
        -3.705762,
        42.339723,
        856.0
      ],
      [
        -3.707531,
        42.339753,
        858.75
      ],
      [
        -3.710333,
        42.340532,
        865.0
      ],
      [
        -3.71178,
        42.342508,
        876.5
      ],
      [
        -3.711779,
        42.343308,
        881.0
      ],
      [
        -3.711003,
        42.344068,
        891.5
      ],
      [
        -3.706519,
        42.344681,
        910.5
      ],
      [
        -3.707681,
        42.345097,
        912.75
      ],
      [
        -3.708091,
        42.346314,
        923.25
      ],
      [
        -3.70763,
        42.349427,
        911.25
      ],
      [
        -3.706856,
        42.350051,
        918.75
      ],
      [
        -3.70763,
        42.349427,
        911.25
      ],
      [
        -3.708091,
        42.346314,
        923.25
      ],
      [
        -3.707797,
        42.345288,
        915.75
      ],
      [
        -3.703999,
        42.343529,
        885.25
      ],
      [
        -3.705132,
        42.343298,
        891.75
      ],
      [
        -3.705731,
        42.34162,
        886.0
      ],
      [
        -3.707094,
        42.340652,
        881.25
      ],
      [
        -3.71088,
        42.341298,
        873.5
      ],
      [
        -3.711648,
        42.342133,
        870.5
      ],
      [
        -3.711724,
        42.340407,
        854.0
      ],
      [
        -3.712426,
        42.339439,
        851.0
      ],
      [
        -3.716139,
        42.340906,
        850.5
      ],
      [
        -3.718184,
        42.340242,
        849.0
      ],
      [
        -3.720026,
        42.341049,
        848.0
      ],
      [
        -3.733679,
        42.342283,
        845.5
      ],
      [
        -3.738852,
        42.343612,
        842.75
      ],
      [
        -3.744812,
        42.343645,
        840.75
      ],
      [
        -3.749889,
        42.345414,
        839.0
      ],
      [
        -3.751827,
        42.346446,
        838.0
      ],
      [
        -3.755504,
        42.347469,
        837.0
      ],
      [
        -3.759166,
        42.348283,
        836.75
      ],
      [
        -3.764043,
        42.348431,
        834.25
      ],
      [
        -3.766932,
        42.349433,
        833.75
      ],
      [
        -3.768008,
        42.3501,
        834.25
      ],
      [
        -3.768138,
        42.350698,
        833.25
      ],
      [
        -3.77111,
        42.351748,
        832.0
      ],
      [
        -3.777202,
        42.352548,
        831.75
      ],
      [
        -3.777446,
        42.353092,
        831.25
      ],
      [
        -3.779075,
        42.352414,
        831.0
      ],
      [
        -3.781872,
        42.352248,
        829.0
      ],
      [
        -3.784367,
        42.351432,
        829.0
      ],
      [
        -3.785537,
        42.353069,
        832.5
      ],
      [
        -3.786757,
        42.353355,
        828.0
      ],
      [
        -3.786803,
        42.351921,
        828.0
      ],
      [
        -3.788649,
        42.351023,
        827.25
      ],
      [
        -3.79168,
        42.350589,
        826.0
      ],
      [
        -3.794406,
        42.350678,
        826.25
      ],
      [
        -3.795441,
        42.351663,
        826.5
      ],
      [
        -3.7964,
        42.351199,
        825.5
      ],
      [
        -3.795994,
        42.350365,
        828.0
      ],
      [
        -3.796657,
        42.349859,
        827.0
      ],
      [
        -3.800241,
        42.34973,
        826.0
      ],
      [
        -3.804268,
        42.34753,
        825.0
      ],
      [
        -3.807474,
        42.347563,
        827.5
      ],
      [
        -3.813296,
        42.348367,
        828.0
      ],
      [
        -3.816489,
        42.350238,
        828.5
      ],
      [
        -3.815745,
        42.349801,
        829.75
      ],
      [
        -3.815721,
        42.34924,
        825.75
      ],
      [
        -3.816543,
        42.348638,
        823.25
      ],
      [
        -3.817942,
        42.349136,
        822.75
      ],
      [
        -3.81959,
        42.348902,
        824.0
      ],
      [
        -3.82198,
        42.349326,
        822.0
      ],
      [
        -3.828335,
        42.347707,
        822.0
      ],
      [
        -3.828801,
        42.346,
        826.0
      ],
      [
        -3.830396,
        42.343421,
        826.0
      ],
      [
        -3.833388,
        42.341299,
        827.5
      ],
      [
        -3.833491,
        42.340671,
        825.5
      ],
      [
        -3.834405,
        42.340548,
        827.75
      ],
      [
        -3.832184,
        42.337707,
        818.5
      ],
      [
        -3.832281,
        42.333268,
        817.75
      ],
      [
        -3.832184,
        42.337707,
        818.5
      ],
      [
        -3.834377,
        42.340511,
        827.75
      ],
      [
        -3.835368,
        42.339906,
        832.0
      ],
      [
        -3.840264,
        42.34048,
        830.0
      ],
      [
        -3.843739,
        42.340177,
        841.5
      ],
      [
        -3.853909,
        42.341446,
        856.5
      ],
      [
        -3.858416,
        42.340882,
        863.25
      ],
      [
        -3.86422,
        42.340744,
        869.0
      ],
      [
        -3.86617,
        42.341284,
        871.0
      ],
      [
        -3.871529,
        42.341895,
        883.5
      ],
      [
        -3.874319,
        42.342037,
        889.5
      ],
      [
        -3.879068,
        42.34162,
        908.25
      ],
      [
        -3.888531,
        42.342442,
        918.75
      ],
      [
        -3.896196,
        42.340853,
        909.75
      ],
      [
        -3.912351,
        42.340628,
        831.25
      ],
      [
        -3.918369,
        42.340085,
        822.75
      ],
      [
        -3.919147,
        42.339981,
        822.0
      ],
      [
        -3.916166,
        42.333475,
        819.0
      ],
      [
        -3.919147,
        42.339981,
        822.0
      ],
      [
        -3.921914,
        42.33886,
        819.75
      ],
      [
        -3.924741,
        42.338238,
        820.5
      ],
      [
        -3.927007,
        42.338585,
        824.75
      ],
      [
        -3.930012,
        42.337556,
        830.25
      ],
      [
        -3.933157,
        42.337931,
        836.75
      ],
      [
        -3.94286,
        42.335417,
        854.25
      ],
      [
        -3.944968,
        42.33423,
        858.25
      ],
      [
        -3.950088,
        42.332245,
        871.25
      ],
      [
        -3.950728,
        42.332285,
        871.75
      ],
      [
        -3.955625,
        42.329214,
        887.75
      ],
      [
        -3.958507,
        42.328266,
        901.25
      ],
      [
        -3.963673,
        42.328703,
        934.25
      ],
      [
        -3.972534,
        42.327444,
        936.0
      ],
      [
        -3.982,
        42.327845,
        928.0
      ],
      [
        -3.984182,
        42.326605,
        904.75
      ],
      [
        -3.987644,
        42.325905,
        891.25
      ],
      [
        -3.990309,
        42.326062,
        897.5
      ],
      [
        -3.990767,
        42.323689,
        891.0
      ],
      [
        -3.990125,
        42.32357,
        886.0
      ],
      [
        -3.990767,
        42.323689,
        891.0
      ],
      [
        -3.990309,
        42.326062,
        897.5
      ],
      [
        -3.992624,
        42.326081,
        902.75
      ],
      [
        -3.998774,
        42.323835,
        930.25
      ],
      [
        -4.017097,
        42.319598,
        928.25
      ],
      [
        -4.018029,
        42.320543,
        927.75
      ],
      [
        -4.021783,
        42.322631,
        926.0
      ],
      [
        -4.027148,
        42.320489,
        923.75
      ],
      [
        -4.02804,
        42.319684,
        921.0
      ],
      [
        -4.02994,
        42.319227,
        908.5
      ],
      [
        -4.032497,
        42.317596,
        887.5
      ],
      [
        -4.03797,
        42.318665,
        871.75
      ],
      [
        -4.041091,
        42.320265,
        860.0
      ],
      [
        -4.048534,
        42.314259,
        855.75
      ],
      [
        -4.050969,
        42.31373,
        848.5
      ],
      [
        -4.053459,
        42.314025,
        849.5
      ],
      [
        -4.056464,
        42.313406,
        849.75
      ],
      [
        -4.064264,
        42.310617,
        847.5
      ],
      [
        -4.070531,
        42.310774,
        832.5
      ],
      [
        -4.07251,
        42.309922,
        829.25
      ],
      [
        -4.079502,
        42.308492,
        825.25
      ],
      [
        -4.083691,
        42.306875,
        821.75
      ],
      [
        -4.087661,
        42.304017,
        820.5
      ],
      [
        -4.087393,
        42.303053,
        814.75
      ],
      [
        -4.091273,
        42.301495,
        813.5
      ],
      [
        -4.09594,
        42.295231,
        810.75
      ],
      [
        -4.099044,
        42.292554,
        803.0
      ],
      [
        -4.098763,
        42.292915,
        805.5
      ],
      [
        -4.101814,
        42.291674,
        804.0
      ],
      [
        -4.103103,
        42.291503,
        803.25
      ],
      [
        -4.123684,
        42.292258,
        788.0
      ],
      [
        -4.128531,
        42.292113,
        790.5
      ],
      [
        -4.131493,
        42.292462,
        801.0
      ],
      [
        -4.133756,
        42.28947,
        799.0
      ],
      [
        -4.137445,
        42.287706,
        799.5
      ],
      [
        -4.140891,
        42.288138,
        801.0
      ],
      [
        -4.140714,
        42.288374,
        808.0
      ],
      [
        -4.141758,
        42.288249,
        797.25
      ],
      [
        -4.143571,
        42.28919,
        798.25
      ],
      [
        -4.14538,
        42.288956,
        799.5
      ],
      [
        -4.14589,
        42.289957,
        799.75
      ],
      [
        -4.147725,
        42.289925,
        792.0
      ],
      [
        -4.152136,
        42.295377,
        781.25
      ],
      [
        -4.158998,
        42.302619,
        777.25
      ],
      [
        -4.173764,
        42.309924,
        788.0
      ],
      [
        -4.184526,
        42.304847,
        816.5
      ],
      [
        -4.218872,
        42.296214,
        821.25
      ],
      [
        -4.225589,
        42.291506,
        819.75
      ],
      [
        -4.235711,
        42.285413,
        796.25
      ],
      [
        -4.237853,
        42.283351,
        788.25
      ],
      [
        -4.242441,
        42.281083,
        775.25
      ],
      [
        -4.244679,
        42.278708,
        769.25
      ],
      [
        -4.243304,
        42.278925,
        769.5
      ],
      [
        -4.244679,
        42.278708,
        769.25
      ],
      [
        -4.247261,
        42.277526,
        769.0
      ],
      [
        -4.248704,
        42.277798,
        768.75
      ],
      [
        -4.250074,
        42.279471,
        768.5
      ],
      [
        -4.250622,
        42.28206,
        768.0
      ],
      [
        -4.249915,
        42.281822,
        768.25
      ],
      [
        -4.248888,
        42.282563,
        768.25
      ],
      [
        -4.250247,
        42.281789,
        768.25
      ],
      [
        -4.253509,
        42.284902,
        769.75
      ],
      [
        -4.256578,
        42.287151,
        771.0
      ],
      [
        -4.261254,
        42.287084,
        771.5
      ],
      [
        -4.264191,
        42.285556,
        771.0
      ],
      [
        -4.27436,
        42.282532,
        779.0
      ],
      [
        -4.283654,
        42.280864,
        786.0
      ],
      [
        -4.286609,
        42.280922,
        794.0
      ],
      [
        -4.291435,
        42.279181,
        799.75
      ],
      [
        -4.296656,
        42.278744,
        808.5
      ],
      [
        -4.302868,
        42.27638,
        825.0
      ],
      [
        -4.309782,
        42.274479,
        811.0
      ],
      [
        -4.315752,
        42.272011,
        806.25
      ],
      [
        -4.326183,
        42.269599,
        799.0
      ],
      [
        -4.343519,
        42.262109,
        785.25
      ],
      [
        -4.345549,
        42.26082,
        782.0
      ],
      [
        -4.347054,
        42.259135,
        781.5
      ],
      [
        -4.347634,
        42.25958,
        784.5
      ],
      [
        -4.348079,
        42.259255,
        785.25
      ],
      [
        -4.348449,
        42.258933,
        784.25
      ],
      [
        -4.347741,
        42.257051,
        782.0
      ],
      [
        -4.346101,
        42.255205,
        779.0
      ],
      [
        -4.345827,
        42.252078,
        777.0
      ],
      [
        -4.347445,
        42.251726,
        777.0
      ],
      [
        -4.3495,
        42.250126,
        776.5
      ],
      [
        -4.347445,
        42.251726,
        777.0
      ],
      [
        -4.345827,
        42.252078,
        777.0
      ],
      [
        -4.346262,
        42.253649,
        778.0
      ],
      [
        -4.345966,
        42.254701,
        779.0
      ],
      [
        -4.346639,
        42.256107,
        780.25
      ],
      [
        -4.347741,
        42.257051,
        782.0
      ],
      [
        -4.348449,
        42.258933,
        784.25
      ],
      [
        -4.347634,
        42.25958,
        784.5
      ],
      [
        -4.351194,
        42.263024,
        787.75
      ],
      [
        -4.358052,
        42.259454,
        789.75
      ],
      [
        -4.364331,
        42.258333,
        793.5
      ],
      [
        -4.380185,
        42.25832,
        793.5
      ],
      [
        -4.385729,
        42.259718,
        792.75
      ],
      [
        -4.389034,
        42.263103,
        791.75
      ],
      [
        -4.397475,
        42.264604,
        792.5
      ],
      [
        -4.399016,
        42.263761,
        792.75
      ],
      [
        -4.399089,
        42.264264,
        789.75
      ],
      [
        -4.401413,
        42.266174,
        783.75
      ],
      [
        -4.40607,
        42.266039,
        780.0
      ],
      [
        -4.405271,
        42.267599,
        781.0
      ],
      [
        -4.40607,
        42.266039,
        780.0
      ],
      [
        -4.407568,
        42.265335,
        780.0
      ],
      [
        -4.413511,
        42.264966,
        786.5
      ],
      [
        -4.417206,
        42.265228,
        787.5
      ],
      [
        -4.418164,
        42.265649,
        785.75
      ],
      [
        -4.419303,
        42.265432,
        782.0
      ],
      [
        -4.44394,
        42.267836,
        776.0
      ],
      [
        -4.447512,
        42.26879,
        775.0
      ],
      [
        -4.448456,
        42.268692,
        775.75
      ],
      [
        -4.449279,
        42.269131,
        775.75
      ],
      [
        -4.449962,
        42.268813,
        775.5
      ],
      [
        -4.450701,
        42.266754,
        775.0
      ],
      [
        -4.449962,
        42.268813,
        775.5
      ],
      [
        -4.4489,
        42.269665,
        775.5
      ],
      [
        -4.44953,
        42.27018,
        775.5
      ],
      [
        -4.449441,
        42.271725,
        776.0
      ],
      [
        -4.475627,
        42.288433,
        782.25
      ],
      [
        -4.481357,
        42.293627,
        782.0
      ],
      [
        -4.483165,
        42.293921,
        783.25
      ],
      [
        -4.483339,
        42.293606,
        783.75
      ],
      [
        -4.487319,
        42.294534,
        782.5
      ],
      [
        -4.496842,
        42.299831,
        785.75
      ],
      [
        -4.500138,
        42.298218,
        789.5
      ],
      [
        -4.532276,
        42.311939,
        803.5
      ],
      [
        -4.542014,
        42.314903,
        801.0
      ],
      [
        -4.542578,
        42.316495,
        806.25
      ],
      [
        -4.541843,
        42.31683,
        806.75
      ],
      [
        -4.543098,
        42.316444,
        804.25
      ],
      [
        -4.543325,
        42.315205,
        801.0
      ],
      [
        -4.566756,
        42.322496,
        836.25
      ],
      [
        -4.571617,
        42.324627,
        845.25
      ],
      [
        -4.596305,
        42.337442,
        824.75
      ],
      [
        -4.600911,
        42.337218,
        827.25
      ],
      [
        -4.60147,
        42.335828,
        827.0
      ],
      [
        -4.599486,
        42.333674,
        828.75
      ],
      [
        -4.60147,
        42.335828,
        827.0
      ],
      [
        -4.600911,
        42.337218,
        827.25
      ],
      [
        -4.603631,
        42.337739,
        830.0
      ],
      [
        -4.60415,
        42.339998,
        835.0
      ],
      [
        -4.605867,
        42.339364,
        832.75
      ],
      [
        -4.608341,
        42.339608,
        819.0
      ],
      [
        -4.610644,
        42.340734,
        820.5
      ],
      [
        -4.621677,
        42.341249,
        822.0
      ],
      [
        -4.651593,
        42.343882,
        826.75
      ],
      [
        -4.657931,
        42.345079,
        827.0
      ],
      [
        -4.660194,
        42.344298,
        829.25
      ],
      [
        -4.671112,
        42.343816,
        832.0
      ],
      [
        -4.704287,
        42.340099,
        839.25
      ],
      [
        -4.758685,
        42.332092,
        858.0
      ],
      [
        -4.771106,
        42.329643,
        867.0
      ],
      [
        -4.779117,
        42.32907,
        869.0
      ],
      [
        -4.799074,
        42.328852,
        870.0
      ],
      [
        -4.803682,
        42.329163,
        854.0
      ],
      [
        -4.803893,
        42.328802,
        853.25
      ],
      [
        -4.803682,
        42.329163,
        854.0
      ],
      [
        -4.812744,
        42.329623,
        851.5
      ],
      [
        -4.825094,
        42.336495,
        857.25
      ],
      [
        -4.833466,
        42.340368,
        860.5
      ],
      [
        -4.840468,
        42.342776,
        873.5
      ],
      [
        -4.845034,
        42.343778,
        889.0
      ],
      [
        -4.856635,
        42.347956,
        901.0
      ],
      [
        -4.858641,
        42.348109,
        897.5
      ],
      [
        -4.860102,
        42.347705,
        891.0
      ],
      [
        -4.862175,
        42.348764,
        878.5
      ],
      [
        -4.866447,
        42.353311,
        869.5
      ],
      [
        -4.866978,
        42.352621,
        869.0
      ],
      [
        -4.869421,
        42.351651,
        869.75
      ],
      [
        -4.868277,
        42.349523,
        867.0
      ],
      [
        -4.869421,
        42.351651,
        869.75
      ],
      [
        -4.866727,
        42.352834,
        869.0
      ],
      [
        -4.866624,
        42.354325,
        870.25
      ],
      [
        -4.865284,
        42.357785,
        875.75
      ],
      [
        -4.866284,
        42.362194,
        874.75
      ],
      [
        -4.867467,
        42.363293,
        874.75
      ],
      [
        -4.875144,
        42.365946,
        885.5
      ],
      [
        -4.887489,
        42.36466,
        886.0
      ],
      [
        -4.889102,
        42.364084,
        884.25
      ],
      [
        -4.890315,
        42.363019,
        876.5
      ],
      [
        -4.891052,
        42.363026,
        875.0
      ],
      [
        -4.890809,
        42.363648,
        879.5
      ],
      [
        -4.891184,
        42.364286,
        881.25
      ],
      [
        -4.927073,
        42.362253,
        864.75
      ],
      [
        -4.927926,
        42.361223,
        856.0
      ],
      [
        -4.926925,
        42.36054,
        854.0
      ],
      [
        -4.926557,
        42.360661,
        855.5
      ],
      [
        -4.926925,
        42.36054,
        854.0
      ],
      [
        -4.929692,
        42.362401,
        860.25
      ],
      [
        -4.938741,
        42.363982,
        865.5
      ],
      [
        -4.94935,
        42.365388,
        848.0
      ],
      [
        -4.955373,
        42.365052,
        838.5
      ],
      [
        -4.955439,
        42.366724,
        839.0
      ],
      [
        -4.950126,
        42.366033,
        847.5
      ],
      [
        -4.955439,
        42.366724,
        839.0
      ],
      [
        -4.955373,
        42.364932,
        838.25
      ],
      [
        -4.972255,
        42.36583,
        863.0
      ],
      [
        -4.973255,
        42.365226,
        865.75
      ],
      [
        -4.974959,
        42.365545,
        857.0
      ],
      [
        -4.9774,
        42.36482,
        849.25
      ],
      [
        -4.978992,
        42.36557,
        844.5
      ],
      [
        -4.983194,
        42.36556,
        833.5
      ],
      [
        -5.019726,
        42.36938,
        823.75
      ],
      [
        -5.01963,
        42.370115,
        823.25
      ],
      [
        -5.022762,
        42.370166,
        827.5
      ],
      [
        -5.023898,
        42.370961,
        831.0
      ],
      [
        -5.025842,
        42.371435,
        834.0
      ],
      [
        -5.026579,
        42.370409,
        829.75
      ],
      [
        -5.02767,
        42.370608,
        828.5
      ],
      [
        -5.029057,
        42.371607,
        819.75
      ],
      [
        -5.031285,
        42.37235,
        814.75
      ],
      [
        -5.032881,
        42.372389,
        811.5
      ],
      [
        -5.033706,
        42.370396,
        813.0
      ],
      [
        -5.034918,
        42.370049,
        808.25
      ],
      [
        -5.035974,
        42.368728,
        799.75
      ],
      [
        -5.045171,
        42.372066,
        800.25
      ],
      [
        -5.049384,
        42.374369,
        802.0
      ],
      [
        -5.049716,
        42.374227,
        802.0
      ],
      [
        -5.049487,
        42.373783,
        801.5
      ],
      [
        -5.049869,
        42.374365,
        801.75
      ],
      [
        -5.052181,
        42.375531,
        802.0
      ],
      [
        -5.063527,
        42.378275,
        810.25
      ],
      [
        -5.068366,
        42.380996,
        808.0
      ],
      [
        -5.071804,
        42.382139,
        813.25
      ],
      [
        -5.077521,
        42.382307,
        819.0
      ],
      [
        -5.079069,
        42.381928,
        819.75
      ],
      [
        -5.078041,
        42.382835,
        819.5
      ],
      [
        -5.083834,
        42.383786,
        823.75
      ],
      [
        -5.083247,
        42.383657,
        821.0
      ],
      [
        -5.089809,
        42.384168,
        824.0
      ],
      [
        -5.097158,
        42.383931,
        826.75
      ],
      [
        -5.110939,
        42.384757,
        826.0
      ],
      [
        -5.120095,
        42.387041,
        832.0
      ],
      [
        -5.132445,
        42.389486,
        832.5
      ],
      [
        -5.143381,
        42.387839,
        851.0
      ],
      [
        -5.144468,
        42.386061,
        850.0
      ],
      [
        -5.139148,
        42.38009,
        840.0
      ],
      [
        -5.137028,
        42.37906,
        839.0
      ],
      [
        -5.133641,
        42.383464,
        839.25
      ],
      [
        -5.137028,
        42.37906,
        839.0
      ],
      [
        -5.139148,
        42.38009,
        840.0
      ],
      [
        -5.141227,
        42.382801,
        841.75
      ],
      [
        -5.143479,
        42.384641,
        845.75
      ],
      [
        -5.144468,
        42.386061,
        850.0
      ],
      [
        -5.143381,
        42.387839,
        851.0
      ],
      [
        -5.144726,
        42.387686,
        852.5
      ],
      [
        -5.145535,
        42.387993,
        854.75
      ],
      [
        -5.148744,
        42.390346,
        851.5
      ],
      [
        -5.156849,
        42.394372,
        861.75
      ],
      [
        -5.163168,
        42.397074,
        861.5
      ],
      [
        -5.166951,
        42.398026,
        857.75
      ],
      [
        -5.184187,
        42.404865,
        874.25
      ],
      [
        -5.205342,
        42.414616,
        874.5
      ],
      [
        -5.215311,
        42.420014,
        877.0
      ],
      [
        -5.216271,
        42.418499,
        876.0
      ],
      [
        -5.216196,
        42.416714,
        877.5
      ],
      [
        -5.216138,
        42.418871,
        876.0
      ],
      [
        -5.217677,
        42.420574,
        877.0
      ],
      [
        -5.217649,
        42.421229,
        877.0
      ],
      [
        -5.220243,
        42.42247,
        877.75
      ],
      [
        -5.222352,
        42.422949,
        877.5
      ],
      [
        -5.227986,
        42.426645,
        878.0
      ],
      [
        -5.23676,
        42.430851,
        877.0
      ],
      [
        -5.245035,
        42.433657,
        867.75
      ],
      [
        -5.254905,
        42.439462,
        875.75
      ],
      [
        -5.262385,
        42.444655,
        870.25
      ],
      [
        -5.268251,
        42.448093,
        868.75
      ],
      [
        -5.293649,
        42.458557,
        862.5
      ],
      [
        -5.311056,
        42.463894,
        854.0
      ],
      [
        -5.318669,
        42.465324,
        850.25
      ],
      [
        -5.32803,
        42.464519,
        848.25
      ],
      [
        -5.328747,
        42.464918,
        846.5
      ],
      [
        -5.329631,
        42.467305,
        842.5
      ],
      [
        -5.330484,
        42.468015,
        839.5
      ],
      [
        -5.331868,
        42.468351,
        836.75
      ],
      [
        -5.337297,
        42.468419,
        838.75
      ],
      [
        -5.33962,
        42.470181,
        844.0
      ],
      [
        -5.340596,
        42.470498,
        848.0
      ],
      [
        -5.347749,
        42.47071,
        845.0
      ],
      [
        -5.352569,
        42.472432,
        830.25
      ],
      [
        -5.354793,
        42.474904,
        818.0
      ],
      [
        -5.355977,
        42.474231,
        817.75
      ],
      [
        -5.358687,
        42.476063,
        817.0
      ],
      [
        -5.365126,
        42.479045,
        815.0
      ],
      [
        -5.385703,
        42.485389,
        801.0
      ],
      [
        -5.405291,
        42.493763,
        800.0
      ],
      [
        -5.407883,
        42.494441,
        805.0
      ],
      [
        -5.408777,
        42.495341,
        799.25
      ],
      [
        -5.413733,
        42.497336,
        796.75
      ],
      [
        -5.415033,
        42.497704,
        796.0
      ],
      [
        -5.415565,
        42.497524,
        796.75
      ],
      [
        -5.41583,
        42.498021,
        797.0
      ],
      [
        -5.415101,
        42.498928,
        796.75
      ],
      [
        -5.415607,
        42.500043,
        797.0
      ],
      [
        -5.4158,
        42.500297,
        796.75
      ],
      [
        -5.417516,
        42.499609,
        797.25
      ],
      [
        -5.41858,
        42.50041,
        796.0
      ],
      [
        -5.419177,
        42.500128,
        796.75
      ],
      [
        -5.423062,
        42.505764,
        793.75
      ],
      [
        -5.426027,
        42.509038,
        792.5
      ],
      [
        -5.426597,
        42.51035,
        793.0
      ],
      [
        -5.433937,
        42.52036,
        794.0
      ],
      [
        -5.434711,
        42.520645,
        794.0
      ],
      [
        -5.434659,
        42.521343,
        795.0
      ],
      [
        -5.449959,
        42.542985,
        801.75
      ],
      [
        -5.458168,
        42.544796,
        804.5
      ],
      [
        -5.458384,
        42.544502,
        805.0
      ],
      [
        -5.458168,
        42.544796,
        804.5
      ],
      [
        -5.473037,
        42.555405,
        822.0
      ],
      [
        -5.487826,
        42.562202,
        838.25
      ],
      [
        -5.488661,
        42.562699,
        838.0
      ],
      [
        -5.489892,
        42.564799,
        833.0
      ],
      [
        -5.493747,
        42.564709,
        841.25
      ],
      [
        -5.498224,
        42.565692,
        842.0
      ],
      [
        -5.497699,
        42.566066,
        848.0
      ],
      [
        -5.496968,
        42.565899,
        850.0
      ],
      [
        -5.497699,
        42.566066,
        848.0
      ],
      [
        -5.498224,
        42.565692,
        842.0
      ],
      [
        -5.526957,
        42.572052,
        885.75
      ],
      [
        -5.532485,
        42.574498,
        891.75
      ],
      [
        -5.541493,
        42.575931,
        854.0
      ],
      [
        -5.542951,
        42.576672,
        848.75
      ],
      [
        -5.543208,
        42.577205,
        848.0
      ],
      [
        -5.544119,
        42.577071,
        844.25
      ],
      [
        -5.556498,
        42.583072,
        817.0
      ],
      [
        -5.560085,
        42.586884,
        818.0
      ],
      [
        -5.560174,
        42.587449,
        818.0
      ],
      [
        -5.561312,
        42.588171,
        818.0
      ],
      [
        -5.563254,
        42.59111,
        819.0
      ],
      [
        -5.563975,
        42.591469,
        819.75
      ],
      [
        -5.564058,
        42.591955,
        820.0
      ],
      [
        -5.56187,
        42.5938,
        821.0
      ],
      [
        -5.561347,
        42.593468,
        820.5
      ],
      [
        -5.561986,
        42.592928,
        820.5
      ],
      [
        -5.562897,
        42.593506,
        821.0
      ],
      [
        -5.56426,
        42.592333,
        820.0
      ],
      [
        -5.564287,
        42.591601,
        819.75
      ],
      [
        -5.570213,
        42.593747,
        826.75
      ],
      [
        -5.572159,
        42.597798,
        830.0
      ],
      [
        -5.581531,
        42.595482,
        822.25
      ],
      [
        -5.583251,
        42.597816,
        823.0
      ],
      [
        -5.585621,
        42.599328,
        825.0
      ],
      [
        -5.585804,
        42.600416,
        826.0
      ],
      [
        -5.589991,
        42.598757,
        825.0
      ],
      [
        -5.597785,
        42.598391,
        826.0
      ],
      [
        -5.598559,
        42.598916,
        826.0
      ],
      [
        -5.599988,
        42.598889,
        831.75
      ],
      [
        -5.601505,
        42.597908,
        826.75
      ],
      [
        -5.605639,
        42.596523,
        833.75
      ],
      [
        -5.606481,
        42.597015,
        836.0
      ],
      [
        -5.607148,
        42.596965,
        837.0
      ],
      [
        -5.606204,
        42.595514,
        835.0
      ],
      [
        -5.606665,
        42.595214,
        835.0
      ],
      [
        -5.606839,
        42.595528,
        836.0
      ],
      [
        -5.60774,
        42.595434,
        835.5
      ],
      [
        -5.608459,
        42.597159,
        837.0
      ],
      [
        -5.609312,
        42.597071,
        837.0
      ],
      [
        -5.609187,
        42.596164,
        837.0
      ],
      [
        -5.611968,
        42.595587,
        845.25
      ],
      [
        -5.612069,
        42.594279,
        851.75
      ],
      [
        -5.613326,
        42.59435,
        864.0
      ],
      [
        -5.625199,
        42.588936,
        873.25
      ],
      [
        -5.62879,
        42.586419,
        886.75
      ],
      [
        -5.628742,
        42.586057,
        888.0
      ],
      [
        -5.629702,
        42.585746,
        891.75
      ],
      [
        -5.631364,
        42.5862,
        897.75
      ],
      [
        -5.636659,
        42.585186,
        905.25
      ],
      [
        -5.639506,
        42.584167,
        908.0
      ],
      [
        -5.643629,
        42.583372,
        908.0
      ],
      [
        -5.643597,
        42.583095,
        907.0
      ],
      [
        -5.644864,
        42.582659,
        904.75
      ],
      [
        -5.641877,
        42.579282,
        902.5
      ],
      [
        -5.643156,
        42.578362,
        892.5
      ],
      [
        -5.645059,
        42.577775,
        888.0
      ],
      [
        -5.650346,
        42.570213,
        902.75
      ],
      [
        -5.650189,
        42.56847,
        897.75
      ],
      [
        -5.650707,
        42.567142,
        885.0
      ],
      [
        -5.652872,
        42.566185,
        871.0
      ],
      [
        -5.655525,
        42.564352,
        882.75
      ],
      [
        -5.656454,
        42.562213,
        898.0
      ],
      [
        -5.658536,
        42.559644,
        879.5
      ],
      [
        -5.6586,
        42.557382,
        879.75
      ],
      [
        -5.659811,
        42.552771,
        860.0
      ],
      [
        -5.660085,
        42.552253,
        862.75
      ],
      [
        -5.661112,
        42.552211,
        867.0
      ],
      [
        -5.662882,
        42.548649,
        897.5
      ],
      [
        -5.662223,
        42.543957,
        897.0
      ],
      [
        -5.663261,
        42.540401,
        892.75
      ],
      [
        -5.671999,
        42.528387,
        890.0
      ],
      [
        -5.678744,
        42.522159,
        889.0
      ],
      [
        -5.684001,
        42.518296,
        890.25
      ],
      [
        -5.686019,
        42.515817,
        895.0
      ],
      [
        -5.686575,
        42.515005,
        892.25
      ],
      [
        -5.686929,
        42.511997,
        884.75
      ],
      [
        -5.68902,
        42.507417,
        876.5
      ],
      [
        -5.701346,
        42.500927,
        880.0
      ],
      [
        -5.704605,
        42.498566,
        880.0
      ],
      [
        -5.709124,
        42.493659,
        878.0
      ],
      [
        -5.713917,
        42.490016,
        874.0
      ],
      [
        -5.718234,
        42.487655,
        876.75
      ],
      [
        -5.722412,
        42.486178,
        877.0
      ],
      [
        -5.728346,
        42.48301,
        865.75
      ],
      [
        -5.729147,
        42.484253,
        872.75
      ],
      [
        -5.730785,
        42.484905,
        868.0
      ],
      [
        -5.732162,
        42.486088,
        867.75
      ],
      [
        -5.735184,
        42.48552,
        866.75
      ],
      [
        -5.736542,
        42.486905,
        867.25
      ],
      [
        -5.739528,
        42.493743,
        878.75
      ],
      [
        -5.74722,
        42.507924,
        889.0
      ],
      [
        -5.749066,
        42.516121,
        891.75
      ],
      [
        -5.753873,
        42.520135,
        894.25
      ],
      [
        -5.761696,
        42.519738,
        895.75
      ],
      [
        -5.76263,
        42.51988,
        891.5
      ],
      [
        -5.763002,
        42.520518,
        890.0
      ],
      [
        -5.764302,
        42.519909,
        887.75
      ],
      [
        -5.766708,
        42.51664,
        896.0
      ],
      [
        -5.769066,
        42.515137,
        880.25
      ],
      [
        -5.769875,
        42.514003,
        877.0
      ],
      [
        -5.773568,
        42.513476,
        878.0
      ],
      [
        -5.777235,
        42.51221,
        876.75
      ],
      [
        -5.808036,
        42.495308,
        866.0
      ],
      [
        -5.809312,
        42.49499,
        865.0
      ],
      [
        -5.808845,
        42.494891,
        865.5
      ],
      [
        -5.809222,
        42.494142,
        865.0
      ],
      [
        -5.811311,
        42.49286,
        856.0
      ],
      [
        -5.813359,
        42.492548,
        851.0
      ],
      [
        -5.813747,
        42.492856,
        851.0
      ],
      [
        -5.825483,
        42.486352,
        846.25
      ],
      [
        -5.829293,
        42.485233,
        845.0
      ],
      [
        -5.828965,
        42.484494,
        845.75
      ],
      [
        -5.836282,
        42.480634,
        841.25
      ],
      [
        -5.835101,
        42.478359,
        840.0
      ],
      [
        -5.834057,
        42.472234,
        841.5
      ],
      [
        -5.834248,
        42.465252,
        836.25
      ],
      [
        -5.834957,
        42.463704,
        835.25
      ],
      [
        -5.834795,
        42.462111,
        835.25
      ],
      [
        -5.835972,
        42.462268,
        836.25
      ],
      [
        -5.839673,
        42.463964,
        837.0
      ],
      [
        -5.838972,
        42.464475,
        835.75
      ],
      [
        -5.839673,
        42.463964,
        837.0
      ],
      [
        -5.83852,
        42.463386,
        836.0
      ],
      [
        -5.838738,
        42.463133,
        835.5
      ],
      [
        -5.841135,
        42.464758,
        834.75
      ],
      [
        -5.841847,
        42.463881,
        834.5
      ],
      [
        -5.841872,
        42.462608,
        832.25
      ],
      [
        -5.845996,
        42.459648,
        828.5
      ],
      [
        -5.860411,
        42.45922,
        826.75
      ],
      [
        -5.86329,
        42.458176,
        831.0
      ],
      [
        -5.869671,
        42.462565,
        827.75
      ],
      [
        -5.872543,
        42.464032,
        826.0
      ],
      [
        -5.879307,
        42.464042,
        818.75
      ],
      [
        -5.881369,
        42.463714,
        818.0
      ],
      [
        -5.882639,
        42.465177,
        819.0
      ],
      [
        -5.883149,
        42.46673,
        819.25
      ],
      [
        -5.88192,
        42.463621,
        818.0
      ],
      [
        -5.888063,
        42.463005,
        820.0
      ],
      [
        -5.888674,
        42.463994,
        821.25
      ],
      [
        -5.894458,
        42.467208,
        822.0
      ],
      [
        -5.899513,
        42.467549,
        821.75
      ],
      [
        -5.899833,
        42.466633,
        818.0
      ],
      [
        -5.899513,
        42.467549,
        821.75
      ],
      [
        -5.908859,
        42.468512,
        824.0
      ],
      [
        -5.910221,
        42.468969,
        825.0
      ],
      [
        -5.910702,
        42.469825,
        826.25
      ],
      [
        -5.913414,
        42.470848,
        830.25
      ],
      [
        -5.915388,
        42.468133,
        827.5
      ],
      [
        -5.917194,
        42.463667,
        827.75
      ],
      [
        -5.920462,
        42.463794,
        845.0
      ],
      [
        -5.923849,
        42.464568,
        873.75
      ],
      [
        -5.928667,
        42.462395,
        847.0
      ],
      [
        -5.930318,
        42.458412,
        846.0
      ],
      [
        -5.929293,
        42.455589,
        843.75
      ],
      [
        -5.929568,
        42.45353,
        843.0
      ],
      [
        -5.928299,
        42.450716,
        838.5
      ],
      [
        -5.936664,
        42.448995,
        861.5
      ],
      [
        -5.945541,
        42.44634,
        850.5
      ],
      [
        -5.980718,
        42.448188,
        909.75
      ],
      [
        -5.983094,
        42.449492,
        912.0
      ],
      [
        -5.985013,
        42.451448,
        914.0
      ],
      [
        -5.990357,
        42.453524,
        915.0
      ],
      [
        -5.995655,
        42.453339,
        915.0
      ],
      [
        -6.003353,
        42.454549,
        881.25
      ],
      [
        -6.014638,
        42.454185,
        849.25
      ],
      [
        -6.014805,
        42.454446,
        850.0
      ],
      [
        -6.014804,
        42.454186,
        849.0
      ],
      [
        -6.022262,
        42.454608,
        838.5
      ],
      [
        -6.023954,
        42.453794,
        838.75
      ],
      [
        -6.039466,
        42.454608,
        840.75
      ],
      [
        -6.044648,
        42.454667,
        842.0
      ],
      [
        -6.044647,
        42.454341,
        841.5
      ],
      [
        -6.045127,
        42.454683,
        841.75
      ],
      [
        -6.04815,
        42.454726,
        843.25
      ],
      [
        -6.05074,
        42.456556,
        848.0
      ],
      [
        -6.052887,
        42.45688,
        860.0
      ],
      [
        -6.053636,
        42.45643,
        865.0
      ],
      [
        -6.053108,
        42.45537,
        865.0
      ],
      [
        -6.052629,
        42.455926,
        865.75
      ],
      [
        -6.053064,
        42.456311,
        866.0
      ],
      [
        -6.056105,
        42.457626,
        867.0
      ],
      [
        -6.057469,
        42.459094,
        868.0
      ],
      [
        -6.059433,
        42.457034,
        870.75
      ],
      [
        -6.062504,
        42.458911,
        875.75
      ],
      [
        -6.068146,
        42.458644,
        863.25
      ],
      [
        -6.074584,
        42.459276,
        857.5
      ],
      [
        -6.075723,
        42.460507,
        859.5
      ],
      [
        -6.079079,
        42.462136,
        867.0
      ],
      [
        -6.080469,
        42.460525,
        862.0
      ],
      [
        -6.080916,
        42.459249,
        860.0
      ],
      [
        -6.092226,
        42.461624,
        866.75
      ],
      [
        -6.096292,
        42.461735,
        869.0
      ],
      [
        -6.099047,
        42.460486,
        870.0
      ],
      [
        -6.106244,
        42.460354,
        884.0
      ],
      [
        -6.124823,
        42.463724,
        893.5
      ],
      [
        -6.125652,
        42.463316,
        895.0
      ],
      [
        -6.128584,
        42.458723,
        915.75
      ],
      [
        -6.13532,
        42.454773,
        934.75
      ],
      [
        -6.145217,
        42.45474,
        961.75
      ],
      [
        -6.149219,
        42.455304,
        971.5
      ],
      [
        -6.155663,
        42.455068,
        977.75
      ],
      [
        -6.157254,
        42.454208,
        977.0
      ],
      [
        -6.159027,
        42.454521,
        979.75
      ],
      [
        -6.159016,
        42.454889,
        980.0
      ],
      [
        -6.159027,
        42.454521,
        979.75
      ],
      [
        -6.162392,
        42.455536,
        983.0
      ],
      [
        -6.185488,
        42.459971,
        1000.0
      ],
      [
        -6.192519,
        42.460984,
        1011.0
      ],
      [
        -6.198724,
        42.460954,
        1017.5
      ],
      [
        -6.206119,
        42.462318,
        1014.5
      ],
      [
        -6.215274,
        42.463063,
        1012.0
      ],
      [
        -6.217448,
        42.463556,
        1012.75
      ],
      [
        -6.218597,
        42.46442,
        1012.75
      ],
      [
        -6.22178,
        42.463935,
        1023.0
      ],
      [
        -6.224628,
        42.464085,
        1025.75
      ],
      [
        -6.245409,
        42.471807,
        1065.5
      ],
      [
        -6.250733,
        42.473157,
        1064.25
      ],
      [
        -6.252774,
        42.474109,
        1063.5
      ],
      [
        -6.25565,
        42.474229,
        1071.5
      ],
      [
        -6.261424,
        42.477822,
        1102.25
      ],
      [
        -6.270635,
        42.479087,
        1101.25
      ],
      [
        -6.272861,
        42.4789,
        1106.5
      ],
      [
        -6.279204,
        42.480427,
        1120.5
      ],
      [
        -6.2851,
        42.481117,
        1146.5
      ],
      [
        -6.292345,
        42.480521,
        1165.25
      ],
      [
        -6.306367,
        42.487372,
        1241.75
      ],
      [
        -6.308238,
        42.487381,
        1249.5
      ],
      [
        -6.309262,
        42.486156,
        1254.25
      ],
      [
        -6.311133,
        42.486094,
        1264.75
      ],
      [
        -6.314241,
        42.488214,
        1283.25
      ],
      [
        -6.315415,
        42.487925,
        1288.0
      ],
      [
        -6.317188,
        42.488306,
        1296.25
      ],
      [
        -6.319202,
        42.489809,
        1310.75
      ],
      [
        -6.321668,
        42.489498,
        1322.75
      ],
      [
        -6.323788,
        42.4907,
        1333.25
      ],
      [
        -6.326292,
        42.491288,
        1340.75
      ],
      [
        -6.327049,
        42.491067,
        1342.5
      ],
      [
        -6.328749,
        42.489249,
        1355.5
      ],
      [
        -6.330685,
        42.489049,
        1366.25
      ],
      [
        -6.331775,
        42.48932,
        1372.5
      ],
      [
        -6.334511,
        42.491387,
        1389.0
      ],
      [
        -6.336916,
        42.490556,
        1399.75
      ],
      [
        -6.3419,
        42.490929,
        1421.5
      ],
      [
        -6.342907,
        42.491508,
        1432.0
      ],
      [
        -6.341647,
        42.490878,
        1419.25
      ],
      [
        -6.341321,
        42.491376,
        1418.25
      ],
      [
        -6.341886,
        42.491744,
        1423.25
      ],
      [
        -6.341747,
        42.49448,
        1441.0
      ],
      [
        -6.344116,
        42.495562,
        1459.5
      ],
      [
        -6.349889,
        42.494579,
        1495.25
      ],
      [
        -6.350887,
        42.493311,
        1498.25
      ],
      [
        -6.353278,
        42.491878,
        1491.5
      ],
      [
        -6.354695,
        42.491605,
        1482.25
      ],
      [
        -6.355734,
        42.490732,
        1487.25
      ],
      [
        -6.358274,
        42.490461,
        1492.75
      ],
      [
        -6.36236,
        42.4885,
        1495.5
      ],
      [
        -6.366337,
        42.489184,
        1478.25
      ],
      [
        -6.370048,
        42.489067,
        1474.0
      ],
      [
        -6.372764,
        42.489944,
        1479.5
      ],
      [
        -6.375588,
        42.488331,
        1474.75
      ],
      [
        -6.378335,
        42.488346,
        1465.5
      ],
      [
        -6.380324,
        42.48739,
        1464.75
      ],
      [
        -6.381777,
        42.487502,
        1460.0
      ],
      [
        -6.384501,
        42.488194,
        1451.75
      ],
      [
        -6.38506,
        42.489198,
        1445.5
      ],
      [
        -6.386765,
        42.490295,
        1441.25
      ],
      [
        -6.386437,
        42.490416,
        1444.25
      ],
      [
        -6.390981,
        42.490251,
        1445.75
      ],
      [
        -6.393305,
        42.491623,
        1450.75
      ],
      [
        -6.394822,
        42.491333,
        1457.5
      ],
      [
        -6.398024,
        42.492593,
        1458.75
      ],
      [
        -6.39945,
        42.492198,
        1462.25
      ],
      [
        -6.402681,
        42.492736,
        1463.5
      ],
      [
        -6.405437,
        42.492155,
        1469.25
      ],
      [
        -6.406829,
        42.489426,
        1493.5
      ],
      [
        -6.411013,
        42.490395,
        1493.0
      ],
      [
        -6.413134,
        42.489473,
        1497.75
      ],
      [
        -6.418073,
        42.489314,
        1501.75
      ],
      [
        -6.420123,
        42.487946,
        1504.5
      ],
      [
        -6.426718,
        42.489471,
        1468.25
      ],
      [
        -6.428696,
        42.490961,
        1437.5
      ],
      [
        -6.43183,
        42.491721,
        1412.25
      ],
      [
        -6.43591,
        42.490822,
        1394.75
      ],
      [
        -6.43961,
        42.490517,
        1373.25
      ],
      [
        -6.441097,
        42.489154,
        1371.5
      ],
      [
        -6.4428,
        42.49156,
        1359.25
      ],
      [
        -6.441705,
        42.492595,
        1354.5
      ],
      [
        -6.442764,
        42.495007,
        1319.0
      ],
      [
        -6.445474,
        42.49652,
        1286.75
      ],
      [
        -6.444193,
        42.497655,
        1272.5
      ],
      [
        -6.44434,
        42.497988,
        1267.25
      ],
      [
        -6.445995,
        42.498605,
        1248.25
      ],
      [
        -6.448786,
        42.498311,
        1219.0
      ],
      [
        -6.447898,
        42.499979,
        1211.5
      ],
      [
        -6.448786,
        42.498311,
        1219.0
      ],
      [
        -6.450416,
        42.498903,
        1212.5
      ],
      [
        -6.453103,
        42.499248,
        1193.5
      ],
      [
        -6.455928,
        42.497709,
        1161.25
      ],
      [
        -6.458259,
        42.499516,
        1140.0
      ],
      [
        -6.459561,
        42.501653,
        1121.25
      ],
      [
        -6.462694,
        42.504584,
        1098.25
      ],
      [
        -6.46781,
        42.507513,
        1059.25
      ],
      [
        -6.468054,
        42.509648,
        1034.25
      ],
      [
        -6.472063,
        42.513165,
        998.0
      ],
      [
        -6.471748,
        42.514621,
        988.5
      ],
      [
        -6.470541,
        42.515859,
        976.5
      ],
      [
        -6.470655,
        42.516391,
        973.75
      ],
      [
        -6.477151,
        42.519645,
        953.0
      ],
      [
        -6.480293,
        42.522549,
        922.5
      ],
      [
        -6.479361,
        42.523493,
        920.25
      ],
      [
        -6.48488,
        42.526201,
        896.25
      ],
      [
        -6.484918,
        42.527228,
        892.25
      ],
      [
        -6.485732,
        42.527288,
        888.75
      ],
      [
        -6.487833,
        42.526331,
        877.75
      ],
      [
        -6.492521,
        42.526366,
        856.25
      ],
      [
        -6.493241,
        42.526713,
        850.25
      ],
      [
        -6.494273,
        42.528284,
        839.25
      ],
      [
        -6.496122,
        42.528198,
        832.0
      ],
      [
        -6.496239,
        42.527015,
        820.25
      ],
      [
        -6.498716,
        42.525392,
        802.25
      ],
      [
        -6.498494,
        42.524479,
        795.0
      ],
      [
        -6.499679,
        42.523761,
        793.5
      ],
      [
        -6.501824,
        42.523688,
        784.5
      ],
      [
        -6.504545,
        42.522596,
        781.75
      ],
      [
        -6.502943,
        42.523748,
        763.75
      ],
      [
        -6.508456,
        42.52388,
        727.25
      ],
      [
        -6.508898,
        42.525519,
        714.5
      ],
      [
        -6.508538,
        42.525939,
        714.5
      ],
      [
        -6.509532,
        42.526629,
        704.75
      ],
      [
        -6.510736,
        42.526637,
        696.0
      ],
      [
        -6.511221,
        42.527194,
        692.25
      ],
      [
        -6.510681,
        42.530123,
        670.25
      ],
      [
        -6.512721,
        42.531362,
        653.0
      ],
      [
        -6.512502,
        42.532015,
        648.75
      ],
      [
        -6.512994,
        42.532623,
        641.5
      ],
      [
        -6.511942,
        42.534343,
        633.0
      ],
      [
        -6.513815,
        42.53379,
        620.5
      ],
      [
        -6.516295,
        42.534826,
        605.5
      ],
      [
        -6.517804,
        42.537304,
        587.75
      ],
      [
        -6.519232,
        42.537647,
        581.0
      ],
      [
        -6.519579,
        42.535815,
        591.25
      ],
      [
        -6.517589,
        42.534024,
        608.5
      ],
      [
        -6.516554,
        42.533794,
        617.75
      ],
      [
        -6.51794,
        42.534224,
        608.25
      ],
      [
        -6.519579,
        42.535815,
        591.25
      ],
      [
        -6.519232,
        42.537647,
        581.0
      ],
      [
        -6.522422,
        42.538707,
        578.5
      ],
      [
        -6.528056,
        42.54194,
        572.0
      ],
      [
        -6.53596,
        42.545595,
        572.25
      ],
      [
        -6.542145,
        42.546342,
        589.0
      ],
      [
        -6.548388,
        42.5458,
        609.0
      ],
      [
        -6.549876,
        42.545297,
        609.0
      ],
      [
        -6.55194,
        42.545685,
        595.75
      ],
      [
        -6.55411,
        42.545157,
        585.0
      ],
      [
        -6.560486,
        42.545773,
        553.25
      ],
      [
        -6.564066,
        42.545241,
        534.75
      ],
      [
        -6.565042,
        42.545567,
        528.75
      ],
      [
        -6.565675,
        42.546453,
        522.0
      ],
      [
        -6.567235,
        42.546781,
        519.25
      ],
      [
        -6.57196,
        42.545044,
        522.0
      ],
      [
        -6.57699,
        42.545485,
        525.25
      ],
      [
        -6.578305,
        42.546155,
        530.25
      ],
      [
        -6.580368,
        42.545945,
        533.75
      ],
      [
        -6.58058,
        42.546535,
        536.0
      ],
      [
        -6.582181,
        42.546884,
        537.25
      ],
      [
        -6.583429,
        42.550166,
        550.25
      ],
      [
        -6.58712,
        42.555344,
        525.5
      ],
      [
        -6.589049,
        42.555628,
        520.5
      ],
      [
        -6.591765,
        42.557332,
        524.25
      ],
      [
        -6.591601,
        42.557936,
        525.25
      ],
      [
        -6.588304,
        42.558757,
        534.0
      ],
      [
        -6.592876,
        42.562131,
        537.5
      ],
      [
        -6.592162,
        42.56265,
        539.0
      ],
      [
        -6.594954,
        42.56468,
        534.0
      ],
      [
        -6.596443,
        42.564392,
        533.0
      ],
      [
        -6.597637,
        42.565303,
        533.0
      ],
      [
        -6.601074,
        42.568673,
        540.75
      ],
      [
        -6.60206,
        42.570636,
        540.0
      ],
      [
        -6.603221,
        42.571,
        540.75
      ],
      [
        -6.604098,
        42.571867,
        545.0
      ],
      [
        -6.60992,
        42.572881,
        525.5
      ],
      [
        -6.611172,
        42.573385,
        523.0
      ],
      [
        -6.611922,
        42.574249,
        522.0
      ],
      [
        -6.612276,
        42.574005,
        522.0
      ],
      [
        -6.612313,
        42.574463,
        521.5
      ],
      [
        -6.627213,
        42.575918,
        513.0
      ],
      [
        -6.632197,
        42.578083,
        509.75
      ],
      [
        -6.639004,
        42.576769,
        506.5
      ],
      [
        -6.641012,
        42.577323,
        505.5
      ],
      [
        -6.644901,
        42.577399,
        504.0
      ],
      [
        -6.650132,
        42.576941,
        501.0
      ],
      [
        -6.656726,
        42.576957,
        496.75
      ],
      [
        -6.660898,
        42.57605,
        495.0
      ],
      [
        -6.665943,
        42.577975,
        491.0
      ],
      [
        -6.668343,
        42.5794,
        490.75
      ],
      [
        -6.667548,
        42.583408,
        513.25
      ],
      [
        -6.666628,
        42.583449,
        512.75
      ],
      [
        -6.667548,
        42.583408,
        513.25
      ],
      [
        -6.668343,
        42.5794,
        490.75
      ],
      [
        -6.672383,
        42.581305,
        490.75
      ],
      [
        -6.675285,
        42.584119,
        495.75
      ],
      [
        -6.676366,
        42.588044,
        505.75
      ],
      [
        -6.677642,
        42.590553,
        514.5
      ],
      [
        -6.679705,
        42.592048,
        507.0
      ],
      [
        -6.695849,
        42.594863,
        500.25
      ],
      [
        -6.704644,
        42.594037,
        510.0
      ],
      [
        -6.713186,
        42.597369,
        504.75
      ],
      [
        -6.714511,
        42.598556,
        502.0
      ],
      [
        -6.716594,
        42.59963,
        484.0
      ],
      [
        -6.722105,
        42.599778,
        483.0
      ],
      [
        -6.723241,
        42.60081,
        482.25
      ],
      [
        -6.726381,
        42.600378,
        477.0
      ],
      [
        -6.727602,
        42.600645,
        477.0
      ],
      [
        -6.727766,
        42.599891,
        476.5
      ],
      [
        -6.731637,
        42.60014,
        474.75
      ],
      [
        -6.737342,
        42.601705,
        478.25
      ],
      [
        -6.742984,
        42.604544,
        505.5
      ],
      [
        -6.749314,
        42.6056,
        536.75
      ],
      [
        -6.749033,
        42.60612,
        530.25
      ],
      [
        -6.749092,
        42.605563,
        535.5
      ],
      [
        -6.755344,
        42.606149,
        564.0
      ],
      [
        -6.762463,
        42.604362,
        536.5
      ],
      [
        -6.765261,
        42.604285,
        521.75
      ],
      [
        -6.768151,
        42.602879,
        518.75
      ],
      [
        -6.770199,
        42.601364,
        533.75
      ],
      [
        -6.775013,
        42.601691,
        521.0
      ],
      [
        -6.779963,
        42.599603,
        536.25
      ],
      [
        -6.804668,
        42.600081,
        542.75
      ],
      [
        -6.80739,
        42.60102,
        531.25
      ],
      [
        -6.809493,
        42.604241,
        526.0
      ],
      [
        -6.810942,
        42.604303,
        521.5
      ],
      [
        -6.81129,
        42.605174,
        510.5
      ],
      [
        -6.810994,
        42.605407,
        506.25
      ],
      [
        -6.812856,
        42.603994,
        509.0
      ],
      [
        -6.812431,
        42.602327,
        503.25
      ],
      [
        -6.81481,
        42.603711,
        491.75
      ],
      [
        -6.816651,
        42.607631,
        496.75
      ],
      [
        -6.820493,
        42.611644,
        508.0
      ],
      [
        -6.821344,
        42.613172,
        508.0
      ],
      [
        -6.821232,
        42.614795,
        511.5
      ],
      [
        -6.822,
        42.615091,
        513.0
      ],
      [
        -6.824326,
        42.615066,
        515.5
      ],
      [
        -6.826248,
        42.616919,
        521.0
      ],
      [
        -6.829449,
        42.61842,
        526.5
      ],
      [
        -6.830502,
        42.620523,
        524.25
      ],
      [
        -6.829566,
        42.622251,
        520.0
      ],
      [
        -6.830007,
        42.623129,
        521.75
      ],
      [
        -6.831045,
        42.623393,
        522.0
      ],
      [
        -6.83281,
        42.62311,
        523.25
      ],
      [
        -6.835567,
        42.621156,
        525.25
      ],
      [
        -6.836812,
        42.621149,
        525.5
      ],
      [
        -6.839679,
        42.62397,
        532.5
      ],
      [
        -6.843841,
        42.626111,
        540.25
      ],
      [
        -6.846095,
        42.626612,
        532.0
      ],
      [
        -6.847336,
        42.629459,
        532.5
      ],
      [
        -6.852318,
        42.633543,
        537.5
      ],
      [
        -6.853175,
        42.635304,
        540.5
      ],
      [
        -6.855644,
        42.637765,
        542.25
      ],
      [
        -6.857011,
        42.638486,
        548.25
      ],
      [
        -6.860048,
        42.638908,
        545.75
      ],
      [
        -6.862256,
        42.637959,
        555.25
      ],
      [
        -6.863359,
        42.638105,
        550.0
      ],
      [
        -6.869749,
        42.641467,
        553.25
      ],
      [
        -6.87525,
        42.64648,
        556.0
      ],
      [
        -6.878718,
        42.647915,
        554.5
      ],
      [
        -6.881719,
        42.648639,
        559.75
      ],
      [
        -6.881597,
        42.649411,
        567.25
      ],
      [
        -6.882622,
        42.649469,
        569.5
      ],
      [
        -6.882129,
        42.64987,
        580.5
      ],
      [
        -6.884399,
        42.650197,
        599.5
      ],
      [
        -6.885623,
        42.651015,
        617.0
      ],
      [
        -6.885643,
        42.651345,
        622.5
      ],
      [
        -6.88368,
        42.650686,
        632.5
      ],
      [
        -6.880982,
        42.651067,
        644.5
      ],
      [
        -6.879823,
        42.651723,
        659.0
      ],
      [
        -6.878935,
        42.651607,
        665.5
      ],
      [
        -6.878185,
        42.652037,
        679.25
      ],
      [
        -6.876198,
        42.651006,
        690.25
      ],
      [
        -6.87821,
        42.652879,
        721.75
      ],
      [
        -6.880816,
        42.652938,
        738.0
      ],
      [
        -6.88097,
        42.65323,
        740.75
      ],
      [
        -6.878819,
        42.654272,
        776.25
      ],
      [
        -6.877167,
        42.654331,
        804.25
      ],
      [
        -6.87737,
        42.655142,
        822.25
      ],
      [
        -6.873106,
        42.657392,
        888.0
      ],
      [
        -6.869601,
        42.657128,
        910.25
      ],
      [
        -6.868719,
        42.657705,
        915.0
      ],
      [
        -6.866055,
        42.658035,
        930.75
      ],
      [
        -6.864729,
        42.660873,
        932.25
      ],
      [
        -6.866055,
        42.658035,
        930.75
      ],
      [
        -6.868719,
        42.657705,
        915.0
      ],
      [
        -6.869601,
        42.657128,
        910.25
      ],
      [
        -6.872685,
        42.657458,
        892.75
      ],
      [
        -6.873717,
        42.656884,
        883.5
      ],
      [
        -6.873074,
        42.656302,
        880.25
      ],
      [
        -6.872824,
        42.654067,
        861.0
      ],
      [
        -6.870871,
        42.653516,
        848.25
      ],
      [
        -6.869532,
        42.651749,
        827.0
      ],
      [
        -6.87092,
        42.652161,
        820.75
      ],
      [
        -6.871642,
        42.652934,
        815.25
      ],
      [
        -6.872992,
        42.652801,
        805.25
      ],
      [
        -6.875317,
        42.653513,
        790.75
      ],
      [
        -6.876153,
        42.654442,
        783.5
      ],
      [
        -6.877056,
        42.65355,
        771.25
      ],
      [
        -6.880338,
        42.653481,
        746.5
      ],
      [
        -6.881019,
        42.653114,
        739.75
      ],
      [
        -6.87821,
        42.652879,
        721.75
      ],
      [
        -6.876297,
        42.650975,
        689.5
      ],
      [
        -6.878185,
        42.652037,
        679.25
      ],
      [
        -6.878935,
        42.651607,
        665.5
      ],
      [
        -6.879823,
        42.651723,
        659.0
      ],
      [
        -6.880982,
        42.651067,
        644.5
      ],
      [
        -6.884288,
        42.650704,
        630.25
      ],
      [
        -6.885608,
        42.651269,
        622.5
      ],
      [
        -6.885703,
        42.651902,
        622.0
      ],
      [
        -6.887617,
        42.652626,
        601.75
      ],
      [
        -6.888226,
        42.651869,
        586.75
      ],
      [
        -6.887139,
        42.650525,
        589.0
      ],
      [
        -6.884716,
        42.649785,
        578.75
      ],
      [
        -6.881597,
        42.649411,
        567.25
      ],
      [
        -6.881719,
        42.648639,
        559.75
      ],
      [
        -6.884787,
        42.648947,
        563.75
      ],
      [
        -6.886722,
        42.649327,
        566.75
      ],
      [
        -6.888008,
        42.650013,
        567.25
      ],
      [
        -6.890462,
        42.653842,
        570.0
      ],
      [
        -6.892747,
        42.65518,
        573.75
      ],
      [
        -6.895586,
        42.65539,
        575.25
      ],
      [
        -6.898834,
        42.654539,
        584.0
      ],
      [
        -6.900601,
        42.654599,
        592.0
      ],
      [
        -6.904813,
        42.655563,
        588.0
      ],
      [
        -6.906105,
        42.656524,
        589.0
      ],
      [
        -6.908097,
        42.657158,
        588.75
      ],
      [
        -6.909786,
        42.658703,
        595.25
      ],
      [
        -6.911033,
        42.658663,
        594.5
      ],
      [
        -6.912295,
        42.657732,
        600.25
      ],
      [
        -6.913169,
        42.657604,
        603.0
      ],
      [
        -6.915519,
        42.659455,
        597.0
      ],
      [
        -6.917162,
        42.660166,
        601.0
      ],
      [
        -6.921198,
        42.659973,
        599.75
      ],
      [
        -6.924988,
        42.661166,
        610.25
      ],
      [
        -6.926555,
        42.662152,
        611.5
      ],
      [
        -6.926795,
        42.665433,
        609.0
      ],
      [
        -6.927379,
        42.665893,
        607.5
      ],
      [
        -6.928293,
        42.665811,
        606.75
      ],
      [
        -6.92836,
        42.666099,
        607.25
      ],
      [
        -6.928293,
        42.665811,
        606.75
      ],
      [
        -6.927379,
        42.665893,
        607.5
      ],
      [
        -6.926795,
        42.665433,
        609.0
      ],
      [
        -6.926555,
        42.662152,
        611.5
      ],
      [
        -6.926041,
        42.661979,
        611.75
      ],
      [
        -6.926393,
        42.663172,
        617.25
      ],
      [
        -6.926101,
        42.665592,
        628.5
      ],
      [
        -6.92731,
        42.666669,
        633.25
      ],
      [
        -6.931063,
        42.666099,
        641.5
      ],
      [
        -6.93734,
        42.66725,
        646.75
      ],
      [
        -6.938601,
        42.66692,
        647.75
      ],
      [
        -6.941956,
        42.664954,
        654.5
      ],
      [
        -6.947558,
        42.666143,
        660.0
      ],
      [
        -6.953315,
        42.665022,
        673.5
      ],
      [
        -6.95485,
        42.665835,
        678.0
      ],
      [
        -6.955938,
        42.667478,
        684.0
      ],
      [
        -6.956236,
        42.669057,
        696.75
      ],
      [
        -6.956928,
        42.66974,
        693.5
      ],
      [
        -6.961124,
        42.671331,
        667.25
      ],
      [
        -6.963957,
        42.671557,
        651.5
      ],
      [
        -6.966629,
        42.672869,
        651.25
      ],
      [
        -6.967601,
        42.67283,
        656.5
      ],
      [
        -6.969001,
        42.671668,
        658.5
      ],
      [
        -6.970554,
        42.672704,
        663.75
      ],
      [
        -6.978436,
        42.672317,
        682.25
      ],
      [
        -6.978952,
        42.671117,
        667.0
      ],
      [
        -6.982216,
        42.670507,
        672.5
      ],
      [
        -6.988047,
        42.672886,
        680.25
      ],
      [
        -6.989996,
        42.672744,
        684.5
      ],
      [
        -6.991151,
        42.673199,
        688.75
      ],
      [
        -6.992984,
        42.673223,
        695.75
      ],
      [
        -6.995945,
        42.675913,
        725.5
      ],
      [
        -6.996947,
        42.676099,
        732.25
      ],
      [
        -6.998091,
        42.675633,
        744.5
      ],
      [
        -6.999966,
        42.676448,
        759.5
      ],
      [
        -7.00019,
        42.677651,
        767.25
      ],
      [
        -7.002331,
        42.680396,
        794.5
      ],
      [
        -7.001518,
        42.682026,
        808.75
      ],
      [
        -7.001603,
        42.68327,
        816.5
      ],
      [
        -7.006707,
        42.686297,
        863.25
      ],
      [
        -7.010204,
        42.689951,
        876.75
      ],
      [
        -7.009508,
        42.688048,
        886.25
      ],
      [
        -7.009343,
        42.685339,
        917.25
      ],
      [
        -7.011545,
        42.686883,
        949.25
      ],
      [
        -7.012482,
        42.686546,
        962.5
      ],
      [
        -7.012807,
        42.686797,
        967.0
      ],
      [
        -7.012975,
        42.689089,
        987.75
      ],
      [
        -7.01477,
        42.689941,
        1010.0
      ],
      [
        -7.015483,
        42.691997,
        1041.25
      ],
      [
        -7.018039,
        42.693628,
        1064.5
      ],
      [
        -7.018584,
        42.695029,
        1066.0
      ],
      [
        -7.018417,
        42.696358,
        1084.0
      ],
      [
        -7.020027,
        42.697966,
        1111.0
      ],
      [
        -7.019844,
        42.69931,
        1128.5
      ],
      [
        -7.02625,
        42.706072,
        1222.25
      ],
      [
        -7.02974,
        42.707048,
        1249.5
      ],
      [
        -7.030484,
        42.70642,
        1258.75
      ],
      [
        -7.031118,
        42.706403,
        1263.25
      ],
      [
        -7.033718,
        42.708262,
        1287.25
      ],
      [
        -7.038077,
        42.709243,
        1308.0
      ],
      [
        -7.036671,
        42.710191,
        1286.0
      ],
      [
        -7.033389,
        42.711304,
        1271.0
      ],
      [
        -7.032584,
        42.713442,
        1275.0
      ],
      [
        -7.030432,
        42.714451,
        1281.0
      ],
      [
        -7.032226,
        42.71766,
        1267.75
      ],
      [
        -7.0349,
        42.718528,
        1247.5
      ],
      [
        -7.036128,
        42.719447,
        1235.75
      ],
      [
        -7.036908,
        42.721503,
        1218.0
      ],
      [
        -7.036705,
        42.722347,
        1209.5
      ],
      [
        -7.034977,
        42.723361,
        1199.0
      ],
      [
        -7.034191,
        42.723429,
        1195.25
      ],
      [
        -7.030029,
        42.721683,
        1169.5
      ],
      [
        -7.029444,
        42.722049,
        1164.75
      ],
      [
        -7.029517,
        42.723226,
        1153.75
      ],
      [
        -7.028976,
        42.72376,
        1148.25
      ],
      [
        -7.025216,
        42.724553,
        1128.0
      ],
      [
        -7.023532,
        42.724392,
        1119.5
      ],
      [
        -7.022579,
        42.725434,
        1116.0
      ],
      [
        -7.02005,
        42.726048,
        1109.0
      ],
      [
        -7.01867,
        42.725828,
        1106.75
      ],
      [
        -7.020651,
        42.727182,
        1111.5
      ],
      [
        -7.022258,
        42.726446,
        1101.75
      ],
      [
        -7.020651,
        42.727182,
        1111.5
      ],
      [
        -7.01867,
        42.725828,
        1106.75
      ],
      [
        -7.020211,
        42.726177,
        1109.75
      ],
      [
        -7.020706,
        42.725724,
        1112.5
      ],
      [
        -7.022579,
        42.725434,
        1116.0
      ],
      [
        -7.023532,
        42.724392,
        1119.5
      ],
      [
        -7.025216,
        42.724553,
        1128.0
      ],
      [
        -7.028976,
        42.72376,
        1148.25
      ],
      [
        -7.029517,
        42.723226,
        1153.75
      ],
      [
        -7.029444,
        42.722049,
        1164.75
      ],
      [
        -7.030029,
        42.721683,
        1169.5
      ],
      [
        -7.034191,
        42.723429,
        1195.25
      ],
      [
        -7.034977,
        42.723361,
        1199.0
      ],
      [
        -7.036705,
        42.722347,
        1209.5
      ],
      [
        -7.036908,
        42.721503,
        1218.0
      ],
      [
        -7.036128,
        42.719447,
        1235.75
      ],
      [
        -7.0349,
        42.718528,
        1247.5
      ],
      [
        -7.032226,
        42.71766,
        1267.75
      ],
      [
        -7.030434,
        42.714799,
        1283.5
      ],
      [
        -7.030703,
        42.714081,
        1279.25
      ],
      [
        -7.032584,
        42.713442,
        1275.0
      ],
      [
        -7.033636,
        42.711167,
        1271.0
      ],
      [
        -7.038193,
        42.709747,
        1293.5
      ],
      [
        -7.040918,
        42.70946,
        1301.25
      ],
      [
        -7.044705,
        42.708087,
        1287.75
      ],
      [
        -7.047037,
        42.707947,
        1281.75
      ],
      [
        -7.050492,
        42.706867,
        1274.75
      ],
      [
        -7.05177,
        42.705766,
        1269.5
      ],
      [
        -7.054097,
        42.704987,
        1259.25
      ],
      [
        -7.056463,
        42.703513,
        1246.0
      ],
      [
        -7.05818,
        42.703594,
        1241.75
      ],
      [
        -7.062151,
        42.705074,
        1253.75
      ],
      [
        -7.06585,
        42.704306,
        1245.0
      ],
      [
        -7.067443,
        42.704799,
        1241.25
      ],
      [
        -7.069031,
        42.70478,
        1239.25
      ],
      [
        -7.070114,
        42.703999,
        1237.0
      ],
      [
        -7.072863,
        42.699916,
        1223.75
      ],
      [
        -7.074004,
        42.699076,
        1225.5
      ],
      [
        -7.073683,
        42.699521,
        1220.5
      ],
      [
        -7.077348,
        42.699385,
        1191.75
      ],
      [
        -7.078119,
        42.700764,
        1172.0
      ],
      [
        -7.079803,
        42.700496,
        1153.25
      ],
      [
        -7.080773,
        42.700736,
        1140.75
      ],
      [
        -7.07798,
        42.702384,
        1113.25
      ],
      [
        -7.076583,
        42.702068,
        1109.5
      ],
      [
        -7.076648,
        42.702364,
        1105.5
      ],
      [
        -7.076672,
        42.701985,
        1108.25
      ],
      [
        -7.07798,
        42.702384,
        1113.25
      ],
      [
        -7.080773,
        42.700736,
        1140.75
      ],
      [
        -7.079803,
        42.700496,
        1153.25
      ],
      [
        -7.078028,
        42.700741,
        1173.0
      ],
      [
        -7.077306,
        42.699373,
        1191.75
      ],
      [
        -7.073647,
        42.6995,
        1221.0
      ],
      [
        -7.07584,
        42.698042,
        1226.0
      ],
      [
        -7.078494,
        42.698727,
        1240.0
      ],
      [
        -7.080093,
        42.698344,
        1251.0
      ],
      [
        -7.081471,
        42.698736,
        1261.25
      ],
      [
        -7.084632,
        42.698644,
        1268.75
      ],
      [
        -7.087775,
        42.699055,
        1258.0
      ],
      [
        -7.08854,
        42.698807,
        1253.75
      ],
      [
        -7.089179,
        42.697974,
        1247.0
      ],
      [
        -7.089968,
        42.697853,
        1243.25
      ],
      [
        -7.097924,
        42.704065,
        1228.0
      ],
      [
        -7.10045,
        42.705052,
        1237.75
      ],
      [
        -7.10406,
        42.705399,
        1240.25
      ],
      [
        -7.105667,
        42.705094,
        1236.75
      ],
      [
        -7.107964,
        42.705828,
        1239.5
      ],
      [
        -7.108567,
        42.707522,
        1242.25
      ],
      [
        -7.111348,
        42.707676,
        1241.75
      ],
      [
        -7.112419,
        42.70952,
        1254.0
      ],
      [
        -7.114968,
        42.709601,
        1267.5
      ],
      [
        -7.116914,
        42.708356,
        1284.5
      ],
      [
        -7.119996,
        42.708656,
        1300.25
      ],
      [
        -7.122087,
        42.709822,
        1311.0
      ],
      [
        -7.122934,
        42.710941,
        1317.25
      ],
      [
        -7.128557,
        42.713925,
        1330.75
      ],
      [
        -7.130799,
        42.715867,
        1324.0
      ],
      [
        -7.133741,
        42.716625,
        1315.25
      ],
      [
        -7.13654,
        42.718214,
        1304.5
      ],
      [
        -7.13946,
        42.719091,
        1291.75
      ],
      [
        -7.140975,
        42.720655,
        1291.5
      ],
      [
        -7.143089,
        42.722013,
        1288.0
      ],
      [
        -7.146743,
        42.723264,
        1288.0
      ],
      [
        -7.151521,
        42.726509,
        1284.0
      ],
      [
        -7.153506,
        42.727103,
        1285.25
      ],
      [
        -7.158025,
        42.731334,
        1283.25
      ],
      [
        -7.157589,
        42.731396,
        1288.0
      ],
      [
        -7.160033,
        42.732743,
        1281.25
      ],
      [
        -7.170238,
        42.736622,
        1248.0
      ],
      [
        -7.174284,
        42.737266,
        1244.75
      ],
      [
        -7.17586,
        42.739997,
        1234.5
      ],
      [
        -7.178403,
        42.741749,
        1223.5
      ],
      [
        -7.176888,
        42.741699,
        1206.25
      ],
      [
        -7.177881,
        42.742683,
        1194.25
      ],
      [
        -7.1784,
        42.744235,
        1187.0
      ],
      [
        -7.182091,
        42.743596,
        1175.0
      ],
      [
        -7.184306,
        42.74428,
        1169.25
      ],
      [
        -7.186099,
        42.74372,
        1166.5
      ],
      [
        -7.187026,
        42.743867,
        1168.0
      ],
      [
        -7.187849,
        42.744753,
        1168.25
      ],
      [
        -7.188725,
        42.744682,
        1164.25
      ],
      [
        -7.189618,
        42.743887,
        1157.5
      ],
      [
        -7.191119,
        42.740939,
        1141.0
      ],
      [
        -7.192367,
        42.740115,
        1129.5
      ],
      [
        -7.193162,
        42.740593,
        1115.25
      ],
      [
        -7.195219,
        42.740639,
        1092.0
      ],
      [
        -7.20094,
        42.743461,
        1032.75
      ],
      [
        -7.202022,
        42.743483,
        1021.25
      ],
      [
        -7.20468,
        42.742436,
        986.0
      ],
      [
        -7.204714,
        42.744056,
        962.75
      ],
      [
        -7.206401,
        42.74289,
        950.75
      ],
      [
        -7.206913,
        42.740555,
        947.25
      ],
      [
        -7.206343,
        42.739872,
        942.5
      ],
      [
        -7.20663,
        42.739477,
        938.0
      ],
      [
        -7.208212,
        42.741332,
        921.75
      ],
      [
        -7.207808,
        42.742971,
        906.75
      ],
      [
        -7.208126,
        42.743548,
        901.75
      ],
      [
        -7.209853,
        42.744611,
        888.75
      ],
      [
        -7.212186,
        42.74523,
        871.75
      ],
      [
        -7.214759,
        42.746976,
        851.25
      ],
      [
        -7.217301,
        42.74759,
        834.25
      ],
      [
        -7.219724,
        42.750304,
        809.5
      ],
      [
        -7.223737,
        42.752356,
        796.0
      ],
      [
        -7.224344,
        42.753918,
        787.0
      ],
      [
        -7.226047,
        42.75597,
        770.5
      ],
      [
        -7.225244,
        42.758461,
        748.5
      ],
      [
        -7.22587,
        42.758851,
        741.75
      ],
      [
        -7.227225,
        42.7587,
        731.0
      ],
      [
        -7.224841,
        42.759684,
        732.75
      ],
      [
        -7.22106,
        42.760096,
        726.75
      ],
      [
        -7.215105,
        42.760359,
        731.75
      ],
      [
        -7.211171,
        42.759737,
        735.25
      ],
      [
        -7.210338,
        42.76005,
        738.75
      ],
      [
        -7.211251,
        42.759906,
        742.75
      ],
      [
        -7.212463,
        42.760705,
        750.0
      ],
      [
        -7.213303,
        42.762312,
        769.75
      ],
      [
        -7.212463,
        42.760705,
        750.0
      ],
      [
        -7.211251,
        42.759906,
        742.75
      ],
      [
        -7.210338,
        42.76005,
        738.75
      ],
      [
        -7.211387,
        42.759743,
        734.75
      ],
      [
        -7.215105,
        42.760359,
        731.75
      ],
      [
        -7.224841,
        42.759684,
        732.75
      ],
      [
        -7.229717,
        42.758119,
        720.25
      ],
      [
        -7.232321,
        42.756342,
        708.25
      ],
      [
        -7.240064,
        42.75666,
        671.5
      ],
      [
        -7.24365,
        42.755864,
        651.5
      ],
      [
        -7.244288,
        42.757571,
        655.0
      ],
      [
        -7.246216,
        42.759991,
        668.75
      ],
      [
        -7.248604,
        42.76144,
        686.0
      ],
      [
        -7.249694,
        42.764406,
        691.5
      ],
      [
        -7.252502,
        42.765822,
        703.5
      ],
      [
        -7.253636,
        42.765979,
        708.0
      ],
      [
        -7.255628,
        42.768449,
        721.25
      ],
      [
        -7.253636,
        42.765979,
        708.0
      ],
      [
        -7.252502,
        42.765822,
        703.5
      ],
      [
        -7.249694,
        42.764406,
        691.5
      ],
      [
        -7.248604,
        42.76144,
        686.0
      ],
      [
        -7.246216,
        42.759991,
        668.75
      ],
      [
        -7.244288,
        42.757571,
        655.0
      ],
      [
        -7.24365,
        42.755864,
        651.5
      ],
      [
        -7.243768,
        42.754253,
        649.75
      ],
      [
        -7.242922,
        42.751464,
        667.75
      ],
      [
        -7.243899,
        42.750689,
        677.75
      ],
      [
        -7.246798,
        42.749938,
        703.5
      ],
      [
        -7.249278,
        42.75134,
        722.5
      ],
      [
        -7.250196,
        42.751403,
        726.5
      ],
      [
        -7.251652,
        42.750788,
        734.75
      ],
      [
        -7.251454,
        42.750009,
        743.0
      ],
      [
        -7.249187,
        42.748179,
        774.25
      ],
      [
        -7.25027,
        42.747369,
        768.25
      ],
      [
        -7.249998,
        42.745974,
        762.0
      ],
      [
        -7.244853,
        42.745075,
        804.0
      ],
      [
        -7.24009,
        42.741502,
        863.0
      ],
      [
        -7.237967,
        42.74086,
        870.5
      ],
      [
        -7.23714,
        42.739201,
        874.25
      ],
      [
        -7.237051,
        42.737186,
        875.5
      ],
      [
        -7.239703,
        42.738943,
        908.75
      ],
      [
        -7.243537,
        42.739196,
        921.0
      ],
      [
        -7.245455,
        42.739815,
        913.5
      ],
      [
        -7.246779,
        42.740696,
        908.75
      ],
      [
        -7.249822,
        42.741538,
        880.75
      ],
      [
        -7.25157,
        42.739473,
        848.0
      ],
      [
        -7.251673,
        42.737238,
        818.0
      ],
      [
        -7.252652,
        42.737074,
        803.25
      ],
      [
        -7.25351,
        42.737912,
        793.5
      ],
      [
        -7.252795,
        42.737129,
        801.25
      ],
      [
        -7.251754,
        42.737158,
        815.75
      ],
      [
        -7.25157,
        42.739473,
        848.0
      ],
      [
        -7.249822,
        42.741538,
        880.75
      ],
      [
        -7.246779,
        42.740696,
        908.75
      ],
      [
        -7.245455,
        42.739815,
        913.5
      ],
      [
        -7.243537,
        42.739196,
        921.0
      ],
      [
        -7.245085,
        42.736784,
        908.25
      ],
      [
        -7.245217,
        42.735163,
        890.25
      ],
      [
        -7.250114,
        42.73345,
        850.25
      ],
      [
        -7.251937,
        42.733818,
        826.0
      ],
      [
        -7.251597,
        42.732071,
        811.75
      ],
      [
        -7.250293,
        42.730325,
        804.25
      ],
      [
        -7.252544,
        42.730569,
        789.25
      ],
      [
        -7.255647,
        42.732907,
        779.75
      ],
      [
        -7.256469,
        42.734311,
        782.5
      ],
      [
        -7.258802,
        42.733809,
        803.75
      ],
      [
        -7.260106,
        42.73441,
        802.25
      ],
      [
        -7.261593,
        42.737506,
        770.5
      ],
      [
        -7.261782,
        42.738921,
        765.5
      ],
      [
        -7.262815,
        42.739386,
        760.25
      ],
      [
        -7.264304,
        42.739377,
        750.0
      ],
      [
        -7.263798,
        42.738477,
        738.5
      ],
      [
        -7.264012,
        42.736829,
        720.0
      ],
      [
        -7.265229,
        42.737743,
        697.75
      ],
      [
        -7.266692,
        42.738228,
        690.0
      ],
      [
        -7.269032,
        42.74089,
        673.0
      ],
      [
        -7.269995,
        42.742804,
        662.0
      ],
      [
        -7.271359,
        42.742888,
        655.25
      ],
      [
        -7.269877,
        42.744388,
        638.5
      ],
      [
        -7.27015,
        42.744681,
        635.5
      ],
      [
        -7.272747,
        42.743277,
        610.75
      ],
      [
        -7.273124,
        42.741553,
        596.75
      ],
      [
        -7.27175,
        42.740456,
        598.25
      ],
      [
        -7.272348,
        42.739188,
        604.75
      ],
      [
        -7.27358,
        42.738559,
        609.75
      ],
      [
        -7.277814,
        42.739692,
        603.25
      ],
      [
        -7.2844,
        42.740713,
        598.25
      ],
      [
        -7.287845,
        42.739902,
        601.75
      ],
      [
        -7.291402,
        42.739587,
        598.0
      ],
      [
        -7.293638,
        42.738593,
        593.25
      ],
      [
        -7.295268,
        42.738813,
        592.5
      ],
      [
        -7.298513,
        42.737504,
        597.5
      ],
      [
        -7.303317,
        42.738862,
        610.25
      ],
      [
        -7.304868,
        42.738943,
        610.75
      ],
      [
        -7.306891,
        42.738175,
        609.5
      ],
      [
        -7.309698,
        42.737936,
        600.25
      ],
      [
        -7.312625,
        42.736318,
        589.5
      ],
      [
        -7.315805,
        42.735727,
        591.25
      ],
      [
        -7.320277,
        42.735509,
        608.0
      ],
      [
        -7.324332,
        42.737103,
        585.0
      ],
      [
        -7.325514,
        42.737062,
        578.25
      ],
      [
        -7.326425,
        42.736087,
        568.75
      ],
      [
        -7.325923,
        42.734528,
        556.25
      ],
      [
        -7.324248,
        42.733785,
        545.0
      ],
      [
        -7.323647,
        42.732986,
        541.25
      ],
      [
        -7.324604,
        42.732301,
        532.75
      ],
      [
        -7.32595,
        42.732814,
        529.5
      ],
      [
        -7.326749,
        42.732359,
        532.75
      ],
      [
        -7.326672,
        42.730126,
        527.25
      ],
      [
        -7.327346,
        42.729432,
        527.5
      ],
      [
        -7.329054,
        42.728996,
        528.5
      ],
      [
        -7.328852,
        42.728343,
        521.75
      ],
      [
        -7.32733,
        42.728935,
        524.25
      ],
      [
        -7.328852,
        42.728343,
        521.75
      ],
      [
        -7.329054,
        42.728996,
        528.5
      ],
      [
        -7.327346,
        42.729432,
        527.5
      ],
      [
        -7.326672,
        42.730126,
        527.25
      ],
      [
        -7.326749,
        42.732359,
        532.75
      ],
      [
        -7.326009,
        42.732814,
        529.5
      ],
      [
        -7.325388,
        42.732437,
        527.5
      ],
      [
        -7.324363,
        42.733039,
        528.5
      ],
      [
        -7.325413,
        42.732711,
        532.25
      ],
      [
        -7.325928,
        42.733127,
        537.0
      ],
      [
        -7.327347,
        42.733186,
        551.5
      ],
      [
        -7.328732,
        42.734319,
        560.25
      ],
      [
        -7.329708,
        42.736636,
        571.5
      ],
      [
        -7.331203,
        42.737158,
        585.75
      ],
      [
        -7.329834,
        42.738674,
        578.75
      ],
      [
        -7.329722,
        42.739375,
        585.0
      ],
      [
        -7.325703,
        42.743564,
        622.75
      ],
      [
        -7.323039,
        42.744209,
        633.25
      ],
      [
        -7.321383,
        42.745982,
        650.75
      ],
      [
        -7.320299,
        42.746283,
        652.5
      ],
      [
        -7.316047,
        42.749,
        674.75
      ],
      [
        -7.310184,
        42.747684,
        680.0
      ],
      [
        -7.305981,
        42.749774,
        694.5
      ],
      [
        -7.301921,
        42.751143,
        701.75
      ],
      [
        -7.298633,
        42.753271,
        705.25
      ],
      [
        -7.298704,
        42.754416,
        710.25
      ],
      [
        -7.297827,
        42.755614,
        713.0
      ],
      [
        -7.29721,
        42.757739,
        718.75
      ],
      [
        -7.301707,
        42.762117,
        751.75
      ],
      [
        -7.300841,
        42.762524,
        752.0
      ],
      [
        -7.298317,
        42.765131,
        746.75
      ],
      [
        -7.297431,
        42.766628,
        737.25
      ],
      [
        -7.299805,
        42.766352,
        743.5
      ],
      [
        -7.305093,
        42.764127,
        742.0
      ],
      [
        -7.305959,
        42.765246,
        734.0
      ],
      [
        -7.304887,
        42.766617,
        731.5
      ],
      [
        -7.305505,
        42.767404,
        731.5
      ],
      [
        -7.308377,
        42.767001,
        720.25
      ],
      [
        -7.311689,
        42.767784,
        695.5
      ],
      [
        -7.310099,
        42.772457,
        685.25
      ],
      [
        -7.308051,
        42.774479,
        680.0
      ],
      [
        -7.308385,
        42.775053,
        685.0
      ],
      [
        -7.310932,
        42.774482,
        689.5
      ],
      [
        -7.313719,
        42.772932,
        696.0
      ],
      [
        -7.316728,
        42.771845,
        681.75
      ],
      [
        -7.318633,
        42.772493,
        664.75
      ],
      [
        -7.320649,
        42.772511,
        664.0
      ],
      [
        -7.326167,
        42.774172,
        664.0
      ],
      [
        -7.329249,
        42.773153,
        677.75
      ],
      [
        -7.334176,
        42.772665,
        667.5
      ],
      [
        -7.336639,
        42.772872,
        650.25
      ],
      [
        -7.338303,
        42.772482,
        632.75
      ],
      [
        -7.342506,
        42.774092,
        608.5
      ],
      [
        -7.344488,
        42.773478,
        606.0
      ],
      [
        -7.346865,
        42.773845,
        603.75
      ],
      [
        -7.351796,
        42.773085,
        570.0
      ],
      [
        -7.350809,
        42.774182,
        560.5
      ],
      [
        -7.35103,
        42.774385,
        557.25
      ],
      [
        -7.353809,
        42.773519,
        533.75
      ],
      [
        -7.355321,
        42.774127,
        522.75
      ],
      [
        -7.357871,
        42.773873,
        512.5
      ],
      [
        -7.363433,
        42.772588,
        491.5
      ],
      [
        -7.365674,
        42.773347,
        489.0
      ],
      [
        -7.368477,
        42.773092,
        483.75
      ],
      [
        -7.373465,
        42.773533,
        486.0
      ],
      [
        -7.372998,
        42.77482,
        479.0
      ],
      [
        -7.370322,
        42.776254,
        464.0
      ],
      [
        -7.370136,
        42.77705,
        458.0
      ],
      [
        -7.370322,
        42.776254,
        464.0
      ],
      [
        -7.372499,
        42.775289,
        475.75
      ],
      [
        -7.373465,
        42.773533,
        486.0
      ],
      [
        -7.374103,
        42.773468,
        485.0
      ],
      [
        -7.377875,
        42.774126,
        486.0
      ],
      [
        -7.382985,
        42.775671,
        456.5
      ],
      [
        -7.384476,
        42.776512,
        449.25
      ],
      [
        -7.388804,
        42.776066,
        451.25
      ],
      [
        -7.39342,
        42.776348,
        433.75
      ],
      [
        -7.397774,
        42.776171,
        426.0
      ],
      [
        -7.400622,
        42.77558,
        420.75
      ],
      [
        -7.406394,
        42.775754,
        420.0
      ],
      [
        -7.417577,
        42.783204,
        419.0
      ],
      [
        -7.417422,
        42.783418,
        418.75
      ],
      [
        -7.416852,
        42.78314,
        419.0
      ],
      [
        -7.417422,
        42.783418,
        418.75
      ],
      [
        -7.419542,
        42.780287,
        432.75
      ],
      [
        -7.416911,
        42.777608,
        455.25
      ],
      [
        -7.416611,
        42.776782,
        460.5
      ],
      [
        -7.418896,
        42.775443,
        469.5
      ],
      [
        -7.420006,
        42.773874,
        472.0
      ],
      [
        -7.419685,
        42.771385,
        486.0
      ],
      [
        -7.425383,
        42.770982,
        495.75
      ],
      [
        -7.429774,
        42.768505,
        497.5
      ],
      [
        -7.430579,
        42.76882,
        489.0
      ],
      [
        -7.431264,
        42.768501,
        481.75
      ],
      [
        -7.432329,
        42.768654,
        471.0
      ],
      [
        -7.433296,
        42.764832,
        464.75
      ],
      [
        -7.434424,
        42.764296,
        451.25
      ],
      [
        -7.437342,
        42.765411,
        452.0
      ],
      [
        -7.437859,
        42.766128,
        462.25
      ],
      [
        -7.440567,
        42.766794,
        486.0
      ],
      [
        -7.443318,
        42.768802,
        515.0
      ],
      [
        -7.445282,
        42.768565,
        526.0
      ],
      [
        -7.447126,
        42.766933,
        535.25
      ],
      [
        -7.450392,
        42.765928,
        548.0
      ],
      [
        -7.452933,
        42.768635,
        569.0
      ],
      [
        -7.454178,
        42.769284,
        573.0
      ],
      [
        -7.455838,
        42.769571,
        583.25
      ],
      [
        -7.457376,
        42.768766,
        592.75
      ],
      [
        -7.461456,
        42.769168,
        596.0
      ],
      [
        -7.461931,
        42.768062,
        592.75
      ],
      [
        -7.463151,
        42.767507,
        599.0
      ],
      [
        -7.461931,
        42.768062,
        592.75
      ],
      [
        -7.461456,
        42.769168,
        596.0
      ],
      [
        -7.463314,
        42.769292,
        608.5
      ],
      [
        -7.466444,
        42.770203,
        628.0
      ],
      [
        -7.466816,
        42.77093,
        628.0
      ],
      [
        -7.46844,
        42.769562,
        628.75
      ],
      [
        -7.469119,
        42.767994,
        631.0
      ],
      [
        -7.473027,
        42.766488,
        635.0
      ],
      [
        -7.484062,
        42.763524,
        614.5
      ],
      [
        -7.490168,
        42.763348,
        609.0
      ],
      [
        -7.495292,
        42.761974,
        603.0
      ],
      [
        -7.494809,
        42.762785,
        605.25
      ],
      [
        -7.496252,
        42.765137,
        607.5
      ],
      [
        -7.497162,
        42.765345,
        603.75
      ],
      [
        -7.4984,
        42.768153,
        581.0
      ],
      [
        -7.499544,
        42.769002,
        566.0
      ],
      [
        -7.500804,
        42.769201,
        551.5
      ],
      [
        -7.499801,
        42.769914,
        540.0
      ],
      [
        -7.499694,
        42.770927,
        545.75
      ],
      [
        -7.501374,
        42.771641,
        552.25
      ],
      [
        -7.503044,
        42.771709,
        545.75
      ],
      [
        -7.507646,
        42.770969,
        535.25
      ],
      [
        -7.508595,
        42.772197,
        553.5
      ],
      [
        -7.510055,
        42.772659,
        565.25
      ],
      [
        -7.510473,
        42.774115,
        588.25
      ],
      [
        -7.513323,
        42.774034,
        602.0
      ],
      [
        -7.514108,
        42.773649,
        602.25
      ],
      [
        -7.515026,
        42.775591,
        625.0
      ],
      [
        -7.515232,
        42.779208,
        657.0
      ],
      [
        -7.519261,
        42.780442,
        665.5
      ],
      [
        -7.52071,
        42.78143,
        656.75
      ],
      [
        -7.521397,
        42.783534,
        646.5
      ],
      [
        -7.521034,
        42.784078,
        643.5
      ],
      [
        -7.522063,
        42.78526,
        653.0
      ],
      [
        -7.525708,
        42.784024,
        659.75
      ],
      [
        -7.527559,
        42.783628,
        657.25
      ],
      [
        -7.529592,
        42.783804,
        654.75
      ],
      [
        -7.530269,
        42.783252,
        646.75
      ],
      [
        -7.531974,
        42.783002,
        650.5
      ],
      [
        -7.533428,
        42.783496,
        662.5
      ],
      [
        -7.53916,
        42.784268,
        644.75
      ],
      [
        -7.54146,
        42.7853,
        645.75
      ],
      [
        -7.544905,
        42.786209,
        642.75
      ],
      [
        -7.548284,
        42.784178,
        641.75
      ],
      [
        -7.549983,
        42.783963,
        638.75
      ],
      [
        -7.551539,
        42.784244,
        634.0
      ],
      [
        -7.553606,
        42.782906,
        618.75
      ],
      [
        -7.554129,
        42.782148,
        610.5
      ],
      [
        -7.553705,
        42.780886,
        594.75
      ],
      [
        -7.554047,
        42.780193,
        584.5
      ],
      [
        -7.553065,
        42.779927,
        571.0
      ],
      [
        -7.55489,
        42.779507,
        573.25
      ],
      [
        -7.558305,
        42.779557,
        564.25
      ],
      [
        -7.560746,
        42.780435,
        560.0
      ],
      [
        -7.560568,
        42.782845,
        563.5
      ],
      [
        -7.563699,
        42.784809,
        580.0
      ],
      [
        -7.563506,
        42.786299,
        582.75
      ],
      [
        -7.563942,
        42.787215,
        578.0
      ],
      [
        -7.567076,
        42.788505,
        558.75
      ],
      [
        -7.569389,
        42.788853,
        539.25
      ],
      [
        -7.572513,
        42.790906,
        534.75
      ],
      [
        -7.576181,
        42.791079,
        555.0
      ],
      [
        -7.579027,
        42.790793,
        556.25
      ],
      [
        -7.582551,
        42.791216,
        546.5
      ],
      [
        -7.583441,
        42.791458,
        538.75
      ],
      [
        -7.584738,
        42.793177,
        517.75
      ],
      [
        -7.586805,
        42.79401,
        496.0
      ],
      [
        -7.590541,
        42.794384,
        479.75
      ],
      [
        -7.59824,
        42.791878,
        468.25
      ],
      [
        -7.600193,
        42.791712,
        462.75
      ],
      [
        -7.600876,
        42.792256,
        455.0
      ],
      [
        -7.600055,
        42.793147,
        447.75
      ],
      [
        -7.60088,
        42.795078,
        426.0
      ],
      [
        -7.602367,
        42.795679,
        428.25
      ],
      [
        -7.60469,
        42.795098,
        424.5
      ],
      [
        -7.609032,
        42.796014,
        424.0
      ],
      [
        -7.609008,
        42.796576,
        423.0
      ],
      [
        -7.610718,
        42.796476,
        411.75
      ],
      [
        -7.612497,
        42.798008,
        402.0
      ],
      [
        -7.615112,
        42.797838,
        401.0
      ],
      [
        -7.617769,
        42.798554,
        383.5
      ],
      [
        -7.61984,
        42.798206,
        372.75
      ],
      [
        -7.619338,
        42.799541,
        362.75
      ],
      [
        -7.615077,
        42.802107,
        348.5
      ],
      [
        -7.616771,
        42.804956,
        347.25
      ],
      [
        -7.614403,
        42.806876,
        372.75
      ],
      [
        -7.613971,
        42.80772,
        378.0
      ],
      [
        -7.615237,
        42.806906,
        379.5
      ],
      [
        -7.61575,
        42.807285,
        386.0
      ],
      [
        -7.616735,
        42.806249,
        373.5
      ],
      [
        -7.618085,
        42.807312,
        393.0
      ],
      [
        -7.619867,
        42.807699,
        397.75
      ],
      [
        -7.627324,
        42.807889,
        392.0
      ],
      [
        -7.630393,
        42.810394,
        373.75
      ],
      [
        -7.632085,
        42.810151,
        382.0
      ],
      [
        -7.637602,
        42.807941,
        424.5
      ],
      [
        -7.638789,
        42.807868,
        434.5
      ],
      [
        -7.646318,
        42.811631,
        448.25
      ],
      [
        -7.6577,
        42.812008,
        478.0
      ],
      [
        -7.662983,
        42.812854,
        489.25
      ],
      [
        -7.669855,
        42.81598,
        531.75
      ],
      [
        -7.679059,
        42.821038,
        544.75
      ],
      [
        -7.6861,
        42.822252,
        534.0
      ],
      [
        -7.690516,
        42.824631,
        534.5
      ],
      [
        -7.694601,
        42.825908,
        547.75
      ],
      [
        -7.695494,
        42.825216,
        542.75
      ],
      [
        -7.696162,
        42.825337,
        546.25
      ],
      [
        -7.696275,
        42.826521,
        551.75
      ],
      [
        -7.703748,
        42.830792,
        596.75
      ],
      [
        -7.705835,
        42.830909,
        593.75
      ],
      [
        -7.70957,
        42.831893,
        601.25
      ],
      [
        -7.71569,
        42.835349,
        650.75
      ],
      [
        -7.722044,
        42.835503,
        676.5
      ],
      [
        -7.729906,
        42.838021,
        688.0
      ],
      [
        -7.732556,
        42.839907,
        684.0
      ],
      [
        -7.732414,
        42.840884,
        687.75
      ],
      [
        -7.733278,
        42.841923,
        689.75
      ],
      [
        -7.734292,
        42.84237,
        689.75
      ],
      [
        -7.735357,
        42.841902,
        682.0
      ],
      [
        -7.737658,
        42.842531,
        690.5
      ],
      [
        -7.745456,
        42.843446,
        704.75
      ],
      [
        -7.752743,
        42.845421,
        719.0
      ],
      [
        -7.755478,
        42.845745,
        721.75
      ],
      [
        -7.760498,
        42.849705,
        717.0
      ],
      [
        -7.769907,
        42.852504,
        663.25
      ],
      [
        -7.772679,
        42.852681,
        649.0
      ],
      [
        -7.773996,
        42.85377,
        643.5
      ],
      [
        -7.777522,
        42.855432,
        632.75
      ],
      [
        -7.779461,
        42.858448,
        625.5
      ],
      [
        -7.782623,
        42.861406,
        613.5
      ],
      [
        -7.782535,
        42.862345,
        606.25
      ],
      [
        -7.783448,
        42.862219,
        597.5
      ],
      [
        -7.784962,
        42.862702,
        607.5
      ],
      [
        -7.787266,
        42.865393,
        629.5
      ],
      [
        -7.7903,
        42.865562,
        623.75
      ],
      [
        -7.793605,
        42.866245,
        628.25
      ],
      [
        -7.797885,
        42.868471,
        647.25
      ],
      [
        -7.801095,
        42.871028,
        634.75
      ],
      [
        -7.803722,
        42.872091,
        608.25
      ],
      [
        -7.805806,
        42.873773,
        582.75
      ],
      [
        -7.807377,
        42.873494,
        579.0
      ],
      [
        -7.809073,
        42.873671,
        581.75
      ],
      [
        -7.811897,
        42.872349,
        587.75
      ],
      [
        -7.813965,
        42.872167,
        594.5
      ],
      [
        -7.81577,
        42.873179,
        608.0
      ],
      [
        -7.817301,
        42.873417,
        612.75
      ],
      [
        -7.81805,
        42.874182,
        618.75
      ],
      [
        -7.82154,
        42.873143,
        628.5
      ],
      [
        -7.824686,
        42.872935,
        630.25
      ],
      [
        -7.826325,
        42.87336,
        625.5
      ],
      [
        -7.830056,
        42.875351,
        613.5
      ],
      [
        -7.834891,
        42.875994,
        617.0
      ],
      [
        -7.837302,
        42.875669,
        622.75
      ],
      [
        -7.83971,
        42.874459,
        629.0
      ],
      [
        -7.84847,
        42.874286,
        632.5
      ],
      [
        -7.851013,
        42.8749,
        626.25
      ],
      [
        -7.852904,
        42.874278,
        625.0
      ],
      [
        -7.86377,
        42.873413,
        593.5
      ],
      [
        -7.865867,
        42.872767,
        575.5
      ],
      [
        -7.867484,
        42.872761,
        568.75
      ],
      [
        -7.868636,
        42.874258,
        558.75
      ],
      [
        -7.86924,
        42.874202,
        554.0
      ],
      [
        -7.869724,
        42.873295,
        548.0
      ],
      [
        -7.872368,
        42.873986,
        535.0
      ],
      [
        -7.881366,
        42.872472,
        504.0
      ],
      [
        -7.883054,
        42.871613,
        505.75
      ],
      [
        -7.884935,
        42.871317,
        524.0
      ],
      [
        -7.890174,
        42.871805,
        540.25
      ],
      [
        -7.889471,
        42.870241,
        528.0
      ],
      [
        -7.890218,
        42.870203,
        527.25
      ],
      [
        -7.891723,
        42.870507,
        528.5
      ],
      [
        -7.892571,
        42.872392,
        518.25
      ],
      [
        -7.895593,
        42.87425,
        511.5
      ],
      [
        -7.898303,
        42.872166,
        502.0
      ],
      [
        -7.901659,
        42.874527,
        477.25
      ],
      [
        -7.904078,
        42.874393,
        463.0
      ],
      [
        -7.905409,
        42.875148,
        457.75
      ],
      [
        -7.907914,
        42.875505,
        457.0
      ],
      [
        -7.909933,
        42.876729,
        452.25
      ],
      [
        -7.91439,
        42.878444,
        419.75
      ],
      [
        -7.916345,
        42.877368,
        426.25
      ],
      [
        -7.917964,
        42.875606,
        426.0
      ],
      [
        -7.924219,
        42.874192,
        436.75
      ],
      [
        -7.927445,
        42.872574,
        435.5
      ],
      [
        -7.928295,
        42.873094,
        444.0
      ],
      [
        -7.926578,
        42.876314,
        470.0
      ],
      [
        -7.927165,
        42.87877,
        474.5
      ],
      [
        -7.931056,
        42.879203,
        500.75
      ],
      [
        -7.9327,
        42.87496,
        490.5
      ],
      [
        -7.934578,
        42.874035,
        485.5
      ],
      [
        -7.935949,
        42.875256,
        475.5
      ],
      [
        -7.936133,
        42.876514,
        465.75
      ],
      [
        -7.939662,
        42.878654,
        457.25
      ],
      [
        -7.942343,
        42.878899,
        449.0
      ],
      [
        -7.94346,
        42.878615,
        442.0
      ],
      [
        -7.945853,
        42.877133,
        424.25
      ],
      [
        -7.947155,
        42.877093,
        423.75
      ],
      [
        -7.948511,
        42.880175,
        447.25
      ],
      [
        -7.952889,
        42.881512,
        467.5
      ],
      [
        -7.958405,
        42.884738,
        476.0
      ],
      [
        -7.964229,
        42.886728,
        450.75
      ],
      [
        -7.966348,
        42.888243,
        443.25
      ],
      [
        -7.967167,
        42.889658,
        435.25
      ],
      [
        -7.968986,
        42.89015,
        438.5
      ],
      [
        -7.973449,
        42.893883,
        460.5
      ],
      [
        -7.974475,
        42.89425,
        459.75
      ],
      [
        -7.976206,
        42.893594,
        458.0
      ],
      [
        -7.980738,
        42.897612,
        448.0
      ],
      [
        -7.990924,
        42.902807,
        440.25
      ],
      [
        -7.990623,
        42.903028,
        440.75
      ],
      [
        -7.992732,
        42.909458,
        411.0
      ],
      [
        -7.993479,
        42.91067,
        407.75
      ],
      [
        -7.994743,
        42.911229,
        410.25
      ],
      [
        -7.998071,
        42.911047,
        415.25
      ],
      [
        -8.004038,
        42.91204,
        426.0
      ],
      [
        -8.013394,
        42.913668,
        452.0
      ],
      [
        -8.013801,
        42.914506,
        450.75
      ],
      [
        -8.013394,
        42.913668,
        452.0
      ],
      [
        -8.015091,
        42.913892,
        454.0
      ],
      [
        -8.020426,
        42.912066,
        437.25
      ],
      [
        -8.022398,
        42.912491,
        429.5
      ],
      [
        -8.027753,
        42.909004,
        419.5
      ],
      [
        -8.031686,
        42.908777,
        407.75
      ],
      [
        -8.035326,
        42.907085,
        405.75
      ],
      [
        -8.040397,
        42.905831,
        413.25
      ],
      [
        -8.044,
        42.905484,
        422.5
      ],
      [
        -8.048283,
        42.906255,
        429.0
      ],
      [
        -8.051252,
        42.908004,
        427.75
      ],
      [
        -8.052892,
        42.908186,
        416.75
      ],
      [
        -8.060863,
        42.903429,
        433.25
      ],
      [
        -8.061804,
        42.90422,
        437.0
      ],
      [
        -8.061706,
        42.905467,
        439.5
      ],
      [
        -8.065643,
        42.905052,
        419.25
      ],
      [
        -8.06769,
        42.905639,
        411.0
      ],
      [
        -8.068741,
        42.903859,
        407.5
      ],
      [
        -8.071776,
        42.900941,
        403.75
      ],
      [
        -8.071797,
        42.901988,
        403.5
      ],
      [
        -8.077094,
        42.902889,
        377.25
      ],
      [
        -8.077673,
        42.903816,
        382.25
      ],
      [
        -8.079211,
        42.904541,
        390.75
      ],
      [
        -8.078996,
        42.907343,
        409.75
      ],
      [
        -8.080097,
        42.909075,
        419.25
      ],
      [
        -8.07846,
        42.910441,
        421.75
      ],
      [
        -8.077499,
        42.913076,
        410.75
      ],
      [
        -8.078891,
        42.91474,
        390.75
      ],
      [
        -8.078825,
        42.916079,
        393.0
      ],
      [
        -8.077621,
        42.916127,
        396.5
      ],
      [
        -8.077572,
        42.91522,
        396.75
      ],
      [
        -8.077621,
        42.916083,
        396.5
      ],
      [
        -8.078948,
        42.916807,
        393.5
      ],
      [
        -8.079411,
        42.91789,
        380.25
      ],
      [
        -8.08178,
        42.918451,
        361.0
      ],
      [
        -8.083079,
        42.918465,
        354.75
      ],
      [
        -8.084279,
        42.917955,
        349.5
      ],
      [
        -8.08752,
        42.918706,
        334.75
      ],
      [
        -8.089133,
        42.918531,
        341.75
      ],
      [
        -8.088926,
        42.919158,
        352.75
      ],
      [
        -8.090938,
        42.91951,
        372.25
      ],
      [
        -8.092422,
        42.920501,
        393.5
      ],
      [
        -8.093446,
        42.92246,
        405.25
      ],
      [
        -8.095031,
        42.924115,
        407.25
      ],
      [
        -8.09727,
        42.924776,
        413.0
      ],
      [
        -8.101579,
        42.924652,
        402.75
      ],
      [
        -8.103277,
        42.925146,
        394.75
      ],
      [
        -8.104513,
        42.926719,
        378.0
      ],
      [
        -8.110131,
        42.928218,
        402.75
      ],
      [
        -8.110274,
        42.929202,
        406.5
      ],
      [
        -8.109919,
        42.928146,
        401.5
      ],
      [
        -8.110965,
        42.928069,
        408.5
      ],
      [
        -8.112594,
        42.927096,
        425.25
      ],
      [
        -8.114029,
        42.928622,
        421.75
      ],
      [
        -8.12502,
        42.930236,
        350.25
      ],
      [
        -8.127036,
        42.931014,
        331.5
      ],
      [
        -8.129615,
        42.931041,
        304.75
      ],
      [
        -8.131259,
        42.93046,
        304.5
      ],
      [
        -8.132318,
        42.930535,
        310.5
      ],
      [
        -8.134478,
        42.924662,
        316.5
      ],
      [
        -8.133274,
        42.923941,
        311.75
      ],
      [
        -8.133256,
        42.921313,
        312.5
      ],
      [
        -8.133811,
        42.92049,
        306.75
      ],
      [
        -8.13814,
        42.920023,
        325.0
      ],
      [
        -8.140137,
        42.919461,
        338.75
      ],
      [
        -8.144593,
        42.916703,
        314.0
      ],
      [
        -8.14658,
        42.917154,
        318.25
      ],
      [
        -8.147538,
        42.918295,
        315.75
      ],
      [
        -8.150433,
        42.917842,
        323.25
      ],
      [
        -8.15146,
        42.915387,
        311.5
      ],
      [
        -8.153806,
        42.913976,
        321.25
      ],
      [
        -8.159102,
        42.912839,
        301.25
      ],
      [
        -8.159538,
        42.911226,
        317.0
      ],
      [
        -8.161176,
        42.910582,
        322.75
      ],
      [
        -8.159683,
        42.909379,
        314.75
      ],
      [
        -8.160095,
        42.906834,
        295.5
      ],
      [
        -8.161048,
        42.905066,
        272.25
      ],
      [
        -8.164802,
        42.904925,
        281.0
      ],
      [
        -8.167555,
        42.898218,
        284.5
      ],
      [
        -8.167941,
        42.896544,
        290.0
      ],
      [
        -8.167089,
        42.89515,
        280.25
      ],
      [
        -8.167902,
        42.894528,
        273.75
      ],
      [
        -8.169416,
        42.894142,
        269.0
      ],
      [
        -8.168724,
        42.893394,
        272.75
      ],
      [
        -8.169168,
        42.892773,
        275.75
      ],
      [
        -8.171403,
        42.892178,
        286.25
      ],
      [
        -8.176509,
        42.889504,
        315.0
      ],
      [
        -8.178223,
        42.888212,
        322.0
      ],
      [
        -8.181141,
        42.887311,
        329.25
      ],
      [
        -8.184154,
        42.88549,
        349.75
      ],
      [
        -8.185223,
        42.884109,
        352.0
      ],
      [
        -8.185003,
        42.883666,
        352.75
      ],
      [
        -8.185223,
        42.884109,
        352.0
      ],
      [
        -8.186727,
        42.883412,
        360.25
      ],
      [
        -8.192564,
        42.882804,
        368.75
      ],
      [
        -8.1954,
        42.884385,
        363.0
      ],
      [
        -8.199433,
        42.888267,
        359.75
      ],
      [
        -8.199312,
        42.88958,
        354.5
      ],
      [
        -8.200907,
        42.89329,
        344.5
      ],
      [
        -8.200399,
        42.894514,
        347.5
      ],
      [
        -8.20102,
        42.899432,
        344.5
      ],
      [
        -8.213244,
        42.898739,
        384.25
      ],
      [
        -8.217014,
        42.903902,
        374.5
      ],
      [
        -8.217716,
        42.90418,
        377.75
      ],
      [
        -8.217198,
        42.904838,
        379.25
      ],
      [
        -8.217521,
        42.90704,
        385.75
      ],
      [
        -8.215281,
        42.907694,
        379.25
      ],
      [
        -8.214319,
        42.908986,
        367.5
      ],
      [
        -8.21597,
        42.912314,
        345.75
      ],
      [
        -8.2141,
        42.912658,
        348.0
      ],
      [
        -8.212311,
        42.913505,
        349.0
      ],
      [
        -8.210897,
        42.915067,
        342.5
      ],
      [
        -8.209997,
        42.91543,
        345.0
      ],
      [
        -8.210814,
        42.916593,
        352.5
      ],
      [
        -8.210497,
        42.917781,
        358.0
      ],
      [
        -8.21167,
        42.919093,
        365.5
      ],
      [
        -8.212988,
        42.920005,
        371.0
      ],
      [
        -8.214478,
        42.919577,
        373.0
      ],
      [
        -8.214338,
        42.920105,
        375.5
      ],
      [
        -8.214935,
        42.920372,
        377.5
      ],
      [
        -8.214355,
        42.925697,
        390.75
      ],
      [
        -8.214875,
        42.928365,
        398.5
      ],
      [
        -8.214566,
        42.928536,
        397.25
      ],
      [
        -8.218034,
        42.92699,
        388.25
      ],
      [
        -8.224063,
        42.925519,
        388.75
      ],
      [
        -8.224151,
        42.922589,
        379.25
      ],
      [
        -8.226144,
        42.922448,
        379.5
      ],
      [
        -8.228739,
        42.921066,
        385.25
      ],
      [
        -8.238346,
        42.917892,
        359.75
      ],
      [
        -8.23945,
        42.916864,
        357.5
      ],
      [
        -8.243475,
        42.917924,
        337.25
      ],
      [
        -8.244493,
        42.917617,
        334.0
      ],
      [
        -8.244731,
        42.915778,
        335.5
      ],
      [
        -8.248173,
        42.914127,
        348.5
      ],
      [
        -8.250942,
        42.913411,
        347.5
      ],
      [
        -8.252539,
        42.913809,
        343.0
      ],
      [
        -8.265374,
        42.921979,
        355.0
      ],
      [
        -8.269141,
        42.923114,
        360.25
      ],
      [
        -8.275505,
        42.925752,
        364.25
      ],
      [
        -8.280262,
        42.926364,
        361.75
      ],
      [
        -8.282246,
        42.925771,
        365.0
      ],
      [
        -8.285434,
        42.923627,
        375.0
      ],
      [
        -8.289197,
        42.924404,
        384.0
      ],
      [
        -8.295936,
        42.922555,
        393.0
      ],
      [
        -8.297702,
        42.92171,
        385.5
      ],
      [
        -8.299173,
        42.923349,
        382.0
      ],
      [
        -8.301319,
        42.920436,
        383.25
      ],
      [
        -8.303096,
        42.920376,
        386.5
      ],
      [
        -8.305548,
        42.918837,
        373.75
      ],
      [
        -8.305246,
        42.917939,
        371.5
      ],
      [
        -8.317151,
        42.91671,
        384.5
      ],
      [
        -8.322075,
        42.915359,
        401.75
      ],
      [
        -8.326768,
        42.915998,
        398.0
      ],
      [
        -8.327929,
        42.915019,
        390.5
      ],
      [
        -8.32969,
        42.916634,
        380.0
      ],
      [
        -8.331611,
        42.916796,
        372.0
      ],
      [
        -8.332809,
        42.917403,
        366.25
      ],
      [
        -8.333517,
        42.915076,
        357.0
      ],
      [
        -8.335082,
        42.913733,
        343.75
      ],
      [
        -8.336627,
        42.91308,
        336.0
      ],
      [
        -8.337848,
        42.911659,
        335.75
      ],
      [
        -8.339325,
        42.911313,
        333.75
      ],
      [
        -8.340725,
        42.912715,
        321.0
      ],
      [
        -8.342232,
        42.912701,
        310.5
      ],
      [
        -8.34443,
        42.913357,
        285.0
      ],
      [
        -8.349507,
        42.913116,
        278.0
      ],
      [
        -8.35044,
        42.91452,
        277.25
      ],
      [
        -8.351439,
        42.914212,
        274.0
      ],
      [
        -8.35044,
        42.91452,
        277.25
      ],
      [
        -8.348298,
        42.911426,
        270.25
      ],
      [
        -8.348374,
        42.910497,
        267.75
      ],
      [
        -8.348298,
        42.911426,
        270.25
      ],
      [
        -8.35044,
        42.91452,
        277.25
      ],
      [
        -8.354313,
        42.912772,
        268.5
      ],
      [
        -8.357501,
        42.912291,
        260.75
      ],
      [
        -8.35925,
        42.907187,
        275.75
      ],
      [
        -8.360472,
        42.905824,
        279.75
      ],
      [
        -8.362251,
        42.904686,
        282.5
      ],
      [
        -8.368656,
        42.903665,
        273.25
      ],
      [
        -8.371233,
        42.903753,
        263.5
      ],
      [
        -8.380583,
        42.899798,
        272.25
      ],
      [
        -8.3891,
        42.902041,
        260.5
      ],
      [
        -8.391911,
        42.903894,
        250.0
      ],
      [
        -8.391134,
        42.904698,
        250.0
      ],
      [
        -8.391586,
        42.905298,
        248.75
      ],
      [
        -8.39386,
        42.905934,
        250.5
      ],
      [
        -8.394354,
        42.906766,
        254.5
      ],
      [
        -8.395765,
        42.907433,
        260.25
      ],
      [
        -8.399227,
        42.908503,
        276.75
      ],
      [
        -8.403886,
        42.908156,
        296.25
      ],
      [
        -8.405086,
        42.90839,
        301.0
      ],
      [
        -8.405818,
        42.909257,
        308.0
      ],
      [
        -8.406646,
        42.912328,
        321.0
      ],
      [
        -8.40884,
        42.912834,
        329.75
      ],
      [
        -8.410473,
        42.914437,
        344.25
      ],
      [
        -8.414175,
        42.913739,
        363.0
      ],
      [
        -8.420241,
        42.913748,
        343.0
      ],
      [
        -8.422833,
        42.913379,
        335.75
      ],
      [
        -8.423905,
        42.912569,
        335.5
      ],
      [
        -8.42431,
        42.911595,
        339.75
      ],
      [
        -8.423543,
        42.908686,
        339.5
      ],
      [
        -8.42643,
        42.909107,
        330.0
      ],
      [
        -8.428954,
        42.911421,
        312.25
      ],
      [
        -8.433181,
        42.912152,
        312.0
      ],
      [
        -8.436944,
        42.913415,
        310.0
      ],
      [
        -8.439067,
        42.911005,
        301.25
      ],
      [
        -8.439451,
        42.909502,
        304.75
      ],
      [
        -8.442514,
        42.90394,
        310.0
      ],
      [
        -8.442655,
        42.901488,
        303.0
      ],
      [
        -8.446885,
        42.900155,
        296.25
      ],
      [
        -8.446495,
        42.899544,
        296.5
      ],
      [
        -8.444843,
        42.89924,
        299.5
      ],
      [
        -8.444102,
        42.898048,
        293.0
      ],
      [
        -8.44496,
        42.898158,
        292.5
      ],
      [
        -8.447535,
        42.897116,
        317.75
      ],
      [
        -8.447823,
        42.895208,
        323.75
      ],
      [
        -8.447139,
        42.894492,
        331.5
      ],
      [
        -8.449837,
        42.892126,
        348.25
      ],
      [
        -8.449655,
        42.89158,
        353.5
      ],
      [
        -8.452487,
        42.89137,
        356.75
      ],
      [
        -8.45694,
        42.890117,
        372.0
      ],
      [
        -8.459738,
        42.890578,
        381.0
      ],
      [
        -8.463627,
        42.890429,
        382.25
      ],
      [
        -8.476536,
        42.89232,
        379.0
      ],
      [
        -8.476331,
        42.890505,
        380.25
      ],
      [
        -8.486264,
        42.890593,
        369.75
      ],
      [
        -8.48737,
        42.890799,
        361.0
      ],
      [
        -8.487789,
        42.891553,
        360.0
      ],
      [
        -8.49139,
        42.890752,
        365.5
      ],
      [
        -8.493893,
        42.889562,
        374.0
      ],
      [
        -8.494359,
        42.889678,
        372.0
      ],
      [
        -8.499902,
        42.887852,
        332.75
      ],
      [
        -8.501819,
        42.888007,
        310.75
      ],
      [
        -8.503737,
        42.887435,
        303.0
      ],
      [
        -8.503521,
        42.888449,
        292.75
      ],
      [
        -8.502728,
        42.888792,
        296.0
      ],
      [
        -8.502691,
        42.889585,
        291.0
      ],
      [
        -8.503593,
        42.891407,
        294.25
      ],
      [
        -8.504791,
        42.891681,
        284.75
      ],
      [
        -8.505829,
        42.892795,
        279.0
      ],
      [
        -8.506048,
        42.892148,
        276.25
      ],
      [
        -8.508547,
        42.892564,
        281.25
      ],
      [
        -8.509757,
        42.891445,
        280.0
      ],
      [
        -8.510951,
        42.891815,
        281.75
      ],
      [
        -8.515099,
        42.889919,
        281.5
      ],
      [
        -8.516948,
        42.886973,
        287.0
      ],
      [
        -8.520939,
        42.887742,
        292.5
      ],
      [
        -8.523268,
        42.887849,
        294.75
      ],
      [
        -8.523511,
        42.887588,
        289.0
      ],
      [
        -8.527984,
        42.888098,
        295.0
      ],
      [
        -8.528011,
        42.887457,
        292.25
      ],
      [
        -8.52938,
        42.887539,
        287.25
      ],
      [
        -8.530986,
        42.886672,
        288.5
      ],
      [
        -8.532774,
        42.886935,
        282.75
      ],
      [
        -8.53491,
        42.881907,
        275.75
      ],
      [
        -8.535239,
        42.881778,
        278.0
      ],
      [
        -8.535414,
        42.882535,
        285.25
      ],
      [
        -8.537646,
        42.88193,
        280.5
      ],
      [
        -8.53965,
        42.882206,
        265.5
      ],
      [
        -8.541629,
        42.878052,
        257.75
      ],
      [
        -8.544174,
        42.876898,
        254.75
      ],
      [
        -8.544443,
        42.877781,
        257.0
      ]
    ]
  }
}
