{
  "type": "Feature",
  "properties": {
    "source": "BRouter trekking",
    "coordinateHash": "4f55e2c256911f3bc5591ee4536e776d499b5715af547f0f5bbe494519b12141"
  },
  "geometry": {
    "type": "LineString",
    "coordinates": [
      [
        16.882318,
        49.201637,
        235.0
      ],
      [
        16.882723,
        49.201214,
        234.5
      ],
      [
        16.882787,
        49.201113,
        234.75
      ],
      [
        16.882444,
        49.201104,
        235.0
      ],
      [
        16.882355,
        49.201096,
        235.5
      ],
      [
        16.882221,
        49.201075,
        235.75
      ],
      [
        16.882401,
        49.200916,
        235.75
      ],
      [
        16.883437,
        49.200003,
        234.75
      ],
      [
        16.883828,
        49.199536,
        233.75
      ],
      [
        16.884221,
        49.198873,
        232.0
      ],
      [
        16.884277,
        49.19877,
        232.0
      ],
      [
        16.884587,
        49.197691,
        231.0
      ],
      [
        16.884575,
        49.197515,
        231.0
      ],
      [
        16.884519,
        49.197189,
        231.0
      ],
      [
        16.884461,
        49.197056,
        231.0
      ],
      [
        16.884305,
        49.19683,
        231.25
      ],
      [
        16.884259,
        49.196611,
        232.0
      ],
      [
        16.884331,
        49.196411,
        232.5
      ],
      [
        16.884408,
        49.196371,
        232.75
      ],
      [
        16.884608,
        49.196269,
        233.5
      ],
      [
        16.88493,
        49.196103,
        235.25
      ],
      [
        16.88521,
        49.19596,
        237.75
      ],
      [
        16.885824,
        49.195848,
        240.75
      ],
      [
        16.886546,
        49.19551,
        243.75
      ],
      [
        16.886911,
        49.195329,
        245.75
      ],
      [
        16.887518,
        49.195029,
        248.0
      ],
      [
        16.88882,
        49.194281,
        251.75
      ],
      [
        16.88936,
        49.193912,
        252.0
      ],
      [
        16.889548,
        49.193562,
        252.25
      ],
      [
        16.889614,
        49.193206,
        253.0
      ],
      [
        16.889533,
        49.192134,
        259.0
      ],
      [
        16.889563,
        49.191845,
        260.25
      ],
      [
        16.889738,
        49.191569,
        261.5
      ],
      [
        16.890288,
        49.191024,
        267.5
      ],
      [
        16.890441,
        49.190768,
        270.25
      ],
      [
        16.890813,
        49.189584,
        283.0
      ],
      [
        16.890904,
        49.189488,
        284.25
      ],
      [
        16.891047,
        49.189442,
        285.0
      ],
      [
        16.891717,
        49.189381,
        289.25
      ],
      [
        16.891829,
        49.1893,
        290.25
      ],
      [
        16.891819,
        49.189183,
        291.0
      ],
      [
        16.891623,
        49.188993,
        292.5
      ],
      [
        16.891493,
        49.188789,
        295.0
      ],
      [
        16.891402,
        49.18833,
        299.0
      ],
      [
        16.891407,
        49.188091,
        300.0
      ],
      [
        16.891692,
        49.186011,
        309.0
      ],
      [
        16.891707,
        49.185774,
        309.0
      ],
      [
        16.891701,
        49.18558,
        309.0
      ],
      [
        16.891265,
        49.183285,
        306.75
      ],
      [
        16.891285,
        49.183016,
        304.75
      ],
      [
        16.891791,
        49.181501,
        292.5
      ],
      [
        16.891976,
        49.181121,
        292.0
      ],
      [
        16.893424,
        49.178439,
        314.75
      ],
      [
        16.893957,
        49.176107,
        314.75
      ],
      [
        16.894059,
        49.175889,
        315.0
      ],
      [
        16.894206,
        49.175777,
        314.5
      ],
      [
        16.89442,
        49.175691,
        313.5
      ],
      [
        16.903523,
        49.173384,
        275.0
      ],
      [
        16.903894,
        49.173318,
        273.75
      ],
      [
        16.904158,
        49.173298,
        273.0
      ],
      [
        16.908384,
        49.173669,
        260.75
      ],
      [
        16.908588,
        49.173664,
        260.5
      ],
      [
        16.908816,
        49.173592,
        259.5
      ],
      [
        16.909756,
        49.172602,
        253.25
      ],
      [
        16.91001,
        49.172343,
        253.25
      ],
      [
        16.910264,
        49.172165,
        252.75
      ],
      [
        16.910518,
        49.172053,
        252.25
      ],
      [
        16.913414,
        49.171032,
        247.5
      ],
      [
        16.914176,
        49.170722,
        246.5
      ],
      [
        16.914939,
        49.170258,
        246.5
      ],
      [
        16.915192,
        49.170138,
        246.5
      ],
      [
        16.91665,
        49.16964,
        245.25
      ],
      [
        16.919118,
        49.168721,
        240.25
      ],
      [
        16.91925,
        49.168648,
        240.0
      ],
      [
        16.919504,
        49.168508,
        239.5
      ],
      [
        16.919952,
        49.168015,
        239.5
      ],
      [
        16.920124,
        49.167665,
        239.25
      ],
      [
        16.920317,
        49.167395,
        240.0
      ],
      [
        16.920576,
        49.167039,
        241.0
      ],
      [
        16.920968,
        49.166613,
        243.5
      ],
      [
        16.921227,
        49.16647,
        245.25
      ],
      [
        16.9216,
        49.166306,
        246.5
      ],
      [
        16.921716,
        49.166198,
        246.25
      ],
      [
        16.919674,
        49.164429,
        235.0
      ],
      [
        16.919457,
        49.164207,
        233.25
      ],
      [
        16.919381,
        49.164096,
        232.75
      ],
      [
        16.919323,
        49.163989,
        232.5
      ],
      [
        16.919279,
        49.163848,
        231.75
      ],
      [
        16.919249,
        49.163719,
        230.75
      ],
      [
        16.919223,
        49.16345,
        229.75
      ],
      [
        16.919281,
        49.162747,
        228.75
      ],
      [
        16.919296,
        49.162208,
        228.0
      ],
      [
        16.919252,
        49.162023,
        228.0
      ],
      [
        16.919164,
        49.161871,
        227.75
      ],
      [
        16.919058,
        49.161804,
        227.5
      ],
      [
        16.91893,
        49.161772,
        226.75
      ],
      [
        16.918844,
        49.161764,
        226.75
      ],
      [
        16.918712,
        49.161752,
        227.25
      ],
      [
        16.917986,
        49.161685,
        228.25
      ],
      [
        16.917188,
        49.161599,
        230.0
      ],
      [
        16.916912,
        49.161493,
        231.0
      ],
      [
        16.916456,
        49.161245,
        231.0
      ],
      [
        16.915916,
        49.160903,
        232.5
      ],
      [
        16.915336,
        49.160552,
        233.5
      ],
      [
        16.908791,
        49.156671,
        219.5
      ],
      [
        16.908136,
        49.15628,
        218.0
      ],
      [
        16.907952,
        49.156193,
        218.0
      ],
      [
        16.907711,
        49.156121,
        218.0
      ],
      [
        16.907506,
        49.156097,
        218.0
      ],
      [
        16.906703,
        49.156036,
        217.0
      ],
      [
        16.901905,
        49.155609,
        222.0
      ],
      [
        16.90172,
        49.155581,
        222.0
      ],
      [
        16.899002,
        49.155056,
        219.5
      ],
      [
        16.898875,
        49.155008,
        220.0
      ],
      [
        16.898763,
        49.154919,
        219.5
      ],
      [
        16.898721,
        49.154843,
        219.25
      ],
      [
        16.898691,
        49.154708,
        218.75
      ],
      [
        16.898743,
        49.153694,
        219.25
      ],
      [
        16.898665,
        49.152481,
        219.0
      ],
      [
        16.898525,
        49.152484,
        219.25
      ],
      [
        16.898248,
        49.152467,
        220.0
      ],
      [
        16.898137,
        49.152475,
        220.0
      ],
      [
        16.897068,
        49.152694,
        220.5
      ],
      [
        16.895814,
        49.152932,
        218.75
      ],
      [
        16.894933,
        49.153074,
        219.0
      ],
      [
        16.894619,
        49.15312,
        218.5
      ],
      [
        16.893843,
        49.153216,
        217.5
      ],
      [
        16.892192,
        49.153384,
        214.75
      ],
      [
        16.892134,
        49.153395,
        214.5
      ],
      [
        16.891683,
        49.153482,
        213.5
      ],
      [
        16.891234,
        49.153481,
        213.0
      ],
      [
        16.890118,
        49.15358,
        211.25
      ],
      [
        16.889554,
        49.153581,
        210.5
      ],
      [
        16.888744,
        49.153548,
        209.25
      ],
      [
        16.888606,
        49.15356,
        209.0
      ],
      [
        16.888493,
        49.153571,
        208.5
      ],
      [
        16.887992,
        49.153538,
        208.0
      ],
      [
        16.887925,
        49.153522,
        208.0
      ],
      [
        16.887786,
        49.153469,
        208.0
      ],
      [
        16.887678,
        49.153446,
        207.5
      ],
      [
        16.886967,
        49.153355,
        207.0
      ],
      [
        16.886729,
        49.153339,
        207.0
      ],
      [
        16.886575,
        49.153339,
        207.0
      ],
      [
        16.886584,
        49.153249,
        206.5
      ],
      [
        16.886607,
        49.153209,
        206.5
      ],
      [
        16.886387,
        49.153212,
        206.5
      ],
      [
        16.886197,
        49.153223,
        206.0
      ],
      [
        16.88236,
        49.153488,
        206.25
      ],
      [
        16.882087,
        49.153505,
        206.5
      ],
      [
        16.881734,
        49.153527,
        206.5
      ],
      [
        16.880355,
        49.153625,
        208.0
      ],
      [
        16.879902,
        49.153667,
        207.0
      ],
      [
        16.879745,
        49.153695,
        207.25
      ],
      [
        16.879076,
        49.153823,
        206.75
      ],
      [
        16.876606,
        49.154271,
        210.5
      ],
      [
        16.876496,
        49.154291,
        210.75
      ],
      [
        16.876486,
        49.154141,
        211.0
      ],
      [
        16.876489,
        49.153926,
        211.0
      ],
      [
        16.876532,
        49.153512,
        209.5
      ],
      [
        16.876567,
        49.153342,
        209.0
      ],
      [
        16.876427,
        49.153321,
        208.75
      ],
      [
        16.876392,
        49.153317,
        211.0
      ],
      [
        16.875255,
        49.153189,
        211.0
      ],
      [
        16.873762,
        49.152968,
        209.75
      ],
      [
        16.872832,
        49.152851,
        209.0
      ],
      [
        16.872746,
        49.152836,
        209.0
      ],
      [
        16.87269,
        49.152819,
        209.0
      ],
      [
        16.872654,
        49.152801,
        209.0
      ],
      [
        16.872562,
        49.152717,
        208.75
      ],
      [
        16.872445,
        49.152739,
        208.75
      ],
      [
        16.872357,
        49.152743,
        208.75
      ],
      [
        16.8723,
        49.152738,
        208.75
      ],
      [
        16.872172,
        49.152711,
        208.75
      ],
      [
        16.871898,
        49.152625,
        208.25
      ],
      [
        16.871721,
        49.152573,
        208.0
      ],
      [
        16.870656,
        49.152258,
        207.0
      ],
      [
        16.870117,
        49.152157,
        206.0
      ],
      [
        16.869726,
        49.152118,
        205.5
      ],
      [
        16.867654,
        49.151994,
        205.0
      ],
      [
        16.866807,
        49.151947,
        205.75
      ],
      [
        16.865605,
        49.151863,
        206.5
      ],
      [
        16.865449,
        49.153056,
        208.75
      ],
      [
        16.865247,
        49.153045,
        208.75
      ],
      [
        16.865107,
        49.153023,
        208.0
      ],
      [
        16.864695,
        49.15291,
        207.25
      ],
      [
        16.864048,
        49.152721,
        206.75
      ],
      [
        16.863791,
        49.152644,
        206.5
      ],
      [
        16.863211,
        49.152471,
        205.75
      ],
      [
        16.853851,
        49.149679,
        204.0
      ],
      [
        16.850574,
        49.148691,
        210.25
      ],
      [
        16.846803,
        49.147564,
        227.0
      ],
      [
        16.846353,
        49.147438,
        227.5
      ],
      [
        16.845893,
        49.147327,
        227.75
      ],
      [
        16.842529,
        49.146586,
        219.75
      ],
      [
        16.841808,
        49.146412,
        219.0
      ],
      [
        16.841446,
        49.146305,
        219.0
      ],
      [
        16.839083,
        49.145516,
        223.5
      ],
      [
        16.836277,
        49.144583,
        214.25
      ],
      [
        16.835645,
        49.144368,
        210.5
      ],
      [
        16.834898,
        49.144112,
        208.5
      ],
      [
        16.8346,
        49.144017,
        208.25
      ],
      [
        16.834508,
        49.143989,
        208.25
      ],
      [
        16.834405,
        49.143958,
        208.0
      ],
      [
        16.834355,
        49.143942,
        207.75
      ],
      [
        16.834232,
        49.143901,
        207.25
      ],
      [
        16.833932,
        49.143802,
        206.5
      ],
      [
        16.833615,
        49.143694,
        206.25
      ],
      [
        16.832308,
        49.143252,
        204.0
      ],
      [
        16.832268,
        49.143238,
        204.0
      ],
      [
        16.831427,
        49.142959,
        203.5
      ],
      [
        16.830825,
        49.142759,
        203.0
      ],
      [
        16.82962,
        49.142359,
        202.75
      ],
      [
        16.829406,
        49.142289,
        203.5
      ],
      [
        16.829319,
        49.142256,
        203.75
      ],
      [
        16.829256,
        49.142222,
        203.75
      ],
      [
        16.829211,
        49.142177,
        204.0
      ],
      [
        16.829169,
        49.142114,
        204.0
      ],
      [
        16.829147,
        49.14201,
        204.0
      ],
      [
        16.829165,
        49.141807,
        204.25
      ],
      [
        16.829202,
        49.141605,
        204.75
      ],
      [
        16.828978,
        49.141574,
        205.25
      ],
      [
        16.826875,
        49.141267,
        214.0
      ],
      [
        16.826343,
        49.141206,
        216.0
      ],
      [
        16.8261,
        49.141189,
        216.25
      ],
      [
        16.824711,
        49.141099,
        220.75
      ],
      [
        16.824556,
        49.14109,
        220.75
      ],
      [
        16.824329,
        49.141095,
        221.25
      ],
      [
        16.824177,
        49.141118,
        221.75
      ],
      [
        16.824122,
        49.141135,
        221.75
      ],
      [
        16.82404,
        49.141172,
        221.75
      ],
      [
        16.823991,
        49.141201,
        222.0
      ],
      [
        16.823947,
        49.141245,
        222.25
      ],
      [
        16.823901,
        49.141335,
        222.5
      ],
      [
        16.823886,
        49.14141,
        223.0
      ],
      [
        16.823821,
        49.14208,
        224.25
      ],
      [
        16.8238,
        49.142146,
        224.5
      ],
      [
        16.823759,
        49.142213,
        224.75
      ],
      [
        16.823735,
        49.142242,
        225.0
      ],
      [
        16.823659,
        49.142301,
        225.5
      ],
      [
        16.823517,
        49.142378,
        226.25
      ],
      [
        16.822477,
        49.142828,
        230.25
      ],
      [
        16.821206,
        49.143374,
        236.75
      ],
      [
        16.820654,
        49.143613,
        240.5
      ],
      [
        16.819005,
        49.144321,
        251.0
      ],
      [
        16.815562,
        49.145812,
        275.5
      ],
      [
        16.815047,
        49.146033,
        278.25
      ],
      [
        16.814822,
        49.146116,
        279.0
      ],
      [
        16.814729,
        49.146145,
        279.0
      ],
      [
        16.814611,
        49.146172,
        279.25
      ],
      [
        16.814439,
        49.146199,
        279.5
      ],
      [
        16.814252,
        49.146211,
        280.0
      ],
      [
        16.813977,
        49.146198,
        280.5
      ],
      [
        16.813362,
        49.146123,
        281.75
      ],
      [
        16.812383,
        49.145988,
        283.5
      ],
      [
        16.809301,
        49.145562,
        284.75
      ],
      [
        16.803575,
        49.144767,
        285.75
      ],
      [
        16.802579,
        49.144631,
        286.0
      ],
      [
        16.802084,
        49.144576,
        285.25
      ],
      [
        16.801822,
        49.144564,
        284.75
      ],
      [
        16.801487,
        49.144565,
        284.5
      ],
      [
        16.797476,
        49.144675,
        283.75
      ],
      [
        16.791489,
        49.144835,
        284.0
      ],
      [
        16.791136,
        49.14484,
        284.0
      ],
      [
        16.790892,
        49.144825,
        284.25
      ],
      [
        16.790697,
        49.144799,
        284.5
      ],
      [
        16.789808,
        49.144638,
        286.0
      ],
      [
        16.783467,
        49.143452,
        279.25
      ],
      [
        16.782746,
        49.143321,
        279.75
      ],
      [
        16.77527,
        49.141963,
        270.0
      ],
      [
        16.774133,
        49.141822,
        265.75
      ],
      [
        16.769203,
        49.141324,
        252.75
      ],
      [
        16.769056,
        49.141309,
        252.5
      ],
      [
        16.76817,
        49.14122,
        251.0
      ],
      [
        16.767471,
        49.14115,
        250.0
      ],
      [
        16.767028,
        49.141127,
        249.25
      ],
      [
        16.766995,
        49.14113,
        249.0
      ],
      [
        16.766835,
        49.141144,
        249.0
      ],
      [
        16.766596,
        49.141177,
        248.75
      ],
      [
        16.765998,
        49.141258,
        247.75
      ],
      [
        16.765914,
        49.141256,
        247.5
      ],
      [
        16.765714,
        49.141251,
        247.25
      ],
      [
        16.765623,
        49.14124,
        247.0
      ],
      [
        16.765539,
        49.141213,
        246.75
      ],
      [
        16.765442,
        49.141192,
        247.0
      ],
      [
        16.765345,
        49.141184,
        247.0
      ],
      [
        16.765302,
        49.141186,
        247.0
      ],
      [
        16.764751,
        49.141214,
        246.25
      ],
      [
        16.764443,
        49.141207,
        246.25
      ],
      [
        16.764142,
        49.141155,
        246.0
      ],
      [
        16.764122,
        49.141062,
        245.5
      ],
      [
        16.764042,
        49.140937,
        245.0
      ],
      [
        16.763993,
        49.140907,
        245.0
      ],
      [
        16.763924,
        49.140886,
        245.0
      ],
      [
        16.763457,
        49.140204,
        243.0
      ],
      [
        16.76301,
        49.139585,
        239.75
      ],
      [
        16.762698,
        49.139151,
        238.5
      ],
      [
        16.762652,
        49.139087,
        238.5
      ],
      [
        16.762626,
        49.139051,
        238.5
      ],
      [
        16.762154,
        49.139184,
        238.0
      ],
      [
        16.761164,
        49.139485,
        242.25
      ],
      [
        16.760821,
        49.139552,
        243.5
      ],
      [
        16.760611,
        49.139623,
        244.25
      ],
      [
        16.759965,
        49.140017,
        242.5
      ],
      [
        16.758979,
        49.140589,
        239.25
      ],
      [
        16.758131,
        49.14104,
        238.0
      ],
      [
        16.75781,
        49.141144,
        238.25
      ],
      [
        16.757487,
        49.141242,
        237.5
      ],
      [
        16.757345,
        49.141257,
        237.5
      ],
      [
        16.757168,
        49.141228,
        238.25
      ],
      [
        16.757053,
        49.141226,
        238.25
      ],
      [
        16.75691,
        49.141257,
        238.5
      ],
      [
        16.756304,
        49.141531,
        238.25
      ],
      [
        16.756056,
        49.14172,
        237.5
      ],
      [
        16.755871,
        49.141801,
        237.25
      ],
      [
        16.755509,
        49.14193,
        237.0
      ],
      [
        16.753299,
        49.14263,
        233.5
      ],
      [
        16.752914,
        49.142817,
        232.75
      ],
      [
        16.752814,
        49.142846,
        232.5
      ],
      [
        16.752757,
        49.142847,
        232.5
      ],
      [
        16.75268,
        49.142831,
        232.5
      ],
      [
        16.752592,
        49.142767,
        233.0
      ],
      [
        16.752314,
        49.142467,
        234.0
      ],
      [
        16.751799,
        49.141727,
        235.25
      ],
      [
        16.751745,
        49.141675,
        235.25
      ],
      [
        16.751616,
        49.141645,
        235.0
      ],
      [
        16.751425,
        49.141664,
        235.0
      ],
      [
        16.750526,
        49.141797,
        233.25
      ],
      [
        16.749518,
        49.141876,
        231.25
      ],
      [
        16.748494,
        49.141936,
        226.0
      ],
      [
        16.747619,
        49.141996,
        223.25
      ],
      [
        16.747433,
        49.142027,
        223.5
      ],
      [
        16.746967,
        49.142164,
        223.75
      ],
      [
        16.746596,
        49.142211,
        223.0
      ],
      [
        16.746106,
        49.142242,
        223.5
      ],
      [
        16.745684,
        49.142289,
        224.75
      ],
      [
        16.742455,
        49.142827,
        225.25
      ],
      [
        16.741537,
        49.142926,
        224.25
      ],
      [
        16.73971,
        49.143092,
        223.5
      ],
      [
        16.738443,
        49.1432,
        222.5
      ],
      [
        16.737844,
        49.143283,
        221.0
      ],
      [
        16.736084,
        49.143504,
        219.25
      ],
      [
        16.736005,
        49.143525,
        219.25
      ],
      [
        16.735971,
        49.143608,
        219.0
      ],
      [
        16.734663,
        49.144393,
        212.75
      ],
      [
        16.734296,
        49.144283,
        211.75
      ],
      [
        16.734094,
        49.144189,
        212.5
      ],
      [
        16.733858,
        49.144106,
        212.25
      ],
      [
        16.732815,
        49.143886,
        213.0
      ],
      [
        16.732614,
        49.143862,
        213.0
      ],
      [
        16.732272,
        49.143859,
        213.0
      ],
      [
        16.731994,
        49.143908,
        212.5
      ],
      [
        16.731735,
        49.143972,
        212.0
      ],
      [
        16.731586,
        49.144002,
        211.5
      ],
      [
        16.731444,
        49.144001,
        211.25
      ],
      [
        16.730709,
        49.143915,
        209.75
      ],
      [
        16.73048,
        49.143864,
        209.5
      ],
      [
        16.730391,
        49.143887,
        209.25
      ],
      [
        16.730309,
        49.143893,
        209.0
      ],
      [
        16.730122,
        49.143893,
        209.5
      ],
      [
        16.729999,
        49.143871,
        209.75
      ],
      [
        16.727387,
        49.143293,
        208.75
      ],
      [
        16.72703,
        49.143162,
        208.75
      ],
      [
        16.726581,
        49.142843,
        210.25
      ],
      [
        16.726427,
        49.142761,
        211.5
      ],
      [
        16.726375,
        49.142738,
        211.75
      ],
      [
        16.726153,
        49.142612,
        212.75
      ],
      [
        16.724598,
        49.141956,
        218.75
      ],
      [
        16.724209,
        49.141846,
        221.25
      ],
      [
        16.723646,
        49.141812,
        225.25
      ],
      [
        16.723277,
        49.141818,
        226.0
      ],
      [
        16.723006,
        49.141864,
        227.0
      ],
      [
        16.722406,
        49.142136,
        229.75
      ],
      [
        16.722138,
        49.142277,
        231.5
      ],
      [
        16.721596,
        49.14238,
        232.0
      ],
      [
        16.717392,
        49.142929,
        233.0
      ],
      [
        16.716838,
        49.143025,
        233.0
      ],
      [
        16.715745,
        49.143299,
        233.0
      ],
      [
        16.715403,
        49.143364,
        233.0
      ],
      [
        16.715215,
        49.143384,
        232.75
      ],
      [
        16.713005,
        49.143462,
        232.25
      ],
      [
        16.712022,
        49.143489,
        232.5
      ],
      [
        16.711102,
        49.143523,
        232.5
      ],
      [
        16.70988,
        49.143567,
        231.75
      ],
      [
        16.709396,
        49.143567,
        231.75
      ],
      [
        16.708907,
        49.143543,
        232.0
      ],
      [
        16.707974,
        49.143484,
        231.5
      ],
      [
        16.707705,
        49.143468,
        231.0
      ],
      [
        16.707585,
        49.143461,
        231.0
      ],
      [
        16.707462,
        49.143454,
        230.75
      ],
      [
        16.707455,
        49.14352,
        230.75
      ],
      [
        16.707167,
        49.143512,
        230.25
      ],
      [
        16.706757,
        49.143489,
        230.25
      ],
      [
        16.706526,
        49.143474,
        230.25
      ],
      [
        16.705591,
        49.143412,
        229.0
      ],
      [
        16.705466,
        49.143397,
        229.0
      ],
      [
        16.705289,
        49.143359,
        229.0
      ],
      [
        16.705171,
        49.143321,
        228.5
      ],
      [
        16.704852,
        49.14317,
        227.75
      ],
      [
        16.704814,
        49.143125,
        227.75
      ],
      [
        16.704533,
        49.143008,
        227.25
      ],
      [
        16.703266,
        49.142453,
        227.75
      ],
      [
        16.703288,
        49.142414,
        227.5
      ],
      [
        16.703239,
        49.142386,
        227.5
      ],
      [
        16.703135,
        49.142325,
        227.75
      ],
      [
        16.702717,
        49.142044,
        228.0
      ],
      [
        16.700873,
        49.140783,
        227.75
      ],
      [
        16.700778,
        49.140736,
        228.0
      ],
      [
        16.700671,
        49.14072,
        228.25
      ],
      [
        16.700599,
        49.140726,
        228.5
      ],
      [
        16.700276,
        49.140866,
        229.0
      ],
      [
        16.700033,
        49.140998,
        229.0
      ],
      [
        16.698455,
        49.142147,
        229.0
      ],
      [
        16.697643,
        49.142746,
        228.75
      ],
      [
        16.695361,
        49.14443,
        229.0
      ],
      [
        16.694412,
        49.145126,
        229.0
      ],
      [
        16.694184,
        49.145217,
        228.75
      ],
      [
        16.693934,
        49.145272,
        229.0
      ],
      [
        16.688182,
        49.145732,
        229.75
      ],
      [
        16.681575,
        49.14626,
        231.0
      ],
      [
        16.681375,
        49.146275,
        231.5
      ],
      [
        16.674809,
        49.146789,
        231.0
      ],
      [
        16.674761,
        49.146795,
        231.0
      ],
      [
        16.673461,
        49.1469,
        231.25
      ],
      [
        16.673293,
        49.146914,
        231.75
      ],
      [
        16.672993,
        49.146938,
        231.0
      ],
      [
        16.672574,
        49.146983,
        231.0
      ],
      [
        16.672391,
        49.14701,
        231.0
      ],
      [
        16.672118,
        49.147052,
        230.75
      ],
      [
        16.671746,
        49.147121,
        231.0
      ],
      [
        16.671642,
        49.147142,
        231.0
      ],
      [
        16.670954,
        49.1473,
        231.0
      ],
      [
        16.669849,
        49.14758,
        231.0
      ],
      [
        16.669435,
        49.147659,
        230.5
      ],
      [
        16.668955,
        49.147734,
        230.0
      ],
      [
        16.66887,
        49.147738,
        230.0
      ],
      [
        16.668758,
        49.147722,
        230.0
      ],
      [
        16.668622,
        49.147729,
        230.0
      ],
      [
        16.668525,
        49.147753,
        229.5
      ],
      [
        16.668411,
        49.147791,
        229.25
      ],
      [
        16.668277,
        49.147829,
        228.75
      ],
      [
        16.66813,
        49.14779,
        228.25
      ],
      [
        16.667805,
        49.147731,
        228.0
      ],
      [
        16.667686,
        49.147725,
        227.5
      ],
      [
        16.667498,
        49.147736,
        226.75
      ],
      [
        16.667279,
        49.147788,
        226.0
      ],
      [
        16.666615,
        49.147878,
        225.0
      ],
      [
        16.66609,
        49.147943,
        226.0
      ],
      [
        16.665934,
        49.147971,
        226.0
      ],
      [
        16.66581,
        49.148012,
        226.0
      ],
      [
        16.665687,
        49.148066,
        226.5
      ],
      [
        16.665469,
        49.148214,
        227.0
      ],
      [
        16.665321,
        49.148307,
        227.0
      ],
      [
        16.665231,
        49.148367,
        227.0
      ],
      [
        16.664652,
        49.148748,
        227.75
      ],
      [
        16.664538,
        49.148799,
        228.5
      ],
      [
        16.662704,
        49.149635,
        231.0
      ],
      [
        16.662499,
        49.149729,
        231.0
      ],
      [
        16.661735,
        49.150079,
        231.0
      ],
      [
        16.661716,
        49.150087,
        231.0
      ],
      [
        16.661526,
        49.150175,
        231.0
      ],
      [
        16.660565,
        49.150614,
        230.75
      ],
      [
        16.659924,
        49.150907,
        231.0
      ],
      [
        16.659743,
        49.150991,
        231.0
      ],
      [
        16.659684,
        49.150988,
        231.0
      ],
      [
        16.659552,
        49.150981,
        231.0
      ],
      [
        16.659142,
        49.15096,
        230.25
      ],
      [
        16.65904,
        49.150955,
        230.0
      ],
      [
        16.658369,
        49.150948,
        229.0
      ],
      [
        16.657684,
        49.15094,
        227.5
      ],
      [
        16.656748,
        49.150925,
        221.0
      ],
      [
        16.656393,
        49.15092,
        219.25
      ],
      [
        16.656349,
        49.151005,
        219.25
      ],
      [
        16.656213,
        49.151202,
        219.0
      ],
      [
        16.656263,
        49.151509,
        220.0
      ],
      [
        16.656382,
        49.151625,
        220.0
      ],
      [
        16.656427,
        49.151669,
        220.0
      ],
      [
        16.656097,
        49.151873,
        218.5
      ],
      [
        16.655631,
        49.152261,
        216.75
      ],
      [
        16.655396,
        49.152355,
        215.5
      ],
      [
        16.654788,
        49.152429,
        215.75
      ],
      [
        16.654206,
        49.152499,
        216.75
      ],
      [
        16.653989,
        49.152583,
        217.75
      ],
      [
        16.653845,
        49.152735,
        219.0
      ],
      [
        16.653821,
        49.152874,
        219.5
      ],
      [
        16.653789,
        49.153106,
        220.5
      ],
      [
        16.653775,
        49.153218,
        220.75
      ],
      [
        16.65376,
        49.153352,
        221.5
      ],
      [
        16.65371,
        49.153823,
        222.75
      ],
      [
        16.653677,
        49.153906,
        223.0
      ],
      [
        16.653625,
        49.15396,
        223.0
      ],
      [
        16.653535,
        49.15401,
        223.0
      ],
      [
        16.65342,
        49.154048,
        223.0
      ],
      [
        16.653189,
        49.154106,
        223.0
      ],
      [
        16.652723,
        49.15422,
        222.0
      ],
      [
        16.651715,
        49.154457,
        219.0
      ],
      [
        16.651449,
        49.154512,
        218.0
      ],
      [
        16.651127,
        49.154572,
        217.0
      ],
      [
        16.650518,
        49.154673,
        214.75
      ],
      [
        16.6502,
        49.154724,
        213.5
      ],
      [
        16.649995,
        49.154766,
        212.75
      ],
      [
        16.649803,
        49.154826,
        211.75
      ],
      [
        16.64969,
        49.15487,
        211.25
      ],
      [
        16.649488,
        49.154976,
        211.0
      ],
      [
        16.648959,
        49.155303,
        209.0
      ],
      [
        16.648497,
        49.155588,
        206.5
      ],
      [
        16.648168,
        49.155792,
        205.75
      ],
      [
        16.64792,
        49.155947,
        205.0
      ],
      [
        16.647821,
        49.156009,
        204.75
      ],
      [
        16.647527,
        49.156198,
        204.25
      ],
      [
        16.647205,
        49.156363,
        203.0
      ],
      [
        16.64701,
        49.156462,
        202.75
      ],
      [
        16.647002,
        49.156573,
        202.25
      ],
      [
        16.647009,
        49.156625,
        202.25
      ],
      [
        16.647029,
        49.156725,
        202.5
      ],
      [
        16.647067,
        49.156973,
        203.75
      ],
      [
        16.647066,
        49.157054,
        204.0
      ],
      [
        16.647006,
        49.157548,
        204.25
      ],
      [
        16.64694,
        49.157924,
        204.75
      ],
      [
        16.646882,
        49.158164,
        205.0
      ],
      [
        16.646839,
        49.1583,
        204.75
      ],
      [
        16.646792,
        49.158389,
        204.75
      ],
      [
        16.646729,
        49.158485,
        205.0
      ],
      [
        16.646651,
        49.158562,
        205.75
      ],
      [
        16.646285,
        49.158883,
        204.25
      ],
      [
        16.646194,
        49.158974,
        203.5
      ],
      [
        16.646121,
        49.159082,
        203.25
      ],
      [
        16.646067,
        49.159192,
        203.0
      ],
      [
        16.646026,
        49.159312,
        202.0
      ],
      [
        16.646006,
        49.159421,
        201.5
      ],
      [
        16.646,
        49.159517,
        201.0
      ],
      [
        16.646016,
        49.159689,
        200.25
      ],
      [
        16.64607,
        49.159888,
        200.75
      ],
      [
        16.646501,
        49.160941,
        201.75
      ],
      [
        16.646587,
        49.16112,
        202.0
      ],
      [
        16.646675,
        49.161228,
        202.5
      ],
      [
        16.646757,
        49.161284,
        202.5
      ],
      [
        16.646912,
        49.16137,
        202.75
      ],
      [
        16.647112,
        49.161456,
        204.5
      ],
      [
        16.647224,
        49.161529,
        204.25
      ],
      [
        16.64727,
        49.161576,
        204.0
      ],
      [
        16.647293,
        49.161611,
        203.75
      ],
      [
        16.647353,
        49.161749,
        204.0
      ],
      [
        16.647433,
        49.162014,
        203.75
      ],
      [
        16.647582,
        49.162568,
        202.0
      ],
      [
        16.647695,
        49.163202,
        200.0
      ],
      [
        16.647757,
        49.163829,
        197.0
      ],
      [
        16.647795,
        49.164363,
        196.5
      ],
      [
        16.64777,
        49.164488,
        195.75
      ],
      [
        16.64745,
        49.165311,
        195.0
      ],
      [
        16.647366,
        49.165529,
        195.25
      ],
      [
        16.647353,
        49.165582,
        195.25
      ],
      [
        16.647355,
        49.165631,
        195.25
      ],
      [
        16.647381,
        49.165697,
        195.5
      ],
      [
        16.647419,
        49.165729,
        195.5
      ],
      [
        16.647481,
        49.165766,
        195.75
      ],
      [
        16.64756,
        49.165801,
        196.25
      ],
      [
        16.647786,
        49.165863,
        197.75
      ],
      [
        16.648506,
        49.166097,
        197.5
      ],
      [
        16.648593,
        49.166132,
        198.0
      ],
      [
        16.648642,
        49.166161,
        198.25
      ],
      [
        16.648675,
        49.166196,
        198.5
      ],
      [
        16.64872,
        49.166288,
        199.0
      ],
      [
        16.649011,
        49.167341,
        200.0
      ],
      [
        16.649099,
        49.167659,
        199.25
      ],
      [
        16.649089,
        49.167913,
        199.25
      ],
      [
        16.64876,
        49.169446,
        198.25
      ],
      [
        16.648686,
        49.169604,
        198.75
      ],
      [
        16.648558,
        49.169768,
        198.5
      ],
      [
        16.648023,
        49.170191,
        199.0
      ],
      [
        16.64794,
        49.170257,
        199.0
      ],
      [
        16.647165,
        49.170866,
        198.25
      ],
      [
        16.647035,
        49.171001,
        199.0
      ],
      [
        16.646796,
        49.171394,
        198.5
      ],
      [
        16.646762,
        49.171448,
        198.5
      ],
      [
        16.646729,
        49.171504,
        198.75
      ],
      [
        16.646552,
        49.171794,
        199.0
      ],
      [
        16.646373,
        49.172031,
        198.75
      ],
      [
        16.646032,
        49.172328,
        199.25
      ],
      [
        16.645962,
        49.172383,
        199.25
      ],
      [
        16.645566,
        49.172696,
        199.0
      ],
      [
        16.645165,
        49.173012,
        199.25
      ],
      [
        16.644542,
        49.173504,
        200.0
      ],
      [
        16.644054,
        49.173867,
        201.0
      ],
      [
        16.643815,
        49.174046,
        202.25
      ],
      [
        16.643643,
        49.17415,
        202.0
      ],
      [
        16.642721,
        49.174528,
        202.0
      ],
      [
        16.642426,
        49.174623,
        202.0
      ],
      [
        16.642031,
        49.174726,
        201.25
      ],
      [
        16.641608,
        49.174807,
        201.25
      ],
      [
        16.64128,
        49.174858,
        200.5
      ],
      [
        16.641286,
        49.17506,
        201.5
      ],
      [
        16.641264,
        49.175317,
        202.75
      ],
      [
        16.641196,
        49.175622,
        201.75
      ],
      [
        16.641044,
        49.175904,
        202.25
      ],
      [
        16.640602,
        49.176514,
        204.0
      ],
      [
        16.64054,
        49.176637,
        203.75
      ],
      [
        16.6405,
        49.176767,
        204.0
      ],
      [
        16.640394,
        49.177119,
        204.0
      ],
      [
        16.640232,
        49.177122,
        203.75
      ],
      [
        16.639927,
        49.177149,
        202.75
      ],
      [
        16.639767,
        49.177203,
        202.75
      ],
      [
        16.639299,
        49.177392,
        201.75
      ],
      [
        16.638918,
        49.177521,
        201.75
      ],
      [
        16.6387,
        49.177564,
        201.0
      ],
      [
        16.636769,
        49.177632,
        199.75
      ],
      [
        16.636671,
        49.177653,
        199.75
      ],
      [
        16.636384,
        49.177707,
        198.75
      ],
      [
        16.635905,
        49.177742,
        198.0
      ],
      [
        16.635724,
        49.177744,
        197.75
      ],
      [
        16.635537,
        49.177729,
        197.75
      ],
      [
        16.635509,
        49.177719,
        197.75
      ],
      [
        16.63489,
        49.177384,
        198.0
      ],
      [
        16.63435,
        49.177076,
        197.5
      ],
      [
        16.634342,
        49.177044,
        197.5
      ],
      [
        16.634183,
        49.177059,
        197.75
      ],
      [
        16.633821,
        49.177093,
        198.0
      ],
      [
        16.63379,
        49.177096,
        198.0
      ],
      [
        16.633281,
        49.177135,
        198.0
      ],
      [
        16.632945,
        49.177172,
        198.5
      ],
      [
        16.632779,
        49.177189,
        199.0
      ],
      [
        16.632674,
        49.1772,
        199.0
      ],
      [
        16.632548,
        49.177197,
        198.75
      ],
      [
        16.632459,
        49.177191,
        198.75
      ],
      [
        16.632362,
        49.177168,
        198.75
      ],
      [
        16.632183,
        49.177126,
        199.0
      ],
      [
        16.631934,
        49.177067,
        199.75
      ],
      [
        16.631779,
        49.177022,
        197.75
      ],
      [
        16.631805,
        49.176896,
        198.0
      ],
      [
        16.631862,
        49.17671,
        199.25
      ],
      [
        16.631866,
        49.176682,
        199.25
      ],
      [
        16.631774,
        49.176684,
        198.5
      ],
      [
        16.6314,
        49.176721,
        199.5
      ],
      [
        16.631242,
        49.176738,
        199.75
      ],
      [
        16.631141,
        49.176773,
        199.75
      ],
      [
        16.631119,
        49.176792,
        199.75
      ],
      [
        16.631113,
        49.176821,
        199.75
      ],
      [
        16.631181,
        49.17749,
        198.25
      ],
      [
        16.631178,
        49.177541,
        198.0
      ],
      [
        16.630593,
        49.180299,
        198.5
      ],
      [
        16.630555,
        49.180481,
        198.75
      ],
      [
        16.630182,
        49.182112,
        198.5
      ],
      [
        16.629986,
        49.182964,
        199.75
      ],
      [
        16.629953,
        49.183158,
        199.75
      ],
      [
        16.62987,
        49.183532,
        198.75
      ],
      [
        16.629785,
        49.183999,
        199.0
      ],
      [
        16.629081,
        49.187215,
        200.0
      ],
      [
        16.629005,
        49.187588,
        198.5
      ],
      [
        16.62885,
        49.188222,
        200.5
      ],
      [
        16.628822,
        49.188349,
        200.25
      ],
      [
        16.628802,
        49.1884,
        200.0
      ],
      [
        16.628772,
        49.18845,
        200.0
      ],
      [
        16.628781,
        49.188495,
        199.75
      ],
      [
        16.628857,
        49.18869,
        198.25
      ],
      [
        16.62886,
        49.18874,
        198.25
      ],
      [
        16.628852,
        49.188787,
        198.25
      ],
      [
        16.628805,
        49.188978,
        198.5
      ],
      [
        16.628713,
        49.189272,
        199.5
      ],
      [
        16.62862,
        49.189518,
        200.75
      ],
      [
        16.628594,
        49.189562,
        201.0
      ],
      [
        16.628571,
        49.189577,
        201.0
      ],
      [
        16.628548,
        49.189585,
        201.0
      ],
      [
        16.628509,
        49.189583,
        201.25
      ],
      [
        16.628427,
        49.18958,
        201.5
      ],
      [
        16.628381,
        49.189862,
        202.0
      ],
      [
        16.628146,
        49.189815,
        202.0
      ],
      [
        16.627774,
        49.189811,
        201.5
      ],
      [
        16.627775,
        49.189752,
        201.75
      ],
      [
        16.627198,
        49.189746,
        202.0
      ],
      [
        16.626655,
        49.189737,
        202.0
      ],
      [
        16.626318,
        49.189731,
        202.0
      ],
      [
        16.626143,
        49.18973,
        202.0
      ],
      [
        16.626145,
        49.189662,
        202.0
      ],
      [
        16.626095,
        49.189453,
        201.75
      ],
      [
        16.625933,
        49.189343,
        201.0
      ],
      [
        16.625785,
        49.189275,
        201.0
      ],
      [
        16.625708,
        49.189249,
        201.0
      ],
      [
        16.625616,
        49.189224,
        201.0
      ],
      [
        16.625453,
        49.189208,
        201.0
      ],
      [
        16.625296,
        49.189259,
        201.0
      ],
      [
        16.625059,
        49.189309,
        201.0
      ],
      [
        16.624912,
        49.18933,
        200.75
      ],
      [
        16.62477,
        49.189342,
        200.5
      ],
      [
        16.624653,
        49.189344,
        200.5
      ],
      [
        16.622599,
        49.189324,
        200.0
      ],
      [
        16.622446,
        49.189328,
        200.0
      ],
      [
        16.621032,
        49.189638,
        200.5
      ],
      [
        16.620911,
        49.189664,
        200.25
      ],
      [
        16.620022,
        49.189873,
        200.5
      ],
      [
        16.618971,
        49.190114,
        200.5
      ],
      [
        16.618571,
        49.1902,
        201.0
      ],
      [
        16.618327,
        49.190252,
        201.0
      ],
      [
        16.617255,
        49.190489,
        201.0
      ],
      [
        16.617194,
        49.190503,
        201.0
      ],
      [
        16.617118,
        49.19053,
        201.0
      ],
      [
        16.616523,
        49.190747,
        201.0
      ],
      [
        16.616449,
        49.190771,
        201.0
      ],
      [
        16.616143,
        49.190872,
        201.0
      ],
      [
        16.615698,
        49.190883,
        201.0
      ],
      [
        16.615611,
        49.190866,
        201.0
      ],
      [
        16.615435,
        49.190861,
        201.0
      ],
      [
        16.61541,
        49.19086,
        201.0
      ],
      [
        16.615319,
        49.190856,
        201.0
      ],
      [
        16.615187,
        49.190852,
        201.25
      ],
      [
        16.615052,
        49.190846,
        201.75
      ],
      [
        16.614793,
        49.190835,
        202.0
      ],
      [
        16.614608,
        49.190828,
        202.0
      ],
      [
        16.614635,
        49.190949,
        202.0
      ],
      [
        16.614735,
        49.191132,
        202.0
      ],
      [
        16.6148,
        49.191224,
        201.75
      ],
      [
        16.614902,
        49.191362,
        202.0
      ],
      [
        16.614999,
        49.191487,
        201.75
      ],
      [
        16.614993,
        49.191605,
        201.75
      ],
      [
        16.61501,
        49.191625,
        202.0
      ],
      [
        16.615036,
        49.191656,
        202.0
      ],
      [
        16.614955,
        49.191704,
        201.75
      ],
      [
        16.614789,
        49.191808,
        202.25
      ],
      [
        16.614682,
        49.191839,
        202.75
      ],
      [
        16.614325,
        49.19196,
        202.0
      ],
      [
        16.614319,
        49.191961,
        202.0
      ],
      [
        16.614232,
        49.192016,
        202.75
      ],
      [
        16.614045,
        49.192133,
        203.75
      ],
      [
        16.613902,
        49.192233,
        204.0
      ],
      [
        16.61384,
        49.192285,
        204.5
      ],
      [
        16.613776,
        49.192354,
        205.0
      ],
      [
        16.613731,
        49.192416,
        205.5
      ],
      [
        16.61366,
        49.192535,
        206.0
      ],
      [
        16.613621,
        49.192646,
        206.0
      ],
      [
        16.61362,
        49.192753,
        206.0
      ],
      [
        16.613839,
        49.193101,
        206.0
      ],
      [
        16.614021,
        49.193427,
        206.0
      ],
      [
        16.614046,
        49.193468,
        206.0
      ],
      [
        16.614004,
        49.193478,
        206.25
      ],
      [
        16.613966,
        49.193487,
        206.25
      ],
      [
        16.613929,
        49.193496,
        206.5
      ],
      [
        16.613889,
        49.193505,
        206.5
      ],
      [
        16.613765,
        49.193539,
        207.0
      ],
      [
        16.613301,
        49.193651,
        209.25
      ],
      [
        16.613051,
        49.194327,
        209.0
      ],
      [
        16.612838,
        49.194318,
        209.25
      ],
      [
        16.612758,
        49.194281,
        209.5
      ],
      [
        16.612649,
        49.194228,
        209.75
      ],
      [
        16.612507,
        49.194155,
        210.0
      ],
      [
        16.612238,
        49.194012,
        211.5
      ],
      [
        16.612008,
        49.193889,
        212.0
      ],
      [
        16.611953,
        49.19386,
        212.0
      ],
      [
        16.611541,
        49.19361,
        214.0
      ],
      [
        16.611158,
        49.193429,
        214.75
      ],
      [
        16.611021,
        49.193365,
        215.25
      ],
      [
        16.610322,
        49.193135,
        216.25
      ],
      [
        16.60997,
        49.193019,
        217.0
      ],
      [
        16.60995,
        49.193014,
        217.0
      ],
      [
        16.609935,
        49.193008,
        217.0
      ],
      [
        16.60952,
        49.192856,
        218.5
      ],
      [
        16.60924,
        49.192718,
        221.0
      ],
      [
        16.609096,
        49.192689,
        221.75
      ],
      [
        16.608746,
        49.192606,
        223.0
      ],
      [
        16.608686,
        49.192594,
        223.5
      ],
      [
        16.608365,
        49.192532,
        224.75
      ],
      [
        16.608321,
        49.192523,
        225.0
      ],
      [
        16.608365,
        49.192532,
        224.75
      ],
      [
        16.608686,
        49.192594,
        223.5
      ],
      [
        16.608746,
        49.192606,
        223.0
      ],
      [
        16.609096,
        49.192689,
        221.75
      ],
      [
        16.60924,
        49.192718,
        221.0
      ],
      [
        16.60952,
        49.192856,
        218.5
      ],
      [
        16.609935,
        49.193008,
        217.0
      ],
      [
        16.60995,
        49.193014,
        217.0
      ],
      [
        16.610231,
        49.192741,
        216.0
      ],
      [
        16.610289,
        49.192655,
        216.0
      ],
      [
        16.610307,
        49.19263,
        216.0
      ],
      [
        16.610379,
        49.192436,
        215.75
      ],
      [
        16.610423,
        49.19231,
        215.25
      ],
      [
        16.610548,
        49.191915,
        213.75
      ],
      [
        16.61062,
        49.19168,
        213.0
      ],
      [
        16.610697,
        49.191578,
        212.75
      ],
      [
        16.611167,
        49.191283,
        210.25
      ],
      [
        16.611273,
        49.19121,
        209.75
      ],
      [
        16.611288,
        49.1912,
        209.5
      ],
      [
        16.611302,
        49.191176,
        209.5
      ],
      [
        16.611313,
        49.191156,
        209.25
      ],
      [
        16.611345,
        49.191149,
        209.25
      ],
      [
        16.611418,
        49.191055,
        208.5
      ],
      [
        16.611359,
        49.191017,
        208.5
      ],
      [
        16.611279,
        49.190971,
        208.5
      ],
      [
        16.611267,
        49.190966,
        208.5
      ],
      [
        16.611103,
        49.190889,
        208.25
      ],
      [
        16.61043,
        49.19065,
        208.5
      ],
      [
        16.609946,
        49.190478,
        208.0
      ],
      [
        16.609578,
        49.190371,
        208.0
      ],
      [
        16.609065,
        49.190187,
        208.25
      ],
      [
        16.608768,
        49.190081,
        208.25
      ],
      [
        16.608722,
        49.190065,
        207.75
      ],
      [
        16.608686,
        49.190051,
        207.25
      ],
      [
        16.608544,
        49.189967,
        204.75
      ],
      [
        16.608482,
        49.189925,
        204.5
      ],
      [
        16.608424,
        49.189886,
        204.5
      ],
      [
        16.608176,
        49.189688,
        203.75
      ],
      [
        16.607831,
        49.189416,
        202.75
      ],
      [
        16.607823,
        49.189409,
        202.75
      ],
      [
        16.607732,
        49.189336,
        202.5
      ],
      [
        16.607673,
        49.189282,
        202.25
      ],
      [
        16.607557,
        49.189175,
        202.0
      ],
      [
        16.607518,
        49.18914,
        201.75
      ],
      [
        16.607509,
        49.189131,
        201.75
      ],
      [
        16.607499,
        49.189122,
        201.75
      ],
      [
        16.607394,
        49.189013,
        201.75
      ],
      [
        16.607194,
        49.188852,
        201.0
      ],
      [
        16.606833,
        49.188563,
        201.0
      ],
      [
        16.606642,
        49.188424,
        201.0
      ],
      [
        16.606247,
        49.188117,
        201.0
      ],
      [
        16.605437,
        49.187391,
        201.0
      ],
      [
        16.605138,
        49.187121,
        201.0
      ],
      [
        16.604917,
        49.186924,
        201.0
      ],
      [
        16.604685,
        49.186717,
        201.0
      ],
      [
        16.604228,
        49.186307,
        200.0
      ],
      [
        16.603407,
        49.185577,
        200.75
      ],
      [
        16.603239,
        49.185422,
        201.0
      ],
      [
        16.602543,
        49.184711,
        202.0
      ],
      [
        16.602383,
        49.184546,
        202.25
      ],
      [
        16.602355,
        49.184512,
        202.25
      ],
      [
        16.602326,
        49.18447,
        202.5
      ],
      [
        16.602287,
        49.184411,
        202.5
      ],
      [
        16.602235,
        49.18432,
        202.0
      ],
      [
        16.602278,
        49.184301,
        201.75
      ],
      [
        16.602325,
        49.184282,
        201.75
      ],
      [
        16.602367,
        49.184264,
        201.75
      ],
      [
        16.602427,
        49.184239,
        201.75
      ],
      [
        16.602541,
        49.184189,
        202.0
      ],
      [
        16.602669,
        49.184159,
        201.75
      ],
      [
        16.603387,
        49.183791,
        200.25
      ],
      [
        16.603447,
        49.183742,
        199.75
      ],
      [
        16.603609,
        49.183668,
        199.5
      ],
      [
        16.603938,
        49.183502,
        199.5
      ],
      [
        16.604045,
        49.183457,
        199.0
      ],
      [
        16.604192,
        49.183413,
        198.5
      ],
      [
        16.604464,
        49.18336,
        200.75
      ],
      [
        16.604718,
        49.18334,
        198.0
      ],
      [
        16.604951,
        49.18334,
        198.0
      ],
      [
        16.605114,
        49.18335,
        198.5
      ],
      [
        16.605366,
        49.183401,
        199.25
      ],
      [
        16.605439,
        49.183426,
        199.5
      ],
      [
        16.60557,
        49.183412,
        199.5
      ],
      [
        16.605873,
        49.183376,
        199.25
      ],
      [
        16.607052,
        49.183364,
        199.0
      ],
      [
        16.607185,
        49.183342,
        199.0
      ],
      [
        16.607471,
        49.183329,
        198.75
      ],
      [
        16.607823,
        49.183291,
        198.5
      ],
      [
        16.608235,
        49.183221,
        197.75
      ],
      [
        16.608664,
        49.183117,
        198.0
      ],
      [
        16.608882,
        49.183048,
        200.75
      ],
      [
        16.609118,
        49.182951,
        198.0
      ],
      [
        16.609387,
        49.182815,
        198.25
      ],
      [
        16.609617,
        49.182671,
        197.75
      ],
      [
        16.60983,
        49.182523,
        197.25
      ],
      [
        16.610073,
        49.182328,
        197.5
      ],
      [
        16.610601,
        49.181851,
        198.25
      ],
      [
        16.610705,
        49.18172,
        197.75
      ],
      [
        16.612111,
        49.18045,
        198.5
      ],
      [
        16.613215,
        49.179558,
        197.25
      ],
      [
        16.613356,
        49.179466,
        196.5
      ],
      [
        16.613553,
        49.179336,
        197.75
      ],
      [
        16.613896,
        49.179115,
        198.5
      ],
      [
        16.614059,
        49.179016,
        198.0
      ],
      [
        16.614321,
        49.178864,
        197.75
      ],
      [
        16.614872,
        49.178558,
        197.5
      ],
      [
        16.616342,
        49.177754,
        198.0
      ],
      [
        16.616764,
        49.177509,
        197.25
      ],
      [
        16.616833,
        49.177467,
        197.75
      ],
      [
        16.617004,
        49.177395,
        198.25
      ],
      [
        16.617135,
        49.177315,
        198.0
      ],
      [
        16.617576,
        49.176951,
        197.0
      ],
      [
        16.617617,
        49.176922,
        196.75
      ],
      [
        16.617821,
        49.17691,
        196.75
      ],
      [
        16.617872,
        49.176902,
        197.0
      ],
      [
        16.617913,
        49.176887,
        197.25
      ],
      [
        16.617943,
        49.176871,
        197.25
      ],
      [
        16.617982,
        49.176833,
        197.5
      ],
      [
        16.617984,
        49.176793,
        197.25
      ],
      [
        16.617966,
        49.176729,
        197.0
      ],
      [
        16.618,
        49.176635,
        197.0
      ],
      [
        16.618976,
        49.174983,
        198.25
      ],
      [
        16.618988,
        49.174945,
        198.0
      ],
      [
        16.618993,
        49.174875,
        198.0
      ],
      [
        16.619001,
        49.174815,
        198.0
      ],
      [
        16.619047,
        49.17447,
        196.75
      ],
      [
        16.619167,
        49.173843,
        196.75
      ],
      [
        16.619263,
        49.173582,
        196.75
      ],
      [
        16.619421,
        49.17331,
        197.5
      ],
      [
        16.619562,
        49.173188,
        197.25
      ],
      [
        16.619594,
        49.173119,
        197.25
      ],
      [
        16.619608,
        49.173037,
        197.0
      ],
      [
        16.619647,
        49.172946,
        197.0
      ],
      [
        16.619673,
        49.172854,
        196.75
      ],
      [
        16.619698,
        49.172804,
        196.75
      ],
      [
        16.619936,
        49.172433,
        196.25
      ],
      [
        16.620148,
        49.172176,
        196.25
      ],
      [
        16.620193,
        49.172055,
        195.75
      ],
      [
        16.62024,
        49.171963,
        195.75
      ],
      [
        16.620349,
        49.17183,
        195.5
      ],
      [
        16.620443,
        49.171737,
        195.5
      ],
      [
        16.620554,
        49.171646,
        195.75
      ],
      [
        16.620937,
        49.17138,
        196.25
      ],
      [
        16.620998,
        49.171327,
        196.0
      ],
      [
        16.621072,
        49.171188,
        195.25
      ],
      [
        16.621125,
        49.171128,
        195.0
      ],
      [
        16.621415,
        49.170907,
        195.0
      ],
      [
        16.621499,
        49.170831,
        195.0
      ],
      [
        16.621636,
        49.170651,
        195.5
      ],
      [
        16.621689,
        49.170603,
        195.25
      ],
      [
        16.621847,
        49.170488,
        195.75
      ],
      [
        16.621977,
        49.17042,
        196.0
      ],
      [
        16.622023,
        49.170382,
        196.0
      ],
      [
        16.622123,
        49.170252,
        196.0
      ],
      [
        16.622135,
        49.170176,
        196.0
      ],
      [
        16.622206,
        49.170015,
        195.75
      ],
      [
        16.622365,
        49.169806,
        195.75
      ],
      [
        16.622533,
        49.16954,
        196.25
      ],
      [
        16.622567,
        49.169458,
        196.25
      ],
      [
        16.622599,
        49.169403,
        196.0
      ],
      [
        16.622696,
        49.169174,
        196.0
      ],
      [
        16.622735,
        49.169072,
        196.5
      ],
      [
        16.622784,
        49.168921,
        197.0
      ],
      [
        16.622807,
        49.168769,
        196.5
      ],
      [
        16.622817,
        49.168698,
        196.25
      ],
      [
        16.622948,
        49.168212,
        195.75
      ],
      [
        16.622973,
        49.168136,
        196.0
      ],
      [
        16.62298,
        49.168059,
        196.0
      ],
      [
        16.623041,
        49.16765,
        196.25
      ],
      [
        16.623131,
        49.166905,
        195.25
      ],
      [
        16.623176,
        49.166808,
        195.75
      ],
      [
        16.623212,
        49.166767,
        196.0
      ],
      [
        16.623195,
        49.166691,
        196.0
      ],
      [
        16.623185,
        49.166552,
        195.75
      ],
      [
        16.62319,
        49.166521,
        195.75
      ],
      [
        16.623207,
        49.166352,
        196.0
      ],
      [
        16.623214,
        49.166333,
        196.0
      ],
      [
        16.623402,
        49.16607,
        196.75
      ],
      [
        16.6234,
        49.165862,
        196.25
      ],
      [
        16.623437,
        49.16539,
        195.25
      ],
      [
        16.623449,
        49.165328,
        195.25
      ],
      [
        16.623503,
        49.165184,
        195.75
      ],
      [
        16.624036,
        49.164234,
        195.75
      ],
      [
        16.62485,
        49.163074,
        195.25
      ],
      [
        16.624955,
        49.162902,
        195.5
      ],
      [
        16.625358,
        49.162097,
        195.5
      ],
      [
        16.625587,
        49.161441,
        196.0
      ],
      [
        16.625649,
        49.161355,
        196.25
      ],
      [
        16.625707,
        49.161302,
        196.5
      ],
      [
        16.625825,
        49.161233,
        197.25
      ],
      [
        16.62595,
        49.16117,
        197.25
      ],
      [
        16.625817,
        49.160927,
        197.75
      ],
      [
        16.625771,
        49.160797,
        197.0
      ],
      [
        16.625753,
        49.160647,
        196.75
      ],
      [
        16.625771,
        49.160565,
        197.0
      ],
      [
        16.625823,
        49.160426,
        197.75
      ],
      [
        16.625834,
        49.160375,
        198.0
      ],
      [
        16.6258,
        49.160076,
        196.75
      ],
      [
        16.625805,
        49.159977,
        196.5
      ],
      [
        16.625822,
        49.159914,
        196.75
      ],
      [
        16.625842,
        49.159883,
        197.0
      ],
      [
        16.62597,
        49.159754,
        196.75
      ],
      [
        16.625958,
        49.159711,
        197.0
      ],
      [
        16.625828,
        49.159538,
        197.5
      ],
      [
        16.625814,
        49.159507,
        197.5
      ],
      [
        16.625778,
        49.159419,
        197.0
      ],
      [
        16.625763,
        49.159323,
        196.75
      ],
      [
        16.625775,
        49.159009,
        196.5
      ],
      [
        16.6258,
        49.158753,
        196.0
      ],
      [
        16.625791,
        49.158585,
        195.5
      ],
      [
        16.625715,
        49.158245,
        195.75
      ],
      [
        16.625681,
        49.158051,
        195.75
      ],
      [
        16.625657,
        49.157798,
        196.25
      ],
      [
        16.625656,
        49.157666,
        196.0
      ],
      [
        16.625708,
        49.157204,
        195.5
      ],
      [
        16.625756,
        49.156995,
        195.5
      ],
      [
        16.625814,
        49.156849,
        195.5
      ],
      [
        16.626192,
        49.156075,
        196.25
      ],
      [
        16.626071,
        49.156044,
        195.75
      ],
      [
        16.625353,
        49.155871,
        196.5
      ],
      [
        16.625329,
        49.155863,
        196.5
      ],
      [
        16.625392,
        49.155804,
        196.5
      ],
      [
        16.62544,
        49.155754,
        196.25
      ],
      [
        16.625475,
        49.155699,
        196.0
      ],
      [
        16.625599,
        49.155427,
        195.75
      ],
      [
        16.625647,
        49.155183,
        195.75
      ],
      [
        16.625671,
        49.15513,
        195.75
      ],
      [
        16.625722,
        49.155046,
        195.75
      ],
      [
        16.625848,
        49.154899,
        195.75
      ],
      [
        16.625866,
        49.154869,
        195.75
      ],
      [
        16.625877,
        49.154812,
        195.75
      ],
      [
        16.625878,
        49.154735,
        195.75
      ],
      [
        16.625869,
        49.154676,
        195.5
      ],
      [
        16.625854,
        49.15465,
        195.5
      ],
      [
        16.625892,
        49.154577,
        195.25
      ],
      [
        16.62596,
        49.15445,
        195.25
      ],
      [
        16.626167,
        49.154048,
        194.75
      ],
      [
        16.626348,
        49.153747,
        195.5
      ],
      [
        16.626445,
        49.153541,
        195.5
      ],
      [
        16.626693,
        49.153129,
        195.5
      ],
      [
        16.626862,
        49.152749,
        196.0
      ],
      [
        16.627245,
        49.15201,
        195.5
      ],
      [
        16.627394,
        49.151781,
        195.5
      ],
      [
        16.627506,
        49.151574,
        195.5
      ],
      [
        16.628548,
        49.149601,
        194.75
      ],
      [
        16.628635,
        49.14939,
        194.5
      ],
      [
        16.628671,
        49.149258,
        194.25
      ],
      [
        16.628728,
        49.148925,
        194.25
      ],
      [
        16.628729,
        49.148684,
        194.25
      ],
      [
        16.62872,
        49.148565,
        194.25
      ],
      [
        16.628704,
        49.148448,
        194.0
      ],
      [
        16.62868,
        49.148361,
        194.0
      ],
      [
        16.628612,
        49.14824,
        194.25
      ],
      [
        16.628529,
        49.148141,
        194.25
      ],
      [
        16.628435,
        49.148061,
        194.25
      ],
      [
        16.62822,
        49.147917,
        194.25
      ],
      [
        16.628185,
        49.147869,
        194.25
      ],
      [
        16.627947,
        49.147264,
        194.5
      ],
      [
        16.627793,
        49.146713,
        194.0
      ],
      [
        16.627782,
        49.146536,
        194.0
      ],
      [
        16.627824,
        49.146319,
        194.0
      ],
      [
        16.627844,
        49.146117,
        193.75
      ],
      [
        16.627841,
        49.145962,
        194.0
      ],
      [
        16.627817,
        49.145665,
        194.0
      ],
      [
        16.627847,
        49.145079,
        194.0
      ],
      [
        16.627828,
        49.144858,
        194.25
      ],
      [
        16.627803,
        49.144712,
        194.75
      ],
      [
        16.627763,
        49.144576,
        193.75
      ],
      [
        16.627727,
        49.144502,
        193.5
      ],
      [
        16.627636,
        49.144363,
        192.75
      ],
      [
        16.627581,
        49.144239,
        192.5
      ],
      [
        16.627563,
        49.144143,
        192.25
      ],
      [
        16.627535,
        49.14384,
        192.5
      ],
      [
        16.627551,
        49.143454,
        192.5
      ],
      [
        16.627553,
        49.14337,
        192.5
      ],
      [
        16.627604,
        49.142707,
        192.5
      ],
      [
        16.627641,
        49.142101,
        192.25
      ],
      [
        16.627639,
        49.142013,
        192.0
      ],
      [
        16.627576,
        49.141416,
        192.75
      ],
      [
        16.627543,
        49.141322,
        193.25
      ],
      [
        16.627618,
        49.14132,
        192.25
      ],
      [
        16.628267,
        49.141303,
        193.0
      ],
      [
        16.628366,
        49.141302,
        194.25
      ],
      [
        16.62835,
        49.140809,
        194.0
      ],
      [
        16.628126,
        49.137419,
        192.25
      ],
      [
        16.62802,
        49.135812,
        192.25
      ],
      [
        16.628039,
        49.13572,
        192.75
      ],
      [
        16.628112,
        49.135673,
        193.0
      ],
      [
        16.628192,
        49.135644,
        193.0
      ],
      [
        16.628627,
        49.135636,
        192.0
      ],
      [
        16.628736,
        49.135672,
        192.0
      ],
      [
        16.629268,
        49.135892,
        191.75
      ],
      [
        16.629376,
        49.135917,
        191.5
      ],
      [
        16.631011,
        49.135857,
        191.0
      ],
      [
        16.631052,
        49.135847,
        191.0
      ],
      [
        16.631102,
        49.135823,
        191.0
      ],
      [
        16.631119,
        49.135802,
        191.0
      ],
      [
        16.63113,
        49.135754,
        191.25
      ],
      [
        16.631119,
        49.135722,
        191.25
      ],
      [
        16.631045,
        49.135596,
        191.5
      ],
      [
        16.631013,
        49.135145,
        191.5
      ],
      [
        16.630944,
        49.135015,
        191.5
      ],
      [
        16.630848,
        49.133691,
        191.75
      ],
      [
        16.630929,
        49.133688,
        192.0
      ],
      [
        16.630987,
        49.133683,
        192.25
      ],
      [
        16.631154,
        49.13367,
        192.5
      ],
      [
        16.631277,
        49.133696,
        192.25
      ],
      [
        16.631361,
        49.133747,
        192.25
      ],
      [
        16.631438,
        49.13385,
        192.5
      ],
      [
        16.63152,
        49.133831,
        192.25
      ],
      [
        16.631564,
        49.133819,
        192.25
      ],
      [
        16.631657,
        49.133722,
        192.0
      ],
      [
        16.631775,
        49.133611,
        191.75
      ],
      [
        16.631829,
        49.133612,
        191.75
      ],
      [
        16.631865,
        49.133597,
        191.75
      ],
      [
        16.632156,
        49.133336,
        191.0
      ],
      [
        16.632266,
        49.133246,
        191.0
      ],
      [
        16.632454,
        49.133072,
        191.0
      ],
      [
        16.632774,
        49.132759,
        191.0
      ],
      [
        16.632936,
        49.132598,
        191.0
      ],
      [
        16.633052,
        49.132461,
        191.0
      ],
      [
        16.633108,
        49.13241,
        191.0
      ],
      [
        16.633196,
        49.13241,
        191.0
      ],
      [
        16.6334,
        49.132183,
        191.0
      ],
      [
        16.633533,
        49.132011,
        191.0
      ],
      [
        16.633557,
        49.131968,
        191.0
      ],
      [
        16.63358,
        49.131921,
        191.0
      ],
      [
        16.633593,
        49.131896,
        191.0
      ],
      [
        16.63369,
        49.13152,
        191.0
      ],
      [
        16.633698,
        49.131197,
        190.75
      ],
      [
        16.633381,
        49.126087,
        190.75
      ],
      [
        16.633369,
        49.12583,
        190.0
      ],
      [
        16.633352,
        49.125608,
        190.0
      ],
      [
        16.633328,
        49.12515,
        190.0
      ],
      [
        16.633293,
        49.124448,
        190.0
      ],
      [
        16.633265,
        49.123902,
        190.0
      ],
      [
        16.633191,
        49.122927,
        190.0
      ],
      [
        16.633144,
        49.122754,
        190.0
      ],
      [
        16.632872,
        49.122281,
        190.0
      ],
      [
        16.6328,
        49.122057,
        190.0
      ],
      [
        16.632778,
        49.121864,
        190.0
      ],
      [
        16.632808,
        49.121649,
        190.0
      ],
      [
        16.63369,
        49.117814,
        189.5
      ],
      [
        16.633608,
        49.117766,
        189.75
      ],
      [
        16.633368,
        49.117514,
        189.0
      ],
      [
        16.633079,
        49.117139,
        189.0
      ],
      [
        16.632904,
        49.11697,
        189.0
      ],
      [
        16.632643,
        49.116786,
        189.0
      ],
      [
        16.632246,
        49.116565,
        189.0
      ],
      [
        16.632191,
        49.116509,
        189.0
      ],
      [
        16.632175,
        49.116423,
        189.0
      ],
      [
        16.632252,
        49.11602,
        189.0
      ],
      [
        16.632247,
        49.115933,
        189.0
      ],
      [
        16.632229,
        49.115851,
        189.0
      ],
      [
        16.632069,
        49.115391,
        189.0
      ],
      [
        16.63205,
        49.115282,
        189.0
      ],
      [
        16.632057,
        49.115177,
        189.0
      ],
      [
        16.632244,
        49.114133,
        189.0
      ],
      [
        16.632293,
        49.113954,
        189.0
      ],
      [
        16.632388,
        49.113785,
        189.0
      ],
      [
        16.63252,
        49.11365,
        189.0
      ],
      [
        16.632955,
        49.113287,
        189.0
      ],
      [
        16.633087,
        49.113154,
        189.0
      ],
      [
        16.633309,
        49.112893,
        188.75
      ],
      [
        16.633455,
        49.112755,
        189.0
      ],
      [
        16.633578,
        49.112654,
        189.0
      ],
      [
        16.633734,
        49.112559,
        188.5
      ],
      [
        16.634131,
        49.111861,
        188.0
      ],
      [
        16.634327,
        49.111285,
        188.25
      ],
      [
        16.634782,
        49.110599,
        188.0
      ],
      [
        16.635209,
        49.109974,
        188.0
      ],
      [
        16.635449,
        49.109576,
        188.0
      ],
      [
        16.635683,
        49.109253,
        187.75
      ],
      [
        16.63601,
        49.108822,
        188.0
      ],
      [
        16.636363,
        49.108374,
        188.0
      ],
      [
        16.636702,
        49.107918,
        188.5
      ],
      [
        16.636742,
        49.107874,
        188.5
      ],
      [
        16.636803,
        49.107812,
        188.5
      ],
      [
        16.636851,
        49.107777,
        188.5
      ],
      [
        16.636602,
        49.107563,
        188.75
      ],
      [
        16.636308,
        49.107402,
        189.0
      ],
      [
        16.635134,
        49.106622,
        188.5
      ],
      [
        16.634974,
        49.106486,
        188.5
      ],
      [
        16.634815,
        49.106251,
        189.25
      ],
      [
        16.63461,
        49.105925,
        190.25
      ],
      [
        16.63455,
        49.10596,
        190.0
      ],
      [
        16.6344,
        49.105979,
        189.75
      ],
      [
        16.634219,
        49.106024,
        189.25
      ],
      [
        16.63413,
        49.106077,
        189.0
      ],
      [
        16.634096,
        49.106095,
        189.0
      ],
      [
        16.633883,
        49.106206,
        189.0
      ],
      [
        16.633541,
        49.106403,
        188.75
      ],
      [
        16.633432,
        49.106448,
        188.75
      ],
      [
        16.633305,
        49.106473,
        188.5
      ],
      [
        16.633166,
        49.106473,
        188.25
      ],
      [
        16.633047,
        49.106452,
        188.0
      ],
      [
        16.632912,
        49.106409,
        187.75
      ],
      [
        16.631779,
        49.105816,
        189.0
      ],
      [
        16.631637,
        49.105727,
        189.0
      ],
      [
        16.631545,
        49.105701,
        189.0
      ],
      [
        16.631309,
        49.105673,
        189.0
      ],
      [
        16.631132,
        49.10554,
        188.75
      ],
      [
        16.630989,
        49.10542,
        188.5
      ],
      [
        16.62762,
        49.10553,
        189.5
      ],
      [
        16.627532,
        49.104858,
        189.75
      ],
      [
        16.627304,
        49.10391,
        189.0
      ],
      [
        16.627232,
        49.103742,
        189.0
      ],
      [
        16.627175,
        49.103641,
        188.75
      ],
      [
        16.626672,
        49.102551,
        189.0
      ],
      [
        16.626531,
        49.102341,
        189.25
      ],
      [
        16.626291,
        49.101802,
        188.75
      ],
      [
        16.626244,
        49.1017,
        188.75
      ],
      [
        16.626128,
        49.101432,
        189.0
      ],
      [
        16.62603,
        49.101232,
        189.25
      ],
      [
        16.625828,
        49.100931,
        189.75
      ],
      [
        16.625471,
        49.100568,
        188.75
      ],
      [
        16.625434,
        49.100519,
        188.75
      ],
      [
        16.623922,
        49.098668,
        188.5
      ],
      [
        16.622437,
        49.096787,
        188.25
      ],
      [
        16.622003,
        49.096247,
        187.75
      ],
      [
        16.621231,
        49.095392,
        187.5
      ],
      [
        16.621006,
        49.095182,
        187.75
      ],
      [
        16.620496,
        49.094578,
        187.75
      ],
      [
        16.620446,
        49.094487,
        187.5
      ],
      [
        16.620357,
        49.094369,
        187.5
      ],
      [
        16.620264,
        49.094026,
        188.0
      ],
      [
        16.620223,
        49.093768,
        188.0
      ],
      [
        16.620216,
        49.09352,
        187.75
      ],
      [
        16.620137,
        49.092698,
        186.25
      ],
      [
        16.619298,
        49.092769,
        187.5
      ],
      [
        16.619221,
        49.092776,
        188.25
      ],
      [
        16.619179,
        49.092779,
        188.75
      ],
      [
        16.618642,
        49.09282,
        187.75
      ],
      [
        16.618539,
        49.092822,
        187.75
      ],
      [
        16.618426,
        49.092811,
        187.75
      ],
      [
        16.618267,
        49.092778,
        187.75
      ],
      [
        16.61723,
        49.092468,
        187.75
      ],
      [
        16.61686,
        49.092351,
        187.5
      ],
      [
        16.616111,
        49.092121,
        187.5
      ],
      [
        16.616005,
        49.092061,
        187.5
      ],
      [
        16.615913,
        49.091992,
        187.75
      ],
      [
        16.615813,
        49.091895,
        187.75
      ],
      [
        16.615729,
        49.091801,
        187.5
      ],
      [
        16.615241,
        49.091136,
        187.75
      ],
      [
        16.615166,
        49.091051,
        187.5
      ],
      [
        16.614928,
        49.09086,
        187.75
      ],
      [
        16.614766,
        49.090759,
        188.0
      ],
      [
        16.614634,
        49.090678,
        188.0
      ],
      [
        16.614262,
        49.090489,
        188.75
      ],
      [
        16.613796,
        49.090338,
        187.75
      ],
      [
        16.613627,
        49.090284,
        187.75
      ],
      [
        16.613295,
        49.090177,
        187.0
      ],
      [
        16.611622,
        49.089629,
        187.0
      ],
      [
        16.6104,
        49.089228,
        186.5
      ],
      [
        16.610004,
        49.089094,
        187.0
      ],
      [
        16.609506,
        49.088948,
        187.5
      ],
      [
        16.609145,
        49.088879,
        186.75
      ],
      [
        16.608717,
        49.088822,
        186.5
      ],
      [
        16.608484,
        49.088817,
        187.75
      ],
      [
        16.607895,
        49.088891,
        187.75
      ],
      [
        16.607844,
        49.088897,
        188.0
      ],
      [
        16.607752,
        49.088909,
        188.0
      ],
      [
        16.606736,
        49.089048,
        188.0
      ],
      [
        16.605658,
        49.089236,
        190.75
      ],
      [
        16.605564,
        49.089247,
        191.25
      ],
      [
        16.605213,
        49.089288,
        194.75
      ],
      [
        16.604925,
        49.089295,
        194.75
      ],
      [
        16.604639,
        49.089298,
        195.5
      ],
      [
        16.604302,
        49.089287,
        196.0
      ],
      [
        16.604301,
        49.089292,
        196.0
      ],
      [
        16.604276,
        49.089329,
        196.0
      ],
      [
        16.60425,
        49.089346,
        196.0
      ],
      [
        16.604197,
        49.089366,
        196.0
      ],
      [
        16.604154,
        49.089371,
        196.0
      ],
      [
        16.604107,
        49.089364,
        196.0
      ],
      [
        16.604073,
        49.089345,
        196.0
      ],
      [
        16.604061,
        49.089324,
        196.0
      ],
      [
        16.604063,
        49.089291,
        196.0
      ],
      [
        16.603989,
        49.08929,
        196.0
      ],
      [
        16.603793,
        49.089276,
        196.0
      ],
      [
        16.603593,
        49.089254,
        196.0
      ],
      [
        16.60334,
        49.089222,
        196.75
      ],
      [
        16.603018,
        49.08918,
        197.0
      ],
      [
        16.60334,
        49.089222,
        196.75
      ],
      [
        16.603593,
        49.089254,
        196.0
      ],
      [
        16.603793,
        49.089276,
        196.0
      ],
      [
        16.603989,
        49.08929,
        196.0
      ],
      [
        16.604063,
        49.089291,
        196.0
      ],
      [
        16.604085,
        49.089263,
        196.0
      ],
      [
        16.60412,
        49.08924,
        196.0
      ],
      [
        16.60416,
        49.089226,
        196.0
      ],
      [
        16.604214,
        49.08922,
        196.0
      ],
      [
        16.604263,
        49.08923,
        196.0
      ],
      [
        16.604288,
        49.089245,
        195.75
      ],
      [
        16.6043,
        49.089264,
        196.0
      ],
      [
        16.604302,
        49.089287,
        196.0
      ],
      [
        16.604639,
        49.089298,
        195.5
      ],
      [
        16.604925,
        49.089295,
        194.75
      ],
      [
        16.605213,
        49.089288,
        194.75
      ],
      [
        16.605564,
        49.089247,
        191.25
      ],
      [
        16.605658,
        49.089236,
        190.75
      ],
      [
        16.606736,
        49.089048,
        188.0
      ],
      [
        16.607752,
        49.088909,
        188.0
      ],
      [
        16.607844,
        49.088897,
        188.0
      ],
      [
        16.607895,
        49.088891,
        187.75
      ],
      [
        16.608484,
        49.088817,
        187.75
      ],
      [
        16.608717,
        49.088822,
        186.5
      ],
      [
        16.609145,
        49.088879,
        186.75
      ],
      [
        16.609506,
        49.088948,
        187.5
      ],
      [
        16.610004,
        49.089094,
        187.0
      ],
      [
        16.6104,
        49.089228,
        186.5
      ],
      [
        16.611622,
        49.089629,
        187.0
      ],
      [
        16.613295,
        49.090177,
        187.0
      ],
      [
        16.613627,
        49.090284,
        187.75
      ],
      [
        16.613796,
        49.090338,
        187.75
      ],
      [
        16.614262,
        49.090489,
        188.75
      ],
      [
        16.614634,
        49.090678,
        188.0
      ],
      [
        16.614766,
        49.090759,
        188.0
      ],
      [
        16.614928,
        49.09086,
        187.75
      ],
      [
        16.615166,
        49.091051,
        187.5
      ],
      [
        16.615241,
        49.091136,
        187.75
      ],
      [
        16.615729,
        49.091801,
        187.5
      ],
      [
        16.615813,
        49.091895,
        187.75
      ],
      [
        16.615913,
        49.091992,
        187.75
      ],
      [
        16.616005,
        49.092061,
        187.5
      ],
      [
        16.616111,
        49.092121,
        187.5
      ],
      [
        16.61686,
        49.092351,
        187.5
      ],
      [
        16.61723,
        49.092468,
        187.75
      ],
      [
        16.618267,
        49.092778,
        187.75
      ],
      [
        16.618426,
        49.092811,
        187.75
      ],
      [
        16.618539,
        49.092822,
        187.75
      ],
      [
        16.618642,
        49.09282,
        187.75
      ],
      [
        16.619179,
        49.092779,
        188.75
      ],
      [
        16.619221,
        49.092776,
        188.25
      ],
      [
        16.619298,
        49.092769,
        187.5
      ],
      [
        16.620137,
        49.092698,
        186.25
      ],
      [
        16.620775,
        49.092637,
        187.0
      ],
      [
        16.620949,
        49.092621,
        187.0
      ],
      [
        16.62111,
        49.092606,
        187.0
      ],
      [
        16.621843,
        49.092537,
        187.0
      ],
      [
        16.621971,
        49.092525,
        186.75
      ],
      [
        16.624481,
        49.092288,
        186.0
      ],
      [
        16.626092,
        49.092147,
        186.5
      ],
      [
        16.626512,
        49.09214,
        187.0
      ],
      [
        16.627339,
        49.092127,
        186.0
      ],
      [
        16.627692,
        49.092121,
        186.0
      ],
      [
        16.629163,
        49.092088,
        186.0
      ],
      [
        16.629743,
        49.092075,
        186.0
      ],
      [
        16.631766,
        49.09203,
        186.0
      ],
      [
        16.632054,
        49.09203,
        186.0
      ],
      [
        16.632296,
        49.092031,
        186.0
      ],
      [
        16.633349,
        49.092004,
        186.25
      ],
      [
        16.633568,
        49.092006,
        186.75
      ],
      [
        16.633686,
        49.092015,
        187.0
      ],
      [
        16.633781,
        49.092032,
        187.0
      ],
      [
        16.633871,
        49.092057,
        187.0
      ],
      [
        16.633918,
        49.091938,
        187.0
      ],
      [
        16.633926,
        49.091867,
        187.0
      ],
      [
        16.633903,
        49.091554,
        187.0
      ],
      [
        16.633834,
        49.090835,
        186.75
      ],
      [
        16.633846,
        49.090757,
        186.5
      ],
      [
        16.633866,
        49.090721,
        186.5
      ],
      [
        16.633894,
        49.0907,
        186.5
      ],
      [
        16.634731,
        49.090373,
        186.0
      ],
      [
        16.635189,
        49.090194,
        186.0
      ],
      [
        16.635248,
        49.090162,
        186.0
      ],
      [
        16.635292,
        49.090121,
        186.0
      ],
      [
        16.635317,
        49.090076,
        186.0
      ],
      [
        16.635339,
        49.090003,
        186.0
      ],
      [
        16.635417,
        49.089366,
        186.0
      ],
      [
        16.635458,
        49.088432,
        185.75
      ],
      [
        16.635583,
        49.088325,
        185.75
      ],
      [
        16.635565,
        49.088262,
        185.5
      ],
      [
        16.635594,
        49.088183,
        185.25
      ],
      [
        16.636667,
        49.086076,
        184.75
      ],
      [
        16.637073,
        49.085507,
        185.0
      ],
      [
        16.63744,
        49.084636,
        185.0
      ],
      [
        16.637511,
        49.084221,
        184.75
      ],
      [
        16.637472,
        49.083919,
        185.0
      ],
      [
        16.637181,
        49.083164,
        184.75
      ],
      [
        16.636866,
        49.082848,
        184.5
      ],
      [
        16.636781,
        49.08274,
        184.25
      ],
      [
        16.636701,
        49.082575,
        184.5
      ],
      [
        16.63668,
        49.082418,
        184.5
      ],
      [
        16.636692,
        49.082266,
        184.0
      ],
      [
        16.636752,
        49.082049,
        184.0
      ],
      [
        16.636762,
        49.081956,
        184.0
      ],
      [
        16.636751,
        49.081855,
        184.0
      ],
      [
        16.636695,
        49.081597,
        184.0
      ],
      [
        16.636708,
        49.081412,
        183.75
      ],
      [
        16.636748,
        49.081239,
        184.0
      ],
      [
        16.6368,
        49.081113,
        184.0
      ],
      [
        16.63777,
        49.080353,
        184.0
      ],
      [
        16.638104,
        49.080059,
        184.0
      ],
      [
        16.638263,
        49.079993,
        184.5
      ],
      [
        16.638288,
        49.079983,
        184.75
      ],
      [
        16.63844,
        49.079944,
        184.75
      ],
      [
        16.638732,
        49.079799,
        185.0
      ],
      [
        16.638724,
        49.079548,
        185.25
      ],
      [
        16.63872,
        49.079425,
        185.25
      ],
      [
        16.638698,
        49.078971,
        185.0
      ],
      [
        16.638686,
        49.078718,
        185.0
      ],
      [
        16.638677,
        49.078555,
        185.0
      ],
      [
        16.638645,
        49.077913,
        185.0
      ],
      [
        16.638706,
        49.077674,
        184.75
      ],
      [
        16.638976,
        49.077393,
        184.5
      ],
      [
        16.639287,
        49.07719,
        185.0
      ],
      [
        16.639579,
        49.076999,
        184.75
      ],
      [
        16.639824,
        49.076845,
        185.25
      ],
      [
        16.640031,
        49.07672,
        186.0
      ],
      [
        16.64018,
        49.076614,
        186.0
      ],
      [
        16.640225,
        49.076582,
        186.0
      ],
      [
        16.640295,
        49.076467,
        186.5
      ],
      [
        16.64036,
        49.076357,
        186.5
      ],
      [
        16.64047,
        49.076041,
        186.75
      ],
      [
        16.640478,
        49.075856,
        186.5
      ],
      [
        16.640504,
        49.075822,
        186.75
      ],
      [
        16.640579,
        49.075723,
        186.5
      ],
      [
        16.640574,
        49.07536,
        185.25
      ],
      [
        16.640517,
        49.075209,
        185.25
      ],
      [
        16.64036,
        49.075157,
        185.5
      ],
      [
        16.639605,
        49.075047,
        184.75
      ],
      [
        16.63936,
        49.075066,
        184.75
      ],
      [
        16.639288,
        49.074997,
        185.0
      ],
      [
        16.639262,
        49.074891,
        185.0
      ],
      [
        16.639244,
        49.074816,
        185.0
      ],
      [
        16.639265,
        49.074689,
        185.0
      ],
      [
        16.639307,
        49.074567,
        185.0
      ],
      [
        16.639496,
        49.074308,
        185.0
      ],
      [
        16.639792,
        49.074007,
        185.0
      ],
      [
        16.639653,
        49.073893,
        185.0
      ],
      [
        16.639191,
        49.073796,
        184.5
      ],
      [
        16.638709,
        49.073711,
        184.0
      ],
      [
        16.638564,
        49.073674,
        183.75
      ],
      [
        16.638427,
        49.073646,
        183.25
      ],
      [
        16.637352,
        49.073465,
        183.25
      ],
      [
        16.637324,
        49.07346,
        183.25
      ],
      [
        16.637118,
        49.073437,
        183.25
      ],
      [
        16.635879,
        49.073415,
        183.75
      ],
      [
        16.63573,
        49.072882,
        183.75
      ],
      [
        16.63573,
        49.0725,
        183.5
      ],
      [
        16.635811,
        49.072022,
        183.75
      ],
      [
        16.635841,
        49.071462,
        183.5
      ],
      [
        16.635775,
        49.071061,
        183.75
      ],
      [
        16.635369,
        49.070172,
        183.25
      ],
      [
        16.634986,
        49.069293,
        183.75
      ],
      [
        16.63486,
        49.068718,
        183.25
      ],
      [
        16.634853,
        49.068269,
        183.0
      ],
      [
        16.635126,
        49.066612,
        183.0
      ],
      [
        16.635281,
        49.065734,
        183.0
      ],
      [
        16.63532,
        49.065598,
        183.0
      ],
      [
        16.635422,
        49.065407,
        183.0
      ],
      [
        16.635797,
        49.064907,
        183.0
      ],
      [
        16.635894,
        49.064739,
        183.0
      ],
      [
        16.635966,
        49.064568,
        183.0
      ],
      [
        16.636005,
        49.064392,
        183.0
      ],
      [
        16.63603,
        49.064078,
        183.0
      ],
      [
        16.636032,
        49.063826,
        183.0
      ],
      [
        16.635986,
        49.063493,
        183.0
      ],
      [
        16.635729,
        49.062594,
        183.0
      ],
      [
        16.635709,
        49.062392,
        183.0
      ],
      [
        16.635729,
        49.062202,
        183.0
      ],
      [
        16.635805,
        49.061986,
        183.0
      ],
      [
        16.635957,
        49.061675,
        183.0
      ],
      [
        16.636132,
        49.061429,
        183.0
      ],
      [
        16.63633,
        49.061243,
        183.0
      ],
      [
        16.636608,
        49.061085,
        183.5
      ],
      [
        16.636827,
        49.061011,
        183.25
      ],
      [
        16.637031,
        49.060972,
        182.75
      ],
      [
        16.637325,
        49.060948,
        183.0
      ],
      [
        16.638052,
        49.060878,
        183.0
      ],
      [
        16.639193,
        49.06079,
        183.75
      ],
      [
        16.639498,
        49.060752,
        183.0
      ],
      [
        16.639675,
        49.060701,
        183.0
      ],
      [
        16.639834,
        49.060634,
        182.75
      ],
      [
        16.639981,
        49.060546,
        183.0
      ],
      [
        16.640177,
        49.060405,
        183.0
      ],
      [
        16.641626,
        49.059188,
        182.75
      ],
      [
        16.641964,
        49.058964,
        182.75
      ],
      [
        16.643148,
        49.058373,
        183.25
      ],
      [
        16.643401,
        49.058234,
        183.5
      ],
      [
        16.643514,
        49.058169,
        183.5
      ],
      [
        16.643873,
        49.05792,
        184.5
      ],
      [
        16.644187,
        49.057689,
        184.0
      ],
      [
        16.644361,
        49.057574,
        184.0
      ],
      [
        16.644514,
        49.057449,
        184.0
      ],
      [
        16.644608,
        49.057358,
        184.25
      ],
      [
        16.644704,
        49.05723,
        184.0
      ],
      [
        16.644789,
        49.057084,
        184.5
      ],
      [
        16.644876,
        49.056882,
        185.0
      ],
      [
        16.64489,
        49.056789,
        185.0
      ],
      [
        16.644881,
        49.056743,
        185.0
      ],
      [
        16.645032,
        49.056749,
        185.0
      ],
      [
        16.646458,
        49.05708,
        184.0
      ],
      [
        16.64688,
        49.057149,
        184.0
      ],
      [
        16.647393,
        49.057208,
        183.25
      ],
      [
        16.647836,
        49.057239,
        183.5
      ],
      [
        16.648162,
        49.057247,
        183.25
      ],
      [
        16.648638,
        49.057248,
        183.75
      ],
      [
        16.648619,
        49.057306,
        183.5
      ],
      [
        16.648631,
        49.057445,
        183.0
      ],
      [
        16.648644,
        49.057532,
        182.75
      ],
      [
        16.648665,
        49.057562,
        183.0
      ],
      [
        16.651853,
        49.057209,
        183.0
      ],
      [
        16.653691,
        49.056996,
        182.5
      ],
      [
        16.653819,
        49.056993,
        182.0
      ],
      [
        16.654238,
        49.056936,
        183.0
      ],
      [
        16.655369,
        49.056799,
        183.0
      ],
      [
        16.656706,
        49.056661,
        183.0
      ],
      [
        16.658741,
        49.056399,
        182.75
      ],
      [
        16.661468,
        49.056098,
        183.0
      ],
      [
        16.662717,
        49.05595,
        183.0
      ],
      [
        16.664443,
        49.055758,
        183.5
      ],
      [
        16.664665,
        49.05574,
        183.5
      ],
      [
        16.665052,
        49.055728,
        184.0
      ],
      [
        16.665077,
        49.055722,
        184.0
      ],
      [
        16.665335,
        49.055671,
        184.5
      ],
      [
        16.665314,
        49.055639,
        184.5
      ],
      [
        16.665263,
        49.055563,
        184.75
      ],
      [
        16.664905,
        49.055063,
        184.5
      ],
      [
        16.664444,
        49.054454,
        185.75
      ],
      [
        16.663358,
        49.053085,
        193.75
      ],
      [
        16.663066,
        49.052825,
        194.5
      ],
      [
        16.663227,
        49.052774,
        195.5
      ],
      [
        16.66333,
        49.05277,
        196.0
      ],
      [
        16.663575,
        49.052374,
        199.25
      ],
      [
        16.663583,
        49.051737,
        206.75
      ],
      [
        16.663527,
        49.051397,
        210.25
      ],
      [
        16.66354,
        49.05119,
        211.75
      ],
      [
        16.663616,
        49.050991,
        213.25
      ],
      [
        16.663761,
        49.050825,
        215.0
      ],
      [
        16.664065,
        49.050562,
        218.5
      ],
      [
        16.664229,
        49.050385,
        221.75
      ],
      [
        16.664348,
        49.050205,
        224.5
      ],
      [
        16.664403,
        49.050002,
        226.5
      ],
      [
        16.664409,
        49.049817,
        229.25
      ],
      [
        16.664316,
        49.049277,
        237.25
      ],
      [
        16.66424,
        49.049128,
        239.0
      ],
      [
        16.66371,
        49.048473,
        245.75
      ],
      [
        16.663057,
        49.047667,
        253.25
      ],
      [
        16.662839,
        49.047476,
        254.75
      ],
      [
        16.662533,
        49.047308,
        256.5
      ],
      [
        16.661657,
        49.046944,
        264.0
      ],
      [
        16.661144,
        49.046815,
        272.75
      ],
      [
        16.661657,
        49.046944,
        264.0
      ],
      [
        16.662533,
        49.047308,
        256.5
      ],
      [
        16.662839,
        49.047476,
        254.75
      ],
      [
        16.663057,
        49.047667,
        253.25
      ],
      [
        16.66371,
        49.048473,
        245.75
      ],
      [
        16.66424,
        49.049128,
        239.0
      ],
      [
        16.664316,
        49.049277,
        237.25
      ],
      [
        16.664409,
        49.049817,
        229.25
      ],
      [
        16.664403,
        49.050002,
        226.5
      ],
      [
        16.664348,
        49.050205,
        224.5
      ],
      [
        16.664229,
        49.050385,
        221.75
      ],
      [
        16.664065,
        49.050562,
        218.5
      ],
      [
        16.663761,
        49.050825,
        215.0
      ],
      [
        16.663616,
        49.050991,
        213.25
      ],
      [
        16.66354,
        49.05119,
        211.75
      ],
      [
        16.663527,
        49.051397,
        210.25
      ],
      [
        16.663583,
        49.051737,
        206.75
      ],
      [
        16.663575,
        49.052374,
        199.25
      ],
      [
        16.66333,
        49.05277,
        196.0
      ],
      [
        16.664426,
        49.052731,
        200.25
      ],
      [
        16.664851,
        49.052655,
        202.5
      ],
      [
        16.665319,
        49.052527,
        202.5
      ],
      [
        16.665906,
        49.052298,
        203.25
      ],
      [
        16.666611,
        49.051927,
        203.5
      ],
      [
        16.667428,
        49.051481,
        202.75
      ],
      [
        16.667614,
        49.051365,
        202.25
      ],
      [
        16.668057,
        49.05109,
        202.0
      ],
      [
        16.668261,
        49.050878,
        201.75
      ],
      [
        16.668363,
        49.050631,
        201.75
      ],
      [
        16.66855,
        49.050376,
        201.75
      ],
      [
        16.668771,
        49.050206,
        201.5
      ],
      [
        16.670242,
        49.049364,
        199.25
      ],
      [
        16.670923,
        49.048998,
        197.5
      ],
      [
        16.671875,
        49.048633,
        196.25
      ],
      [
        16.672572,
        49.048344,
        194.5
      ],
      [
        16.673048,
        49.048097,
        194.75
      ],
      [
        16.674349,
        49.047238,
        194.75
      ],
      [
        16.675208,
        49.046498,
        196.0
      ],
      [
        16.675336,
        49.046226,
        196.25
      ],
      [
        16.675514,
        49.04524,
        201.25
      ],
      [
        16.675633,
        49.044806,
        203.75
      ],
      [
        16.675837,
        49.044568,
        204.0
      ],
      [
        16.676109,
        49.044456,
        202.75
      ],
      [
        16.676229,
        49.044406,
        202.75
      ],
      [
        16.676482,
        49.044356,
        201.75
      ],
      [
        16.676722,
        49.044364,
        200.25
      ],
      [
        16.677207,
        49.044466,
        199.5
      ],
      [
        16.677929,
        49.044636,
        195.0
      ],
      [
        16.678559,
        49.044815,
        193.75
      ],
      [
        16.682477,
        49.046482,
        187.25
      ],
      [
        16.682597,
        49.046522,
        187.25
      ],
      [
        16.682758,
        49.046545,
        187.0
      ],
      [
        16.688259,
        49.046486,
        188.25
      ],
      [
        16.688459,
        49.046501,
        188.25
      ],
      [
        16.688597,
        49.046512,
        188.5
      ],
      [
        16.688682,
        49.046518,
        188.25
      ],
      [
        16.698504,
        49.047389,
        189.5
      ],
      [
        16.698759,
        49.047439,
        189.0
      ],
      [
        16.699102,
        49.047442,
        189.0
      ],
      [
        16.699512,
        49.047233,
        188.5
      ],
      [
        16.699541,
        49.047218,
        188.5
      ],
      [
        16.699571,
        49.047203,
        188.5
      ],
      [
        16.701971,
        49.045982,
        188.0
      ],
      [
        16.702805,
        49.045557,
        189.75
      ],
      [
        16.702829,
        49.045545,
        190.0
      ],
      [
        16.702857,
        49.045531,
        190.0
      ],
      [
        16.706662,
        49.043594,
        194.0
      ],
      [
        16.707796,
        49.043017,
        195.0
      ],
      [
        16.707832,
        49.042999,
        195.0
      ],
      [
        16.70787,
        49.04298,
        195.0
      ],
      [
        16.7124,
        49.040675,
        197.25
      ],
      [
        16.712432,
        49.040659,
        197.25
      ],
      [
        16.712463,
        49.040643,
        197.25
      ],
      [
        16.713012,
        49.040366,
        197.75
      ],
      [
        16.713292,
        49.040224,
        198.75
      ],
      [
        16.715257,
        49.039224,
        202.75
      ],
      [
        16.71529,
        49.039207,
        203.0
      ],
      [
        16.715323,
        49.03919,
        203.0
      ],
      [
        16.722764,
        49.035413,
        212.75
      ],
      [
        16.722853,
        49.035301,
        213.0
      ],
      [
        16.723003,
        49.034688,
        212.5
      ],
      [
        16.72305,
        49.034324,
        211.5
      ],
      [
        16.718777,
        49.030621,
        196.0
      ],
      [
        16.716727,
        49.028827,
        194.75
      ],
      [
        16.714146,
        49.026602,
        195.0
      ],
      [
        16.713902,
        49.026377,
        195.75
      ],
      [
        16.709519,
        49.02257,
        202.25
      ],
      [
        16.708531,
        49.021717,
        207.5
      ],
      [
        16.707436,
        49.020749,
        214.5
      ],
      [
        16.705866,
        49.019388,
        224.0
      ],
      [
        16.705468,
        49.019133,
        225.0
      ],
      [
        16.704918,
        49.018853,
        227.25
      ],
      [
        16.70399,
        49.018496,
        229.25
      ],
      [
        16.703144,
        49.018313,
        230.0
      ],
      [
        16.700535,
        49.017859,
        233.25
      ],
      [
        16.689583,
        49.01604,
        226.0
      ],
      [
        16.688188,
        49.015759,
        224.0
      ],
      [
        16.68774,
        49.01564,
        223.75
      ],
      [
        16.687367,
        49.015514,
        223.25
      ],
      [
        16.68699,
        49.015358,
        222.75
      ],
      [
        16.686633,
        49.015182,
        222.5
      ],
      [
        16.686296,
        49.014983,
        222.5
      ],
      [
        16.685799,
        49.01462,
        221.0
      ],
      [
        16.685451,
        49.014293,
        220.25
      ],
      [
        16.685073,
        49.013841,
        219.5
      ],
      [
        16.684792,
        49.013349,
        219.0
      ],
      [
        16.684614,
        49.012798,
        219.0
      ],
      [
        16.68419,
        49.010094,
        208.75
      ],
      [
        16.683951,
        49.008645,
        208.25
      ],
      [
        16.683551,
        49.005822,
        199.5
      ],
      [
        16.682925,
        49.001402,
        189.0
      ],
      [
        16.682617,
        48.999228,
        183.75
      ],
      [
        16.682143,
        48.995891,
        183.5
      ],
      [
        16.679566,
        48.995704,
        181.0
      ],
      [
        16.679666,
        48.995013,
        181.0
      ],
      [
        16.678561,
        48.993172,
        180.0
      ],
      [
        16.678541,
        48.992519,
        180.0
      ],
      [
        16.678454,
        48.990721,
        179.0
      ],
      [
        16.678471,
        48.990674,
        179.0
      ],
      [
        16.678519,
        48.990602,
        179.0
      ],
      [
        16.678955,
        48.990254,
        180.0
      ],
      [
        16.678027,
        48.989623,
        179.25
      ],
      [
        16.677793,
        48.989382,
        180.0
      ],
      [
        16.677821,
        48.989364,
        180.0
      ],
      [
        16.677902,
        48.989304,
        180.0
      ],
      [
        16.678171,
        48.989142,
        180.0
      ],
      [
        16.678406,
        48.989011,
        180.5
      ],
      [
        16.678595,
        48.988915,
        180.75
      ],
      [
        16.679683,
        48.988421,
        182.0
      ],
      [
        16.680163,
        48.988203,
        182.5
      ],
      [
        16.682388,
        48.987184,
        182.75
      ],
      [
        16.683498,
        48.986716,
        183.0
      ],
      [
        16.683717,
        48.986603,
        183.25
      ],
      [
        16.684065,
        48.986407,
        183.0
      ],
      [
        16.684335,
        48.986231,
        183.25
      ],
      [
        16.684569,
        48.986075,
        183.25
      ],
      [
        16.685011,
        48.985743,
        183.5
      ],
      [
        16.685285,
        48.985485,
        183.75
      ],
      [
        16.68596,
        48.984673,
        183.25
      ],
      [
        16.68722,
        48.98326,
        183.5
      ],
      [
        16.68764,
        48.982653,
        183.75
      ],
      [
        16.688128,
        48.982162,
        184.0
      ],
      [
        16.691072,
        48.979881,
        184.5
      ],
      [
        16.692972,
        48.97846,
        183.25
      ],
      [
        16.698381,
        48.974414,
        188.0
      ],
      [
        16.698415,
        48.974393,
        188.25
      ],
      [
        16.699009,
        48.974023,
        189.25
      ],
      [
        16.702823,
        48.971651,
        193.0
      ],
      [
        16.707673,
        48.968636,
        195.0
      ],
      [
        16.708337,
        48.968223,
        194.75
      ],
      [
        16.710829,
        48.966543,
        200.5
      ],
      [
        16.712708,
        48.96496,
        199.75
      ],
      [
        16.716166,
        48.961645,
        194.0
      ],
      [
        16.716972,
        48.960872,
        195.0
      ],
      [
        16.717699,
        48.96018,
        198.25
      ],
      [
        16.718095,
        48.959812,
        199.75
      ],
      [
        16.719383,
        48.958573,
        207.25
      ],
      [
        16.721608,
        48.956434,
        215.75
      ],
      [
        16.722524,
        48.95531,
        219.0
      ],
      [
        16.72515,
        48.951446,
        209.25
      ],
      [
        16.725274,
        48.951277,
        209.5
      ],
      [
        16.725797,
        48.950564,
        210.5
      ],
      [
        16.72607,
        48.950185,
        210.75
      ],
      [
        16.726028,
        48.950166,
        210.5
      ],
      [
        16.725996,
        48.950139,
        210.25
      ],
      [
        16.725979,
        48.950108,
        210.25
      ],
      [
        16.725977,
        48.950074,
        210.25
      ],
      [
        16.72599,
        48.950042,
        210.25
      ],
      [
        16.726006,
        48.950023,
        210.5
      ],
      [
        16.726039,
        48.95,
        210.5
      ],
      [
        16.726081,
        48.949984,
        210.75
      ],
      [
        16.726129,
        48.949977,
        211.0
      ],
      [
        16.726177,
        48.949978,
        211.0
      ],
      [
        16.726222,
        48.949989,
        211.0
      ],
      [
        16.726379,
        48.949818,
        211.5
      ],
      [
        16.726719,
        48.949397,
        212.25
      ],
      [
        16.727585,
        48.948455,
        209.75
      ],
      [
        16.727728,
        48.9483,
        209.0
      ],
      [
        16.728562,
        48.947407,
        205.0
      ],
      [
        16.728943,
        48.947023,
        202.75
      ],
      [
        16.729175,
        48.946783,
        201.75
      ],
      [
        16.729208,
        48.946688,
        201.5
      ],
      [
        16.729301,
        48.946608,
        200.75
      ],
      [
        16.729462,
        48.946496,
        199.25
      ],
      [
        16.729498,
        48.946439,
        199.0
      ],
      [
        16.729508,
        48.946406,
        199.0
      ],
      [
        16.729544,
        48.946363,
        198.75
      ],
      [
        16.729585,
        48.94634,
        198.75
      ],
      [
        16.72963,
        48.946326,
        198.75
      ],
      [
        16.729645,
        48.946323,
        198.75
      ],
      [
        16.729704,
        48.946285,
        198.5
      ],
      [
        16.729733,
        48.946256,
        198.5
      ],
      [
        16.729808,
        48.946149,
        197.75
      ],
      [
        16.729883,
        48.946098,
        197.25
      ],
      [
        16.729936,
        48.946025,
        196.75
      ],
      [
        16.730151,
        48.945787,
        195.75
      ],
      [
        16.730393,
        48.945536,
        194.75
      ],
      [
        16.73048,
        48.945445,
        194.5
      ],
      [
        16.730714,
        48.945201,
        194.0
      ],
      [
        16.730752,
        48.945161,
        194.0
      ],
      [
        16.731227,
        48.944766,
        192.5
      ],
      [
        16.731772,
        48.944353,
        191.25
      ],
      [
        16.731874,
        48.944276,
        191.0
      ],
      [
        16.731946,
        48.94422,
        191.0
      ],
      [
        16.732205,
        48.94403,
        190.5
      ],
      [
        16.732291,
        48.943967,
        190.25
      ],
      [
        16.732361,
        48.943916,
        190.25
      ],
      [
        16.733991,
        48.942722,
        189.75
      ],
      [
        16.734092,
        48.942647,
        190.0
      ],
      [
        16.73456,
        48.942274,
        189.75
      ],
      [
        16.734837,
        48.941982,
        190.0
      ],
      [
        16.735085,
        48.941606,
        189.25
      ],
      [
        16.735255,
        48.941629,
        189.75
      ],
      [
        16.735497,
        48.941636,
        189.75
      ],
      [
        16.735664,
        48.941654,
        189.75
      ],
      [
        16.735749,
        48.941494,
        189.25
      ],
      [
        16.735782,
        48.941434,
        189.0
      ],
      [
        16.736019,
        48.940944,
        189.5
      ],
      [
        16.736074,
        48.940829,
        189.0
      ],
      [
        16.736144,
        48.940694,
        189.5
      ],
      [
        16.736308,
        48.94046,
        189.5
      ],
      [
        16.736362,
        48.940392,
        189.25
      ],
      [
        16.737668,
        48.94069,
        195.25
      ],
      [
        16.737584,
        48.940851,
        195.0
      ],
      [
        16.737668,
        48.94069,
        195.25
      ],
      [
        16.737954,
        48.940205,
        196.5
      ],
      [
        16.738243,
        48.939843,
        198.25
      ],
      [
        16.738658,
        48.939306,
        200.25
      ],
      [
        16.738924,
        48.938965,
        201.25
      ],
      [
        16.739178,
        48.938785,
        201.25
      ],
      [
        16.739465,
        48.938505,
        199.5
      ],
      [
        16.738514,
        48.937857,
        190.5
      ],
      [
        16.737896,
        48.937445,
        187.75
      ],
      [
        16.737367,
        48.937124,
        187.5
      ],
      [
        16.737269,
        48.937065,
        187.75
      ],
      [
        16.736965,
        48.937341,
        188.0
      ],
      [
        16.736725,
        48.937587,
        188.0
      ],
      [
        16.736567,
        48.937763,
        188.0
      ],
      [
        16.736539,
        48.937794,
        187.75
      ],
      [
        16.736505,
        48.937831,
        187.75
      ],
      [
        16.736397,
        48.93796,
        187.75
      ],
      [
        16.736138,
        48.937883,
        188.0
      ],
      [
        16.736122,
        48.937878,
        188.0
      ],
      [
        16.736076,
        48.937864,
        188.0
      ],
      [
        16.735913,
        48.937813,
        188.0
      ],
      [
        16.735361,
        48.937643,
        188.0
      ],
      [
        16.735161,
        48.937571,
        188.0
      ],
      [
        16.735008,
        48.937502,
        188.0
      ],
      [
        16.734799,
        48.937385,
        188.5
      ],
      [
        16.734612,
        48.937257,
        189.0
      ],
      [
        16.734419,
        48.937101,
        189.0
      ],
      [
        16.734098,
        48.936725,
        189.0
      ],
      [
        16.73403,
        48.936654,
        189.0
      ],
      [
        16.733507,
        48.93608,
        190.25
      ],
      [
        16.733102,
        48.935652,
        191.5
      ],
      [
        16.732952,
        48.935518,
        192.0
      ],
      [
        16.732804,
        48.935422,
        192.25
      ],
      [
        16.732592,
        48.935357,
        192.75
      ],
      [
        16.732592,
        48.935259,
        193.0
      ],
      [
        16.732533,
        48.935145,
        193.25
      ],
      [
        16.73001,
        48.933718,
        204.0
      ],
      [
        16.729534,
        48.933734,
        207.5
      ],
      [
        16.729166,
        48.933738,
        207.25
      ],
      [
        16.728737,
        48.93364,
        207.5
      ],
      [
        16.72802,
        48.933427,
        207.5
      ],
      [
        16.728027,
        48.932096,
        210.25
      ],
      [
        16.727967,
        48.931939,
        211.0
      ],
      [
        16.727825,
        48.931621,
        213.0
      ],
      [
        16.727718,
        48.931184,
        215.5
      ],
      [
        16.727675,
        48.930916,
        216.25
      ],
      [
        16.72776,
        48.930409,
        218.0
      ],
      [
        16.727889,
        48.93,
        221.5
      ],
      [
        16.728211,
        48.929464,
        228.0
      ],
      [
        16.728447,
        48.929098,
        233.5
      ],
      [
        16.728469,
        48.92875,
        236.75
      ],
      [
        16.728397,
        48.928515,
        238.0
      ],
      [
        16.728049,
        48.928228,
        237.5
      ],
      [
        16.72746,
        48.927632,
        233.25
      ],
      [
        16.726347,
        48.926603,
        231.25
      ],
      [
        16.726299,
        48.926568,
        231.5
      ],
      [
        16.726238,
        48.926535,
        232.0
      ],
      [
        16.726276,
        48.926477,
        232.0
      ],
      [
        16.726366,
        48.926405,
        232.0
      ],
      [
        16.726776,
        48.926221,
        231.0
      ],
      [
        16.727579,
        48.925889,
        228.75
      ],
      [
        16.727697,
        48.92582,
        229.0
      ],
      [
        16.727766,
        48.925768,
        229.0
      ],
      [
        16.727795,
        48.925711,
        228.75
      ],
      [
        16.727801,
        48.925653,
        228.75
      ],
      [
        16.727785,
        48.925599,
        228.75
      ],
      [
        16.727699,
        48.925452,
        229.0
      ],
      [
        16.727311,
        48.92491,
        231.0
      ],
      [
        16.726877,
        48.924403,
        231.75
      ],
      [
        16.726257,
        48.923649,
        231.5
      ],
      [
        16.725819,
        48.923159,
        229.25
      ],
      [
        16.725601,
        48.922863,
        227.5
      ],
      [
        16.725373,
        48.922576,
        226.25
      ],
      [
        16.724684,
        48.921847,
        222.5
      ],
      [
        16.723725,
        48.920793,
        211.25
      ],
      [
        16.723236,
        48.920275,
        205.75
      ],
      [
        16.723013,
        48.920005,
        204.0
      ],
      [
        16.722819,
        48.919676,
        201.75
      ],
      [
        16.722625,
        48.91922,
        198.5
      ],
      [
        16.72251,
        48.91898,
        196.5
      ],
      [
        16.722186,
        48.918408,
        193.5
      ],
      [
        16.722044,
        48.918055,
        190.75
      ],
      [
        16.721983,
        48.917788,
        189.0
      ],
      [
        16.721965,
        48.917508,
        188.0
      ],
      [
        16.721826,
        48.917038,
        185.5
      ],
      [
        16.721592,
        48.916512,
        183.25
      ],
      [
        16.72118,
        48.915682,
        181.75
      ],
      [
        16.720839,
        48.915754,
        182.0
      ],
      [
        16.720654,
        48.915794,
        181.75
      ],
      [
        16.718204,
        48.916312,
        182.5
      ],
      [
        16.717768,
        48.916397,
        182.75
      ],
      [
        16.717584,
        48.916381,
        182.25
      ],
      [
        16.715886,
        48.916739,
        182.25
      ],
      [
        16.712329,
        48.917475,
        180.75
      ],
      [
        16.712013,
        48.917529,
        181.0
      ],
      [
        16.712023,
        48.917573,
        181.0
      ],
      [
        16.712011,
        48.917616,
        181.0
      ],
      [
        16.711979,
        48.917655,
        181.0
      ],
      [
        16.71193,
        48.917686,
        181.0
      ],
      [
        16.711869,
        48.917705,
        181.0
      ],
      [
        16.711801,
        48.917711,
        181.0
      ],
      [
        16.711734,
        48.917702,
        181.0
      ],
      [
        16.711674,
        48.91768,
        181.0
      ],
      [
        16.711628,
        48.917646,
        180.75
      ],
      [
        16.711601,
        48.917604,
        180.75
      ],
      [
        16.711595,
        48.917559,
        180.5
      ],
      [
        16.711225,
        48.917489,
        179.75
      ],
      [
        16.710828,
        48.917437,
        179.75
      ],
      [
        16.709885,
        48.917315,
        178.25
      ],
      [
        16.707594,
        48.917018,
        177.0
      ],
      [
        16.706502,
        48.916931,
        176.75
      ],
      [
        16.705657,
        48.916928,
        176.75
      ],
      [
        16.704602,
        48.917001,
        175.75
      ],
      [
        16.70362,
        48.917102,
        175.5
      ],
      [
        16.702813,
        48.917176,
        175.75
      ],
      [
        16.700952,
        48.917346,
        175.25
      ],
      [
        16.70018,
        48.917362,
        175.5
      ],
      [
        16.699643,
        48.917341,
        175.25
      ],
      [
        16.699272,
        48.917295,
        175.0
      ],
      [
        16.6989,
        48.917203,
        174.75
      ],
      [
        16.698484,
        48.917026,
        174.5
      ],
      [
        16.698021,
        48.916742,
        173.75
      ],
      [
        16.697828,
        48.916604,
        173.75
      ],
      [
        16.697715,
        48.91652,
        173.5
      ],
      [
        16.697304,
        48.916214,
        173.75
      ],
      [
        16.697178,
        48.916143,
        174.0
      ],
      [
        16.697085,
        48.9161,
        173.75
      ],
      [
        16.696974,
        48.916061,
        173.75
      ],
      [
        16.696847,
        48.916034,
        174.0
      ],
      [
        16.696727,
        48.916015,
        174.0
      ],
      [
        16.696553,
        48.915999,
        174.0
      ],
      [
        16.696137,
        48.915981,
        174.75
      ],
      [
        16.695971,
        48.915986,
        175.0
      ],
      [
        16.695827,
        48.915995,
        175.25
      ],
      [
        16.695689,
        48.916015,
        175.25
      ],
      [
        16.695394,
        48.91608,
        175.5
      ],
      [
        16.694671,
        48.916317,
        176.0
      ],
      [
        16.693482,
        48.91673,
        177.25
      ],
      [
        16.692993,
        48.916917,
        178.5
      ],
      [
        16.691978,
        48.917325,
        180.75
      ],
      [
        16.691679,
        48.91743,
        180.0
      ],
      [
        16.691446,
        48.917493,
        180.75
      ],
      [
        16.689428,
        48.917981,
        179.25
      ],
      [
        16.68889,
        48.918117,
        178.0
      ],
      [
        16.688302,
        48.918288,
        177.75
      ],
      [
        16.685806,
        48.919056,
        176.0
      ],
      [
        16.68568,
        48.919093,
        175.5
      ],
      [
        16.685599,
        48.919119,
        175.0
      ],
      [
        16.685225,
        48.919233,
        176.0
      ],
      [
        16.684856,
        48.919355,
        175.5
      ],
      [
        16.684638,
        48.919439,
        175.25
      ],
      [
        16.684434,
        48.919535,
        175.5
      ],
      [
        16.684197,
        48.919652,
        175.5
      ],
      [
        16.684058,
        48.919706,
        175.0
      ],
      [
        16.683957,
        48.919726,
        175.0
      ],
      [
        16.68386,
        48.919734,
        175.0
      ],
      [
        16.683791,
        48.919726,
        175.0
      ],
      [
        16.683706,
        48.919688,
        175.0
      ],
      [
        16.683653,
        48.919647,
        174.75
      ],
      [
        16.683506,
        48.919448,
        174.0
      ],
      [
        16.683251,
        48.919123,
        173.75
      ],
      [
        16.682288,
        48.917777,
        172.75
      ],
      [
        16.682083,
        48.917618,
        172.5
      ],
      [
        16.681832,
        48.917479,
        172.75
      ],
      [
        16.680453,
        48.917056,
        172.5
      ],
      [
        16.678557,
        48.916296,
        172.5
      ],
      [
        16.678451,
        48.916253,
        172.75
      ],
      [
        16.678291,
        48.916189,
        172.75
      ],
      [
        16.678255,
        48.916173,
        172.75
      ],
      [
        16.6773,
        48.91575,
        173.0
      ],
      [
        16.676952,
        48.915636,
        173.5
      ],
      [
        16.676266,
        48.915446,
        175.5
      ],
      [
        16.674095,
        48.915007,
        179.75
      ],
      [
        16.671704,
        48.914511,
        183.5
      ],
      [
        16.67107,
        48.914312,
        183.5
      ],
      [
        16.670473,
        48.914068,
        183.25
      ],
      [
        16.670021,
        48.913833,
        182.5
      ],
      [
        16.669092,
        48.91298,
        178.5
      ],
      [
        16.668817,
        48.912802,
        178.25
      ],
      [
        16.668477,
        48.912672,
        178.0
      ],
      [
        16.668082,
        48.912609,
        176.75
      ],
      [
        16.666739,
        48.912509,
        177.0
      ],
      [
        16.666292,
        48.912436,
        176.75
      ],
      [
        16.665786,
        48.912298,
        177.25
      ],
      [
        16.664988,
        48.911986,
        178.0
      ],
      [
        16.663618,
        48.911314,
        179.5
      ],
      [
        16.661942,
        48.91035,
        176.25
      ],
      [
        16.657527,
        48.907903,
        172.25
      ],
      [
        16.656496,
        48.907321,
        172.0
      ],
      [
        16.655982,
        48.907012,
        171.75
      ],
      [
        16.655637,
        48.906733,
        171.75
      ],
      [
        16.655469,
        48.906619,
        172.0
      ],
      [
        16.65519,
        48.906408,
        172.0
      ],
      [
        16.654881,
        48.906228,
        172.0
      ],
      [
        16.65427,
        48.905998,
        172.0
      ],
      [
        16.653711,
        48.905845,
        172.0
      ],
      [
        16.653378,
        48.905823,
        172.0
      ],
      [
        16.653163,
        48.905829,
        171.25
      ],
      [
        16.653042,
        48.905832,
        171.0
      ],
      [
        16.652814,
        48.905848,
        171.75
      ],
      [
        16.652725,
        48.90585,
        172.0
      ],
      [
        16.65253,
        48.905841,
        172.0
      ],
      [
        16.652312,
        48.905787,
        172.5
      ],
      [
        16.652183,
        48.905721,
        172.5
      ],
      [
        16.651848,
        48.905535,
        172.25
      ],
      [
        16.651556,
        48.905346,
        172.0
      ],
      [
        16.651301,
        48.905147,
        172.0
      ],
      [
        16.651209,
        48.905041,
        172.0
      ],
      [
        16.65114,
        48.904962,
        171.75
      ],
      [
        16.65096,
        48.904749,
        172.0
      ],
      [
        16.650467,
        48.90404,
        171.5
      ],
      [
        16.650397,
        48.903931,
        171.5
      ],
      [
        16.650118,
        48.903504,
        170.25
      ],
      [
        16.649586,
        48.902619,
        170.75
      ],
      [
        16.649507,
        48.902523,
        170.75
      ],
      [
        16.64942,
        48.902435,
        170.75
      ],
      [
        16.649231,
        48.902303,
        171.0
      ],
      [
        16.648913,
        48.902163,
        171.75
      ],
      [
        16.648803,
        48.902139,
        171.25
      ],
      [
        16.648671,
        48.902122,
        170.75
      ],
      [
        16.648443,
        48.902107,
        170.5
      ],
      [
        16.64744,
        48.902134,
        172.0
      ],
      [
        16.64738,
        48.902136,
        172.0
      ],
      [
        16.647019,
        48.902137,
        172.25
      ],
      [
        16.64678,
        48.902127,
        171.5
      ],
      [
        16.646421,
        48.902097,
        171.0
      ],
      [
        16.646029,
        48.902033,
        171.0
      ],
      [
        16.645774,
        48.901973,
        172.75
      ],
      [
        16.645412,
        48.901864,
        171.5
      ],
      [
        16.645134,
        48.901761,
        171.5
      ],
      [
        16.644804,
        48.901606,
        172.0
      ],
      [
        16.644432,
        48.901393,
        172.75
      ],
      [
        16.644187,
        48.901222,
        172.0
      ],
      [
        16.643983,
        48.901047,
        172.25
      ],
      [
        16.643803,
        48.900874,
        172.25
      ],
      [
        16.643638,
        48.900674,
        172.0
      ],
      [
        16.64353,
        48.900515,
        172.25
      ],
      [
        16.643364,
        48.900209,
        172.0
      ],
      [
        16.643268,
        48.899989,
        172.25
      ],
      [
        16.643178,
        48.899678,
        171.5
      ],
      [
        16.643141,
        48.899455,
        171.75
      ],
      [
        16.643125,
        48.899216,
        171.75
      ],
      [
        16.643143,
        48.898877,
        172.0
      ],
      [
        16.643187,
        48.898503,
        171.75
      ],
      [
        16.643332,
        48.897829,
        172.75
      ],
      [
        16.644305,
        48.894493,
        172.75
      ],
      [
        16.644351,
        48.894311,
        172.75
      ],
      [
        16.644397,
        48.893973,
        172.75
      ],
      [
        16.644395,
        48.89366,
        172.75
      ],
      [
        16.644381,
        48.893481,
        172.75
      ],
      [
        16.644342,
        48.893297,
        172.75
      ],
      [
        16.644231,
        48.892913,
        172.75
      ],
      [
        16.644198,
        48.892815,
        172.75
      ],
      [
        16.644127,
        48.892647,
        172.25
      ],
      [
        16.644026,
        48.892455,
        171.25
      ],
      [
        16.643777,
        48.892078,
        171.5
      ],
      [
        16.643615,
        48.891904,
        172.5
      ],
      [
        16.642841,
        48.891214,
        171.75
      ],
      [
        16.642743,
        48.891034,
        172.25
      ],
      [
        16.642724,
        48.890972,
        171.5
      ],
      [
        16.642706,
        48.890881,
        170.75
      ],
      [
        16.642699,
        48.89079,
        170.25
      ],
      [
        16.642704,
        48.890676,
        170.0
      ],
      [
        16.642729,
        48.890577,
        169.75
      ],
      [
        16.642764,
        48.89047,
        169.25
      ],
      [
        16.64279,
        48.890403,
        168.75
      ],
      [
        16.643208,
        48.889724,
        169.0
      ],
      [
        16.643274,
        48.889611,
        169.25
      ],
      [
        16.643462,
        48.889303,
        169.0
      ],
      [
        16.643605,
        48.889086,
        169.0
      ],
      [
        16.643808,
        48.88882,
        169.0
      ],
      [
        16.643838,
        48.888764,
        169.0
      ],
      [
        16.643867,
        48.88864,
        169.0
      ],
      [
        16.643869,
        48.888568,
        169.0
      ],
      [
        16.64386,
        48.888513,
        169.0
      ],
      [
        16.64384,
        48.888463,
        169.0
      ],
      [
        16.643812,
        48.88842,
        169.0
      ],
      [
        16.643769,
        48.888379,
        169.0
      ],
      [
        16.643676,
        48.888324,
        169.0
      ],
      [
        16.643625,
        48.888306,
        169.0
      ],
      [
        16.642357,
        48.887986,
        170.0
      ],
      [
        16.642045,
        48.887921,
        169.5
      ],
      [
        16.641859,
        48.887892,
        169.5
      ],
      [
        16.641259,
        48.887846,
        169.75
      ],
      [
        16.641051,
        48.887815,
        170.0
      ],
      [
        16.640943,
        48.887791,
        170.5
      ],
      [
        16.640799,
        48.887748,
        171.0
      ],
      [
        16.640696,
        48.887688,
        171.25
      ],
      [
        16.640663,
        48.887649,
        171.5
      ],
      [
        16.640635,
        48.887576,
        171.5
      ],
      [
        16.640636,
        48.887524,
        171.5
      ],
      [
        16.640866,
        48.886806,
        172.0
      ],
      [
        16.640926,
        48.886616,
        172.0
      ],
      [
        16.640942,
        48.886505,
        172.0
      ],
      [
        16.640926,
        48.886401,
        172.0
      ],
      [
        16.640892,
        48.886312,
        172.25
      ],
      [
        16.640822,
        48.88621,
        172.5
      ],
      [
        16.640755,
        48.886135,
        172.75
      ],
      [
        16.640229,
        48.885614,
        173.75
      ],
      [
        16.640115,
        48.885499,
        174.0
      ],
      [
        16.639282,
        48.8846,
        175.75
      ],
      [
        16.63876,
        48.884033,
        177.5
      ],
      [
        16.637995,
        48.883236,
        180.5
      ],
      [
        16.636826,
        48.882043,
        187.5
      ],
      [
        16.636684,
        48.881885,
        188.5
      ],
      [
        16.636554,
        48.881731,
        190.25
      ],
      [
        16.636348,
        48.881445,
        191.75
      ],
      [
        16.636048,
        48.880956,
        195.25
      ],
      [
        16.635959,
        48.880837,
        195.75
      ],
      [
        16.635874,
        48.880741,
        196.25
      ],
      [
        16.635776,
        48.880649,
        196.25
      ],
      [
        16.635659,
        48.880557,
        196.0
      ],
      [
        16.635541,
        48.880474,
        195.25
      ],
      [
        16.635377,
        48.880373,
        195.0
      ],
      [
        16.634614,
        48.879949,
        194.5
      ],
      [
        16.632915,
        48.878872,
        196.75
      ],
      [
        16.631114,
        48.877658,
        198.75
      ],
      [
        16.630973,
        48.877549,
        198.75
      ],
      [
        16.630765,
        48.877424,
        199.5
      ],
      [
        16.630288,
        48.87724,
        198.75
      ],
      [
        16.630109,
        48.87718,
        198.0
      ],
      [
        16.629599,
        48.87702,
        197.0
      ],
      [
        16.629248,
        48.876914,
        196.25
      ],
      [
        16.628164,
        48.876607,
        195.25
      ],
      [
        16.627152,
        48.876339,
        195.0
      ],
      [
        16.626524,
        48.876182,
        194.75
      ],
      [
        16.626165,
        48.876099,
        195.0
      ],
      [
        16.625958,
        48.876063,
        195.0
      ],
      [
        16.625743,
        48.87603,
        194.75
      ],
      [
        16.625539,
        48.876015,
        194.25
      ],
      [
        16.625302,
        48.875988,
        194.25
      ],
      [
        16.625199,
        48.875976,
        194.0
      ],
      [
        16.62485,
        48.875936,
        193.5
      ],
      [
        16.624326,
        48.875747,
        193.25
      ],
      [
        16.624144,
        48.875655,
        193.5
      ],
      [
        16.624101,
        48.875633,
        193.25
      ],
      [
        16.62376,
        48.875496,
        192.75
      ],
      [
        16.623655,
        48.87546,
        192.5
      ],
      [
        16.623475,
        48.875349,
        192.5
      ],
      [
        16.623313,
        48.875095,
        192.75
      ],
      [
        16.623227,
        48.874875,
        193.0
      ],
      [
        16.623203,
        48.87481,
        193.0
      ],
      [
        16.62317,
        48.874732,
        193.25
      ],
      [
        16.623112,
        48.87463,
        193.5
      ],
      [
        16.62301,
        48.874498,
        193.5
      ],
      [
        16.622945,
        48.874435,
        193.5
      ],
      [
        16.622722,
        48.874273,
        193.75
      ],
      [
        16.622481,
        48.874147,
        193.75
      ],
      [
        16.622004,
        48.873924,
        193.75
      ],
      [
        16.621496,
        48.873674,
        195.0
      ],
      [
        16.62125,
        48.873533,
        195.5
      ],
      [
        16.620918,
        48.873308,
        196.5
      ],
      [
        16.620388,
        48.872893,
        198.75
      ],
      [
        16.620038,
        48.872608,
        199.75
      ],
      [
        16.619834,
        48.872404,
        201.5
      ],
      [
        16.619722,
        48.872263,
        202.5
      ],
      [
        16.619667,
        48.872178,
        203.25
      ],
      [
        16.619446,
        48.871846,
        206.5
      ],
      [
        16.619381,
        48.87176,
        206.75
      ],
      [
        16.61924,
        48.871613,
        207.25
      ],
      [
        16.619031,
        48.871453,
        207.25
      ],
      [
        16.618777,
        48.871308,
        208.0
      ],
      [
        16.618448,
        48.871159,
        209.25
      ],
      [
        16.617091,
        48.870635,
        213.0
      ],
      [
        16.616706,
        48.870498,
        211.25
      ],
      [
        16.61647,
        48.870431,
        211.0
      ],
      [
        16.616192,
        48.870377,
        210.75
      ],
      [
        16.615527,
        48.870278,
        211.75
      ],
      [
        16.615492,
        48.870273,
        212.0
      ],
      [
        16.615327,
        48.870224,
        212.25
      ],
      [
        16.615202,
        48.870153,
        212.5
      ],
      [
        16.615075,
        48.870053,
        211.75
      ],
      [
        16.614977,
        48.86994,
        210.75
      ],
      [
        16.614613,
        48.869392,
        205.75
      ],
      [
        16.614518,
        48.869289,
        205.25
      ],
      [
        16.614409,
        48.869202,
        205.25
      ],
      [
        16.614258,
        48.869105,
        204.75
      ],
      [
        16.613199,
        48.868479,
        207.75
      ],
      [
        16.612934,
        48.868322,
        209.0
      ],
      [
        16.612664,
        48.868162,
        210.75
      ],
      [
        16.612369,
        48.867971,
        212.5
      ],
      [
        16.612189,
        48.867849,
        213.75
      ],
      [
        16.611982,
        48.867679,
        215.0
      ],
      [
        16.61173,
        48.867414,
        215.75
      ],
      [
        16.611649,
        48.867303,
        215.5
      ],
      [
        16.611576,
        48.867161,
        215.0
      ],
      [
        16.611502,
        48.866987,
        214.0
      ],
      [
        16.611465,
        48.866705,
        213.75
      ],
      [
        16.611459,
        48.866507,
        213.75
      ],
      [
        16.611507,
        48.865976,
        213.75
      ],
      [
        16.61153,
        48.865825,
        213.5
      ],
      [
        16.611567,
        48.86567,
        213.75
      ],
      [
        16.611618,
        48.865529,
        214.25
      ],
      [
        16.611917,
        48.86501,
        214.75
      ],
      [
        16.61195,
        48.864886,
        214.5
      ],
      [
        16.611959,
        48.86477,
        214.25
      ],
      [
        16.611952,
        48.864679,
        214.0
      ],
      [
        16.611908,
        48.864547,
        213.5
      ],
      [
        16.611832,
        48.864423,
        213.0
      ],
      [
        16.611109,
        48.863589,
        207.0
      ],
      [
        16.610664,
        48.863009,
        206.75
      ],
      [
        16.610376,
        48.862487,
        208.25
      ],
      [
        16.610144,
        48.862039,
        208.5
      ],
      [
        16.609976,
        48.861796,
        207.75
      ],
      [
        16.609896,
        48.861711,
        207.5
      ],
      [
        16.609713,
        48.861557,
        207.25
      ],
      [
        16.60953,
        48.861433,
        206.0
      ],
      [
        16.609323,
        48.861339,
        205.5
      ],
      [
        16.609092,
        48.861256,
        206.25
      ],
      [
        16.60878,
        48.861159,
        205.25
      ],
      [
        16.60858,
        48.861132,
        204.0
      ],
      [
        16.6083,
        48.861107,
        204.0
      ],
      [
        16.607862,
        48.861073,
        204.5
      ],
      [
        16.607697,
        48.861029,
        204.25
      ],
      [
        16.607806,
        48.860856,
        204.25
      ],
      [
        16.60814,
        48.860272,
        203.25
      ],
      [
        16.608229,
        48.860101,
        202.75
      ],
      [
        16.608343,
        48.859801,
        201.5
      ],
      [
        16.608391,
        48.859617,
        201.0
      ],
      [
        16.608549,
        48.858881,
        200.5
      ],
      [
        16.608799,
        48.857355,
        199.5
      ],
      [
        16.608887,
        48.85695,
        199.75
      ],
      [
        16.608893,
        48.856849,
        199.25
      ],
      [
        16.608942,
        48.856691,
        198.5
      ],
      [
        16.608974,
        48.856508,
        199.0
      ],
      [
        16.609056,
        48.855667,
        200.0
      ],
      [
        16.609234,
        48.854359,
        201.0
      ],
      [
        16.609327,
        48.853817,
        201.5
      ],
      [
        16.609396,
        48.853278,
        201.75
      ],
      [
        16.609439,
        48.853015,
        201.75
      ],
      [
        16.60953,
        48.852142,
        201.75
      ],
      [
        16.609509,
        48.852039,
        201.75
      ],
      [
        16.609474,
        48.85198,
        201.75
      ],
      [
        16.609427,
        48.851931,
        201.75
      ],
      [
        16.609126,
        48.851722,
        201.75
      ],
      [
        16.609058,
        48.85164,
        202.0
      ],
      [
        16.609046,
        48.851556,
        202.0
      ],
      [
        16.609076,
        48.851433,
        202.0
      ],
      [
        16.609153,
        48.851333,
        202.0
      ],
      [
        16.609402,
        48.851229,
        202.25
      ],
      [
        16.609518,
        48.851136,
        202.5
      ],
      [
        16.609587,
        48.850987,
        203.0
      ],
      [
        16.609651,
        48.850581,
        203.5
      ],
      [
        16.609861,
        48.850081,
        203.75
      ],
      [
        16.610288,
        48.847599,
        204.25
      ],
      [
        16.610689,
        48.844643,
        202.75
      ],
      [
        16.611069,
        48.841971,
        201.5
      ],
      [
        16.611172,
        48.841367,
        201.0
      ],
      [
        16.611197,
        48.841271,
        201.0
      ],
      [
        16.611219,
        48.841135,
        200.75
      ],
      [
        16.611221,
        48.841063,
        200.75
      ],
      [
        16.611193,
        48.840862,
        201.0
      ],
      [
        16.611542,
        48.838454,
        201.25
      ],
      [
        16.61184,
        48.836115,
        204.0
      ],
      [
        16.612189,
        48.833694,
        209.75
      ],
      [
        16.612335,
        48.832991,
        210.25
      ],
      [
        16.6124,
        48.832608,
        211.75
      ],
      [
        16.612385,
        48.832321,
        212.25
      ],
      [
        16.612541,
        48.83111,
        217.0
      ],
      [
        16.612498,
        48.830699,
        217.0
      ],
      [
        16.612672,
        48.829857,
        216.75
      ],
      [
        16.612727,
        48.829702,
        217.75
      ],
      [
        16.612839,
        48.829388,
        218.0
      ],
      [
        16.61281,
        48.829072,
        216.25
      ],
      [
        16.61281,
        48.828781,
        215.5
      ],
      [
        16.612956,
        48.828331,
        216.25
      ],
      [
        16.613283,
        48.827647,
        221.0
      ],
      [
        16.613595,
        48.827192,
        224.75
      ],
      [
        16.614024,
        48.825905,
        231.75
      ],
      [
        16.614118,
        48.825652,
        233.0
      ],
      [
        16.614348,
        48.82538,
        231.5
      ],
      [
        16.614788,
        48.824954,
        229.75
      ],
      [
        16.615775,
        48.823876,
        226.5
      ],
      [
        16.616081,
        48.823307,
        223.5
      ],
      [
        16.616458,
        48.822666,
        221.0
      ],
      [
        16.617047,
        48.82191,
        221.25
      ],
      [
        16.617701,
        48.821183,
        222.5
      ],
      [
        16.618428,
        48.820455,
        223.75
      ],
      [
        16.619133,
        48.819872,
        224.75
      ],
      [
        16.619714,
        48.819427,
        224.75
      ],
      [
        16.620848,
        48.818627,
        224.25
      ],
      [
        16.621909,
        48.817962,
        225.25
      ],
      [
        16.623079,
        48.81712,
        225.25
      ],
      [
        16.623573,
        48.816718,
        225.0
      ],
      [
        16.623878,
        48.816369,
        224.75
      ],
      [
        16.624184,
        48.81589,
        223.5
      ],
      [
        16.624431,
        48.815436,
        223.25
      ],
      [
        16.624583,
        48.814991,
        222.25
      ],
      [
        16.624605,
        48.814737,
        222.5
      ],
      [
        16.624511,
        48.814622,
        222.5
      ],
      [
        16.62422,
        48.814565,
        222.0
      ],
      [
        16.623762,
        48.814517,
        221.5
      ],
      [
        16.623762,
        48.814345,
        221.25
      ],
      [
        16.624797,
        48.814463,
        223.0
      ],
      [
        16.624804,
        48.814431,
        222.75
      ],
      [
        16.624823,
        48.814401,
        222.75
      ],
      [
        16.624852,
        48.814375,
        222.75
      ],
      [
        16.624891,
        48.814355,
        222.75
      ],
      [
        16.624937,
        48.814341,
        222.75
      ],
      [
        16.624986,
        48.814336,
        222.75
      ],
      [
        16.625035,
        48.81434,
        223.0
      ],
      [
        16.625083,
        48.814352,
        223.0
      ],
      [
        16.625125,
        48.814372,
        223.25
      ],
      [
        16.625157,
        48.814398,
        223.25
      ],
      [
        16.625177,
        48.814429,
        223.5
      ],
      [
        16.625184,
        48.814463,
        223.5
      ],
      [
        16.625177,
        48.814497,
        223.5
      ],
      [
        16.62553,
        48.814542,
        224.25
      ],
      [
        16.625932,
        48.814585,
        225.5
      ],
      [
        16.626109,
        48.8146,
        226.0
      ],
      [
        16.626218,
        48.8146,
        226.5
      ],
      [
        16.626274,
        48.814594,
        226.5
      ],
      [
        16.626387,
        48.814582,
        226.75
      ],
      [
        16.626484,
        48.814551,
        226.75
      ],
      [
        16.626574,
        48.814509,
        226.75
      ],
      [
        16.628681,
        48.81322,
        227.25
      ],
      [
        16.629229,
        48.812893,
        227.5
      ],
      [
        16.629351,
        48.812819,
        227.5
      ],
      [
        16.629814,
        48.812546,
        227.25
      ],
      [
        16.630191,
        48.812326,
        227.5
      ],
      [
        16.630825,
        48.811955,
        227.75
      ],
      [
        16.63099,
        48.81186,
        227.75
      ],
      [
        16.631182,
        48.811741,
        228.0
      ],
      [
        16.633379,
        48.81043,
        234.5
      ],
      [
        16.633484,
        48.810367,
        235.0
      ],
      [
        16.6342,
        48.809938,
        238.5
      ],
      [
        16.634315,
        48.809869,
        239.5
      ],
      [
        16.634549,
        48.809714,
        240.25
      ],
      [
        16.634665,
        48.809567,
        241.0
      ],
      [
        16.634721,
        48.809449,
        241.75
      ],
      [
        16.634757,
        48.809323,
        242.0
      ],
      [
        16.634777,
        48.809142,
        241.75
      ],
      [
        16.634768,
        48.80898,
        241.25
      ],
      [
        16.634766,
        48.808936,
        241.25
      ],
      [
        16.634711,
        48.808251,
        240.75
      ],
      [
        16.634704,
        48.808166,
        240.75
      ],
      [
        16.634662,
        48.807968,
        241.0
      ],
      [
        16.63462,
        48.807846,
        241.25
      ],
      [
        16.634573,
        48.807736,
        241.5
      ],
      [
        16.634462,
        48.80753,
        241.75
      ],
      [
        16.634114,
        48.806928,
        241.75
      ],
      [
        16.633948,
        48.806659,
        240.0
      ],
      [
        16.633842,
        48.806488,
        238.25
      ],
      [
        16.633732,
        48.806311,
        237.25
      ],
      [
        16.633668,
        48.806178,
        237.0
      ],
      [
        16.633638,
        48.806095,
        236.75
      ],
      [
        16.633619,
        48.805995,
        236.0
      ],
      [
        16.633607,
        48.805901,
        235.25
      ],
      [
        16.633614,
        48.805753,
        234.5
      ],
      [
        16.633639,
        48.805624,
        234.0
      ],
      [
        16.633668,
        48.805537,
        233.75
      ],
      [
        16.633761,
        48.805388,
        233.0
      ],
      [
        16.633805,
        48.80533,
        232.75
      ],
      [
        16.633893,
        48.805236,
        232.5
      ],
      [
        16.63408,
        48.805085,
        232.25
      ],
      [
        16.634225,
        48.804992,
        231.75
      ],
      [
        16.634613,
        48.804793,
        230.75
      ],
      [
        16.634936,
        48.804632,
        228.5
      ],
      [
        16.635375,
        48.804425,
        226.25
      ],
      [
        16.635737,
        48.804267,
        224.5
      ],
      [
        16.636019,
        48.804149,
        222.75
      ],
      [
        16.636054,
        48.804182,
        223.0
      ],
      [
        16.636198,
        48.804318,
        224.25
      ],
      [
        16.636505,
        48.804647,
        227.0
      ],
      [
        16.636952,
        48.804963,
        230.5
      ],
      [
        16.637151,
        48.805087,
        232.25
      ],
      [
        16.637322,
        48.805188,
        233.75
      ],
      [
        16.637504,
        48.805287,
        235.0
      ],
      [
        16.637519,
        48.805315,
        235.25
      ],
      [
        16.637602,
        48.805465,
        236.75
      ],
      [
        16.63761,
        48.805476,
        236.75
      ],
      [
        16.637694,
        48.805584,
        238.75
      ],
      [
        16.63761,
        48.805476,
        236.75
      ],
      [
        16.637602,
        48.805465,
        236.75
      ],
      [
        16.637519,
        48.805315,
        235.25
      ],
      [
        16.637504,
        48.805287,
        235.0
      ],
      [
        16.637322,
        48.805188,
        233.75
      ],
      [
        16.637151,
        48.805087,
        232.25
      ],
      [
        16.636952,
        48.804963,
        230.5
      ],
      [
        16.636505,
        48.804647,
        227.0
      ],
      [
        16.636198,
        48.804318,
        224.25
      ],
      [
        16.636054,
        48.804182,
        223.0
      ],
      [
        16.636019,
        48.804149,
        222.75
      ],
      [
        16.636255,
        48.804055,
        222.25
      ],
      [
        16.6366,
        48.803938,
        222.25
      ],
      [
        16.636916,
        48.803837,
        221.5
      ],
      [
        16.637926,
        48.803525,
        220.75
      ],
      [
        16.638292,
        48.803409,
        221.5
      ],
      [
        16.639227,
        48.803127,
        224.25
      ],
      [
        16.639646,
        48.803002,
        225.5
      ],
      [
        16.639836,
        48.802883,
        226.0
      ],
      [
        16.640221,
        48.802643,
        227.25
      ],
      [
        16.640369,
        48.802567,
        227.5
      ],
      [
        16.640552,
        48.802494,
        227.75
      ],
      [
        16.640643,
        48.802457,
        228.25
      ],
      [
        16.641015,
        48.802341,
        229.5
      ],
      [
        16.641796,
        48.802097,
        230.5
      ],
      [
        16.64225,
        48.801946,
        232.0
      ],
      [
        16.642317,
        48.801925,
        232.0
      ],
      [
        16.642562,
        48.801848,
        232.25
      ],
      [
        16.642494,
        48.801704,
        231.25
      ],
      [
        16.642514,
        48.801563,
        230.5
      ],
      [
        16.642633,
        48.80126,
        229.0
      ],
      [
        16.642704,
        48.800977,
        227.5
      ],
      [
        16.642718,
        48.800746,
        226.5
      ],
      [
        16.642525,
        48.800132,
        223.5
      ],
      [
        16.64245,
        48.799847,
        222.75
      ],
      [
        16.64222,
        48.798979,
        220.75
      ],
      [
        16.642126,
        48.798661,
        220.25
      ],
      [
        16.642113,
        48.79862,
        220.0
      ],
      [
        16.641968,
        48.798102,
        220.75
      ],
      [
        16.641928,
        48.797937,
        221.25
      ],
      [
        16.641282,
        48.795613,
        216.5
      ],
      [
        16.640531,
        48.793058,
        205.0
      ],
      [
        16.639946,
        48.790987,
        198.5
      ],
      [
        16.639927,
        48.790926,
        198.25
      ],
      [
        16.639901,
        48.790843,
        198.0
      ],
      [
        16.639972,
        48.79083,
        197.75
      ],
      [
        16.640156,
        48.790817,
        197.75
      ],
      [
        16.64036,
        48.790788,
        197.75
      ],
      [
        16.640543,
        48.790733,
        197.75
      ],
      [
        16.641345,
        48.790472,
        196.75
      ],
      [
        16.641555,
        48.790397,
        196.5
      ],
      [
        16.641679,
        48.790349,
        196.5
      ],
      [
        16.641949,
        48.790216,
        197.0
      ],
      [
        16.642086,
        48.790161,
        197.5
      ],
      [
        16.642813,
        48.789941,
        200.5
      ],
      [
        16.652994,
        48.786799,
        191.25
      ],
      [
        16.654614,
        48.786293,
        190.75
      ],
      [
        16.654771,
        48.786291,
        191.0
      ],
      [
        16.654875,
        48.786279,
        191.25
      ],
      [
        16.654946,
        48.786257,
        191.25
      ],
      [
        16.655127,
        48.786181,
        191.25
      ],
      [
        16.655174,
        48.78614,
        191.0
      ],
      [
        16.655256,
        48.786089,
        190.75
      ],
      [
        16.656953,
        48.785521,
        187.75
      ],
      [
        16.657401,
        48.78535,
        186.0
      ],
      [
        16.661307,
        48.784147,
        184.0
      ],
      [
        16.66153,
        48.784078,
        184.0
      ],
      [
        16.665584,
        48.782814,
        185.0
      ],
      [
        16.665797,
        48.782752,
        185.75
      ],
      [
        16.667455,
        48.782229,
        190.75
      ],
      [
        16.667539,
        48.782193,
        191.25
      ],
      [
        16.667635,
        48.782139,
        191.75
      ],
      [
        16.667751,
        48.782062,
        191.75
      ],
      [
        16.669064,
        48.781237,
        187.0
      ],
      [
        16.671082,
        48.77995,
        186.0
      ],
      [
        16.671397,
        48.779753,
        187.5
      ],
      [
        16.671609,
        48.779644,
        189.0
      ],
      [
        16.670444,
        48.779049,
        189.0
      ],
      [
        16.669874,
        48.778768,
        190.0
      ],
      [
        16.669269,
        48.778403,
        190.5
      ],
      [
        16.668852,
        48.778088,
        190.5
      ],
      [
        16.668751,
        48.777998,
        190.75
      ],
      [
        16.668427,
        48.777624,
        191.75
      ],
      [
        16.668074,
        48.776993,
        191.0
      ],
      [
        16.667827,
        48.776532,
        189.5
      ],
      [
        16.666351,
        48.773777,
        193.75
      ],
      [
        16.665916,
        48.772981,
        191.5
      ],
      [
        16.665525,
        48.771363,
        190.75
      ],
      [
        16.665529,
        48.771294,
        190.75
      ],
      [
        16.665549,
        48.771234,
        190.75
      ],
      [
        16.665614,
        48.770959,
        191.0
      ],
      [
        16.66559,
        48.770508,
        192.25
      ],
      [
        16.665351,
        48.769939,
        192.0
      ],
      [
        16.665196,
        48.76929,
        193.25
      ],
      [
        16.665096,
        48.768765,
        194.0
      ],
      [
        16.66518,
        48.768115,
        193.75
      ],
      [
        16.66544,
        48.767335,
        194.25
      ],
      [
        16.665485,
        48.76725,
        194.5
      ],
      [
        16.66557,
        48.767178,
        195.0
      ],
      [
        16.665667,
        48.767038,
        195.0
      ],
      [
        16.665649,
        48.766756,
        195.0
      ],
      [
        16.665661,
        48.766674,
        195.0
      ],
      [
        16.66577,
        48.766306,
        195.25
      ],
      [
        16.665768,
        48.765807,
        198.0
      ],
      [
        16.665623,
        48.765383,
        199.25
      ],
      [
        16.665358,
        48.765047,
        199.0
      ],
      [
        16.66508,
        48.764634,
        199.25
      ],
      [
        16.664788,
        48.764382,
        199.0
      ],
      [
        16.664487,
        48.764136,
        200.25
      ],
      [
        16.664276,
        48.763798,
        201.0
      ],
      [
        16.664204,
        48.763577,
        201.5
      ],
      [
        16.66422,
        48.76337,
        202.25
      ],
      [
        16.664329,
        48.763081,
        203.0
      ],
      [
        16.664367,
        48.762943,
        203.0
      ],
      [
        16.664342,
        48.762811,
        202.5
      ],
      [
        16.664212,
        48.762591,
        202.0
      ],
      [
        16.664193,
        48.762522,
        202.0
      ],
      [
        16.664143,
        48.762429,
        202.25
      ],
      [
        16.664051,
        48.762328,
        202.5
      ],
      [
        16.663819,
        48.762142,
        201.75
      ],
      [
        16.663737,
        48.762064,
        201.5
      ],
      [
        16.66367,
        48.761954,
        201.25
      ],
      [
        16.663655,
        48.761777,
        201.0
      ],
      [
        16.663671,
        48.761602,
        201.0
      ],
      [
        16.663773,
        48.760982,
        202.0
      ],
      [
        16.663795,
        48.760649,
        203.0
      ],
      [
        16.663762,
        48.760469,
        203.5
      ],
      [
        16.663699,
        48.760244,
        203.75
      ],
      [
        16.66355,
        48.759896,
        201.0
      ],
      [
        16.663497,
        48.759858,
        200.5
      ],
      [
        16.663506,
        48.759663,
        200.0
      ],
      [
        16.663494,
        48.759498,
        200.0
      ],
      [
        16.663466,
        48.759291,
        200.5
      ],
      [
        16.663395,
        48.759037,
        200.75
      ],
      [
        16.663324,
        48.75887,
        201.0
      ],
      [
        16.663168,
        48.758614,
        200.75
      ],
      [
        16.663073,
        48.758442,
        201.25
      ],
      [
        16.663049,
        48.758343,
        201.75
      ],
      [
        16.663042,
        48.758231,
        201.25
      ],
      [
        16.663063,
        48.758006,
        201.0
      ],
      [
        16.663114,
        48.757784,
        201.25
      ],
      [
        16.663175,
        48.757585,
        201.25
      ],
      [
        16.663292,
        48.757318,
        201.25
      ],
      [
        16.663806,
        48.756387,
        201.25
      ],
      [
        16.66423,
        48.755291,
        203.25
      ],
      [
        16.6643,
        48.75516,
        203.75
      ],
      [
        16.664432,
        48.754753,
        203.75
      ],
      [
        16.664484,
        48.75454,
        203.5
      ],
      [
        16.66451,
        48.754385,
        203.5
      ],
      [
        16.664517,
        48.754221,
        204.0
      ],
      [
        16.664457,
        48.753471,
        204.0
      ],
      [
        16.664539,
        48.753267,
        204.25
      ],
      [
        16.664656,
        48.753026,
        204.0
      ],
      [
        16.664762,
        48.752843,
        204.0
      ],
      [
        16.664932,
        48.752579,
        204.0
      ],
      [
        16.664974,
        48.75252,
        204.0
      ],
      [
        16.665141,
        48.752192,
        203.25
      ],
      [
        16.665148,
        48.752149,
        203.25
      ],
      [
        16.665087,
        48.75199,
        202.25
      ],
      [
        16.665246,
        48.751939,
        202.75
      ],
      [
        16.665262,
        48.75191,
        203.0
      ],
      [
        16.665264,
        48.751882,
        203.0
      ],
      [
        16.665193,
        48.751464,
        203.75
      ],
      [
        16.665111,
        48.751194,
        204.5
      ],
      [
        16.665061,
        48.751081,
        204.75
      ],
      [
        16.665004,
        48.750971,
        204.5
      ],
      [
        16.664804,
        48.750671,
        204.25
      ],
      [
        16.664904,
        48.750592,
        204.5
      ],
      [
        16.664974,
        48.750506,
        205.0
      ],
      [
        16.665067,
        48.750324,
        207.75
      ],
      [
        16.665108,
        48.750262,
        209.0
      ],
      [
        16.665304,
        48.750033,
        210.5
      ],
      [
        16.665409,
        48.749926,
        212.25
      ],
      [
        16.665455,
        48.749893,
        212.75
      ],
      [
        16.665495,
        48.749876,
        213.25
      ],
      [
        16.665551,
        48.749863,
        213.75
      ],
      [
        16.66578,
        48.749856,
        215.75
      ],
      [
        16.665826,
        48.749845,
        216.25
      ],
      [
        16.665858,
        48.749827,
        216.0
      ],
      [
        16.665876,
        48.749799,
        215.75
      ],
      [
        16.665869,
        48.749757,
        215.25
      ],
      [
        16.665806,
        48.749676,
        214.75
      ],
      [
        16.665697,
        48.749556,
        214.75
      ],
      [
        16.665652,
        48.749491,
        214.75
      ],
      [
        16.665606,
        48.749363,
        215.25
      ],
      [
        16.665574,
        48.749154,
        216.0
      ],
      [
        16.665579,
        48.748896,
        215.0
      ],
      [
        16.665614,
        48.748432,
        214.5
      ],
      [
        16.665604,
        48.74833,
        214.0
      ],
      [
        16.665569,
        48.74823,
        213.5
      ],
      [
        16.665483,
        48.748067,
        213.5
      ],
      [
        16.665586,
        48.747972,
        214.5
      ],
      [
        16.665691,
        48.747849,
        216.5
      ],
      [
        16.665708,
        48.747803,
        217.0
      ],
      [
        16.665714,
        48.747763,
        217.25
      ],
      [
        16.665703,
        48.747718,
        217.5
      ],
      [
        16.665675,
        48.747679,
        217.5
      ],
      [
        16.665632,
        48.747641,
        217.5
      ],
      [
        16.665461,
        48.747535,
        217.0
      ],
      [
        16.665414,
        48.747498,
        217.0
      ],
      [
        16.665369,
        48.747456,
        217.25
      ],
      [
        16.66534,
        48.747411,
        217.25
      ],
      [
        16.665315,
        48.747255,
        218.0
      ],
      [
        16.665622,
        48.747184,
        220.25
      ],
      [
        16.666069,
        48.747156,
        222.75
      ],
      [
        16.666381,
        48.747114,
        225.25
      ],
      [
        16.666674,
        48.747029,
        226.5
      ],
      [
        16.667114,
        48.74686,
        229.5
      ],
      [
        16.667932,
        48.746548,
        236.5
      ],
      [
        16.668077,
        48.746474,
        238.5
      ],
      [
        16.668176,
        48.74641,
        239.5
      ],
      [
        16.668375,
        48.746249,
        241.75
      ],
      [
        16.669043,
        48.745647,
        251.0
      ],
      [
        16.66915,
        48.74554,
        252.0
      ],
      [
        16.669204,
        48.745512,
        252.5
      ],
      [
        16.669286,
        48.745495,
        253.25
      ],
      [
        16.67121,
        48.74548,
        266.75
      ],
      [
        16.671277,
        48.744538,
        267.75
      ],
      [
        16.671516,
        48.741603,
        267.25
      ],
      [
        16.671613,
        48.740164,
        265.25
      ],
      [
        16.671674,
        48.738585,
        255.75
      ],
      [
        16.674658,
        48.732138,
        261.75
      ],
      [
        16.676372,
        48.732126,
        270.5
      ],
      [
        16.680848,
        48.732102,
        293.0
      ],
      [
        16.680924,
        48.732038,
        293.0
      ],
      [
        16.680983,
        48.731895,
        293.5
      ],
      [
        16.68176,
        48.730026,
        297.0
      ],
      [
        16.682094,
        48.729135,
        299.5
      ],
      [
        16.682573,
        48.728066,
        302.0
      ],
      [
        16.682591,
        48.727968,
        302.0
      ],
      [
        16.682594,
        48.72773,
        302.25
      ],
      [
        16.68258,
        48.727143,
        302.25
      ],
      [
        16.682625,
        48.727046,
        302.25
      ],
      [
        16.682434,
        48.72698,
        301.75
      ],
      [
        16.682183,
        48.726853,
        301.75
      ],
      [
        16.680231,
        48.725108,
        295.75
      ],
      [
        16.679219,
        48.724171,
        294.0
      ],
      [
        16.677591,
        48.722694,
        289.5
      ],
      [
        16.676103,
        48.721337,
        287.0
      ],
      [
        16.675543,
        48.720833,
        287.0
      ],
      [
        16.674614,
        48.719963,
        284.25
      ],
      [
        16.671576,
        48.717206,
        281.25
      ],
      [
        16.669523,
        48.715324,
        278.75
      ],
      [
        16.668798,
        48.71467,
        276.25
      ],
      [
        16.667959,
        48.713919,
        273.5
      ],
      [
        16.667421,
        48.713581,
        271.75
      ],
      [
        16.666823,
        48.713287,
        269.5
      ],
      [
        16.666615,
        48.713216,
        268.75
      ],
      [
        16.666393,
        48.713166,
        268.0
      ],
      [
        16.66612,
        48.71315,
        267.5
      ],
      [
        16.665874,
        48.713169,
        268.0
      ],
      [
        16.665607,
        48.713215,
        268.25
      ],
      [
        16.665578,
        48.713164,
        268.5
      ],
      [
        16.665661,
        48.713017,
        269.0
      ],
      [
        16.665654,
        48.712917,
        269.0
      ],
      [
        16.665481,
        48.712327,
        269.0
      ],
      [
        16.665241,
        48.711434,
        270.0
      ],
      [
        16.665061,
        48.710914,
        270.75
      ],
      [
        16.664639,
        48.710031,
        272.5
      ],
      [
        16.664601,
        48.709917,
        272.75
      ],
      [
        16.664684,
        48.709878,
        273.25
      ],
      [
        16.664772,
        48.709861,
        273.5
      ],
      [
        16.670268,
        48.709797,
        298.75
      ],
      [
        16.669843,
        48.707326,
        300.0
      ],
      [
        16.669793,
        48.707099,
        299.5
      ],
      [
        16.66936,
        48.705759,
        296.5
      ],
      [
        16.669089,
        48.705262,
        296.0
      ],
      [
        16.668539,
        48.704284,
        295.25
      ],
      [
        16.668441,
        48.704136,
        294.75
      ],
      [
        16.667743,
        48.703266,
        293.5
      ],
      [
        16.667256,
        48.702585,
        293.0
      ],
      [
        16.667146,
        48.702632,
        293.0
      ],
      [
        16.666858,
        48.702318,
        292.0
      ],
      [
        16.665273,
        48.700512,
        293.0
      ],
      [
        16.66369,
        48.698623,
        293.25
      ],
      [
        16.66219,
        48.696803,
        291.0
      ],
      [
        16.661993,
        48.696599,
        290.5
      ],
      [
        16.66181,
        48.696478,
        290.25
      ],
      [
        16.661613,
        48.696367,
        290.5
      ],
      [
        16.66135,
        48.696244,
        290.0
      ],
      [
        16.660876,
        48.696067,
        291.0
      ],
      [
        16.660595,
        48.695962,
        291.25
      ],
      [
        16.659991,
        48.695771,
        292.0
      ],
      [
        16.65875,
        48.695516,
        293.0
      ],
      [
        16.657526,
        48.695348,
        293.0
      ],
      [
        16.65661,
        48.69523,
        293.75
      ],
      [
        16.655862,
        48.695144,
        293.25
      ],
      [
        16.655681,
        48.695122,
        293.75
      ],
      [
        16.654955,
        48.694993,
        294.0
      ],
      [
        16.654769,
        48.694993,
        294.0
      ],
      [
        16.65445,
        48.695011,
        294.0
      ],
      [
        16.654024,
        48.69501,
        294.0
      ],
      [
        16.653773,
        48.694999,
        294.25
      ],
      [
        16.653124,
        48.694898,
        294.5
      ],
      [
        16.652948,
        48.694792,
        294.5
      ],
      [
        16.652594,
        48.694602,
        293.75
      ],
      [
        16.652437,
        48.694499,
        293.5
      ],
      [
        16.652302,
        48.694395,
        293.25
      ],
      [
        16.652143,
        48.694245,
        293.0
      ],
      [
        16.652011,
        48.69403,
        292.75
      ],
      [
        16.651794,
        48.693495,
        290.5
      ],
      [
        16.651705,
        48.693339,
        289.75
      ],
      [
        16.651557,
        48.693172,
        287.75
      ],
      [
        16.651033,
        48.692614,
        283.25
      ],
      [
        16.650647,
        48.692184,
        279.5
      ],
      [
        16.650405,
        48.691942,
        276.75
      ],
      [
        16.649912,
        48.691491,
        272.5
      ],
      [
        16.64949,
        48.691145,
        268.25
      ],
      [
        16.64888,
        48.690715,
        266.0
      ],
      [
        16.648633,
        48.690577,
        266.75
      ],
      [
        16.648326,
        48.690437,
        267.0
      ],
      [
        16.647498,
        48.689838,
        269.25
      ],
      [
        16.647074,
        48.689573,
        271.5
      ],
      [
        16.646903,
        48.689491,
        272.25
      ],
      [
        16.646493,
        48.689358,
        273.25
      ],
      [
        16.644919,
        48.688807,
        266.0
      ],
      [
        16.644832,
        48.688771,
        265.5
      ],
      [
        16.644733,
        48.688705,
        264.5
      ],
      [
        16.644317,
        48.68825,
        260.5
      ],
      [
        16.643889,
        48.687801,
        259.0
      ],
      [
        16.643512,
        48.687414,
        258.25
      ],
      [
        16.643361,
        48.687273,
        258.0
      ],
      [
        16.643287,
        48.687235,
        258.0
      ],
      [
        16.643188,
        48.68722,
        257.75
      ],
      [
        16.642692,
        48.687247,
        256.5
      ],
      [
        16.641823,
        48.687307,
        253.5
      ],
      [
        16.641121,
        48.687316,
        251.0
      ],
      [
        16.640532,
        48.687336,
        248.0
      ],
      [
        16.640366,
        48.687317,
        246.75
      ],
      [
        16.64024,
        48.687296,
        246.0
      ],
      [
        16.640131,
        48.687284,
        245.5
      ],
      [
        16.640002,
        48.687287,
        245.0
      ],
      [
        16.639647,
        48.687328,
        243.75
      ],
      [
        16.639497,
        48.687331,
        243.5
      ],
      [
        16.639383,
        48.687309,
        243.25
      ],
      [
        16.639268,
        48.687263,
        243.25
      ],
      [
        16.63912,
        48.687179,
        242.75
      ],
      [
        16.639008,
        48.687085,
        242.25
      ],
      [
        16.638683,
        48.686749,
        240.25
      ],
      [
        16.638547,
        48.686641,
        239.75
      ],
      [
        16.638395,
        48.686545,
        239.0
      ],
      [
        16.638222,
        48.686462,
        241.0
      ],
      [
        16.638234,
        48.686146,
        238.75
      ],
      [
        16.638216,
        48.685715,
        237.5
      ],
      [
        16.638131,
        48.685264,
        236.0
      ],
      [
        16.638021,
        48.684919,
        235.0
      ],
      [
        16.637854,
        48.684471,
        235.5
      ],
      [
        16.637758,
        48.684263,
        235.75
      ],
      [
        16.637575,
        48.683946,
        235.5
      ],
      [
        16.637297,
        48.6836,
        236.75
      ],
      [
        16.637194,
        48.683449,
        237.25
      ],
      [
        16.637012,
        48.683242,
        238.5
      ],
      [
        16.636837,
        48.683072,
        239.5
      ],
      [
        16.636554,
        48.682826,
        241.25
      ],
      [
        16.636204,
        48.682584,
        243.5
      ],
      [
        16.63586,
        48.682367,
        247.25
      ],
      [
        16.635763,
        48.682294,
        247.5
      ],
      [
        16.635626,
        48.682157,
        249.0
      ],
      [
        16.635571,
        48.682111,
        249.5
      ],
      [
        16.635477,
        48.682063,
        250.0
      ],
      [
        16.63534,
        48.682004,
        250.5
      ],
      [
        16.635228,
        48.68194,
        250.75
      ],
      [
        16.635109,
        48.681858,
        251.25
      ],
      [
        16.634982,
        48.68176,
        252.5
      ],
      [
        16.634725,
        48.681536,
        253.75
      ],
      [
        16.634319,
        48.681265,
        255.0
      ],
      [
        16.634095,
        48.681081,
        256.0
      ],
      [
        16.633729,
        48.680874,
        255.75
      ],
      [
        16.632869,
        48.680307,
        256.5
      ],
      [
        16.632281,
        48.679946,
        254.75
      ],
      [
        16.631675,
        48.679603,
        253.5
      ],
      [
        16.631491,
        48.679489,
        253.25
      ],
      [
        16.63138,
        48.679416,
        252.5
      ],
      [
        16.631301,
        48.679353,
        252.5
      ],
      [
        16.631226,
        48.679279,
        252.25
      ],
      [
        16.631102,
        48.679138,
        252.5
      ],
      [
        16.631012,
        48.679073,
        251.75
      ],
      [
        16.630918,
        48.679132,
        252.5
      ],
      [
        16.630858,
        48.67917,
        253.0
      ],
      [
        16.63079,
        48.679214,
        253.0
      ],
      [
        16.630731,
        48.679253,
        253.25
      ],
      [
        16.630604,
        48.679307,
        253.5
      ],
      [
        16.630497,
        48.679158,
        252.75
      ],
      [
        16.630413,
        48.679065,
        252.75
      ],
      [
        16.630322,
        48.678985,
        252.75
      ],
      [
        16.629944,
        48.678694,
        252.25
      ],
      [
        16.629858,
        48.678643,
        252.0
      ],
      [
        16.629366,
        48.678254,
        252.75
      ],
      [
        16.629019,
        48.678,
        252.5
      ],
      [
        16.628623,
        48.677602,
        250.0
      ],
      [
        16.628452,
        48.67736,
        246.25
      ],
      [
        16.628334,
        48.677128,
        239.5
      ],
      [
        16.628128,
        48.676725,
        239.5
      ],
      [
        16.628101,
        48.676643,
        238.75
      ],
      [
        16.628093,
        48.676541,
        237.5
      ],
      [
        16.628099,
        48.676416,
        236.25
      ],
      [
        16.628069,
        48.67629,
        234.75
      ],
      [
        16.628096,
        48.675798,
        228.75
      ],
      [
        16.62809,
        48.675724,
        227.5
      ],
      [
        16.628043,
        48.675662,
        225.75
      ],
      [
        16.628302,
        48.674738,
        220.75
      ],
      [
        16.628407,
        48.674328,
        219.0
      ],
      [
        16.62844,
        48.674266,
        218.75
      ],
      [
        16.628461,
        48.674256,
        219.0
      ],
      [
        16.628484,
        48.674248,
        219.0
      ],
      [
        16.628593,
        48.67424,
        220.0
      ],
      [
        16.6286,
        48.674143,
        219.75
      ],
      [
        16.628611,
        48.674089,
        219.75
      ],
      [
        16.628728,
        48.67357,
        219.0
      ],
      [
        16.628785,
        48.673299,
        219.0
      ],
      [
        16.628848,
        48.673045,
        219.25
      ],
      [
        16.629135,
        48.672068,
        217.0
      ],
      [
        16.629164,
        48.671973,
        217.0
      ],
      [
        16.629195,
        48.671897,
        216.5
      ],
      [
        16.629258,
        48.67175,
        216.0
      ],
      [
        16.629358,
        48.671534,
        215.75
      ],
      [
        16.629384,
        48.671481,
        215.75
      ],
      [
        16.629408,
        48.671421,
        216.0
      ],
      [
        16.629464,
        48.67128,
        215.25
      ],
      [
        16.629547,
        48.670996,
        214.25
      ],
      [
        16.629398,
        48.670989,
        215.25
      ],
      [
        16.629254,
        48.670975,
        216.25
      ],
      [
        16.629194,
        48.67095,
        216.75
      ],
      [
        16.62915,
        48.670919,
        217.0
      ],
      [
        16.629083,
        48.670851,
        217.25
      ],
      [
        16.629039,
        48.670789,
        217.25
      ],
      [
        16.629025,
        48.670727,
        217.25
      ],
      [
        16.62904,
        48.670697,
        217.0
      ],
      [
        16.62915,
        48.670582,
        217.0
      ],
      [
        16.629221,
        48.670468,
        217.0
      ],
      [
        16.629278,
        48.67031,
        218.0
      ],
      [
        16.629298,
        48.670222,
        218.0
      ],
      [
        16.629301,
        48.670154,
        218.0
      ],
      [
        16.629288,
        48.670006,
        218.25
      ],
      [
        16.629232,
        48.669907,
        218.0
      ],
      [
        16.629152,
        48.669846,
        218.25
      ],
      [
        16.629091,
        48.669816,
        218.25
      ],
      [
        16.629005,
        48.669789,
        218.5
      ],
      [
        16.628673,
        48.669737,
        218.25
      ],
      [
        16.628627,
        48.669724,
        218.0
      ],
      [
        16.628585,
        48.669702,
        217.75
      ],
      [
        16.628428,
        48.669599,
        216.75
      ],
      [
        16.628378,
        48.669578,
        216.5
      ],
      [
        16.628016,
        48.669545,
        214.0
      ],
      [
        16.627883,
        48.669527,
        212.75
      ],
      [
        16.627846,
        48.66952,
        212.25
      ],
      [
        16.627675,
        48.66949,
        211.25
      ],
      [
        16.627614,
        48.669485,
        211.0
      ],
      [
        16.627211,
        48.669496,
        211.5
      ],
      [
        16.627174,
        48.669497,
        211.5
      ],
      [
        16.626562,
        48.669508,
        211.5
      ],
      [
        16.625761,
        48.669485,
        211.5
      ],
      [
        16.625293,
        48.669463,
        210.25
      ],
      [
        16.624897,
        48.669444,
        210.75
      ],
      [
        16.623898,
        48.669382,
        209.75
      ],
      [
        16.62308,
        48.669349,
        209.75
      ],
      [
        16.621977,
        48.669406,
        210.75
      ],
      [
        16.621917,
        48.669417,
        211.0
      ],
      [
        16.621596,
        48.669474,
        211.5
      ],
      [
        16.620829,
        48.669589,
        209.5
      ],
      [
        16.620538,
        48.669631,
        210.25
      ],
      [
        16.620415,
        48.669634,
        209.5
      ],
      [
        16.619983,
        48.669642,
        208.25
      ],
      [
        16.619491,
        48.669647,
        207.5
      ],
      [
        16.619173,
        48.669638,
        207.25
      ],
      [
        16.619042,
        48.669593,
        206.5
      ],
      [
        16.618997,
        48.669488,
        206.0
      ],
      [
        16.618938,
        48.669017,
        203.75
      ],
      [
        16.618521,
        48.669029,
        204.5
      ],
      [
        16.617843,
        48.669035,
        205.0
      ],
      [
        16.617558,
        48.669049,
        205.5
      ],
      [
        16.616883,
        48.669112,
        205.75
      ],
      [
        16.616651,
        48.669129,
        205.5
      ],
      [
        16.616269,
        48.669158,
        205.75
      ],
      [
        16.616073,
        48.66915,
        205.75
      ],
      [
        16.615537,
        48.6691,
        205.75
      ],
      [
        16.615257,
        48.669074,
        205.5
      ],
      [
        16.614809,
        48.669034,
        205.75
      ],
      [
        16.614753,
        48.669029,
        205.75
      ],
      [
        16.614477,
        48.669001,
        205.25
      ],
      [
        16.614097,
        48.668951,
        205.0
      ],
      [
        16.613709,
        48.668883,
        204.75
      ],
      [
        16.613607,
        48.668864,
        204.75
      ],
      [
        16.613554,
        48.668855,
        204.75
      ],
      [
        16.613289,
        48.668818,
        204.5
      ],
      [
        16.613082,
        48.668801,
        204.5
      ],
      [
        16.611102,
        48.668735,
        207.0
      ],
      [
        16.61083,
        48.66871,
        208.0
      ],
      [
        16.61064,
        48.668678,
        208.25
      ],
      [
        16.610424,
        48.668633,
        208.5
      ],
      [
        16.610166,
        48.668568,
        208.5
      ],
      [
        16.609977,
        48.668499,
        208.25
      ],
      [
        16.609728,
        48.668422,
        209.25
      ],
      [
        16.609553,
        48.668376,
        209.0
      ],
      [
        16.609351,
        48.668336,
        209.25
      ],
      [
        16.608937,
        48.668284,
        209.25
      ],
      [
        16.608738,
        48.66827,
        209.75
      ],
      [
        16.608534,
        48.668269,
        210.5
      ],
      [
        16.60813,
        48.668284,
        210.5
      ],
      [
        16.60786,
        48.66829,
        210.5
      ],
      [
        16.607644,
        48.668292,
        210.0
      ],
      [
        16.60741,
        48.668284,
        209.75
      ],
      [
        16.607194,
        48.668268,
        210.5
      ],
      [
        16.607006,
        48.66824,
        211.0
      ],
      [
        16.606855,
        48.668208,
        211.25
      ],
      [
        16.606009,
        48.667999,
        213.0
      ],
      [
        16.605036,
        48.667777,
        212.75
      ],
      [
        16.604247,
        48.667589,
        214.0
      ],
      [
        16.602644,
        48.667179,
        212.5
      ],
      [
        16.60243,
        48.667109,
        212.0
      ],
      [
        16.602258,
        48.667044,
        211.75
      ],
      [
        16.600678,
        48.666329,
        212.25
      ],
      [
        16.600563,
        48.666282,
        212.5
      ],
      [
        16.60045,
        48.666254,
        212.5
      ],
      [
        16.600338,
        48.666239,
        212.25
      ],
      [
        16.596791,
        48.666127,
        214.0
      ],
      [
        16.596494,
        48.666127,
        214.0
      ],
      [
        16.595955,
        48.666139,
        213.25
      ],
      [
        16.59356,
        48.666207,
        213.0
      ],
      [
        16.593005,
        48.666218,
        213.0
      ],
      [
        16.592792,
        48.666238,
        213.0
      ],
      [
        16.59255,
        48.66627,
        213.0
      ],
      [
        16.592228,
        48.66634,
        213.0
      ],
      [
        16.591951,
        48.666423,
        213.0
      ],
      [
        16.591657,
        48.666526,
        213.75
      ],
      [
        16.591427,
        48.666582,
        214.25
      ],
      [
        16.59126,
        48.666619,
        214.25
      ],
      [
        16.59106,
        48.666654,
        214.0
      ],
      [
        16.590814,
        48.666184,
        213.0
      ],
      [
        16.59078,
        48.666048,
        212.75
      ],
      [
        16.590799,
        48.665584,
        212.75
      ],
      [
        16.5908,
        48.665336,
        212.0
      ],
      [
        16.590778,
        48.665192,
        212.25
      ],
      [
        16.590735,
        48.665109,
        212.5
      ],
      [
        16.590562,
        48.66485,
        212.75
      ],
      [
        16.590448,
        48.664679,
        213.0
      ],
      [
        16.59024,
        48.664384,
        213.0
      ],
      [
        16.59014,
        48.664244,
        213.0
      ],
      [
        16.590035,
        48.664081,
        213.0
      ],
      [
        16.589678,
        48.66356,
        213.0
      ],
      [
        16.589638,
        48.663364,
        213.5
      ],
      [
        16.589611,
        48.663258,
        213.5
      ],
      [
        16.589568,
        48.663155,
        213.25
      ],
      [
        16.58948,
        48.662994,
        213.5
      ],
      [
        16.589292,
        48.662737,
        215.25
      ],
      [
        16.589263,
        48.662698,
        215.25
      ],
      [
        16.588831,
        48.662127,
        215.25
      ],
      [
        16.588726,
        48.661976,
        215.25
      ],
      [
        16.588648,
        48.66184,
        215.5
      ],
      [
        16.588528,
        48.661553,
        215.75
      ],
      [
        16.588039,
        48.660029,
        217.75
      ],
      [
        16.587999,
        48.659905,
        218.0
      ],
      [
        16.587889,
        48.6597,
        218.0
      ],
      [
        16.587811,
        48.659633,
        218.25
      ],
      [
        16.587475,
        48.659419,
        219.75
      ],
      [
        16.585753,
        48.658416,
        226.75
      ],
      [
        16.58557,
        48.658332,
        227.75
      ],
      [
        16.585371,
        48.658268,
        228.25
      ],
      [
        16.58524,
        48.658241,
        228.75
      ],
      [
        16.584947,
        48.658212,
        230.0
      ],
      [
        16.584178,
        48.658142,
        233.0
      ],
      [
        16.583579,
        48.658082,
        236.0
      ],
      [
        16.583373,
        48.658068,
        237.5
      ],
      [
        16.582996,
        48.658062,
        239.25
      ],
      [
        16.582681,
        48.658068,
        241.5
      ],
      [
        16.581642,
        48.658148,
        247.0
      ],
      [
        16.581418,
        48.658159,
        248.5
      ],
      [
        16.581286,
        48.658151,
        249.25
      ],
      [
        16.58117,
        48.658128,
        250.0
      ],
      [
        16.581038,
        48.658086,
        250.75
      ],
      [
        16.5809,
        48.658028,
        251.75
      ],
      [
        16.580785,
        48.657968,
        252.25
      ],
      [
        16.580635,
        48.65788,
        253.25
      ],
      [
        16.580505,
        48.657784,
        254.0
      ],
      [
        16.580325,
        48.657626,
        255.75
      ],
      [
        16.579652,
        48.656936,
        262.25
      ],
      [
        16.579235,
        48.656534,
        265.75
      ],
      [
        16.579078,
        48.656413,
        267.0
      ],
      [
        16.578938,
        48.656322,
        268.0
      ],
      [
        16.578774,
        48.656232,
        268.75
      ],
      [
        16.578564,
        48.656132,
        269.75
      ],
      [
        16.578302,
        48.65602,
        270.0
      ],
      [
        16.574595,
        48.654552,
        283.75
      ],
      [
        16.574521,
        48.654523,
        283.75
      ],
      [
        16.573733,
        48.654144,
        286.5
      ],
      [
        16.570402,
        48.652513,
        297.0
      ],
      [
        16.570281,
        48.652438,
        296.75
      ],
      [
        16.570177,
        48.652359,
        296.5
      ],
      [
        16.570073,
        48.652254,
        296.0
      ],
      [
        16.570004,
        48.652169,
        295.75
      ],
      [
        16.569941,
        48.652064,
        295.25
      ],
      [
        16.569886,
        48.651938,
        294.75
      ],
      [
        16.569788,
        48.651672,
        294.5
      ],
      [
        16.569559,
        48.650994,
        293.0
      ],
      [
        16.56951,
        48.650809,
        293.25
      ],
      [
        16.56948,
        48.650641,
        293.5
      ],
      [
        16.569472,
        48.650526,
        293.5
      ],
      [
        16.569475,
        48.65039,
        294.0
      ],
      [
        16.569551,
        48.649986,
        295.25
      ],
      [
        16.569778,
        48.649139,
        297.75
      ],
      [
        16.570155,
        48.647696,
        300.25
      ],
      [
        16.570158,
        48.647623,
        300.0
      ],
      [
        16.570149,
        48.647566,
        300.0
      ],
      [
        16.570091,
        48.647441,
        299.75
      ],
      [
        16.570038,
        48.647383,
        299.5
      ],
      [
        16.569906,
        48.647279,
        299.0
      ],
      [
        16.569186,
        48.646822,
        298.5
      ],
      [
        16.568679,
        48.646512,
        298.75
      ],
      [
        16.568471,
        48.646394,
        299.0
      ],
      [
        16.567868,
        48.646077,
        298.75
      ],
      [
        16.567129,
        48.645716,
        299.0
      ],
      [
        16.566849,
        48.645594,
        299.75
      ],
      [
        16.56662,
        48.64552,
        300.0
      ],
      [
        16.565497,
        48.645241,
        302.25
      ],
      [
        16.565326,
        48.645196,
        302.5
      ],
      [
        16.565117,
        48.645131,
        303.25
      ],
      [
        16.564926,
        48.645055,
        304.0
      ],
      [
        16.564726,
        48.644953,
        305.0
      ],
      [
        16.564611,
        48.644885,
        305.25
      ],
      [
        16.563895,
        48.644444,
        304.0
      ],
      [
        16.563778,
        48.644361,
        303.25
      ],
      [
        16.563517,
        48.644154,
        300.5
      ],
      [
        16.563358,
        48.644037,
        299.0
      ],
      [
        16.563227,
        48.643958,
        297.5
      ],
      [
        16.563027,
        48.643859,
        295.5
      ],
      [
        16.562587,
        48.64368,
        293.25
      ],
      [
        16.562366,
        48.643579,
        292.25
      ],
      [
        16.562295,
        48.643534,
        291.75
      ],
      [
        16.562132,
        48.6434,
        290.75
      ],
      [
        16.56208,
        48.643346,
        290.5
      ],
      [
        16.561735,
        48.642882,
        288.0
      ],
      [
        16.561605,
        48.642734,
        286.75
      ],
      [
        16.561522,
        48.642662,
        286.25
      ],
      [
        16.56145,
        48.642605,
        285.5
      ],
      [
        16.561279,
        48.642508,
        284.0
      ],
      [
        16.561168,
        48.642453,
        283.75
      ],
      [
        16.560939,
        48.642361,
        283.0
      ],
      [
        16.560626,
        48.642218,
        281.25
      ],
      [
        16.560477,
        48.642126,
        281.0
      ],
      [
        16.560211,
        48.641928,
        279.5
      ],
      [
        16.559908,
        48.641684,
        277.75
      ],
      [
        16.559739,
        48.641533,
        276.5
      ],
      [
        16.559587,
        48.641382,
        275.75
      ],
      [
        16.559351,
        48.641114,
        275.0
      ],
      [
        16.559166,
        48.640854,
        274.0
      ],
      [
        16.559116,
        48.640763,
        273.5
      ],
      [
        16.559094,
        48.640703,
        273.25
      ],
      [
        16.55909,
        48.640646,
        272.75
      ],
      [
        16.559103,
        48.640576,
        272.25
      ],
      [
        16.559126,
        48.640519,
        271.75
      ],
      [
        16.559176,
        48.640416,
        271.25
      ],
      [
        16.559374,
        48.640097,
        270.0
      ],
      [
        16.55975,
        48.639586,
        268.75
      ],
      [
        16.560016,
        48.63926,
        267.25
      ],
      [
        16.560181,
        48.639084,
        267.0
      ],
      [
        16.560313,
        48.638952,
        267.0
      ],
      [
        16.560533,
        48.638767,
        266.5
      ],
      [
        16.560744,
        48.638623,
        266.0
      ],
      [
        16.561423,
        48.63826,
        265.25
      ],
      [
        16.562714,
        48.63766,
        264.0
      ],
      [
        16.563567,
        48.637238,
        264.0
      ],
      [
        16.56393,
        48.637015,
        264.0
      ],
      [
        16.564155,
        48.636846,
        263.75
      ],
      [
        16.56441,
        48.636595,
        265.0
      ],
      [
        16.564506,
        48.636466,
        264.5
      ],
      [
        16.564568,
        48.63636,
        264.25
      ],
      [
        16.564623,
        48.636204,
        263.0
      ],
      [
        16.564633,
        48.636095,
        262.0
      ],
      [
        16.564652,
        48.635411,
        257.75
      ],
      [
        16.564662,
        48.635175,
        257.25
      ],
      [
        16.564695,
        48.634759,
        256.0
      ],
      [
        16.564782,
        48.634281,
        255.0
      ],
      [
        16.564967,
        48.633556,
        254.25
      ],
      [
        16.565061,
        48.633331,
        253.5
      ],
      [
        16.565186,
        48.633097,
        252.75
      ],
      [
        16.565348,
        48.632879,
        252.25
      ],
      [
        16.565489,
        48.632718,
        251.5
      ],
      [
        16.566543,
        48.631665,
        251.25
      ],
      [
        16.566821,
        48.631333,
        251.75
      ],
      [
        16.567125,
        48.630905,
        252.25
      ],
      [
        16.56727,
        48.630684,
        252.0
      ],
      [
        16.567644,
        48.630011,
        252.25
      ],
      [
        16.567705,
        48.629881,
        253.0
      ],
      [
        16.567792,
        48.629609,
        254.25
      ],
      [
        16.567832,
        48.629412,
        254.25
      ],
      [
        16.567844,
        48.629268,
        253.75
      ],
      [
        16.567832,
        48.629108,
        253.0
      ],
      [
        16.56778,
        48.628892,
        252.0
      ],
      [
        16.567674,
        48.628642,
        250.0
      ],
      [
        16.567486,
        48.628278,
        246.25
      ],
      [
        16.567092,
        48.627599,
        244.0
      ],
      [
        16.566857,
        48.62722,
        245.25
      ],
      [
        16.56649,
        48.626742,
        244.25
      ],
      [
        16.566,
        48.626117,
        243.75
      ],
      [
        16.56581,
        48.625846,
        243.25
      ],
      [
        16.565736,
        48.625721,
        243.25
      ],
      [
        16.565665,
        48.625572,
        243.25
      ],
      [
        16.565618,
        48.625413,
        243.0
      ],
      [
        16.565588,
        48.625219,
        242.75
      ],
      [
        16.565557,
        48.624844,
        242.75
      ],
      [
        16.565495,
        48.624029,
        241.0
      ],
      [
        16.565524,
        48.623581,
        240.25
      ],
      [
        16.565562,
        48.623354,
        240.75
      ],
      [
        16.565848,
        48.622063,
        242.25
      ],
      [
        16.565869,
        48.621847,
        243.0
      ],
      [
        16.565864,
        48.621388,
        242.5
      ],
      [
        16.565783,
        48.620682,
        240.75
      ],
      [
        16.56577,
        48.620435,
        240.25
      ],
      [
        16.565746,
        48.620142,
        240.5
      ],
      [
        16.56573,
        48.620038,
        240.5
      ],
      [
        16.565688,
        48.619913,
        240.5
      ],
      [
        16.565606,
        48.619772,
        240.75
      ],
      [
        16.565381,
        48.619469,
        239.75
      ],
      [
        16.565009,
        48.618974,
        238.5
      ],
      [
        16.564683,
        48.618498,
        235.75
      ],
      [
        16.564514,
        48.618298,
        233.5
      ],
      [
        16.564354,
        48.61816,
        232.75
      ],
      [
        16.564087,
        48.617951,
        231.25
      ],
      [
        16.563625,
        48.617636,
        229.75
      ],
      [
        16.563264,
        48.617415,
        229.25
      ],
      [
        16.563025,
        48.617286,
        229.0
      ],
      [
        16.562639,
        48.617097,
        228.5
      ],
      [
        16.562027,
        48.616799,
        227.75
      ],
      [
        16.561552,
        48.61654,
        227.25
      ],
      [
        16.561338,
        48.616414,
        227.0
      ],
      [
        16.560865,
        48.616092,
        226.75
      ],
      [
        16.560735,
        48.615994,
        226.5
      ],
      [
        16.560605,
        48.61588,
        226.75
      ],
      [
        16.560512,
        48.615788,
        226.75
      ],
      [
        16.560385,
        48.615645,
        226.5
      ],
      [
        16.560276,
        48.615506,
        226.75
      ],
      [
        16.560068,
        48.615209,
        227.5
      ],
      [
        16.559434,
        48.614206,
        227.0
      ],
      [
        16.55933,
        48.613985,
        226.5
      ],
      [
        16.559298,
        48.613892,
        226.5
      ],
      [
        16.559268,
        48.613743,
        226.25
      ],
      [
        16.55927,
        48.61349,
        226.0
      ],
      [
        16.559367,
        48.612527,
        225.0
      ],
      [
        16.559351,
        48.612097,
        225.0
      ],
      [
        16.559336,
        48.611939,
        225.0
      ],
      [
        16.559034,
        48.608689,
        228.75
      ],
      [
        16.559005,
        48.608163,
        230.0
      ],
      [
        16.559035,
        48.607908,
        230.0
      ],
      [
        16.559078,
        48.607759,
        230.25
      ],
      [
        16.559154,
        48.607564,
        230.0
      ],
      [
        16.559403,
        48.607006,
        228.0
      ],
      [
        16.559652,
        48.606406,
        224.75
      ],
      [
        16.559772,
        48.60607,
        222.5
      ],
      [
        16.559911,
        48.605532,
        221.25
      ],
      [
        16.560045,
        48.604741,
        220.75
      ],
      [
        16.560113,
        48.60407,
        220.5
      ],
      [
        16.560134,
        48.603928,
        220.5
      ],
      [
        16.560162,
        48.603814,
        220.25
      ],
      [
        16.560241,
        48.603613,
        220.0
      ],
      [
        16.560346,
        48.603429,
        220.25
      ],
      [
        16.560412,
        48.603333,
        220.5
      ],
      [
        16.560628,
        48.603051,
        220.75
      ],
      [
        16.561361,
        48.602176,
        224.5
      ],
      [
        16.561617,
        48.601848,
        225.75
      ],
      [
        16.561711,
        48.601701,
        226.5
      ],
      [
        16.561776,
        48.601577,
        226.75
      ],
      [
        16.562036,
        48.600936,
        226.0
      ],
      [
        16.562304,
        48.600345,
        223.25
      ],
      [
        16.562865,
        48.59918,
        227.75
      ],
      [
        16.563761,
        48.597401,
        226.75
      ],
      [
        16.564006,
        48.59692,
        226.5
      ],
      [
        16.565246,
        48.594943,
        223.75
      ],
      [
        16.565344,
        48.594776,
        223.0
      ],
      [
        16.565436,
        48.594595,
        222.0
      ],
      [
        16.565511,
        48.594378,
        220.25
      ],
      [
        16.565512,
        48.594168,
        218.75
      ],
      [
        16.56546,
        48.593884,
        215.5
      ],
      [
        16.565391,
        48.593677,
        213.5
      ],
      [
        16.565202,
        48.593112,
        209.75
      ],
      [
        16.565139,
        48.592897,
        209.0
      ],
      [
        16.565122,
        48.59279,
        209.0
      ],
      [
        16.565092,
        48.592549,
        209.0
      ],
      [
        16.565092,
        48.592392,
        209.0
      ],
      [
        16.565139,
        48.59191,
        208.25
      ],
      [
        16.565144,
        48.591878,
        208.25
      ],
      [
        16.565169,
        48.5917,
        208.0
      ],
      [
        16.565221,
        48.591268,
        208.5
      ],
      [
        16.565236,
        48.591101,
        208.5
      ],
      [
        16.565364,
        48.590167,
        208.5
      ],
      [
        16.565412,
        48.589909,
        209.25
      ],
      [
        16.565611,
        48.589001,
        207.75
      ],
      [
        16.565674,
        48.588522,
        206.5
      ],
      [
        16.565691,
        48.58819,
        206.25
      ],
      [
        16.565681,
        48.587929,
        206.25
      ],
      [
        16.565684,
        48.587653,
        206.25
      ],
      [
        16.565712,
        48.587379,
        207.0
      ],
      [
        16.565717,
        48.587333,
        207.0
      ],
      [
        16.565837,
        48.587338,
        208.0
      ],
      [
        16.565896,
        48.587003,
        209.0
      ],
      [
        16.56595,
        48.586585,
        210.5
      ],
      [
        16.566116,
        48.585765,
        213.0
      ],
      [
        16.566154,
        48.585525,
        213.25
      ],
      [
        16.566276,
        48.584911,
        214.25
      ],
      [
        16.566317,
        48.584716,
        215.0
      ],
      [
        16.566455,
        48.584251,
        212.5
      ],
      [
        16.566473,
        48.584196,
        212.0
      ],
      [
        16.566715,
        48.583124,
        208.5
      ],
      [
        16.566823,
        48.58275,
        207.5
      ],
      [
        16.566904,
        48.582438,
        208.25
      ],
      [
        16.56693,
        48.582303,
        207.5
      ],
      [
        16.566943,
        48.582157,
        206.75
      ],
      [
        16.567101,
        48.581584,
        204.5
      ],
      [
        16.567399,
        48.580503,
        202.5
      ],
      [
        16.567373,
        48.580375,
        202.0
      ],
      [
        16.567392,
        48.580289,
        202.0
      ],
      [
        16.5674,
        48.580252,
        202.0
      ],
      [
        16.567428,
        48.580142,
        202.0
      ],
      [
        16.567441,
        48.580085,
        202.0
      ],
      [
        16.567523,
        48.58006,
        202.0
      ],
      [
        16.567626,
        48.579608,
        202.75
      ],
      [
        16.567779,
        48.579049,
        201.5
      ],
      [
        16.568026,
        48.578221,
        201.0
      ],
      [
        16.568051,
        48.578171,
        201.0
      ],
      [
        16.568145,
        48.578038,
        201.0
      ],
      [
        16.568136,
        48.578015,
        201.0
      ],
      [
        16.568086,
        48.577991,
        201.0
      ],
      [
        16.567984,
        48.577941,
        201.0
      ],
      [
        16.568198,
        48.577746,
        201.0
      ],
      [
        16.568306,
        48.577636,
        201.0
      ],
      [
        16.568421,
        48.5775,
        201.0
      ],
      [
        16.568941,
        48.576616,
        200.75
      ],
      [
        16.56906,
        48.576463,
        200.5
      ],
      [
        16.56934,
        48.576166,
        200.25
      ],
      [
        16.569639,
        48.575854,
        200.0
      ],
      [
        16.56991,
        48.575591,
        199.75
      ],
      [
        16.570071,
        48.575464,
        200.0
      ],
      [
        16.570722,
        48.575065,
        200.0
      ],
      [
        16.570836,
        48.574987,
        199.75
      ],
      [
        16.571029,
        48.574855,
        200.0
      ],
      [
        16.571459,
        48.574414,
        200.0
      ],
      [
        16.571661,
        48.574156,
        200.0
      ],
      [
        16.571688,
        48.574112,
        200.0
      ],
      [
        16.5717,
        48.574035,
        200.0
      ],
      [
        16.571691,
        48.573987,
        200.0
      ],
      [
        16.571699,
        48.573949,
        200.0
      ],
      [
        16.571731,
        48.573912,
        199.75
      ],
      [
        16.571879,
        48.573799,
        200.0
      ],
      [
        16.57225,
        48.573258,
        199.75
      ],
      [
        16.572312,
        48.573144,
        199.75
      ],
      [
        16.57233,
        48.573061,
        199.5
      ],
      [
        16.572311,
        48.572682,
        200.0
      ],
      [
        16.572321,
        48.57263,
        200.0
      ],
      [
        16.572356,
        48.57257,
        200.0
      ],
      [
        16.572435,
        48.572481,
        200.0
      ],
      [
        16.572488,
        48.572438,
        200.0
      ],
      [
        16.572982,
        48.572107,
        199.0
      ],
      [
        16.573754,
        48.571576,
        199.25
      ],
      [
        16.573784,
        48.571546,
        199.25
      ],
      [
        16.573811,
        48.571497,
        199.25
      ],
      [
        16.573829,
        48.571424,
        199.0
      ],
      [
        16.573827,
        48.571354,
        199.0
      ],
      [
        16.573761,
        48.570979,
        199.0
      ],
      [
        16.57376,
        48.570917,
        199.0
      ],
      [
        16.573778,
        48.570851,
        199.0
      ],
      [
        16.573778,
        48.570671,
        198.75
      ],
      [
        16.573778,
        48.570599,
        199.0
      ],
      [
        16.573717,
        48.570541,
        199.0
      ],
      [
        16.573717,
        48.570447,
        199.0
      ],
      [
        16.573773,
        48.569954,
        199.0
      ],
      [
        16.573841,
        48.569718,
        199.0
      ],
      [
        16.573819,
        48.569676,
        199.0
      ],
      [
        16.573696,
        48.569659,
        199.0
      ],
      [
        16.573638,
        48.569653,
        198.75
      ],
      [
        16.573208,
        48.569628,
        199.0
      ],
      [
        16.573176,
        48.569624,
        199.0
      ],
      [
        16.573153,
        48.569614,
        199.0
      ],
      [
        16.573055,
        48.569637,
        198.75
      ],
      [
        16.572426,
        48.569612,
        199.0
      ],
      [
        16.572357,
        48.569602,
        199.0
      ],
      [
        16.572331,
        48.569603,
        199.0
      ],
      [
        16.572292,
        48.569604,
        199.0
      ],
      [
        16.57221,
        48.56961,
        199.0
      ],
      [
        16.572202,
        48.56961,
        199.0
      ],
      [
        16.572181,
        48.569614,
        199.0
      ],
      [
        16.572162,
        48.56958,
        199.0
      ],
      [
        16.572137,
        48.569435,
        199.25
      ],
      [
        16.572032,
        48.569451,
        199.75
      ],
      [
        16.571981,
        48.569459,
        199.75
      ],
      [
        16.571946,
        48.569418,
        199.75
      ],
      [
        16.571892,
        48.569433,
        200.0
      ],
      [
        16.571821,
        48.569435,
        200.0
      ],
      [
        16.571825,
        48.568585,
        200.0
      ],
      [
        16.571823,
        48.568461,
        200.0
      ],
      [
        16.571798,
        48.568425,
        200.0
      ],
      [
        16.571766,
        48.568413,
        200.0
      ],
      [
        16.571306,
        48.568319,
        200.25
      ],
      [
        16.571219,
        48.568286,
        200.5
      ],
      [
        16.571179,
        48.568245,
        200.75
      ],
      [
        16.571138,
        48.568219,
        200.75
      ],
      [
        16.570855,
        48.568131,
        201.0
      ],
      [
        16.570886,
        48.568056,
        201.0
      ],
      [
        16.570842,
        48.568046,
        201.0
      ],
      [
        16.570781,
        48.568031,
        201.0
      ],
      [
        16.570796,
        48.567951,
        201.0
      ],
      [
        16.570795,
        48.567912,
        201.0
      ],
      [
        16.570755,
        48.567906,
        201.0
      ],
      [
        16.569212,
        48.567676,
        205.25
      ],
      [
        16.5688,
        48.567605,
        207.0
      ],
      [
        16.568758,
        48.567593,
        207.0
      ],
      [
        16.568717,
        48.567577,
        207.0
      ],
      [
        16.568447,
        48.567437,
        207.5
      ],
      [
        16.567973,
        48.567189,
        210.0
      ],
      [
        16.567196,
        48.566829,
        208.25
      ],
      [
        16.567116,
        48.566812,
        208.25
      ],
      [
        16.567101,
        48.566804,
        208.25
      ],
      [
        16.567076,
        48.566791,
        208.25
      ],
      [
        16.567046,
        48.566779,
        208.25
      ],
      [
        16.567016,
        48.566766,
        208.25
      ],
      [
        16.566734,
        48.566597,
        208.25
      ],
      [
        16.566703,
        48.566557,
        208.0
      ],
      [
        16.565637,
        48.566132,
        208.5
      ],
      [
        16.565692,
        48.566034,
        207.25
      ],
      [
        16.565709,
        48.566004,
        206.75
      ],
      [
        16.565568,
        48.565959,
        207.25
      ],
      [
        16.565504,
        48.565938,
        207.25
      ],
      [
        16.565217,
        48.565828,
        207.75
      ],
      [
        16.564938,
        48.565734,
        207.0
      ],
      [
        16.564906,
        48.565723,
        207.0
      ],
      [
        16.56464,
        48.565634,
        207.25
      ],
      [
        16.564557,
        48.565609,
        207.5
      ],
      [
        16.564464,
        48.565571,
        207.75
      ],
      [
        16.564401,
        48.565545,
        207.75
      ],
      [
        16.564248,
        48.565483,
        207.25
      ],
      [
        16.564063,
        48.565407,
        207.5
      ],
      [
        16.564584,
        48.564583,
        201.5
      ],
      [
        16.564604,
        48.564551,
        201.5
      ],
      [
        16.564069,
        48.564157,
        200.75
      ],
      [
        16.562831,
        48.563243,
        201.0
      ],
      [
        16.562283,
        48.562839,
        201.0
      ],
      [
        16.561954,
        48.56261,
        200.25
      ],
      [
        16.561747,
        48.562506,
        200.5
      ],
      [
        16.561692,
        48.562479,
        200.75
      ],
      [
        16.56161,
        48.562438,
        200.75
      ],
      [
        16.561549,
        48.562428,
        200.5
      ],
      [
        16.561458,
        48.56238,
        200.5
      ],
      [
        16.561162,
        48.562211,
        199.75
      ],
      [
        16.561108,
        48.562157,
        199.75
      ],
      [
        16.560901,
        48.562025,
        199.0
      ],
      [
        16.560792,
        48.561969,
        199.0
      ],
      [
        16.560726,
        48.56195,
        199.0
      ],
      [
        16.560756,
        48.561888,
        199.0
      ],
      [
        16.560784,
        48.561832,
        199.0
      ],
      [
        16.560859,
        48.56185,
        199.0
      ],
      [
        16.560911,
        48.561847,
        199.0
      ],
      [
        16.56092,
        48.561836,
        199.0
      ],
      [
        16.560961,
        48.561765,
        199.0
      ],
      [
        16.561052,
        48.56137,
        198.75
      ],
      [
        16.561184,
        48.560963,
        198.25
      ],
      [
        16.56141,
        48.560286,
        198.0
      ],
      [
        16.561549,
        48.559946,
        198.0
      ],
      [
        16.561636,
        48.55975,
        198.0
      ],
      [
        16.561749,
        48.559509,
        197.75
      ],
      [
        16.56181,
        48.559434,
        197.25
      ],
      [
        16.561838,
        48.559387,
        197.25
      ],
      [
        16.561938,
        48.559176,
        197.0
      ],
      [
        16.56205,
        48.558946,
        197.0
      ],
      [
        16.562222,
        48.558614,
        197.0
      ],
      [
        16.562243,
        48.558525,
        197.0
      ],
      [
        16.562282,
        48.558409,
        197.0
      ],
      [
        16.562446,
        48.558058,
        197.0
      ],
      [
        16.56255,
        48.557817,
        197.0
      ],
      [
        16.562592,
        48.557653,
        197.0
      ],
      [
        16.56264,
        48.557369,
        196.25
      ],
      [
        16.562208,
        48.557199,
        196.75
      ],
      [
        16.561643,
        48.556989,
        196.0
      ],
      [
        16.561226,
        48.556858,
        196.0
      ],
      [
        16.560873,
        48.556773,
        196.0
      ],
      [
        16.56031,
        48.556678,
        196.75
      ],
      [
        16.55958,
        48.556525,
        196.25
      ],
      [
        16.55868,
        48.556377,
        197.0
      ],
      [
        16.558233,
        48.556262,
        197.0
      ],
      [
        16.557857,
        48.556197,
        197.0
      ],
      [
        16.557292,
        48.556136,
        198.5
      ],
      [
        16.557244,
        48.55613,
        198.75
      ],
      [
        16.557205,
        48.556121,
        198.75
      ],
      [
        16.556898,
        48.556051,
        198.75
      ],
      [
        16.556819,
        48.556042,
        198.25
      ],
      [
        16.556668,
        48.556035,
        197.25
      ],
      [
        16.556318,
        48.556078,
        198.0
      ],
      [
        16.556274,
        48.555998,
        197.5
      ],
      [
        16.556232,
        48.555921,
        197.0
      ],
      [
        16.556215,
        48.55589,
        197.0
      ],
      [
        16.554886,
        48.555619,
        198.25
      ],
      [
        16.554187,
        48.555409,
        197.75
      ],
      [
        16.553185,
        48.555088,
        198.0
      ],
      [
        16.552947,
        48.554994,
        198.5
      ],
      [
        16.552737,
        48.554901,
        198.0
      ],
      [
        16.552429,
        48.554739,
        198.5
      ],
      [
        16.551866,
        48.554417,
        199.0
      ],
      [
        16.551482,
        48.554176,
        199.0
      ],
      [
        16.551259,
        48.554032,
        198.5
      ],
      [
        16.55101,
        48.553848,
        198.75
      ],
      [
        16.550685,
        48.553585,
        198.5
      ],
      [
        16.550392,
        48.55331,
        198.5
      ],
      [
        16.550256,
        48.553159,
        199.0
      ],
      [
        16.550179,
        48.553057,
        198.75
      ],
      [
        16.550103,
        48.552913,
        199.0
      ],
      [
        16.549972,
        48.552733,
        199.0
      ],
      [
        16.549753,
        48.552498,
        198.75
      ],
      [
        16.549559,
        48.55231,
        199.25
      ],
      [
        16.549445,
        48.552238,
        199.75
      ],
      [
        16.54888,
        48.55172,
        199.0
      ],
      [
        16.54811,
        48.551037,
        199.0
      ],
      [
        16.547615,
        48.55061,
        198.75
      ],
      [
        16.547282,
        48.550333,
        199.5
      ],
      [
        16.546991,
        48.550131,
        199.0
      ],
      [
        16.546685,
        48.549943,
        199.0
      ],
      [
        16.546286,
        48.549743,
        199.0
      ],
      [
        16.546017,
        48.549617,
        199.25
      ],
      [
        16.545605,
        48.549467,
        199.75
      ],
      [
        16.545228,
        48.549352,
        199.25
      ],
      [
        16.543946,
        48.54903,
        199.0
      ],
      [
        16.543524,
        48.548952,
        199.75
      ],
      [
        16.54248,
        48.5488,
        199.75
      ],
      [
        16.538797,
        48.548313,
        200.5
      ],
      [
        16.53831,
        48.548266,
        200.0
      ],
      [
        16.536977,
        48.548189,
        201.25
      ],
      [
        16.536723,
        48.548189,
        202.25
      ],
      [
        16.536577,
        48.548193,
        202.0
      ],
      [
        16.536421,
        48.548208,
        201.0
      ],
      [
        16.536348,
        48.548203,
        200.75
      ],
      [
        16.536292,
        48.548188,
        201.0
      ],
      [
        16.536095,
        48.548105,
        201.5
      ],
      [
        16.536024,
        48.548088,
        201.5
      ],
      [
        16.535932,
        48.548082,
        201.25
      ],
      [
        16.535775,
        48.54809,
        201.5
      ],
      [
        16.535268,
        48.548185,
        201.75
      ],
      [
        16.535069,
        48.548228,
        201.0
      ],
      [
        16.535032,
        48.548156,
        201.0
      ],
      [
        16.535,
        48.547988,
        201.0
      ],
      [
        16.534937,
        48.547879,
        201.0
      ],
      [
        16.534878,
        48.547832,
        201.25
      ],
      [
        16.533764,
        48.547568,
        201.25
      ],
      [
        16.532473,
        48.547188,
        201.0
      ],
      [
        16.531054,
        48.546755,
        201.0
      ],
      [
        16.530703,
        48.546671,
        201.75
      ],
      [
        16.530159,
        48.546566,
        201.25
      ],
      [
        16.528905,
        48.54638,
        202.0
      ],
      [
        16.528639,
        48.546365,
        202.0
      ],
      [
        16.52809,
        48.546371,
        202.0
      ],
      [
        16.526154,
        48.546458,
        202.75
      ],
      [
        16.525171,
        48.546483,
        203.0
      ],
      [
        16.524661,
        48.546481,
        203.25
      ],
      [
        16.524368,
        48.546453,
        203.0
      ],
      [
        16.524147,
        48.546421,
        203.0
      ],
      [
        16.52402,
        48.546396,
        203.0
      ],
      [
        16.523872,
        48.546355,
        203.0
      ],
      [
        16.52367,
        48.546277,
        203.0
      ],
      [
        16.523445,
        48.546151,
        202.75
      ],
      [
        16.523203,
        48.545979,
        203.0
      ],
      [
        16.522239,
        48.545127,
        203.5
      ],
      [
        16.521586,
        48.544551,
        202.5
      ],
      [
        16.520287,
        48.543534,
        203.5
      ],
      [
        16.520059,
        48.543379,
        203.75
      ],
      [
        16.519713,
        48.543187,
        204.0
      ],
      [
        16.519503,
        48.543081,
        204.0
      ],
      [
        16.519272,
        48.542973,
        204.0
      ],
      [
        16.518637,
        48.542723,
        204.0
      ],
      [
        16.51752,
        48.542301,
        203.75
      ],
      [
        16.516857,
        48.542061,
        204.0
      ],
      [
        16.515517,
        48.541631,
        204.75
      ],
      [
        16.513207,
        48.540901,
        204.75
      ],
      [
        16.513249,
        48.540849,
        204.75
      ],
      [
        16.513304,
        48.540771,
        205.0
      ],
      [
        16.513338,
        48.540725,
        205.0
      ],
      [
        16.511906,
        48.540244,
        205.0
      ],
      [
        16.5087,
        48.539126,
        206.25
      ],
      [
        16.50813,
        48.538977,
        206.0
      ],
      [
        16.507676,
        48.538876,
        206.5
      ],
      [
        16.507148,
        48.53876,
        206.5
      ],
      [
        16.506144,
        48.538544,
        205.5
      ],
      [
        16.505154,
        48.53831,
        206.5
      ],
      [
        16.50425,
        48.538085,
        207.75
      ],
      [
        16.503382,
        48.537851,
        207.75
      ],
      [
        16.502343,
        48.537578,
        207.75
      ],
      [
        16.500537,
        48.537064,
        208.5
      ],
      [
        16.499199,
        48.536657,
        208.0
      ],
      [
        16.499067,
        48.536576,
        208.25
      ],
      [
        16.499032,
        48.536434,
        208.75
      ],
      [
        16.498909,
        48.53628,
        209.0
      ],
      [
        16.498425,
        48.536061,
        209.0
      ],
      [
        16.49658,
        48.535561,
        208.75
      ],
      [
        16.496557,
        48.535555,
        209.0
      ],
      [
        16.495811,
        48.535388,
        208.75
      ],
      [
        16.495253,
        48.535214,
        209.0
      ],
      [
        16.49376,
        48.534508,
        209.0
      ],
      [
        16.493185,
        48.534227,
        209.0
      ],
      [
        16.492895,
        48.534079,
        209.25
      ],
      [
        16.492599,
        48.533935,
        209.25
      ],
      [
        16.49237,
        48.533793,
        209.25
      ],
      [
        16.492261,
        48.533791,
        209.25
      ],
      [
        16.492202,
        48.533784,
        209.25
      ],
      [
        16.491908,
        48.533731,
        209.5
      ],
      [
        16.491802,
        48.533717,
        209.5
      ],
      [
        16.491637,
        48.533718,
        209.5
      ],
      [
        16.491518,
        48.533731,
        209.5
      ],
      [
        16.491393,
        48.533758,
        209.25
      ],
      [
        16.491327,
        48.533781,
        209.25
      ],
      [
        16.491151,
        48.533728,
        209.25
      ],
      [
        16.490942,
        48.53367,
        209.0
      ],
      [
        16.490843,
        48.533688,
        209.25
      ],
      [
        16.490624,
        48.533676,
        209.0
      ],
      [
        16.490415,
        48.533663,
        209.0
      ],
      [
        16.489556,
        48.533646,
        209.25
      ],
      [
        16.488766,
        48.533631,
        209.0
      ],
      [
        16.488572,
        48.533611,
        209.0
      ],
      [
        16.488384,
        48.533617,
        209.0
      ],
      [
        16.488046,
        48.533621,
        209.75
      ],
      [
        16.487949,
        48.533615,
        209.5
      ],
      [
        16.487754,
        48.533574,
        209.0
      ],
      [
        16.487672,
        48.533545,
        209.0
      ],
      [
        16.487211,
        48.533319,
        209.0
      ],
      [
        16.487112,
        48.533276,
        209.25
      ],
      [
        16.486943,
        48.533244,
        209.5
      ],
      [
        16.486862,
        48.533235,
        209.75
      ],
      [
        16.485635,
        48.533239,
        209.0
      ],
      [
        16.484814,
        48.533258,
        210.0
      ],
      [
        16.484512,
        48.533285,
        210.0
      ],
      [
        16.484397,
        48.533334,
        209.75
      ],
      [
        16.48432,
        48.533356,
        210.0
      ],
      [
        16.484148,
        48.533373,
        210.0
      ],
      [
        16.484187,
        48.533259,
        210.25
      ],
      [
        16.484153,
        48.533084,
        210.75
      ],
      [
        16.484035,
        48.53268,
        211.0
      ],
      [
        16.484037,
        48.532569,
        211.0
      ],
      [
        16.484047,
        48.532517,
        211.0
      ],
      [
        16.48407,
        48.532468,
        210.75
      ],
      [
        16.48391,
        48.532414,
        210.5
      ],
      [
        16.483474,
        48.532241,
        210.5
      ],
      [
        16.482953,
        48.531981,
        211.0
      ],
      [
        16.482807,
        48.53174,
        211.0
      ],
      [
        16.482762,
        48.531615,
        211.0
      ],
      [
        16.482748,
        48.531207,
        211.25
      ],
      [
        16.482748,
        48.531203,
        211.25
      ],
      [
        16.482744,
        48.531093,
        211.5
      ],
      [
        16.482598,
        48.529853,
        214.25
      ],
      [
        16.482624,
        48.529769,
        214.25
      ],
      [
        16.484544,
        48.526402,
        216.5
      ],
      [
        16.484903,
        48.525777,
        218.75
      ],
      [
        16.485616,
        48.524518,
        218.25
      ],
      [
        16.48564,
        48.524476,
        218.0
      ],
      [
        16.485667,
        48.524418,
        218.0
      ],
      [
        16.48568,
        48.524392,
        218.0
      ],
      [
        16.486535,
        48.521816,
        224.25
      ],
      [
        16.487828,
        48.517981,
        228.25
      ],
      [
        16.48894,
        48.514622,
        225.25
      ],
      [
        16.489513,
        48.512922,
        232.5
      ],
      [
        16.490093,
        48.511173,
        234.5
      ],
      [
        16.490197,
        48.510936,
        235.25
      ],
      [
        16.490296,
        48.510788,
        236.0
      ],
      [
        16.490371,
        48.510709,
        235.75
      ],
      [
        16.493776,
        48.507932,
        227.5
      ],
      [
        16.494669,
        48.50722,
        229.25
      ],
      [
        16.494731,
        48.50718,
        229.25
      ],
      [
        16.494797,
        48.507146,
        229.0
      ],
      [
        16.494851,
        48.507128,
        229.0
      ],
      [
        16.49534,
        48.507046,
        228.5
      ],
      [
        16.495447,
        48.507133,
        228.5
      ],
      [
        16.495533,
        48.507127,
        228.75
      ],
      [
        16.495776,
        48.507055,
        229.25
      ],
      [
        16.497442,
        48.506657,
        229.0
      ],
      [
        16.497553,
        48.506621,
        229.0
      ],
      [
        16.497736,
        48.506548,
        229.0
      ],
      [
        16.498487,
        48.50619,
        229.5
      ],
      [
        16.49866,
        48.5061,
        230.0
      ],
      [
        16.498838,
        48.505979,
        230.0
      ],
      [
        16.498961,
        48.50586,
        230.0
      ],
      [
        16.499008,
        48.505805,
        230.0
      ],
      [
        16.499513,
        48.505084,
        231.0
      ],
      [
        16.499812,
        48.504685,
        231.25
      ],
      [
        16.500017,
        48.504445,
        232.0
      ],
      [
        16.500171,
        48.504299,
        232.0
      ],
      [
        16.502334,
        48.502522,
        236.25
      ],
      [
        16.502413,
        48.502465,
        236.5
      ],
      [
        16.502462,
        48.502418,
        236.75
      ],
      [
        16.502608,
        48.502262,
        237.25
      ],
      [
        16.502727,
        48.502088,
        237.75
      ],
      [
        16.502863,
        48.50165,
        238.0
      ],
      [
        16.502938,
        48.501285,
        239.0
      ],
      [
        16.503001,
        48.501057,
        239.25
      ],
      [
        16.503109,
        48.500904,
        240.5
      ],
      [
        16.503143,
        48.500834,
        241.25
      ],
      [
        16.503143,
        48.500769,
        241.75
      ],
      [
        16.503085,
        48.500717,
        241.75
      ],
      [
        16.501077,
        48.499473,
        245.75
      ],
      [
        16.501072,
        48.499469,
        245.75
      ],
      [
        16.500966,
        48.499408,
        246.0
      ],
      [
        16.501494,
        48.499056,
        248.5
      ],
      [
        16.501573,
        48.498972,
        248.75
      ],
      [
        16.501588,
        48.498882,
        248.75
      ],
      [
        16.501567,
        48.498811,
        249.75
      ],
      [
        16.501463,
        48.498658,
        251.5
      ],
      [
        16.501285,
        48.498475,
        251.25
      ],
      [
        16.500813,
        48.498035,
        249.0
      ],
      [
        16.500722,
        48.497925,
        250.0
      ],
      [
        16.500396,
        48.497488,
        252.25
      ],
      [
        16.500358,
        48.497448,
        252.5
      ],
      [
        16.500197,
        48.497286,
        253.5
      ],
      [
        16.500113,
        48.497254,
        253.75
      ],
      [
        16.500023,
        48.497232,
        253.75
      ],
      [
        16.499855,
        48.497204,
        253.25
      ],
      [
        16.499613,
        48.497178,
        253.0
      ],
      [
        16.49945,
        48.497174,
        253.0
      ],
      [
        16.499363,
        48.497162,
        252.75
      ],
      [
        16.499303,
        48.497142,
        252.5
      ],
      [
        16.49926,
        48.497118,
        252.5
      ],
      [
        16.499194,
        48.497028,
        252.5
      ],
      [
        16.499134,
        48.496845,
        253.0
      ],
      [
        16.499105,
        48.496665,
        253.0
      ],
      [
        16.499141,
        48.496334,
        254.0
      ],
      [
        16.49914,
        48.496248,
        254.25
      ],
      [
        16.499105,
        48.496151,
        254.5
      ],
      [
        16.499058,
        48.496097,
        254.5
      ],
      [
        16.498626,
        48.495766,
        254.75
      ],
      [
        16.498459,
        48.495665,
        254.5
      ],
      [
        16.49837,
        48.495628,
        254.75
      ],
      [
        16.497896,
        48.495446,
        256.25
      ],
      [
        16.497485,
        48.495268,
        257.75
      ],
      [
        16.497448,
        48.495261,
        258.0
      ],
      [
        16.497408,
        48.495263,
        258.25
      ],
      [
        16.497097,
        48.49536,
        261.5
      ],
      [
        16.49702,
        48.495369,
        262.25
      ],
      [
        16.496324,
        48.495379,
        263.75
      ],
      [
        16.493745,
        48.495281,
        267.75
      ],
      [
        16.493287,
        48.495291,
        266.75
      ],
      [
        16.492396,
        48.495293,
        263.5
      ],
      [
        16.492136,
        48.495287,
        262.25
      ],
      [
        16.491936,
        48.495272,
        260.75
      ],
      [
        16.491734,
        48.495239,
        259.25
      ],
      [
        16.491546,
        48.495143,
        258.0
      ],
      [
        16.491456,
        48.495065,
        256.5
      ],
      [
        16.49138,
        48.494962,
        254.5
      ],
      [
        16.491287,
        48.494814,
        253.0
      ],
      [
        16.491191,
        48.494712,
        252.25
      ],
      [
        16.490855,
        48.494558,
        251.0
      ],
      [
        16.490428,
        48.494382,
        250.5
      ],
      [
        16.489957,
        48.494161,
        249.0
      ],
      [
        16.489431,
        48.493818,
        249.0
      ],
      [
        16.488796,
        48.493235,
        246.75
      ],
      [
        16.488492,
        48.492892,
        245.5
      ],
      [
        16.488319,
        48.49259,
        243.5
      ],
      [
        16.488158,
        48.492266,
        243.75
      ],
      [
        16.488094,
        48.492126,
        242.75
      ],
      [
        16.487993,
        48.491777,
        242.0
      ],
      [
        16.487896,
        48.491232,
        244.25
      ],
      [
        16.48783,
        48.490935,
        246.0
      ],
      [
        16.487336,
        48.489153,
        243.0
      ],
      [
        16.487154,
        48.488804,
        239.5
      ],
      [
        16.486928,
        48.488205,
        237.25
      ],
      [
        16.486476,
        48.487346,
        237.75
      ],
      [
        16.486368,
        48.487204,
        237.25
      ],
      [
        16.485805,
        48.486688,
        238.75
      ],
      [
        16.485455,
        48.486396,
        241.75
      ],
      [
        16.48527,
        48.486275,
        242.25
      ],
      [
        16.484322,
        48.485803,
        244.0
      ],
      [
        16.484031,
        48.48564,
        243.0
      ],
      [
        16.484001,
        48.485613,
        242.75
      ],
      [
        16.483981,
        48.48557,
        242.75
      ],
      [
        16.48318,
        48.485443,
        240.0
      ],
      [
        16.483021,
        48.485408,
        239.25
      ],
      [
        16.482888,
        48.485371,
        238.75
      ],
      [
        16.482658,
        48.485287,
        238.0
      ],
      [
        16.482448,
        48.485184,
        236.75
      ],
      [
        16.482252,
        48.485063,
        235.25
      ],
      [
        16.482073,
        48.484925,
        234.25
      ],
      [
        16.481933,
        48.484789,
        233.0
      ],
      [
        16.481861,
        48.484709,
        232.5
      ],
      [
        16.481744,
        48.48455,
        232.25
      ],
      [
        16.481563,
        48.484185,
        230.0
      ],
      [
        16.481296,
        48.483609,
        230.25
      ],
      [
        16.48114,
        48.483211,
        231.0
      ],
      [
        16.48108,
        48.483037,
        230.5
      ],
      [
        16.480985,
        48.48267,
        229.5
      ],
      [
        16.480806,
        48.481952,
        229.25
      ],
      [
        16.480763,
        48.481769,
        228.5
      ],
      [
        16.480738,
        48.481644,
        228.5
      ],
      [
        16.480684,
        48.481235,
        226.5
      ],
      [
        16.480645,
        48.481094,
        226.5
      ],
      [
        16.480564,
        48.480952,
        226.5
      ],
      [
        16.480469,
        48.480866,
        226.0
      ],
      [
        16.480292,
        48.48075,
        225.25
      ],
      [
        16.48017,
        48.480692,
        224.25
      ],
      [
        16.479899,
        48.480598,
        223.0
      ],
      [
        16.47986,
        48.480588,
        223.0
      ],
      [
        16.479618,
        48.480521,
        223.0
      ],
      [
        16.479365,
        48.480447,
        223.0
      ],
      [
        16.479139,
        48.480389,
        223.0
      ],
      [
        16.479167,
        48.480307,
        223.0
      ],
      [
        16.479178,
        48.48024,
        222.75
      ],
      [
        16.479168,
        48.480146,
        222.75
      ],
      [
        16.479131,
        48.480059,
        222.75
      ],
      [
        16.479071,
        48.479925,
        222.5
      ],
      [
        16.479032,
        48.479832,
        222.75
      ],
      [
        16.478981,
        48.47972,
        223.0
      ],
      [
        16.478873,
        48.479471,
        222.75
      ],
      [
        16.47882,
        48.479345,
        223.25
      ],
      [
        16.478786,
        48.479218,
        223.5
      ],
      [
        16.478795,
        48.479168,
        223.5
      ],
      [
        16.478824,
        48.479106,
        223.75
      ],
      [
        16.478715,
        48.47903,
        223.5
      ],
      [
        16.478664,
        48.478974,
        223.75
      ],
      [
        16.478624,
        48.4789,
        223.75
      ],
      [
        16.47859,
        48.478828,
        223.75
      ],
      [
        16.478535,
        48.478714,
        223.5
      ],
      [
        16.478162,
        48.477923,
        224.25
      ],
      [
        16.478122,
        48.477843,
        224.0
      ],
      [
        16.478097,
        48.477795,
        224.0
      ],
      [
        16.478029,
        48.477661,
        223.75
      ],
      [
        16.477978,
        48.477543,
        223.25
      ],
      [
        16.477965,
        48.477505,
        223.25
      ],
      [
        16.477915,
        48.477326,
        222.75
      ],
      [
        16.477907,
        48.477274,
        222.75
      ],
      [
        16.477908,
        48.477245,
        222.75
      ],
      [
        16.477929,
        48.477115,
        222.5
      ],
      [
        16.477963,
        48.477015,
        222.5
      ],
      [
        16.478002,
        48.476924,
        222.25
      ],
      [
        16.478095,
        48.476776,
        222.0
      ],
      [
        16.478214,
        48.476658,
        222.0
      ],
      [
        16.478332,
        48.476521,
        221.75
      ],
      [
        16.478364,
        48.476468,
        221.75
      ],
      [
        16.478382,
        48.476388,
        221.25
      ],
      [
        16.478375,
        48.476063,
        222.0
      ],
      [
        16.478352,
        48.47586,
        222.5
      ],
      [
        16.478341,
        48.475818,
        222.5
      ],
      [
        16.478309,
        48.475758,
        223.0
      ],
      [
        16.478263,
        48.475708,
        223.5
      ],
      [
        16.478165,
        48.475633,
        223.5
      ],
      [
        16.478008,
        48.475536,
        222.75
      ],
      [
        16.477913,
        48.475473,
        223.0
      ],
      [
        16.477862,
        48.475438,
        222.75
      ],
      [
        16.477763,
        48.475374,
        222.0
      ],
      [
        16.477638,
        48.475268,
        222.0
      ],
      [
        16.477586,
        48.475217,
        222.0
      ],
      [
        16.477523,
        48.475122,
        221.75
      ],
      [
        16.477468,
        48.474922,
        221.5
      ],
      [
        16.47746,
        48.47471,
        221.0
      ],
      [
        16.47748,
        48.474644,
        220.75
      ],
      [
        16.47758,
        48.474457,
        220.75
      ],
      [
        16.47768,
        48.474315,
        221.0
      ],
      [
        16.477856,
        48.474118,
        221.0
      ],
      [
        16.477932,
        48.47403,
        220.5
      ],
      [
        16.478482,
        48.473511,
        219.5
      ],
      [
        16.478548,
        48.473414,
        219.25
      ],
      [
        16.478557,
        48.47338,
        218.75
      ],
      [
        16.478552,
        48.473325,
        218.0
      ],
      [
        16.478502,
        48.472904,
        217.0
      ],
      [
        16.478362,
        48.472102,
        214.25
      ],
      [
        16.478385,
        48.47192,
        214.25
      ],
      [
        16.478458,
        48.471726,
        213.75
      ],
      [
        16.478583,
        48.471565,
        213.0
      ],
      [
        16.478748,
        48.471409,
        213.0
      ],
      [
        16.479004,
        48.471244,
        213.5
      ],
      [
        16.479289,
        48.471099,
        213.25
      ],
      [
        16.479792,
        48.470878,
        212.75
      ],
      [
        16.480302,
        48.470678,
        212.75
      ],
      [
        16.480831,
        48.470448,
        212.5
      ],
      [
        16.480948,
        48.470411,
        212.5
      ],
      [
        16.481002,
        48.470373,
        212.5
      ],
      [
        16.481172,
        48.470161,
        211.75
      ],
      [
        16.481407,
        48.469966,
        211.0
      ],
      [
        16.481708,
        48.469754,
        211.0
      ],
      [
        16.48299,
        48.468953,
        210.0
      ],
      [
        16.483137,
        48.468885,
        210.0
      ],
      [
        16.483253,
        48.468841,
        210.0
      ],
      [
        16.483392,
        48.468822,
        210.0
      ],
      [
        16.483569,
        48.468812,
        209.75
      ],
      [
        16.484025,
        48.468845,
        210.0
      ],
      [
        16.484275,
        48.468883,
        209.5
      ],
      [
        16.48453,
        48.468941,
        209.25
      ],
      [
        16.485613,
        48.469285,
        209.0
      ],
      [
        16.485938,
        48.46941,
        209.0
      ],
      [
        16.486452,
        48.469633,
        217.75
      ],
      [
        16.486847,
        48.46983,
        216.75
      ],
      [
        16.48697,
        48.46991,
        211.5
      ],
      [
        16.487082,
        48.469997,
        209.0
      ],
      [
        16.487281,
        48.470089,
        208.25
      ],
      [
        16.48762,
        48.470213,
        208.0
      ],
      [
        16.487754,
        48.470248,
        208.0
      ],
      [
        16.487917,
        48.470279,
        208.0
      ],
      [
        16.488065,
        48.470293,
        208.0
      ],
      [
        16.488231,
        48.470291,
        208.0
      ],
      [
        16.488402,
        48.470274,
        208.0
      ],
      [
        16.488523,
        48.470247,
        208.0
      ],
      [
        16.491836,
        48.46899,
        206.0
      ],
      [
        16.492198,
        48.468872,
        206.75
      ],
      [
        16.492522,
        48.468785,
        205.75
      ],
      [
        16.492796,
        48.468739,
        205.0
      ],
      [
        16.493432,
        48.46865,
        205.0
      ],
      [
        16.493976,
        48.468601,
        205.0
      ],
      [
        16.49465,
        48.468582,
        205.0
      ],
      [
        16.494821,
        48.468565,
        205.0
      ],
      [
        16.494998,
        48.468528,
        205.25
      ],
      [
        16.495159,
        48.468472,
        205.0
      ],
      [
        16.495331,
        48.468395,
        204.75
      ],
      [
        16.4955,
        48.468283,
        205.0
      ],
      [
        16.495585,
        48.468193,
        205.0
      ],
      [
        16.495671,
        48.468061,
        205.0
      ],
      [
        16.495712,
        48.46793,
        205.0
      ],
      [
        16.495762,
        48.467652,
        205.0
      ],
      [
        16.4958,
        48.467539,
        205.0
      ],
      [
        16.49583,
        48.467462,
        204.5
      ],
      [
        16.495881,
        48.467431,
        204.5
      ],
      [
        16.495953,
        48.467414,
        204.5
      ],
      [
        16.49605,
        48.46741,
        204.5
      ],
      [
        16.49812,
        48.467415,
        207.5
      ],
      [
        16.498143,
        48.467317,
        207.5
      ],
      [
        16.498125,
        48.467142,
        207.0
      ],
      [
        16.497989,
        48.46691,
        207.0
      ],
      [
        16.4976,
        48.466564,
        206.5
      ],
      [
        16.497433,
        48.466391,
        206.5
      ],
      [
        16.497286,
        48.466217,
        206.5
      ],
      [
        16.497238,
        48.466116,
        206.25
      ],
      [
        16.497205,
        48.465991,
        205.75
      ],
      [
        16.497205,
        48.465824,
        205.75
      ],
      [
        16.497297,
        48.465125,
        205.25
      ],
      [
        16.497299,
        48.464915,
        205.25
      ],
      [
        16.49727,
        48.464805,
        205.0
      ],
      [
        16.497197,
        48.464702,
        204.75
      ],
      [
        16.497053,
        48.464568,
        204.0
      ],
      [
        16.497024,
        48.464517,
        204.0
      ],
      [
        16.497315,
        48.464437,
        204.25
      ],
      [
        16.497522,
        48.464362,
        204.5
      ],
      [
        16.497967,
        48.464183,
        204.5
      ],
      [
        16.49845,
        48.464005,
        205.5
      ],
      [
        16.498772,
        48.463896,
        205.25
      ],
      [
        16.498938,
        48.463816,
        205.5
      ],
      [
        16.499051,
        48.463731,
        205.25
      ],
      [
        16.49915,
        48.463631,
        205.0
      ],
      [
        16.49922,
        48.463537,
        204.75
      ],
      [
        16.499266,
        48.463441,
        204.75
      ],
      [
        16.499283,
        48.463367,
        204.75
      ],
      [
        16.499314,
        48.463187,
        204.5
      ],
      [
        16.499319,
        48.463074,
        204.0
      ],
      [
        16.4993,
        48.462968,
        204.5
      ],
      [
        16.499161,
        48.462591,
        203.75
      ],
      [
        16.499153,
        48.46249,
        203.75
      ],
      [
        16.499199,
        48.4621,
        204.75
      ],
      [
        16.499169,
        48.461992,
        204.75
      ],
      [
        16.498909,
        48.461449,
        204.75
      ],
      [
        16.498866,
        48.461385,
        204.75
      ],
      [
        16.498804,
        48.461321,
        204.5
      ],
      [
        16.498729,
        48.461271,
        204.5
      ],
      [
        16.4986,
        48.461207,
        204.25
      ],
      [
        16.498107,
        48.461031,
        204.75
      ],
      [
        16.49801,
        48.460984,
        204.75
      ],
      [
        16.497935,
        48.460935,
        204.75
      ],
      [
        16.497879,
        48.460872,
        205.0
      ],
      [
        16.497778,
        48.460665,
        204.0
      ],
      [
        16.49764,
        48.460384,
        203.75
      ],
      [
        16.497597,
        48.460259,
        203.5
      ],
      [
        16.497568,
        48.460108,
        203.75
      ],
      [
        16.497557,
        48.4599,
        204.0
      ],
      [
        16.497565,
        48.459647,
        204.0
      ],
      [
        16.497621,
        48.459133,
        203.75
      ],
      [
        16.497656,
        48.459005,
        203.75
      ],
      [
        16.498016,
        48.458336,
        203.75
      ],
      [
        16.498107,
        48.458124,
        204.0
      ],
      [
        16.498391,
        48.457354,
        202.75
      ],
      [
        16.498415,
        48.457241,
        202.5
      ],
      [
        16.498429,
        48.456878,
        202.0
      ],
      [
        16.498453,
        48.45671,
        201.75
      ],
      [
        16.498482,
        48.45658,
        201.75
      ],
      [
        16.498649,
        48.4561,
        202.0
      ],
      [
        16.498863,
        48.455383,
        204.25
      ],
      [
        16.498885,
        48.455261,
        203.75
      ],
      [
        16.498882,
        48.455165,
        203.75
      ],
      [
        16.498858,
        48.455059,
        203.5
      ],
      [
        16.498496,
        48.454497,
        201.75
      ],
      [
        16.49841,
        48.454382,
        201.5
      ],
      [
        16.498254,
        48.454206,
        200.75
      ],
      [
        16.497809,
        48.453733,
        200.75
      ],
      [
        16.497698,
        48.453606,
        201.0
      ],
      [
        16.497667,
        48.453558,
        201.0
      ],
      [
        16.497601,
        48.453437,
        201.0
      ],
      [
        16.497578,
        48.453308,
        201.25
      ],
      [
        16.497605,
        48.453174,
        201.0
      ],
      [
        16.497691,
        48.452917,
        201.25
      ],
      [
        16.497706,
        48.452798,
        201.0
      ],
      [
        16.497666,
        48.452416,
        200.75
      ],
      [
        16.49766,
        48.452095,
        201.0
      ],
      [
        16.497634,
        48.451765,
        200.5
      ],
      [
        16.497597,
        48.451633,
        199.75
      ],
      [
        16.49751,
        48.451484,
        199.25
      ],
      [
        16.497391,
        48.451322,
        199.25
      ],
      [
        16.497344,
        48.451271,
        199.0
      ],
      [
        16.49724,
        48.451173,
        198.75
      ],
      [
        16.497156,
        48.45112,
        198.5
      ],
      [
        16.496948,
        48.451007,
        198.0
      ],
      [
        16.496364,
        48.451076,
        197.75
      ],
      [
        16.496333,
        48.451077,
        197.75
      ],
      [
        16.496219,
        48.451083,
        197.75
      ],
      [
        16.49615,
        48.451082,
        197.75
      ],
      [
        16.49575,
        48.451049,
        198.75
      ],
      [
        16.495657,
        48.451005,
        199.0
      ],
      [
        16.495595,
        48.450927,
        199.25
      ],
      [
        16.495496,
        48.450573,
        199.25
      ],
      [
        16.495398,
        48.450574,
        199.5
      ],
      [
        16.495041,
        48.450596,
        200.75
      ],
      [
        16.49501,
        48.450594,
        200.75
      ],
      [
        16.494956,
        48.450579,
        201.0
      ],
      [
        16.494828,
        48.450626,
        201.5
      ],
      [
        16.494706,
        48.45068,
        202.0
      ],
      [
        16.494606,
        48.450755,
        202.0
      ],
      [
        16.494559,
        48.45081,
        202.0
      ],
      [
        16.494255,
        48.451288,
        202.5
      ],
      [
        16.494156,
        48.451478,
        203.0
      ],
      [
        16.493977,
        48.451494,
        203.0
      ],
      [
        16.49322,
        48.451631,
        204.0
      ],
      [
        16.493016,
        48.451675,
        204.25
      ],
      [
        16.492808,
        48.451691,
        205.0
      ],
      [
        16.492511,
        48.451697,
        205.0
      ],
      [
        16.492457,
        48.451667,
        205.0
      ],
      [
        16.492403,
        48.45162,
        205.25
      ],
      [
        16.492372,
        48.451557,
        206.0
      ],
      [
        16.492381,
        48.451399,
        207.75
      ],
      [
        16.492408,
        48.451228,
        209.75
      ],
      [
        16.49243,
        48.451149,
        210.75
      ],
      [
        16.492458,
        48.451044,
        212.25
      ],
      [
        16.492636,
        48.450743,
        213.5
      ],
      [
        16.492655,
        48.450663,
        213.75
      ],
      [
        16.492278,
        48.449631,
        213.25
      ],
      [
        16.492188,
        48.449476,
        212.0
      ],
      [
        16.492097,
        48.449346,
        210.25
      ],
      [
        16.491984,
        48.449233,
        208.75
      ],
      [
        16.491725,
        48.449013,
        205.5
      ],
      [
        16.491306,
        48.448699,
        204.75
      ],
      [
        16.4908,
        48.448351,
        202.0
      ],
      [
        16.490688,
        48.448332,
        202.5
      ],
      [
        16.490413,
        48.448265,
        203.0
      ],
      [
        16.490249,
        48.448185,
        203.5
      ],
      [
        16.49015,
        48.448068,
        204.25
      ],
      [
        16.490109,
        48.44794,
        206.25
      ],
      [
        16.490021,
        48.44781,
        208.25
      ],
      [
        16.489203,
        48.44715,
        213.75
      ],
      [
        16.488781,
        48.446822,
        213.75
      ],
      [
        16.488082,
        48.446273,
        213.25
      ],
      [
        16.48798,
        48.446166,
        213.0
      ],
      [
        16.4879,
        48.446065,
        212.25
      ],
      [
        16.48782,
        48.445939,
        211.5
      ],
      [
        16.487598,
        48.445673,
        210.25
      ],
      [
        16.487483,
        48.445347,
        205.75
      ],
      [
        16.487273,
        48.444956,
        203.25
      ],
      [
        16.487083,
        48.444709,
        204.0
      ],
      [
        16.487038,
        48.444627,
        204.75
      ],
      [
        16.487014,
        48.444539,
        205.75
      ],
      [
        16.487004,
        48.444429,
        206.75
      ],
      [
        16.486987,
        48.443653,
        208.0
      ],
      [
        16.487087,
        48.443328,
        203.75
      ],
      [
        16.487274,
        48.443002,
        203.75
      ],
      [
        16.487697,
        48.442412,
        204.25
      ],
      [
        16.487752,
        48.442299,
        204.75
      ],
      [
        16.48782,
        48.441962,
        206.25
      ],
      [
        16.488106,
        48.441516,
        205.75
      ],
      [
        16.48821,
        48.441317,
        205.25
      ],
      [
        16.488335,
        48.441034,
        205.5
      ],
      [
        16.488467,
        48.440809,
        205.5
      ],
      [
        16.488665,
        48.440571,
        204.5
      ],
      [
        16.488984,
        48.440252,
        203.25
      ],
      [
        16.489601,
        48.439667,
        202.75
      ],
      [
        16.489866,
        48.43947,
        204.0
      ],
      [
        16.490304,
        48.439248,
        204.5
      ],
      [
        16.490407,
        48.43918,
        204.25
      ],
      [
        16.490681,
        48.438914,
        203.75
      ],
      [
        16.490856,
        48.438783,
        203.5
      ],
      [
        16.491081,
        48.438667,
        203.5
      ],
      [
        16.49126,
        48.43859,
        203.0
      ],
      [
        16.491533,
        48.438533,
        202.5
      ],
      [
        16.491641,
        48.43854,
        202.5
      ],
      [
        16.491715,
        48.438502,
        202.25
      ],
      [
        16.491892,
        48.438257,
        202.5
      ],
      [
        16.492467,
        48.4375,
        206.25
      ],
      [
        16.492616,
        48.437315,
        207.75
      ],
      [
        16.492733,
        48.437045,
        207.25
      ],
      [
        16.492766,
        48.436809,
        205.0
      ],
      [
        16.492618,
        48.436366,
        202.75
      ],
      [
        16.492386,
        48.435959,
        199.25
      ],
      [
        16.491989,
        48.435514,
        196.5
      ],
      [
        16.491851,
        48.43531,
        195.5
      ],
      [
        16.491731,
        48.434662,
        193.0
      ],
      [
        16.491691,
        48.434532,
        193.0
      ],
      [
        16.491638,
        48.434534,
        193.0
      ],
      [
        16.491551,
        48.434522,
        193.75
      ],
      [
        16.491286,
        48.434458,
        195.0
      ],
      [
        16.490644,
        48.434346,
        197.5
      ],
      [
        16.490152,
        48.434192,
        199.75
      ],
      [
        16.489382,
        48.433976,
        202.0
      ],
      [
        16.489096,
        48.433864,
        201.75
      ],
      [
        16.488913,
        48.433812,
        198.75
      ],
      [
        16.488448,
        48.433735,
        196.0
      ],
      [
        16.4882,
        48.433671,
        196.5
      ],
      [
        16.488107,
        48.433622,
        197.25
      ],
      [
        16.488026,
        48.433569,
        197.5
      ],
      [
        16.487894,
        48.433441,
        196.25
      ],
      [
        16.487355,
        48.43318,
        196.5
      ],
      [
        16.486954,
        48.432918,
        193.75
      ],
      [
        16.486719,
        48.432739,
        191.25
      ],
      [
        16.486683,
        48.432712,
        191.5
      ],
      [
        16.486611,
        48.432743,
        190.75
      ],
      [
        16.486578,
        48.432755,
        190.75
      ],
      [
        16.48647,
        48.432566,
        190.5
      ],
      [
        16.486391,
        48.432464,
        190.0
      ],
      [
        16.486141,
        48.43218,
        189.25
      ],
      [
        16.486128,
        48.432094,
        189.5
      ],
      [
        16.48612,
        48.431966,
        190.0
      ],
      [
        16.486027,
        48.43178,
        190.5
      ],
      [
        16.485974,
        48.431735,
        190.25
      ],
      [
        16.485936,
        48.431679,
        190.0
      ],
      [
        16.485915,
        48.431601,
        190.0
      ],
      [
        16.485922,
        48.430838,
        191.25
      ],
      [
        16.48595,
        48.430661,
        190.75
      ],
      [
        16.486066,
        48.430217,
        191.25
      ],
      [
        16.486097,
        48.43004,
        191.75
      ],
      [
        16.486116,
        48.429712,
        193.0
      ],
      [
        16.486148,
        48.429549,
        194.75
      ],
      [
        16.486317,
        48.429081,
        196.25
      ],
      [
        16.486357,
        48.428978,
        196.75
      ],
      [
        16.486422,
        48.428873,
        197.0
      ],
      [
        16.486481,
        48.428753,
        198.0
      ],
      [
        16.486517,
        48.428643,
        198.75
      ],
      [
        16.486558,
        48.428394,
        199.25
      ],
      [
        16.486585,
        48.428058,
        199.75
      ],
      [
        16.486622,
        48.42792,
        200.25
      ],
      [
        16.486689,
        48.427757,
        201.0
      ],
      [
        16.486744,
        48.427446,
        200.25
      ],
      [
        16.486737,
        48.427271,
        200.25
      ],
      [
        16.486702,
        48.427123,
        199.5
      ],
      [
        16.486699,
        48.426989,
        198.75
      ],
      [
        16.486751,
        48.426858,
        198.0
      ],
      [
        16.486893,
        48.426614,
        197.0
      ],
      [
        16.486985,
        48.426508,
        197.0
      ],
      [
        16.487007,
        48.426482,
        197.0
      ],
      [
        16.487032,
        48.426417,
        197.0
      ],
      [
        16.487024,
        48.426343,
        196.75
      ],
      [
        16.487002,
        48.426282,
        196.75
      ],
      [
        16.48696,
        48.426241,
        196.75
      ],
      [
        16.48676,
        48.426137,
        197.0
      ],
      [
        16.486643,
        48.426064,
        197.25
      ],
      [
        16.486625,
        48.426022,
        197.5
      ],
      [
        16.487886,
        48.425931,
        194.5
      ],
      [
        16.487934,
        48.425918,
        194.25
      ],
      [
        16.487969,
        48.425897,
        194.25
      ],
      [
        16.487997,
        48.425862,
        194.0
      ],
      [
        16.488009,
        48.42582,
        194.0
      ],
      [
        16.488027,
        48.425589,
        194.0
      ],
      [
        16.488069,
        48.425288,
        195.75
      ],
      [
        16.48836,
        48.424624,
        196.5
      ],
      [
        16.488416,
        48.42447,
        196.75
      ],
      [
        16.488505,
        48.424289,
        195.75
      ],
      [
        16.48854,
        48.424178,
        195.5
      ],
      [
        16.488539,
        48.42414,
        195.5
      ],
      [
        16.488519,
        48.424076,
        195.75
      ],
      [
        16.488447,
        48.423887,
        196.0
      ],
      [
        16.488457,
        48.423802,
        196.25
      ],
      [
        16.488765,
        48.423134,
        197.0
      ],
      [
        16.488782,
        48.423044,
        197.25
      ],
      [
        16.489064,
        48.422504,
        198.25
      ],
      [
        16.489118,
        48.422489,
        198.25
      ],
      [
        16.489405,
        48.422398,
        196.5
      ],
      [
        16.48948,
        48.422343,
        196.25
      ],
      [
        16.489564,
        48.422103,
        196.0
      ],
      [
        16.489568,
        48.42209,
        196.0
      ],
      [
        16.4897,
        48.421789,
        195.25
      ],
      [
        16.489789,
        48.421637,
        195.0
      ],
      [
        16.4903,
        48.42084,
        195.0
      ],
      [
        16.490306,
        48.420776,
        195.0
      ],
      [
        16.490576,
        48.420452,
        194.75
      ],
      [
        16.490626,
        48.420345,
        194.5
      ],
      [
        16.490807,
        48.419832,
        195.0
      ],
      [
        16.490817,
        48.41972,
        195.0
      ],
      [
        16.490986,
        48.4197,
        194.5
      ],
      [
        16.491137,
        48.419675,
        194.0
      ],
      [
        16.491766,
        48.419584,
        194.75
      ],
      [
        16.492019,
        48.419563,
        195.0
      ],
      [
        16.492374,
        48.419556,
        194.25
      ],
      [
        16.492928,
        48.419521,
        193.5
      ],
      [
        16.493236,
        48.419503,
        192.0
      ],
      [
        16.493535,
        48.419501,
        191.75
      ],
      [
        16.493764,
        48.419524,
        191.0
      ],
      [
        16.493872,
        48.419545,
        190.5
      ],
      [
        16.493945,
        48.41956,
        190.25
      ],
      [
        16.494139,
        48.419299,
        191.0
      ],
      [
        16.494275,
        48.419057,
        191.75
      ],
      [
        16.494297,
        48.419039,
        191.75
      ],
      [
        16.494338,
        48.419035,
        191.75
      ],
      [
        16.495165,
        48.419096,
        190.5
      ],
      [
        16.49609,
        48.419127,
        188.0
      ],
      [
        16.49614,
        48.419124,
        187.75
      ],
      [
        16.496189,
        48.419108,
        187.5
      ],
      [
        16.496211,
        48.419077,
        187.5
      ],
      [
        16.496335,
        48.418815,
        187.25
      ],
      [
        16.496367,
        48.418791,
        187.25
      ],
      [
        16.496421,
        48.418781,
        187.0
      ],
      [
        16.496688,
        48.418774,
        186.0
      ],
      [
        16.497095,
        48.418801,
        186.0
      ],
      [
        16.497105,
        48.418786,
        186.0
      ],
      [
        16.497125,
        48.418755,
        186.0
      ],
      [
        16.497458,
        48.418302,
        184.0
      ],
      [
        16.49754,
        48.418125,
        184.0
      ],
      [
        16.497573,
        48.418025,
        183.75
      ],
      [
        16.497103,
        48.41697,
        183.0
      ],
      [
        16.497033,
        48.416736,
        182.75
      ],
      [
        16.497014,
        48.415199,
        182.0
      ],
      [
        16.49703,
        48.415084,
        182.0
      ],
      [
        16.49716,
        48.414546,
        181.0
      ],
      [
        16.497251,
        48.414108,
        181.0
      ],
      [
        16.497297,
        48.41393,
        181.0
      ],
      [
        16.497328,
        48.413905,
        181.25
      ],
      [
        16.497388,
        48.413895,
        181.5
      ],
      [
        16.497458,
        48.413893,
        181.75
      ],
      [
        16.497855,
        48.413922,
        181.25
      ],
      [
        16.497937,
        48.413909,
        180.75
      ],
      [
        16.497976,
        48.413873,
        180.5
      ],
      [
        16.497956,
        48.41354,
        180.25
      ],
      [
        16.497973,
        48.413302,
        180.25
      ],
      [
        16.498031,
        48.412422,
        181.0
      ],
      [
        16.498053,
        48.411963,
        181.0
      ],
      [
        16.498085,
        48.411581,
        180.75
      ],
      [
        16.498148,
        48.410305,
        179.25
      ],
      [
        16.498138,
        48.410112,
        179.5
      ],
      [
        16.49812,
        48.410013,
        179.75
      ],
      [
        16.498082,
        48.409893,
        179.75
      ],
      [
        16.498005,
        48.409721,
        179.75
      ],
      [
        16.497935,
        48.409595,
        179.25
      ],
      [
        16.497846,
        48.409459,
        179.5
      ],
      [
        16.497771,
        48.409377,
        179.5
      ],
      [
        16.497677,
        48.409289,
        179.25
      ],
      [
        16.496579,
        48.408511,
        178.5
      ],
      [
        16.496117,
        48.408155,
        178.0
      ],
      [
        16.495971,
        48.408023,
        178.0
      ],
      [
        16.49564,
        48.40771,
        178.0
      ],
      [
        16.495509,
        48.407566,
        178.0
      ],
      [
        16.495431,
        48.407461,
        178.0
      ],
      [
        16.495345,
        48.407296,
        178.0
      ],
      [
        16.495295,
        48.407143,
        178.0
      ],
      [
        16.495266,
        48.406928,
        177.75
      ],
      [
        16.49528,
        48.40676,
        177.75
      ],
      [
        16.495313,
        48.406619,
        177.75
      ],
      [
        16.495364,
        48.406487,
        177.5
      ],
      [
        16.495483,
        48.406257,
        177.25
      ],
      [
        16.495652,
        48.405992,
        177.25
      ],
      [
        16.495953,
        48.405592,
        177.5
      ],
      [
        16.49606,
        48.405466,
        177.0
      ],
      [
        16.496335,
        48.405175,
        176.75
      ],
      [
        16.497024,
        48.404476,
        176.5
      ],
      [
        16.498341,
        48.403166,
        176.5
      ],
      [
        16.498507,
        48.403013,
        176.25
      ],
      [
        16.498681,
        48.402867,
        176.0
      ],
      [
        16.498849,
        48.402746,
        176.0
      ],
      [
        16.499832,
        48.402121,
        175.75
      ],
      [
        16.500163,
        48.401899,
        175.75
      ],
      [
        16.500312,
        48.401776,
        175.5
      ],
      [
        16.500393,
        48.4017,
        175.75
      ],
      [
        16.500592,
        48.401474,
        176.0
      ],
      [
        16.500698,
        48.401327,
        176.0
      ],
      [
        16.500761,
        48.401222,
        176.25
      ],
      [
        16.500862,
        48.401001,
        176.75
      ],
      [
        16.5009,
        48.400891,
        176.5
      ],
      [
        16.500922,
        48.40078,
        176.25
      ],
      [
        16.500925,
        48.400678,
        176.25
      ],
      [
        16.500924,
        48.400636,
        176.25
      ],
      [
        16.500905,
        48.400393,
        176.25
      ],
      [
        16.500875,
        48.400267,
        176.5
      ],
      [
        16.500861,
        48.400214,
        176.5
      ],
      [
        16.500472,
        48.400232,
        176.75
      ],
      [
        16.500446,
        48.400135,
        176.25
      ],
      [
        16.500272,
        48.399781,
        176.0
      ],
      [
        16.500121,
        48.399531,
        176.0
      ],
      [
        16.49973,
        48.398846,
        176.0
      ],
      [
        16.499424,
        48.398424,
        176.0
      ],
      [
        16.499295,
        48.398241,
        176.0
      ],
      [
        16.4991,
        48.39793,
        176.0
      ],
      [
        16.498511,
        48.397021,
        176.0
      ],
      [
        16.49837,
        48.396827,
        175.75
      ],
      [
        16.498122,
        48.396487,
        175.75
      ],
      [
        16.497987,
        48.39626,
        175.5
      ],
      [
        16.497932,
        48.396127,
        175.25
      ],
      [
        16.4979,
        48.395975,
        175.5
      ],
      [
        16.497793,
        48.395304,
        175.75
      ],
      [
        16.497792,
        48.395202,
        175.75
      ],
      [
        16.497806,
        48.395122,
        175.75
      ],
      [
        16.497836,
        48.395031,
        175.5
      ],
      [
        16.497906,
        48.394877,
        175.25
      ],
      [
        16.497945,
        48.394753,
        175.25
      ],
      [
        16.497955,
        48.394498,
        175.25
      ],
      [
        16.497989,
        48.394337,
        175.0
      ],
      [
        16.498034,
        48.394193,
        175.0
      ],
      [
        16.498056,
        48.394123,
        175.0
      ],
      [
        16.498198,
        48.393812,
        175.5
      ],
      [
        16.498259,
        48.393692,
        175.75
      ],
      [
        16.498276,
        48.393658,
        175.75
      ],
      [
        16.498306,
        48.393611,
        176.0
      ],
      [
        16.499918,
        48.392816,
        174.0
      ],
      [
        16.501234,
        48.392189,
        174.5
      ],
      [
        16.501681,
        48.391975,
        174.75
      ],
      [
        16.50194,
        48.391869,
        174.25
      ],
      [
        16.502468,
        48.391705,
        177.75
      ],
      [
        16.50282,
        48.391571,
        177.25
      ],
      [
        16.503046,
        48.39146,
        177.5
      ],
      [
        16.503272,
        48.391299,
        178.0
      ],
      [
        16.503495,
        48.391103,
        178.5
      ],
      [
        16.503778,
        48.390848,
        178.5
      ],
      [
        16.503995,
        48.390689,
        177.25
      ],
      [
        16.504051,
        48.390648,
        177.0
      ],
      [
        16.50425,
        48.390498,
        176.5
      ],
      [
        16.504459,
        48.390311,
        176.5
      ],
      [
        16.505663,
        48.388975,
        175.25
      ],
      [
        16.505775,
        48.388846,
        175.25
      ],
      [
        16.505893,
        48.388705,
        175.25
      ],
      [
        16.506296,
        48.388264,
        175.5
      ],
      [
        16.50658,
        48.387951,
        175.5
      ],
      [
        16.506749,
        48.387767,
        175.5
      ],
      [
        16.507224,
        48.387249,
        174.75
      ],
      [
        16.50725,
        48.387221,
        174.75
      ],
      [
        16.508011,
        48.386373,
        176.0
      ],
      [
        16.508119,
        48.386273,
        176.0
      ],
      [
        16.508171,
        48.386237,
        176.0
      ],
      [
        16.508466,
        48.386083,
        175.5
      ],
      [
        16.508587,
        48.386002,
        175.25
      ],
      [
        16.508752,
        48.38589,
        175.75
      ],
      [
        16.509335,
        48.385496,
        175.0
      ],
      [
        16.509592,
        48.38532,
        175.0
      ],
      [
        16.509805,
        48.385171,
        175.0
      ],
      [
        16.509918,
        48.385107,
        175.0
      ],
      [
        16.510145,
        48.385035,
        175.0
      ],
      [
        16.510382,
        48.384971,
        175.0
      ],
      [
        16.510445,
        48.384951,
        175.0
      ],
      [
        16.510716,
        48.384881,
        175.0
      ],
      [
        16.510834,
        48.384853,
        174.75
      ],
      [
        16.510947,
        48.38485,
        174.75
      ],
      [
        16.511044,
        48.384821,
        174.5
      ],
      [
        16.511114,
        48.384787,
        174.75
      ],
      [
        16.511185,
        48.384758,
        174.5
      ],
      [
        16.511829,
        48.384319,
        174.5
      ],
      [
        16.51203,
        48.384371,
        174.0
      ],
      [
        16.512485,
        48.384471,
        173.0
      ],
      [
        16.512774,
        48.38454,
        173.0
      ],
      [
        16.513322,
        48.384671,
        173.0
      ],
      [
        16.51339,
        48.384683,
        173.0
      ],
      [
        16.513551,
        48.384709,
        173.0
      ],
      [
        16.513739,
        48.384727,
        172.75
      ],
      [
        16.514525,
        48.384759,
        173.25
      ],
      [
        16.514562,
        48.384762,
        173.0
      ],
      [
        16.514751,
        48.384772,
        172.25
      ],
      [
        16.514831,
        48.384781,
        172.75
      ],
      [
        16.514867,
        48.384784,
        173.0
      ],
      [
        16.514934,
        48.384793,
        173.5
      ],
      [
        16.515007,
        48.384804,
        173.75
      ],
      [
        16.515121,
        48.384816,
        173.5
      ],
      [
        16.515209,
        48.384847,
        173.5
      ],
      [
        16.515495,
        48.385025,
        174.0
      ],
      [
        16.515576,
        48.384967,
        173.75
      ],
      [
        16.515619,
        48.384936,
        173.5
      ],
      [
        16.515993,
        48.384769,
        173.0
      ],
      [
        16.516276,
        48.384555,
        173.0
      ],
      [
        16.516855,
        48.38408,
        173.0
      ],
      [
        16.517095,
        48.383817,
        173.0
      ],
      [
        16.517267,
        48.383668,
        173.0
      ],
      [
        16.517388,
        48.38358,
        173.0
      ],
      [
        16.517721,
        48.383368,
        173.0
      ],
      [
        16.51775,
        48.383347,
        173.0
      ],
      [
        16.518251,
        48.382998,
        172.0
      ],
      [
        16.51816,
        48.382939,
        172.0
      ],
      [
        16.518251,
        48.382998,
        172.0
      ],
      [
        16.51775,
        48.383347,
        173.0
      ],
      [
        16.517721,
        48.383368,
        173.0
      ],
      [
        16.517689,
        48.383348,
        173.0
      ],
      [
        16.517575,
        48.383278,
        172.75
      ],
      [
        16.51754,
        48.383227,
        172.5
      ],
      [
        16.517532,
        48.383177,
        172.25
      ],
      [
        16.517548,
        48.383134,
        172.25
      ],
      [
        16.517591,
        48.383082,
        172.0
      ],
      [
        16.517813,
        48.382901,
        172.0
      ],
      [
        16.516937,
        48.382366,
        172.0
      ],
      [
        16.516888,
        48.382339,
        172.0
      ],
      [
        16.516842,
        48.382314,
        172.0
      ],
      [
        16.516798,
        48.382285,
        172.0
      ],
      [
        16.516046,
        48.381806,
        171.5
      ],
      [
        16.515702,
        48.381597,
        172.0
      ],
      [
        16.515677,
        48.38158,
        172.0
      ],
      [
        16.515545,
        48.381491,
        172.25
      ],
      [
        16.515507,
        48.381468,
        172.5
      ],
      [
        16.515288,
        48.381331,
        174.25
      ],
      [
        16.514548,
        48.38087,
        180.25
      ],
      [
        16.514496,
        48.380837,
        180.75
      ],
      [
        16.514459,
        48.380811,
        181.0
      ],
      [
        16.51299,
        48.379761,
        181.0
      ],
      [
        16.51282,
        48.379701,
        180.75
      ],
      [
        16.512707,
        48.379675,
        180.75
      ],
      [
        16.51265,
        48.379661,
        180.75
      ],
      [
        16.5125,
        48.380402,
        182.25
      ],
      [
        16.512373,
        48.380831,
        183.25
      ],
      [
        16.512363,
        48.380877,
        183.25
      ],
      [
        16.512317,
        48.380932,
        183.25
      ],
      [
        16.512298,
        48.380945,
        183.25
      ],
      [
        16.512255,
        48.38088,
        183.5
      ],
      [
        16.512196,
        48.380806,
        183.75
      ],
      [
        16.51209,
        48.380763,
        184.0
      ],
      [
        16.512,
        48.380674,
        184.25
      ],
      [
        16.511795,
        48.380419,
        182.75
      ],
      [
        16.511598,
        48.380153,
        182.0
      ],
      [
        16.511241,
        48.379635,
        183.5
      ],
      [
        16.511039,
        48.379344,
        183.0
      ],
      [
        16.510477,
        48.378608,
        182.0
      ],
      [
        16.510227,
        48.378263,
        182.0
      ],
      [
        16.51022,
        48.378217,
        182.0
      ],
      [
        16.510189,
        48.378151,
        182.0
      ],
      [
        16.510127,
        48.378069,
        182.0
      ],
      [
        16.510032,
        48.377941,
        182.0
      ],
      [
        16.509923,
        48.37781,
        182.0
      ],
      [
        16.509515,
        48.377291,
        182.75
      ],
      [
        16.509428,
        48.37714,
        183.0
      ],
      [
        16.509419,
        48.377084,
        183.0
      ],
      [
        16.509393,
        48.37705,
        183.0
      ],
      [
        16.509327,
        48.376957,
        183.25
      ],
      [
        16.5093,
        48.376922,
        183.25
      ],
      [
        16.509293,
        48.376868,
        183.25
      ],
      [
        16.5093,
        48.376834,
        183.25
      ],
      [
        16.50928,
        48.376816,
        183.25
      ],
      [
        16.509174,
        48.376769,
        183.25
      ],
      [
        16.509127,
        48.376733,
        183.25
      ],
      [
        16.509025,
        48.37663,
        183.5
      ],
      [
        16.508626,
        48.376148,
        185.5
      ],
      [
        16.508464,
        48.375905,
        185.0
      ],
      [
        16.507987,
        48.375267,
        188.0
      ],
      [
        16.507812,
        48.375038,
        188.75
      ],
      [
        16.507768,
        48.374981,
        189.0
      ],
      [
        16.507663,
        48.374859,
        189.5
      ],
      [
        16.507575,
        48.374737,
        189.75
      ],
      [
        16.506862,
        48.373848,
        192.5
      ],
      [
        16.506227,
        48.373115,
        193.75
      ],
      [
        16.505689,
        48.372537,
        192.5
      ],
      [
        16.505298,
        48.372135,
        190.0
      ],
      [
        16.504976,
        48.371819,
        188.0
      ],
      [
        16.504217,
        48.37111,
        188.5
      ],
      [
        16.503454,
        48.370415,
        186.25
      ],
      [
        16.502557,
        48.369572,
        186.0
      ],
      [
        16.502513,
        48.369525,
        186.0
      ],
      [
        16.502491,
        48.369458,
        186.0
      ],
      [
        16.50247,
        48.369424,
        185.75
      ],
      [
        16.502268,
        48.369236,
        186.5
      ],
      [
        16.502258,
        48.369193,
        186.5
      ],
      [
        16.502278,
        48.369156,
        186.25
      ],
      [
        16.502221,
        48.369099,
        186.75
      ],
      [
        16.502014,
        48.368927,
        186.0
      ],
      [
        16.501579,
        48.368529,
        185.0
      ],
      [
        16.501487,
        48.368465,
        185.0
      ],
      [
        16.501396,
        48.368523,
        186.0
      ],
      [
        16.501023,
        48.36816,
        186.25
      ],
      [
        16.500694,
        48.367816,
        186.5
      ],
      [
        16.500357,
        48.367524,
        186.5
      ],
      [
        16.499964,
        48.367207,
        188.0
      ],
      [
        16.497581,
        48.36508,
        189.75
      ],
      [
        16.497615,
        48.365067,
        189.5
      ],
      [
        16.497956,
        48.364926,
        190.5
      ],
      [
        16.498038,
        48.364867,
        190.5
      ],
      [
        16.498067,
        48.364829,
        190.25
      ],
      [
        16.498081,
        48.36479,
        190.0
      ],
      [
        16.498069,
        48.364745,
        190.0
      ],
      [
        16.497968,
        48.36466,
        190.0
      ],
      [
        16.497713,
        48.364463,
        189.25
      ],
      [
        16.497233,
        48.364133,
        187.75
      ],
      [
        16.496827,
        48.363901,
        186.5
      ],
      [
        16.496615,
        48.363772,
        186.5
      ],
      [
        16.496491,
        48.363682,
        185.5
      ],
      [
        16.49638,
        48.363535,
        184.5
      ],
      [
        16.496259,
        48.363397,
        185.0
      ],
      [
        16.496113,
        48.363267,
        184.25
      ],
      [
        16.496016,
        48.363193,
        184.5
      ],
      [
        16.495661,
        48.362975,
        182.25
      ],
      [
        16.495226,
        48.362716,
        179.5
      ],
      [
        16.494816,
        48.362447,
        177.75
      ],
      [
        16.494737,
        48.362389,
        177.5
      ],
      [
        16.49436,
        48.362113,
        175.25
      ],
      [
        16.494051,
        48.361926,
        173.0
      ],
      [
        16.493254,
        48.361489,
        172.25
      ],
      [
        16.4931,
        48.361389,
        172.0
      ],
      [
        16.493033,
        48.361298,
        172.0
      ],
      [
        16.492997,
        48.361249,
        172.0
      ],
      [
        16.493307,
        48.361187,
        172.0
      ],
      [
        16.493635,
        48.361133,
        172.0
      ],
      [
        16.494611,
        48.360993,
        171.5
      ],
      [
        16.494407,
        48.360146,
        169.5
      ],
      [
        16.494467,
        48.360139,
        169.5
      ],
      [
        16.494413,
        48.359913,
        168.75
      ],
      [
        16.494349,
        48.35964,
        168.0
      ],
      [
        16.494216,
        48.359334,
        167.75
      ],
      [
        16.494154,
        48.359332,
        167.75
      ],
      [
        16.494069,
        48.359328,
        167.75
      ],
      [
        16.493303,
        48.359295,
        168.0
      ],
      [
        16.491859,
        48.35922,
        168.75
      ],
      [
        16.490594,
        48.359157,
        169.75
      ],
      [
        16.490064,
        48.359108,
        169.75
      ],
      [
        16.490029,
        48.3591,
        169.75
      ],
      [
        16.489995,
        48.359083,
        169.5
      ],
      [
        16.489899,
        48.359012,
        169.5
      ],
      [
        16.489879,
        48.359009,
        169.5
      ],
      [
        16.48987,
        48.359014,
        169.5
      ],
      [
        16.489831,
        48.359034,
        169.75
      ],
      [
        16.48975,
        48.35908,
        169.75
      ],
      [
        16.489738,
        48.359087,
        169.75
      ],
      [
        16.489687,
        48.359103,
        170.0
      ],
      [
        16.489549,
        48.359029,
        170.0
      ],
      [
        16.48949,
        48.359008,
        170.0
      ],
      [
        16.484524,
        48.358027,
        174.0
      ],
      [
        16.483797,
        48.357881,
        177.75
      ],
      [
        16.483574,
        48.357861,
        179.25
      ],
      [
        16.483219,
        48.357843,
        178.5
      ],
      [
        16.483091,
        48.357823,
        178.0
      ],
      [
        16.482977,
        48.357786,
        177.5
      ],
      [
        16.48275,
        48.357692,
        176.75
      ],
      [
        16.482598,
        48.357649,
        176.25
      ],
      [
        16.48248,
        48.357624,
        175.5
      ],
      [
        16.480232,
        48.357171,
        170.25
      ],
      [
        16.480028,
        48.357132,
        169.5
      ],
      [
        16.477991,
        48.356724,
        168.75
      ],
      [
        16.477533,
        48.35666,
        168.75
      ],
      [
        16.47705,
        48.356617,
        168.75
      ],
      [
        16.47622,
        48.356604,
        168.0
      ],
      [
        16.476159,
        48.356604,
        168.0
      ],
      [
        16.473459,
        48.356597,
        170.75
      ],
      [
        16.471902,
        48.356595,
        171.5
      ],
      [
        16.46689,
        48.356582,
        177.25
      ],
      [
        16.463542,
        48.356574,
        183.0
      ],
      [
        16.463498,
        48.356574,
        183.0
      ],
      [
        16.463481,
        48.356574,
        183.0
      ],
      [
        16.463423,
        48.356573,
        183.0
      ],
      [
        16.463373,
        48.356574,
        183.0
      ],
      [
        16.46331,
        48.356574,
        183.0
      ],
      [
        16.462786,
        48.356567,
        183.0
      ],
      [
        16.46223,
        48.356515,
        182.75
      ],
      [
        16.46189,
        48.356431,
        183.0
      ],
      [
        16.461547,
        48.356323,
        183.0
      ],
      [
        16.46113,
        48.356133,
        183.0
      ],
      [
        16.46011,
        48.355585,
        183.0
      ],
      [
        16.457263,
        48.353852,
        183.5
      ],
      [
        16.456725,
        48.353613,
        183.75
      ],
      [
        16.452982,
        48.352343,
        183.75
      ],
      [
        16.451566,
        48.351859,
        184.0
      ],
      [
        16.449627,
        48.351196,
        184.0
      ],
      [
        16.446205,
        48.350049,
        185.0
      ],
      [
        16.446274,
        48.349936,
        185.0
      ],
      [
        16.446318,
        48.349914,
        185.0
      ],
      [
        16.449825,
        48.348762,
        184.0
      ],
      [
        16.450424,
        48.348565,
        184.25
      ],
      [
        16.450507,
        48.348526,
        184.5
      ],
      [
        16.450574,
        48.348433,
        185.25
      ],
      [
        16.450577,
        48.348385,
        185.75
      ],
      [
        16.450404,
        48.348377,
        185.0
      ],
      [
        16.450101,
        48.348396,
        184.75
      ],
      [
        16.449924,
        48.34839,
        184.5
      ],
      [
        16.449845,
        48.348375,
        184.25
      ],
      [
        16.449345,
        48.348192,
        185.75
      ],
      [
        16.449073,
        48.348119,
        186.75
      ],
      [
        16.448348,
        48.347976,
        184.75
      ],
      [
        16.448126,
        48.347921,
        184.0
      ],
      [
        16.448115,
        48.347835,
        183.75
      ],
      [
        16.44813,
        48.34773,
        183.75
      ],
      [
        16.448224,
        48.347468,
        183.75
      ],
      [
        16.448311,
        48.347275,
        184.0
      ],
      [
        16.448159,
        48.347248,
        183.75
      ],
      [
        16.448098,
        48.347223,
        183.75
      ],
      [
        16.448065,
        48.347174,
        184.0
      ],
      [
        16.448062,
        48.347075,
        184.0
      ],
      [
        16.448022,
        48.346998,
        184.0
      ],
      [
        16.447936,
        48.346907,
        184.0
      ],
      [
        16.445343,
        48.344617,
        184.0
      ],
      [
        16.442537,
        48.345533,
        185.0
      ],
      [
        16.442277,
        48.345597,
        185.25
      ],
      [
        16.4421,
        48.345609,
        185.25
      ],
      [
        16.441925,
        48.3456,
        185.25
      ],
      [
        16.441651,
        48.345548,
        186.0
      ],
      [
        16.439699,
        48.345021,
        186.0
      ],
      [
        16.439541,
        48.344964,
        185.75
      ],
      [
        16.439415,
        48.344885,
        185.75
      ],
      [
        16.439299,
        48.344791,
        185.5
      ],
      [
        16.439213,
        48.344678,
        184.75
      ],
      [
        16.439195,
        48.344624,
        184.75
      ],
      [
        16.439174,
        48.34457,
        184.75
      ],
      [
        16.43915,
        48.344445,
        184.75
      ],
      [
        16.439144,
        48.343969,
        185.0
      ],
      [
        16.439128,
        48.343924,
        185.0
      ],
      [
        16.439077,
        48.343873,
        184.75
      ],
      [
        16.438535,
        48.343485,
        185.25
      ],
      [
        16.438496,
        48.343442,
        185.25
      ],
      [
        16.438485,
        48.34342,
        185.25
      ],
      [
        16.43848,
        48.343377,
        185.25
      ],
      [
        16.438476,
        48.343301,
        185.25
      ],
      [
        16.438441,
        48.343208,
        185.25
      ],
      [
        16.438396,
        48.343173,
        185.25
      ],
      [
        16.43835,
        48.343146,
        185.25
      ],
      [
        16.438309,
        48.343133,
        185.25
      ],
      [
        16.438185,
        48.34312,
        185.25
      ],
      [
        16.438064,
        48.343102,
        185.25
      ],
      [
        16.437924,
        48.343081,
        184.5
      ],
      [
        16.437863,
        48.343081,
        184.25
      ],
      [
        16.437819,
        48.343088,
        184.25
      ],
      [
        16.437716,
        48.343118,
        184.25
      ],
      [
        16.437556,
        48.343182,
        184.5
      ],
      [
        16.437459,
        48.343214,
        184.5
      ],
      [
        16.436925,
        48.343334,
        184.75
      ],
      [
        16.436861,
        48.343328,
        184.5
      ],
      [
        16.436833,
        48.343308,
        184.5
      ],
      [
        16.43475,
        48.340187,
        186.0
      ],
      [
        16.433879,
        48.338879,
        186.0
      ],
      [
        16.433648,
        48.338482,
        186.0
      ],
      [
        16.430898,
        48.33353,
        185.75
      ],
      [
        16.430799,
        48.333311,
        185.75
      ],
      [
        16.430728,
        48.333061,
        185.0
      ],
      [
        16.430661,
        48.332771,
        185.75
      ],
      [
        16.42965,
        48.327681,
        187.0
      ],
      [
        16.429607,
        48.327461,
        187.0
      ],
      [
        16.429601,
        48.327437,
        187.0
      ],
      [
        16.429592,
        48.327402,
        187.0
      ],
      [
        16.429584,
        48.327351,
        187.0
      ],
      [
        16.429579,
        48.327328,
        187.0
      ],
      [
        16.429558,
        48.327168,
        187.0
      ],
      [
        16.429325,
        48.326032,
        187.0
      ],
      [
        16.42904,
        48.324642,
        187.0
      ],
      [
        16.429006,
        48.324363,
        187.25
      ],
      [
        16.428995,
        48.324199,
        187.0
      ],
      [
        16.429059,
        48.322229,
        189.75
      ],
      [
        16.429158,
        48.31985,
        190.25
      ],
      [
        16.429405,
        48.313302,
        191.0
      ],
      [
        16.429372,
        48.312984,
        192.25
      ],
      [
        16.429262,
        48.312671,
        192.5
      ],
      [
        16.429133,
        48.312481,
        192.0
      ],
      [
        16.428839,
        48.312149,
        192.0
      ],
      [
        16.427504,
        48.310968,
        190.25
      ],
      [
        16.427305,
        48.310775,
        190.5
      ],
      [
        16.427154,
        48.310575,
        190.0
      ],
      [
        16.42705,
        48.310379,
        189.25
      ],
      [
        16.426955,
        48.310161,
        188.0
      ],
      [
        16.426606,
        48.309103,
        186.25
      ],
      [
        16.426409,
        48.308427,
        186.25
      ],
      [
        16.426398,
        48.308321,
        186.0
      ],
      [
        16.426373,
        48.308239,
        186.25
      ],
      [
        16.42633,
        48.308227,
        186.5
      ],
      [
        16.426085,
        48.308156,
        186.75
      ],
      [
        16.425941,
        48.308099,
        186.5
      ],
      [
        16.425621,
        48.307946,
        187.25
      ],
      [
        16.423705,
        48.306967,
        183.75
      ],
      [
        16.423486,
        48.306819,
        184.25
      ],
      [
        16.423401,
        48.306763,
        184.25
      ],
      [
        16.423104,
        48.306529,
        183.5
      ],
      [
        16.422533,
        48.305746,
        181.0
      ],
      [
        16.422164,
        48.305323,
        177.75
      ],
      [
        16.421851,
        48.304928,
        177.75
      ],
      [
        16.421559,
        48.304579,
        177.25
      ],
      [
        16.421229,
        48.30428,
        176.25
      ],
      [
        16.421037,
        48.304117,
        175.0
      ],
      [
        16.420577,
        48.303752,
        173.0
      ],
      [
        16.420354,
        48.303533,
        172.5
      ],
      [
        16.420255,
        48.303451,
        172.5
      ],
      [
        16.419629,
        48.302993,
        172.0
      ],
      [
        16.419491,
        48.302897,
        171.75
      ],
      [
        16.418709,
        48.302345,
        169.25
      ],
      [
        16.418429,
        48.302144,
        169.0
      ],
      [
        16.417861,
        48.301756,
        168.0
      ],
      [
        16.41752,
        48.301467,
        167.25
      ],
      [
        16.417365,
        48.30136,
        167.0
      ],
      [
        16.417146,
        48.301291,
        166.75
      ],
      [
        16.417079,
        48.30129,
        166.75
      ],
      [
        16.416898,
        48.301309,
        166.5
      ],
      [
        16.416699,
        48.301359,
        166.75
      ],
      [
        16.4165,
        48.301389,
        166.25
      ],
      [
        16.416426,
        48.301386,
        166.0
      ],
      [
        16.416293,
        48.301381,
        166.0
      ],
      [
        16.416171,
        48.301254,
        166.0
      ],
      [
        16.416141,
        48.301081,
        166.0
      ],
      [
        16.416122,
        48.300884,
        166.0
      ],
      [
        16.41622,
        48.300715,
        166.0
      ],
      [
        16.416291,
        48.300565,
        166.0
      ],
      [
        16.416153,
        48.300191,
        166.0
      ],
      [
        16.416064,
        48.299943,
        166.0
      ],
      [
        16.41604,
        48.299872,
        166.0
      ],
      [
        16.415964,
        48.299638,
        166.0
      ],
      [
        16.415697,
        48.29884,
        165.25
      ],
      [
        16.415677,
        48.298785,
        165.5
      ],
      [
        16.415624,
        48.298619,
        165.25
      ],
      [
        16.415398,
        48.297998,
        165.0
      ],
      [
        16.415001,
        48.29719,
        165.0
      ],
      [
        16.414878,
        48.296972,
        165.0
      ],
      [
        16.414503,
        48.296308,
        165.0
      ],
      [
        16.414323,
        48.295962,
        165.0
      ],
      [
        16.414281,
        48.295883,
        165.0
      ],
      [
        16.414242,
        48.295815,
        164.75
      ],
      [
        16.413994,
        48.295379,
        164.25
      ],
      [
        16.413961,
        48.295326,
        164.0
      ],
      [
        16.413361,
        48.294278,
        164.0
      ],
      [
        16.413321,
        48.294207,
        164.0
      ],
      [
        16.412812,
        48.293383,
        164.0
      ],
      [
        16.4128,
        48.293365,
        164.0
      ],
      [
        16.41276,
        48.293303,
        164.0
      ],
      [
        16.412306,
        48.292599,
        164.0
      ],
      [
        16.411864,
        48.291908,
        164.25
      ],
      [
        16.411557,
        48.291408,
        164.0
      ],
      [
        16.411216,
        48.290832,
        164.0
      ],
      [
        16.411138,
        48.290604,
        164.0
      ],
      [
        16.411097,
        48.290481,
        163.0
      ],
      [
        16.411023,
        48.290439,
        162.5
      ],
      [
        16.411,
        48.290377,
        161.75
      ],
      [
        16.410882,
        48.290013,
        162.5
      ],
      [
        16.410786,
        48.289819,
        163.5
      ],
      [
        16.410691,
        48.289613,
        163.25
      ],
      [
        16.410507,
        48.288917,
        163.0
      ],
      [
        16.410112,
        48.287327,
        162.75
      ],
      [
        16.409863,
        48.286336,
        162.5
      ],
      [
        16.409651,
        48.285501,
        162.5
      ],
      [
        16.409609,
        48.285393,
        162.0
      ],
      [
        16.409527,
        48.285229,
        162.0
      ],
      [
        16.409392,
        48.285076,
        162.0
      ],
      [
        16.409292,
        48.284985,
        162.0
      ],
      [
        16.409172,
        48.284855,
        162.5
      ],
      [
        16.409113,
        48.284748,
        162.75
      ],
      [
        16.40639,
        48.281553,
        163.0
      ],
      [
        16.40624,
        48.281446,
        163.0
      ],
      [
        16.406149,
        48.281374,
        162.75
      ],
      [
        16.405975,
        48.28117,
        162.0
      ],
      [
        16.405859,
        48.280927,
        162.0
      ],
      [
        16.405675,
        48.280307,
        162.5
      ],
      [
        16.405631,
        48.280089,
        162.75
      ],
      [
        16.405607,
        48.279095,
        163.0
      ],
      [
        16.405391,
        48.278489,
        163.0
      ],
      [
        16.405222,
        48.278002,
        163.0
      ],
      [
        16.405027,
        48.277499,
        162.75
      ],
      [
        16.405017,
        48.277473,
        162.75
      ],
      [
        16.404974,
        48.277362,
        163.0
      ],
      [
        16.404944,
        48.277276,
        163.0
      ],
      [
        16.404857,
        48.277077,
        163.0
      ],
      [
        16.404794,
        48.276964,
        163.0
      ],
      [
        16.404462,
        48.27636,
        163.0
      ],
      [
        16.404397,
        48.276243,
        163.0
      ],
      [
        16.404347,
        48.276153,
        162.75
      ],
      [
        16.404274,
        48.27602,
        163.0
      ],
      [
        16.404135,
        48.275768,
        163.0
      ],
      [
        16.404052,
        48.275618,
        163.0
      ],
      [
        16.403602,
        48.274802,
        163.0
      ],
      [
        16.403182,
        48.274116,
        163.25
      ],
      [
        16.403135,
        48.274038,
        163.25
      ],
      [
        16.403118,
        48.27401,
        163.25
      ],
      [
        16.403075,
        48.27394,
        163.0
      ],
      [
        16.403024,
        48.273826,
        163.0
      ],
      [
        16.403031,
        48.27378,
        163.0
      ],
      [
        16.403059,
        48.273734,
        163.0
      ],
      [
        16.403272,
        48.273693,
        163.0
      ],
      [
        16.403503,
        48.273657,
        163.0
      ],
      [
        16.404186,
        48.273474,
        163.0
      ],
      [
        16.405148,
        48.273223,
        163.0
      ],
      [
        16.405123,
        48.27318,
        163.0
      ],
      [
        16.405108,
        48.273153,
        163.0
      ],
      [
        16.404471,
        48.272055,
        163.0
      ],
      [
        16.404442,
        48.272004,
        163.0
      ],
      [
        16.403011,
        48.272383,
        163.25
      ],
      [
        16.402922,
        48.272407,
        163.25
      ],
      [
        16.402877,
        48.272342,
        163.0
      ],
      [
        16.402833,
        48.272268,
        163.0
      ],
      [
        16.40279,
        48.272202,
        163.0
      ],
      [
        16.402742,
        48.272123,
        163.0
      ],
      [
        16.402536,
        48.271778,
        162.75
      ],
      [
        16.402453,
        48.27164,
        163.0
      ],
      [
        16.401834,
        48.270594,
        162.75
      ],
      [
        16.401738,
        48.270445,
        163.5
      ],
      [
        16.401651,
        48.270334,
        162.75
      ],
      [
        16.401576,
        48.270277,
        162.25
      ],
      [
        16.401551,
        48.270257,
        162.0
      ],
      [
        16.401443,
        48.270173,
        161.0
      ],
      [
        16.401209,
        48.270017,
        160.75
      ],
      [
        16.40108,
        48.269923,
        162.25
      ],
      [
        16.400979,
        48.269813,
        163.0
      ],
      [
        16.400933,
        48.269741,
        162.5
      ],
      [
        16.400905,
        48.269696,
        162.0
      ],
      [
        16.40083,
        48.269538,
        161.5
      ],
      [
        16.400767,
        48.269379,
        162.25
      ],
      [
        16.400741,
        48.269317,
        162.5
      ],
      [
        16.400571,
        48.268897,
        163.0
      ],
      [
        16.400411,
        48.268508,
        163.0
      ],
      [
        16.400382,
        48.268437,
        163.0
      ],
      [
        16.40018,
        48.267947,
        163.0
      ],
      [
        16.400106,
        48.267769,
        163.0
      ],
      [
        16.400087,
        48.267723,
        163.0
      ],
      [
        16.400067,
        48.267674,
        163.0
      ],
      [
        16.400054,
        48.267639,
        163.0
      ],
      [
        16.399848,
        48.267078,
        163.0
      ],
      [
        16.399765,
        48.266874,
        163.0
      ],
      [
        16.399716,
        48.266757,
        163.0
      ],
      [
        16.399679,
        48.266672,
        163.0
      ],
      [
        16.399406,
        48.266024,
        162.0
      ],
      [
        16.399373,
        48.265946,
        162.0
      ],
      [
        16.399343,
        48.265874,
        162.0
      ],
      [
        16.399219,
        48.265897,
        162.0
      ],
      [
        16.39919,
        48.265903,
        162.0
      ],
      [
        16.399083,
        48.265932,
        162.25
      ],
      [
        16.398253,
        48.266091,
        162.75
      ],
      [
        16.397775,
        48.266166,
        163.0
      ],
      [
        16.397691,
        48.266179,
        163.0
      ],
      [
        16.397402,
        48.2662,
        163.0
      ],
      [
        16.397119,
        48.266195,
        163.0
      ],
      [
        16.397058,
        48.266212,
        163.0
      ],
      [
        16.397032,
        48.266241,
        163.0
      ],
      [
        16.396998,
        48.266228,
        163.0
      ],
      [
        16.396942,
        48.266208,
        163.0
      ],
      [
        16.396833,
        48.266191,
        163.0
      ],
      [
        16.396791,
        48.266187,
        163.0
      ],
      [
        16.396494,
        48.266162,
        163.0
      ],
      [
        16.396461,
        48.266159,
        163.0
      ],
      [
        16.396372,
        48.266152,
        163.0
      ],
      [
        16.396326,
        48.26615,
        163.0
      ],
      [
        16.39626,
        48.266148,
        163.25
      ],
      [
        16.396136,
        48.265992,
        163.5
      ],
      [
        16.395961,
        48.265823,
        164.0
      ],
      [
        16.395735,
        48.265264,
        164.0
      ],
      [
        16.395498,
        48.264725,
        163.75
      ],
      [
        16.395452,
        48.264623,
        164.0
      ],
      [
        16.395299,
        48.264309,
        163.75
      ],
      [
        16.395162,
        48.264188,
        164.0
      ],
      [
        16.395016,
        48.264119,
        163.75
      ],
      [
        16.394858,
        48.264071,
        163.75
      ],
      [
        16.394391,
        48.26396,
        164.0
      ],
      [
        16.394408,
        48.263928,
        164.0
      ],
      [
        16.394432,
        48.263884,
        164.0
      ],
      [
        16.394475,
        48.263809,
        164.0
      ],
      [
        16.39449,
        48.263766,
        164.0
      ],
      [
        16.394504,
        48.263727,
        163.75
      ],
      [
        16.394511,
        48.263676,
        164.0
      ],
      [
        16.394599,
        48.263483,
        164.0
      ],
      [
        16.394608,
        48.263418,
        164.0
      ],
      [
        16.394624,
        48.263301,
        164.0
      ],
      [
        16.394705,
        48.263069,
        164.0
      ],
      [
        16.394791,
        48.262908,
        164.0
      ],
      [
        16.394807,
        48.262877,
        164.0
      ],
      [
        16.394831,
        48.262831,
        164.0
      ],
      [
        16.394848,
        48.2628,
        164.0
      ],
      [
        16.395036,
        48.262423,
        163.75
      ],
      [
        16.395377,
        48.261641,
        163.5
      ],
      [
        16.395344,
        48.261634,
        163.75
      ],
      [
        16.39528,
        48.261618,
        163.75
      ],
      [
        16.395176,
        48.261593,
        164.0
      ],
      [
        16.395137,
        48.261584,
        164.0
      ],
      [
        16.39504,
        48.26156,
        164.0
      ],
      [
        16.395011,
        48.261553,
        164.0
      ],
      [
        16.394993,
        48.261549,
        164.0
      ],
      [
        16.394971,
        48.261543,
        164.0
      ],
      [
        16.394957,
        48.261531,
        164.0
      ],
      [
        16.394953,
        48.261516,
        164.0
      ],
      [
        16.395042,
        48.261329,
        164.0
      ],
      [
        16.395044,
        48.261309,
        164.0
      ],
      [
        16.39503,
        48.261271,
        164.0
      ],
      [
        16.39501,
        48.261239,
        164.0
      ],
      [
        16.394996,
        48.261216,
        163.75
      ],
      [
        16.394947,
        48.261226,
        163.75
      ],
      [
        16.394888,
        48.261229,
        163.75
      ],
      [
        16.394829,
        48.261224,
        163.75
      ],
      [
        16.394764,
        48.261209,
        163.5
      ],
      [
        16.3947,
        48.261186,
        163.5
      ],
      [
        16.394632,
        48.261149,
        163.75
      ],
      [
        16.394528,
        48.261066,
        164.0
      ],
      [
        16.394129,
        48.260649,
        164.25
      ],
      [
        16.393816,
        48.26037,
        164.5
      ],
      [
        16.393752,
        48.26032,
        164.25
      ],
      [
        16.393524,
        48.260192,
        165.0
      ],
      [
        16.393171,
        48.259981,
        164.5
      ],
      [
        16.390969,
        48.259104,
        164.5
      ],
      [
        16.390926,
        48.259056,
        164.25
      ],
      [
        16.390901,
        48.25902,
        164.0
      ],
      [
        16.390619,
        48.258913,
        163.25
      ],
      [
        16.390346,
        48.258895,
        163.75
      ],
      [
        16.39007,
        48.258784,
        163.0
      ],
      [
        16.389964,
        48.258738,
        162.75
      ],
      [
        16.389916,
        48.258719,
        162.75
      ],
      [
        16.389844,
        48.258624,
        162.5
      ],
      [
        16.389835,
        48.258574,
        162.5
      ],
      [
        16.389452,
        48.258421,
        163.75
      ],
      [
        16.388081,
        48.257874,
        163.75
      ],
      [
        16.388008,
        48.257842,
        163.75
      ],
      [
        16.38798,
        48.257795,
        163.0
      ],
      [
        16.388008,
        48.257679,
        162.25
      ],
      [
        16.388103,
        48.257538,
        162.0
      ],
      [
        16.388112,
        48.257468,
        162.0
      ],
      [
        16.388085,
        48.257405,
        162.0
      ],
      [
        16.388052,
        48.257356,
        162.0
      ],
      [
        16.387966,
        48.257303,
        162.0
      ],
      [
        16.387324,
        48.257041,
        162.0
      ],
      [
        16.386873,
        48.256857,
        162.0
      ],
      [
        16.386473,
        48.256694,
        162.0
      ],
      [
        16.386549,
        48.256592,
        162.0
      ],
      [
        16.386574,
        48.25654,
        162.0
      ],
      [
        16.38658,
        48.256478,
        162.0
      ],
      [
        16.386552,
        48.256438,
        162.25
      ],
      [
        16.386505,
        48.256405,
        162.5
      ],
      [
        16.386449,
        48.256378,
        162.75
      ],
      [
        16.386378,
        48.256355,
        162.75
      ],
      [
        16.386278,
        48.256339,
        163.25
      ],
      [
        16.386226,
        48.256349,
        163.75
      ],
      [
        16.386183,
        48.256366,
        164.25
      ],
      [
        16.38614,
        48.256393,
        164.75
      ],
      [
        16.386107,
        48.256433,
        164.5
      ],
      [
        16.385738,
        48.256845,
        163.5
      ],
      [
        16.385692,
        48.256868,
        163.5
      ],
      [
        16.385635,
        48.25688,
        163.5
      ],
      [
        16.385609,
        48.256802,
        163.5
      ],
      [
        16.38547,
        48.256426,
        164.25
      ],
      [
        16.385417,
        48.256323,
        164.5
      ],
      [
        16.385358,
        48.256239,
        164.75
      ],
      [
        16.385301,
        48.256175,
        165.0
      ],
      [
        16.385212,
        48.256094,
        165.25
      ],
      [
        16.385086,
        48.256004,
        165.5
      ],
      [
        16.384972,
        48.255939,
        165.75
      ],
      [
        16.384566,
        48.25573,
        166.25
      ],
      [
        16.384225,
        48.25557,
        167.0
      ],
      [
        16.383837,
        48.255405,
        167.5
      ],
      [
        16.383651,
        48.255333,
        168.0
      ],
      [
        16.383304,
        48.255206,
        168.5
      ],
      [
        16.383008,
        48.255108,
        169.0
      ],
      [
        16.382561,
        48.254976,
        169.75
      ],
      [
        16.382082,
        48.254854,
        170.25
      ],
      [
        16.381525,
        48.254739,
        170.5
      ],
      [
        16.380884,
        48.254631,
        168.25
      ],
      [
        16.380798,
        48.254616,
        168.25
      ],
      [
        16.380499,
        48.254559,
        168.25
      ],
      [
        16.380222,
        48.254474,
        168.25
      ],
      [
        16.375474,
        48.252574,
        170.0
      ],
      [
        16.375323,
        48.25252,
        170.25
      ],
      [
        16.375256,
        48.252502,
        170.25
      ],
      [
        16.375107,
        48.252475,
        170.25
      ],
      [
        16.374961,
        48.252465,
        170.25
      ],
      [
        16.37465,
        48.252461,
        170.5
      ],
      [
        16.374462,
        48.252442,
        170.5
      ],
      [
        16.374418,
        48.252357,
        170.25
      ],
      [
        16.374412,
        48.25232,
        170.25
      ],
      [
        16.374421,
        48.252272,
        170.0
      ],
      [
        16.374449,
        48.252227,
        170.0
      ],
      [
        16.374482,
        48.252194,
        169.75
      ],
      [
        16.374536,
        48.252142,
        169.25
      ],
      [
        16.374608,
        48.252033,
        168.5
      ],
      [
        16.374658,
        48.251909,
        168.0
      ],
      [
        16.374384,
        48.251115,
        167.25
      ],
      [
        16.374288,
        48.250961,
        166.5
      ],
      [
        16.37411,
        48.250771,
        166.25
      ],
      [
        16.373862,
        48.25061,
        166.0
      ],
      [
        16.373688,
        48.250512,
        164.75
      ],
      [
        16.373586,
        48.250627,
        166.0
      ],
      [
        16.373463,
        48.25071,
        166.5
      ],
      [
        16.373258,
        48.250781,
        165.0
      ],
      [
        16.372904,
        48.250836,
        163.75
      ],
      [
        16.372961,
        48.251095,
        164.25
      ],
      [
        16.373069,
        48.251388,
        164.0
      ],
      [
        16.373116,
        48.251492,
        164.75
      ],
      [
        16.373052,
        48.251651,
        163.75
      ],
      [
        16.372848,
        48.251793,
        163.25
      ],
      [
        16.372673,
        48.251764,
        161.5
      ],
      [
        16.372633,
        48.251791,
        161.25
      ],
      [
        16.37257,
        48.251978,
        160.75
      ],
      [
        16.372525,
        48.251971,
        160.75
      ],
      [
        16.37253,
        48.25179,
        160.25
      ],
      [
        16.371855,
        48.251745,
        161.0
      ],
      [
        16.371823,
        48.251933,
        161.25
      ],
      [
        16.371766,
        48.251932,
        161.25
      ],
      [
        16.371769,
        48.251717,
        161.75
      ],
      [
        16.371742,
        48.25166,
        161.75
      ],
      [
        16.371761,
        48.251434,
        161.5
      ],
      [
        16.371753,
        48.251193,
        161.75
      ],
      [
        16.371754,
        48.251044,
        161.5
      ],
      [
        16.371756,
        48.250747,
        160.5
      ],
      [
        16.371685,
        48.250469,
        160.5
      ],
      [
        16.371642,
        48.250362,
        160.5
      ],
      [
        16.371571,
        48.250187,
        160.5
      ],
      [
        16.371213,
        48.249402,
        160.75
      ],
      [
        16.370888,
        48.248788,
        159.75
      ],
      [
        16.370489,
        48.248189,
        159.5
      ],
      [
        16.370258,
        48.247884,
        159.75
      ],
      [
        16.369942,
        48.24747,
        159.25
      ],
      [
        16.369194,
        48.246673,
        159.75
      ],
      [
        16.368395,
        48.24583,
        159.5
      ],
      [
        16.367524,
        48.245002,
        159.75
      ],
      [
        16.367084,
        48.244567,
        159.75
      ],
      [
        16.36658,
        48.244036,
        159.5
      ],
      [
        16.366339,
        48.243779,
        159.5
      ],
      [
        16.365106,
        48.242235,
        159.75
      ],
      [
        16.36505,
        48.242168,
        159.75
      ],
      [
        16.364437,
        48.241343,
        159.5
      ],
      [
        16.363824,
        48.240476,
        159.75
      ],
      [
        16.363523,
        48.240022,
        159.0
      ],
      [
        16.363433,
        48.239851,
        159.5
      ],
      [
        16.363246,
        48.23962,
        160.0
      ],
      [
        16.362925,
        48.239094,
        159.5
      ],
      [
        16.362625,
        48.238552,
        159.75
      ],
      [
        16.361991,
        48.237329,
        160.25
      ],
      [
        16.361814,
        48.236947,
        159.75
      ],
      [
        16.361609,
        48.236431,
        159.0
      ],
      [
        16.3616,
        48.236323,
        159.0
      ],
      [
        16.361571,
        48.236241,
        159.25
      ],
      [
        16.361497,
        48.236158,
        160.0
      ],
      [
        16.361434,
        48.236051,
        160.5
      ],
      [
        16.36125,
        48.235591,
        160.5
      ],
      [
        16.361209,
        48.235495,
        161.0
      ],
      [
        16.361154,
        48.235391,
        161.75
      ],
      [
        16.361141,
        48.235317,
        162.25
      ],
      [
        16.361082,
        48.234978,
        161.0
      ],
      [
        16.36097,
        48.234468,
        161.0
      ],
      [
        16.360887,
        48.23389,
        161.25
      ],
      [
        16.360897,
        48.233819,
        161.5
      ],
      [
        16.360929,
        48.233502,
        161.75
      ],
      [
        16.360969,
        48.233267,
        161.75
      ],
      [
        16.360998,
        48.233148,
        161.75
      ],
      [
        16.36121,
        48.232668,
        160.75
      ],
      [
        16.361806,
        48.231593,
        159.75
      ],
      [
        16.361863,
        48.23122,
        160.5
      ],
      [
        16.362658,
        48.229743,
        159.75
      ],
      [
        16.362941,
        48.229228,
        160.0
      ],
      [
        16.363303,
        48.228727,
        160.25
      ],
      [
        16.363619,
        48.228388,
        160.5
      ],
      [
        16.364197,
        48.227808,
        160.25
      ],
      [
        16.364524,
        48.227543,
        160.25
      ],
      [
        16.364708,
        48.227423,
        161.5
      ],
      [
        16.365007,
        48.227218,
        163.75
      ],
      [
        16.366343,
        48.226238,
        159.75
      ],
      [
        16.366603,
        48.226054,
        159.75
      ],
      [
        16.36685,
        48.225782,
        159.75
      ],
      [
        16.366933,
        48.225671,
        160.25
      ],
      [
        16.36713,
        48.225403,
        160.25
      ],
      [
        16.367327,
        48.225114,
        161.0
      ],
      [
        16.367531,
        48.224631,
        159.75
      ],
      [
        16.367656,
        48.224211,
        159.25
      ],
      [
        16.367691,
        48.223937,
        159.75
      ],
      [
        16.367709,
        48.223791,
        160.25
      ],
      [
        16.367709,
        48.223654,
        161.0
      ],
      [
        16.367713,
        48.223381,
        161.0
      ],
      [
        16.367715,
        48.223167,
        161.0
      ],
      [
        16.367742,
        48.222564,
        159.75
      ],
      [
        16.367771,
        48.222085,
        159.75
      ],
      [
        16.367828,
        48.221505,
        159.25
      ],
      [
        16.368026,
        48.220514,
        160.25
      ],
      [
        16.368257,
        48.219988,
        160.25
      ],
      [
        16.368382,
        48.219794,
        161.0
      ],
      [
        16.368583,
        48.219538,
        159.75
      ],
      [
        16.368796,
        48.219345,
        159.75
      ],
      [
        16.36877,
        48.219324,
        160.5
      ],
      [
        16.368771,
        48.21929,
        160.75
      ],
      [
        16.369191,
        48.218967,
        162.5
      ],
      [
        16.369648,
        48.218632,
        162.25
      ],
      [
        16.369636,
        48.218562,
        163.25
      ],
      [
        16.369686,
        48.218535,
        163.0
      ],
      [
        16.369555,
        48.2184,
        164.5
      ],
      [
        16.369511,
        48.218355,
        164.75
      ],
      [
        16.369483,
        48.218307,
        165.0
      ],
      [
        16.369512,
        48.218233,
        165.0
      ],
      [
        16.369563,
        48.21814,
        165.0
      ],
      [
        16.369595,
        48.218088,
        165.0
      ],
      [
        16.369707,
        48.217967,
        165.0
      ],
      [
        16.370015,
        48.217675,
        165.0
      ],
      [
        16.370034,
        48.217622,
        165.0
      ],
      [
        16.37007,
        48.217573,
        165.0
      ],
      [
        16.370097,
        48.217564,
        165.0
      ],
      [
        16.370177,
        48.217486,
        164.75
      ],
      [
        16.370194,
        48.217468,
        164.75
      ],
      [
        16.370314,
        48.217357,
        164.25
      ],
      [
        16.370333,
        48.217314,
        164.25
      ],
      [
        16.370378,
        48.217302,
        164.25
      ],
      [
        16.370424,
        48.21727,
        164.0
      ],
      [
        16.370812,
        48.216895,
        164.0
      ],
      [
        16.370828,
        48.216871,
        164.0
      ],
      [
        16.370857,
        48.216829,
        164.0
      ],
      [
        16.370918,
        48.216764,
        164.0
      ],
      [
        16.371235,
        48.216479,
        164.0
      ],
      [
        16.37128,
        48.216436,
        164.0
      ],
      [
        16.371303,
        48.216356,
        164.0
      ],
      [
        16.371313,
        48.216306,
        164.0
      ],
      [
        16.371373,
        48.216244,
        164.0
      ],
      [
        16.37176,
        48.215884,
        164.0
      ],
      [
        16.37178,
        48.215873,
        164.0
      ],
      [
        16.371868,
        48.215857,
        164.0
      ],
      [
        16.371913,
        48.21585,
        164.0
      ],
      [
        16.371991,
        48.215842,
        164.0
      ],
      [
        16.372046,
        48.215853,
        164.25
      ],
      [
        16.372058,
        48.215859,
        164.25
      ],
      [
        16.372088,
        48.215872,
        164.5
      ],
      [
        16.372112,
        48.215882,
        164.5
      ],
      [
        16.372148,
        48.215894,
        164.75
      ],
      [
        16.372194,
        48.215887,
        164.75
      ],
      [
        16.372499,
        48.215602,
        164.0
      ],
      [
        16.372715,
        48.2154,
        164.25
      ],
      [
        16.372752,
        48.215365,
        164.25
      ],
      [
        16.373664,
        48.214504,
        164.25
      ],
      [
        16.373666,
        48.214427,
        164.0
      ],
      [
        16.373918,
        48.214104,
        164.0
      ],
      [
        16.373936,
        48.214085,
        164.0
      ],
      [
        16.373966,
        48.21407,
        164.25
      ],
      [
        16.374059,
        48.213998,
        164.5
      ],
      [
        16.373986,
        48.213949,
        164.25
      ],
      [
        16.373961,
        48.213932,
        164.25
      ],
      [
        16.373903,
        48.213896,
        164.0
      ],
      [
        16.373854,
        48.213868,
        164.0
      ],
      [
        16.37354,
        48.213655,
        164.0
      ],
      [
        16.373191,
        48.21345,
        164.0
      ],
      [
        16.372793,
        48.213012,
        164.75
      ],
      [
        16.372753,
        48.212931,
        165.0
      ],
      [
        16.372726,
        48.212863,
        165.0
      ],
      [
        16.372737,
        48.212755,
        165.25
      ],
      [
        16.372832,
        48.21202,
        168.5
      ],
      [
        16.37279,
        48.211996,
        168.75
      ],
      [
        16.372779,
        48.211977,
        168.75
      ],
      [
        16.372779,
        48.211957,
        168.75
      ],
      [
        16.372789,
        48.211938,
        169.0
      ],
      [
        16.372825,
        48.211916,
        169.25
      ],
      [
        16.372779,
        48.211891,
        169.5
      ],
      [
        16.372593,
        48.211732,
        170.75
      ],
      [
        16.37237,
        48.211541,
        172.0
      ],
      [
        16.372167,
        48.211352,
        173.0
      ],
      [
        16.372123,
        48.211324,
        173.0
      ],
      [
        16.372036,
        48.211262,
        173.0
      ],
      [
        16.372022,
        48.211252,
        173.0
      ],
      [
        16.371956,
        48.211206,
        173.0
      ],
      [
        16.371766,
        48.211081,
        173.0
      ],
      [
        16.371702,
        48.211038,
        173.0
      ],
      [
        16.371621,
        48.21098,
        173.0
      ],
      [
        16.371242,
        48.210706,
        173.0
      ],
      [
        16.371138,
        48.210632,
        173.0
      ],
      [
        16.370901,
        48.21046,
        173.75
      ],
      [
        16.370649,
        48.210304,
        174.0
      ],
      [
        16.370552,
        48.210253,
        174.0
      ],
      [
        16.37063,
        48.210194,
        174.0
      ],
      [
        16.370665,
        48.210167,
        174.0
      ],
      [
        16.370821,
        48.210099,
        174.0
      ],
      [
        16.371256,
        48.209901,
        173.0
      ],
      [
        16.37168,
        48.209713,
        172.75
      ],
      [
        16.371777,
        48.209669,
        172.5
      ],
      [
        16.371868,
        48.209653,
        172.25
      ],
      [
        16.372443,
        48.209366,
        172.0
      ],
      [
        16.372668,
        48.20925,
        171.25
      ],
      [
        16.372776,
        48.2092,
        171.0
      ],
      [
        16.372886,
        48.209148,
        171.0
      ],
      [
        16.372855,
        48.209125,
        171.0
      ],
      [
        16.372707,
        48.20906,
        171.0
      ],
      [
        16.372451,
        48.20881,
        171.25
      ],
      [
        16.372317,
        48.208676,
        171.75
      ],
      [
        16.37208,
        48.20838,
        172.0
      ],
      [
        16.372147,
        48.208357,
        172.0
      ],
      [
        16.372365,
        48.208282,
        172.0
      ],
      [
        16.372468,
        48.208251,
        172.0
      ],
      [
        16.372365,
        48.208282,
        172.0
      ],
      [
        16.372147,
        48.208357,
        172.0
      ],
      [
        16.37208,
        48.20838,
        172.0
      ],
      [
        16.372317,
        48.208676,
        171.75
      ],
      [
        16.372451,
        48.20881,
        171.25
      ],
      [
        16.372707,
        48.20906,
        171.0
      ],
      [
        16.372855,
        48.209125,
        171.0
      ],
      [
        16.372886,
        48.209148,
        171.0
      ],
      [
        16.372903,
        48.209162,
        171.0
      ],
      [
        16.373491,
        48.209647,
        171.0
      ],
      [
        16.373513,
        48.209664,
        171.0
      ],
      [
        16.373643,
        48.209764,
        170.75
      ],
      [
        16.374107,
        48.210097,
        170.0
      ],
      [
        16.374191,
        48.210157,
        170.0
      ],
      [
        16.374295,
        48.210227,
        170.0
      ],
      [
        16.374446,
        48.210344,
        169.75
      ],
      [
        16.374703,
        48.210546,
        169.0
      ],
      [
        16.37482,
        48.210627,
        168.75
      ],
      [
        16.374983,
        48.210741,
        168.25
      ],
      [
        16.37524,
        48.210861,
        168.0
      ],
      [
        16.375452,
        48.210958,
        167.5
      ],
      [
        16.3755,
        48.211016,
        167.25
      ],
      [
        16.375717,
        48.211273,
        166.5
      ],
      [
        16.375815,
        48.211392,
        166.0
      ],
      [
        16.375924,
        48.211514,
        165.5
      ],
      [
        16.376024,
        48.211625,
        165.0
      ],
      [
        16.376164,
        48.211783,
        165.0
      ],
      [
        16.376194,
        48.211817,
        165.0
      ],
      [
        16.376257,
        48.211879,
        165.0
      ],
      [
        16.376336,
        48.211959,
        165.0
      ],
      [
        16.376367,
        48.211993,
        164.75
      ],
      [
        16.376404,
        48.212038,
        165.0
      ],
      [
        16.376452,
        48.212105,
        165.0
      ],
      [
        16.37649,
        48.212158,
        165.0
      ],
      [
        16.376575,
        48.212276,
        163.5
      ],
      [
        16.376627,
        48.212347,
        161.5
      ],
      [
        16.376533,
        48.212384,
        161.25
      ],
      [
        16.376026,
        48.212651,
        161.25
      ],
      [
        16.375647,
        48.21288,
        161.5
      ],
      [
        16.375286,
        48.213133,
        163.0
      ],
      [
        16.375045,
        48.213336,
        163.75
      ],
      [
        16.374682,
        48.213698,
        163.25
      ],
      [
        16.374353,
        48.214062,
        163.25
      ],
      [
        16.374347,
        48.21409,
        163.0
      ],
      [
        16.374338,
        48.214131,
        162.75
      ],
      [
        16.37428,
        48.214216,
        162.5
      ],
      [
        16.374213,
        48.214322,
        162.0
      ],
      [
        16.373579,
        48.215241,
        160.25
      ],
      [
        16.373565,
        48.215452,
        159.0
      ],
      [
        16.373407,
        48.215657,
        159.5
      ],
      [
        16.373185,
        48.215944,
        160.0
      ],
      [
        16.373054,
        48.21609,
        159.25
      ],
      [
        16.372831,
        48.216333,
        159.5
      ],
      [
        16.372303,
        48.216809,
        159.5
      ],
      [
        16.372215,
        48.216881,
        158.75
      ],
      [
        16.372027,
        48.217021,
        161.0
      ],
      [
        16.371918,
        48.217109,
        160.5
      ],
      [
        16.371819,
        48.217192,
        161.0
      ],
      [
        16.371701,
        48.217289,
        162.25
      ],
      [
        16.371601,
        48.21737,
        161.0
      ],
      [
        16.3715,
        48.217453,
        159.75
      ],
      [
        16.371375,
        48.217538,
        159.75
      ],
      [
        16.370698,
        48.218062,
        158.25
      ],
      [
        16.370586,
        48.218125,
        159.0
      ],
      [
        16.370409,
        48.218264,
        159.0
      ],
      [
        16.370384,
        48.218302,
        158.75
      ],
      [
        16.370221,
        48.218422,
        159.25
      ],
      [
        16.37018,
        48.218435,
        159.75
      ],
      [
        16.370089,
        48.218445,
        161.25
      ],
      [
        16.369708,
        48.218666,
        161.0
      ],
      [
        16.369653,
        48.218712,
        160.75
      ],
      [
        16.369509,
        48.218811,
        160.5
      ],
      [
        16.368796,
        48.219345,
        159.75
      ],
      [
        16.368583,
        48.219538,
        159.75
      ],
      [
        16.368382,
        48.219794,
        161.0
      ],
      [
        16.368257,
        48.219988,
        160.25
      ],
      [
        16.368026,
        48.220514,
        160.25
      ],
      [
        16.367828,
        48.221505,
        159.25
      ],
      [
        16.367771,
        48.222085,
        159.75
      ],
      [
        16.367742,
        48.222564,
        159.75
      ],
      [
        16.367715,
        48.223167,
        161.0
      ],
      [
        16.367713,
        48.223381,
        161.0
      ],
      [
        16.367709,
        48.223654,
        161.0
      ],
      [
        16.367709,
        48.223791,
        160.25
      ],
      [
        16.367691,
        48.223937,
        159.75
      ],
      [
        16.367656,
        48.224211,
        159.25
      ],
      [
        16.367531,
        48.224631,
        159.75
      ],
      [
        16.367327,
        48.225114,
        161.0
      ],
      [
        16.36713,
        48.225403,
        160.25
      ],
      [
        16.366933,
        48.225671,
        160.25
      ],
      [
        16.36685,
        48.225782,
        159.75
      ],
      [
        16.366603,
        48.226054,
        159.75
      ],
      [
        16.366343,
        48.226238,
        159.75
      ],
      [
        16.365007,
        48.227218,
        163.75
      ],
      [
        16.364708,
        48.227423,
        161.5
      ],
      [
        16.364524,
        48.227543,
        160.25
      ],
      [
        16.364197,
        48.227808,
        160.25
      ],
      [
        16.363619,
        48.228388,
        160.5
      ],
      [
        16.363303,
        48.228727,
        160.25
      ],
      [
        16.362941,
        48.229228,
        160.0
      ],
      [
        16.362658,
        48.229743,
        159.75
      ],
      [
        16.361863,
        48.23122,
        160.5
      ],
      [
        16.361806,
        48.231593,
        159.75
      ],
      [
        16.36121,
        48.232668,
        160.75
      ],
      [
        16.360998,
        48.233148,
        161.75
      ],
      [
        16.360969,
        48.233267,
        161.75
      ],
      [
        16.360929,
        48.233502,
        161.75
      ],
      [
        16.360897,
        48.233819,
        161.5
      ],
      [
        16.360887,
        48.23389,
        161.25
      ],
      [
        16.36097,
        48.234468,
        161.0
      ],
      [
        16.361082,
        48.234978,
        161.0
      ],
      [
        16.361141,
        48.235317,
        162.25
      ],
      [
        16.361154,
        48.235391,
        161.75
      ],
      [
        16.361209,
        48.235495,
        161.0
      ],
      [
        16.36125,
        48.235591,
        160.5
      ],
      [
        16.361434,
        48.236051,
        160.5
      ],
      [
        16.361497,
        48.236158,
        160.0
      ],
      [
        16.361571,
        48.236241,
        159.25
      ],
      [
        16.3616,
        48.236323,
        159.0
      ],
      [
        16.361609,
        48.236431,
        159.0
      ],
      [
        16.361814,
        48.236947,
        159.75
      ],
      [
        16.361991,
        48.237329,
        160.25
      ],
      [
        16.362625,
        48.238552,
        159.75
      ],
      [
        16.362925,
        48.239094,
        159.5
      ],
      [
        16.363246,
        48.23962,
        160.0
      ],
      [
        16.363433,
        48.239851,
        159.5
      ],
      [
        16.363523,
        48.240022,
        159.0
      ],
      [
        16.363824,
        48.240476,
        159.75
      ],
      [
        16.364437,
        48.241343,
        159.5
      ],
      [
        16.36505,
        48.242168,
        159.75
      ],
      [
        16.365106,
        48.242235,
        159.75
      ],
      [
        16.366339,
        48.243779,
        159.5
      ],
      [
        16.36658,
        48.244036,
        159.5
      ],
      [
        16.367084,
        48.244567,
        159.75
      ],
      [
        16.367524,
        48.245002,
        159.75
      ],
      [
        16.368395,
        48.24583,
        159.5
      ],
      [
        16.369194,
        48.246673,
        159.75
      ],
      [
        16.369942,
        48.24747,
        159.25
      ],
      [
        16.370258,
        48.247884,
        159.75
      ],
      [
        16.370489,
        48.248189,
        159.5
      ],
      [
        16.370888,
        48.248788,
        159.75
      ],
      [
        16.371213,
        48.249402,
        160.75
      ],
      [
        16.371571,
        48.250187,
        160.5
      ],
      [
        16.371642,
        48.250362,
        160.5
      ],
      [
        16.371685,
        48.250469,
        160.5
      ],
      [
        16.371756,
        48.250747,
        160.5
      ],
      [
        16.371754,
        48.251044,
        161.5
      ],
      [
        16.371753,
        48.251193,
        161.75
      ],
      [
        16.371761,
        48.251434,
        161.5
      ],
      [
        16.371742,
        48.25166,
        161.5
      ],
      [
        16.371695,
        48.251949,
        161.5
      ],
      [
        16.371584,
        48.252365,
        161.75
      ],
      [
        16.371426,
        48.252562,
        161.75
      ],
      [
        16.371248,
        48.252947,
        162.0
      ],
      [
        16.371062,
        48.253251,
        162.25
      ],
      [
        16.371026,
        48.253357,
        162.25
      ],
      [
        16.370713,
        48.253877,
        162.25
      ],
      [
        16.370608,
        48.254154,
        162.75
      ],
      [
        16.370546,
        48.254264,
        162.5
      ],
      [
        16.370311,
        48.254654,
        162.5
      ],
      [
        16.369938,
        48.255322,
        162.0
      ],
      [
        16.36975,
        48.255629,
        162.0
      ],
      [
        16.369642,
        48.255829,
        161.5
      ],
      [
        16.369577,
        48.255944,
        161.5
      ],
      [
        16.369523,
        48.25605,
        161.75
      ],
      [
        16.369455,
        48.256235,
        161.5
      ],
      [
        16.369246,
        48.256421,
        163.75
      ],
      [
        16.368884,
        48.25776,
        163.0
      ],
      [
        16.368845,
        48.257814,
        163.0
      ],
      [
        16.368798,
        48.257868,
        163.25
      ],
      [
        16.36888,
        48.258093,
        163.25
      ],
      [
        16.368927,
        48.258193,
        162.5
      ],
      [
        16.368927,
        48.258234,
        162.75
      ],
      [
        16.368892,
        48.258326,
        163.75
      ],
      [
        16.368698,
        48.258521,
        165.75
      ],
      [
        16.368626,
        48.258621,
        165.75
      ],
      [
        16.36855,
        48.258936,
        167.25
      ],
      [
        16.368546,
        48.259005,
        167.5
      ],
      [
        16.368557,
        48.259079,
        167.5
      ],
      [
        16.368579,
        48.259146,
        167.75
      ],
      [
        16.368515,
        48.259201,
        167.75
      ],
      [
        16.368508,
        48.259218,
        167.75
      ],
      [
        16.368535,
        48.259255,
        167.75
      ],
      [
        16.368544,
        48.25933,
        167.5
      ],
      [
        16.368541,
        48.259394,
        167.25
      ],
      [
        16.368288,
        48.260344,
        164.25
      ],
      [
        16.36828,
        48.260382,
        164.25
      ],
      [
        16.368268,
        48.26043,
        164.5
      ],
      [
        16.367878,
        48.261921,
        165.5
      ],
      [
        16.367688,
        48.262476,
        164.25
      ],
      [
        16.36773,
        48.262535,
        163.5
      ],
      [
        16.367548,
        48.262963,
        163.0
      ],
      [
        16.367366,
        48.263325,
        163.25
      ],
      [
        16.367166,
        48.263672,
        163.0
      ],
      [
        16.366857,
        48.26421,
        163.25
      ],
      [
        16.366826,
        48.264272,
        163.25
      ],
      [
        16.365763,
        48.265599,
        164.25
      ],
      [
        16.365371,
        48.266082,
        164.0
      ],
      [
        16.364508,
        48.267036,
        164.25
      ],
      [
        16.363654,
        48.267942,
        164.25
      ],
      [
        16.363581,
        48.268033,
        163.5
      ],
      [
        16.363522,
        48.268101,
        164.0
      ],
      [
        16.362886,
        48.268768,
        164.5
      ],
      [
        16.361651,
        48.270095,
        164.75
      ],
      [
        16.360311,
        48.27151,
        164.75
      ],
      [
        16.359793,
        48.272024,
        165.25
      ],
      [
        16.359393,
        48.272402,
        164.25
      ],
      [
        16.359183,
        48.272596,
        164.0
      ],
      [
        16.358434,
        48.273248,
        164.5
      ],
      [
        16.357913,
        48.273746,
        164.75
      ],
      [
        16.357713,
        48.273944,
        164.5
      ],
      [
        16.357645,
        48.274087,
        164.25
      ],
      [
        16.357633,
        48.274112,
        164.25
      ],
      [
        16.357551,
        48.274214,
        163.75
      ],
      [
        16.357337,
        48.274446,
        163.75
      ],
      [
        16.356824,
        48.274986,
        164.25
      ],
      [
        16.3567,
        48.275139,
        164.25
      ],
      [
        16.356552,
        48.275277,
        164.0
      ],
      [
        16.356308,
        48.275467,
        164.25
      ],
      [
        16.355748,
        48.275904,
        164.25
      ],
      [
        16.355734,
        48.275915,
        164.25
      ],
      [
        16.355633,
        48.275995,
        164.5
      ],
      [
        16.35541,
        48.27617,
        165.0
      ],
      [
        16.355033,
        48.276488,
        165.25
      ],
      [
        16.354425,
        48.277011,
        165.25
      ],
      [
        16.354257,
        48.277169,
        166.0
      ],
      [
        16.353565,
        48.278048,
        165.25
      ],
      [
        16.3534,
        48.278249,
        165.5
      ],
      [
        16.353093,
        48.278835,
        165.0
      ],
      [
        16.352779,
        48.279446,
        164.75
      ],
      [
        16.352634,
        48.279676,
        164.5
      ],
      [
        16.352563,
        48.27975,
        164.5
      ],
      [
        16.351977,
        48.280361,
        163.5
      ],
      [
        16.35157,
        48.280734,
        163.5
      ],
      [
        16.35078,
        48.281455,
        163.25
      ],
      [
        16.350522,
        48.281684,
        163.0
      ],
      [
        16.35047,
        48.281751,
        163.5
      ],
      [
        16.349662,
        48.282782,
        163.0
      ],
      [
        16.348747,
        48.283893,
        163.25
      ],
      [
        16.348666,
        48.284031,
        163.25
      ],
      [
        16.348632,
        48.284064,
        163.25
      ],
      [
        16.348551,
        48.284107,
        163.25
      ],
      [
        16.348437,
        48.284144,
        163.5
      ],
      [
        16.348377,
        48.284152,
        163.75
      ],
      [
        16.348263,
        48.284155,
        164.25
      ],
      [
        16.348047,
        48.284143,
        165.0
      ],
      [
        16.347607,
        48.284146,
        165.0
      ],
      [
        16.347533,
        48.284159,
        165.0
      ],
      [
        16.347431,
        48.284197,
        165.5
      ],
      [
        16.347316,
        48.284268,
        166.0
      ],
      [
        16.34686,
        48.284834,
        166.0
      ],
      [
        16.34673,
        48.285005,
        166.0
      ],
      [
        16.346665,
        48.285079,
        166.0
      ],
      [
        16.346589,
        48.285161,
        166.0
      ],
      [
        16.346569,
        48.285183,
        166.0
      ],
      [
        16.346076,
        48.285708,
        166.0
      ],
      [
        16.345986,
        48.285812,
        166.25
      ],
      [
        16.345883,
        48.285938,
        166.5
      ],
      [
        16.345784,
        48.286085,
        166.25
      ],
      [
        16.345666,
        48.286264,
        166.5
      ],
      [
        16.34563,
        48.28637,
        166.5
      ],
      [
        16.345519,
        48.286776,
        166.5
      ],
      [
        16.34536,
        48.287182,
        166.5
      ],
      [
        16.345323,
        48.287281,
        166.5
      ],
      [
        16.345313,
        48.287308,
        166.5
      ],
      [
        16.345,
        48.288155,
        166.5
      ],
      [
        16.344933,
        48.288343,
        166.0
      ],
      [
        16.34486,
        48.288501,
        166.5
      ],
      [
        16.344806,
        48.288601,
        166.5
      ],
      [
        16.34471,
        48.288765,
        166.25
      ],
      [
        16.344261,
        48.289539,
        166.0
      ],
      [
        16.344342,
        48.289624,
        166.0
      ],
      [
        16.344419,
        48.289665,
        166.0
      ],
      [
        16.34451,
        48.289697,
        166.0
      ],
      [
        16.344568,
        48.28975,
        166.0
      ],
      [
        16.344575,
        48.289769,
        166.0
      ],
      [
        16.34457,
        48.289826,
        166.0
      ],
      [
        16.344351,
        48.290473,
        167.0
      ],
      [
        16.344208,
        48.29084,
        167.0
      ],
      [
        16.344147,
        48.290953,
        167.0
      ],
      [
        16.344065,
        48.291147,
        167.25
      ],
      [
        16.344009,
        48.291256,
        167.25
      ],
      [
        16.343955,
        48.291397,
        167.25
      ],
      [
        16.343815,
        48.291688,
        168.0
      ],
      [
        16.343802,
        48.291717,
        168.0
      ],
      [
        16.343608,
        48.292133,
        168.0
      ],
      [
        16.343584,
        48.292198,
        168.0
      ],
      [
        16.343509,
        48.292564,
        167.0
      ],
      [
        16.343436,
        48.292919,
        166.75
      ],
      [
        16.343374,
        48.293275,
        166.0
      ],
      [
        16.343363,
        48.293348,
        165.75
      ],
      [
        16.343354,
        48.293594,
        165.0
      ],
      [
        16.343344,
        48.293642,
        164.75
      ],
      [
        16.343302,
        48.293881,
        165.0
      ],
      [
        16.343262,
        48.293994,
        164.5
      ],
      [
        16.343157,
        48.294158,
        164.75
      ],
      [
        16.342695,
        48.294734,
        164.5
      ],
      [
        16.342634,
        48.294824,
        164.5
      ],
      [
        16.342603,
        48.294876,
        164.75
      ],
      [
        16.342202,
        48.295521,
        164.25
      ],
      [
        16.342124,
        48.295627,
        164.25
      ],
      [
        16.342066,
        48.295694,
        164.5
      ],
      [
        16.341915,
        48.295791,
        166.0
      ],
      [
        16.341633,
        48.296085,
        166.0
      ],
      [
        16.341027,
        48.29672,
        166.25
      ],
      [
        16.340784,
        48.296989,
        166.5
      ],
      [
        16.340477,
        48.297455,
        167.0
      ],
      [
        16.340261,
        48.297847,
        166.25
      ],
      [
        16.340192,
        48.29798,
        165.5
      ],
      [
        16.339724,
        48.298651,
        165.75
      ],
      [
        16.339508,
        48.29892,
        165.75
      ],
      [
        16.338692,
        48.299757,
        165.75
      ],
      [
        16.338481,
        48.299958,
        166.25
      ],
      [
        16.338199,
        48.300185,
        166.25
      ],
      [
        16.337668,
        48.30055,
        166.25
      ],
      [
        16.337359,
        48.300746,
        166.25
      ],
      [
        16.337256,
        48.300794,
        166.25
      ],
      [
        16.337191,
        48.300812,
        166.0
      ],
      [
        16.33705,
        48.300832,
        166.0
      ],
      [
        16.336299,
        48.300869,
        166.0
      ],
      [
        16.33622,
        48.300873,
        166.25
      ],
      [
        16.336104,
        48.300891,
        166.5
      ],
      [
        16.335836,
        48.300919,
        166.5
      ],
      [
        16.335676,
        48.300931,
        166.5
      ],
      [
        16.335571,
        48.300934,
        166.5
      ],
      [
        16.335509,
        48.300932,
        166.5
      ],
      [
        16.335444,
        48.300891,
        166.75
      ],
      [
        16.335014,
        48.300899,
        166.75
      ],
      [
        16.334398,
        48.300884,
        166.75
      ],
      [
        16.334083,
        48.300855,
        166.75
      ],
      [
        16.334012,
        48.300841,
        166.75
      ],
      [
        16.33387,
        48.300788,
        166.75
      ],
      [
        16.333823,
        48.300763,
        166.75
      ],
      [
        16.333776,
        48.300728,
        166.5
      ],
      [
        16.333696,
        48.300643,
        166.25
      ],
      [
        16.333494,
        48.300368,
        166.75
      ],
      [
        16.333379,
        48.30021,
        166.5
      ],
      [
        16.333333,
        48.300137,
        167.0
      ],
      [
        16.333285,
        48.300064,
        167.25
      ],
      [
        16.333177,
        48.299951,
        167.0
      ],
      [
        16.333131,
        48.299909,
        167.0
      ],
      [
        16.332884,
        48.299688,
        167.5
      ],
      [
        16.332833,
        48.299612,
        167.75
      ],
      [
        16.332773,
        48.299704,
        167.0
      ],
      [
        16.332686,
        48.29985,
        167.75
      ],
      [
        16.332664,
        48.299894,
        168.0
      ],
      [
        16.332603,
        48.300033,
        168.5
      ],
      [
        16.332522,
        48.300059,
        168.75
      ],
      [
        16.33251,
        48.300061,
        168.75
      ],
      [
        16.332466,
        48.300068,
        169.0
      ],
      [
        16.332388,
        48.300093,
        169.25
      ],
      [
        16.332136,
        48.30024,
        170.25
      ],
      [
        16.331764,
        48.300429,
        172.75
      ],
      [
        16.331377,
        48.300671,
        175.75
      ],
      [
        16.331096,
        48.300819,
        176.5
      ],
      [
        16.33088,
        48.300913,
        179.75
      ],
      [
        16.33075,
        48.300946,
        181.0
      ],
      [
        16.329933,
        48.301055,
        185.0
      ],
      [
        16.329724,
        48.301125,
        185.0
      ],
      [
        16.32923,
        48.301372,
        189.25
      ],
      [
        16.3288,
        48.301622,
        190.25
      ],
      [
        16.328714,
        48.301672,
        190.5
      ],
      [
        16.32867,
        48.301705,
        190.5
      ],
      [
        16.328487,
        48.301834,
        190.75
      ],
      [
        16.327921,
        48.302196,
        191.0
      ],
      [
        16.327722,
        48.302365,
        191.0
      ],
      [
        16.327495,
        48.302572,
        191.0
      ],
      [
        16.327239,
        48.302821,
        191.0
      ],
      [
        16.326874,
        48.303153,
        191.25
      ],
      [
        16.326804,
        48.3032,
        191.5
      ],
      [
        16.326263,
        48.303455,
        192.5
      ],
      [
        16.326151,
        48.303517,
        192.25
      ],
      [
        16.326087,
        48.303571,
        192.0
      ],
      [
        16.325751,
        48.304028,
        191.5
      ],
      [
        16.325347,
        48.304732,
        192.0
      ],
      [
        16.325323,
        48.304768,
        192.0
      ],
      [
        16.325277,
        48.304854,
        192.25
      ],
      [
        16.32525,
        48.30489,
        192.5
      ],
      [
        16.325157,
        48.305004,
        192.5
      ],
      [
        16.325066,
        48.305089,
        192.0
      ],
      [
        16.324874,
        48.305298,
        191.75
      ],
      [
        16.32474,
        48.305437,
        192.0
      ],
      [
        16.324514,
        48.305568,
        192.0
      ],
      [
        16.324384,
        48.305757,
        191.75
      ],
      [
        16.324188,
        48.305917,
        191.25
      ],
      [
        16.324145,
        48.305903,
        191.25
      ],
      [
        16.324017,
        48.30587,
        191.75
      ],
      [
        16.324,
        48.305861,
        192.0
      ],
      [
        16.323561,
        48.30552,
        193.75
      ],
      [
        16.323211,
        48.305276,
        194.0
      ],
      [
        16.322767,
        48.305003,
        194.75
      ],
      [
        16.322524,
        48.304822,
        195.5
      ],
      [
        16.322351,
        48.304703,
        195.5
      ],
      [
        16.321695,
        48.304253,
        196.0
      ],
      [
        16.32161,
        48.304186,
        195.75
      ],
      [
        16.321509,
        48.304116,
        196.25
      ],
      [
        16.321469,
        48.304083,
        196.5
      ],
      [
        16.32099,
        48.303752,
        198.75
      ],
      [
        16.320835,
        48.303632,
        199.75
      ],
      [
        16.320726,
        48.303529,
        200.25
      ],
      [
        16.320497,
        48.303373,
        201.75
      ],
      [
        16.320354,
        48.303197,
        203.25
      ],
      [
        16.320298,
        48.303137,
        203.5
      ],
      [
        16.319766,
        48.302726,
        207.0
      ],
      [
        16.318573,
        48.303259,
        209.75
      ],
      [
        16.31765,
        48.30366,
        211.0
      ],
      [
        16.317416,
        48.30378,
        211.75
      ],
      [
        16.316753,
        48.304073,
        214.25
      ],
      [
        16.316628,
        48.304128,
        214.75
      ],
      [
        16.316753,
        48.304073,
        214.25
      ],
      [
        16.317416,
        48.30378,
        211.75
      ],
      [
        16.31765,
        48.30366,
        211.0
      ],
      [
        16.318573,
        48.303259,
        209.75
      ],
      [
        16.319766,
        48.302726,
        207.0
      ],
      [
        16.320298,
        48.303137,
        203.5
      ],
      [
        16.320354,
        48.303197,
        203.25
      ],
      [
        16.320497,
        48.303373,
        201.75
      ],
      [
        16.320726,
        48.303529,
        200.25
      ],
      [
        16.320835,
        48.303632,
        199.75
      ],
      [
        16.321197,
        48.303455,
        200.75
      ],
      [
        16.3213,
        48.303505,
        200.0
      ],
      [
        16.321347,
        48.303539,
        199.5
      ],
      [
        16.321877,
        48.303923,
        197.75
      ],
      [
        16.321958,
        48.303986,
        197.5
      ],
      [
        16.322028,
        48.304043,
        197.25
      ],
      [
        16.322138,
        48.303983,
        197.5
      ],
      [
        16.322569,
        48.303712,
        198.25
      ],
      [
        16.322642,
        48.30367,
        198.25
      ],
      [
        16.322729,
        48.303725,
        197.75
      ],
      [
        16.323501,
        48.304185,
        195.25
      ],
      [
        16.324025,
        48.304461,
        194.0
      ],
      [
        16.324176,
        48.304503,
        194.0
      ],
      [
        16.324224,
        48.304528,
        194.0
      ],
      [
        16.324404,
        48.304621,
        194.0
      ],
      [
        16.324551,
        48.304697,
        193.5
      ],
      [
        16.325025,
        48.304944,
        192.25
      ],
      [
        16.325157,
        48.305004,
        192.5
      ],
      [
        16.325066,
        48.305089,
        192.0
      ],
      [
        16.324874,
        48.305298,
        191.75
      ],
      [
        16.32474,
        48.305437,
        192.0
      ],
      [
        16.324514,
        48.305568,
        192.0
      ],
      [
        16.324396,
        48.305669,
        191.75
      ],
      [
        16.324156,
        48.305843,
        191.0
      ],
      [
        16.324022,
        48.305914,
        191.75
      ],
      [
        16.323585,
        48.306147,
        186.25
      ],
      [
        16.323496,
        48.306213,
        186.25
      ],
      [
        16.323463,
        48.306286,
        185.25
      ],
      [
        16.32347,
        48.3064,
        183.5
      ],
      [
        16.323505,
        48.306455,
        182.5
      ],
      [
        16.323884,
        48.306916,
        176.75
      ],
      [
        16.324258,
        48.30737,
        173.75
      ],
      [
        16.324385,
        48.307479,
        173.75
      ],
      [
        16.324435,
        48.30752,
        173.5
      ],
      [
        16.324644,
        48.307674,
        172.25
      ],
      [
        16.324718,
        48.30773,
        171.25
      ],
      [
        16.32482,
        48.307826,
        170.5
      ],
      [
        16.324854,
        48.307856,
        170.5
      ],
      [
        16.325287,
        48.308147,
        168.5
      ],
      [
        16.325616,
        48.308382,
        167.5
      ],
      [
        16.325808,
        48.308514,
        167.25
      ],
      [
        16.325897,
        48.308579,
        166.5
      ],
      [
        16.325938,
        48.308607,
        166.25
      ],
      [
        16.326076,
        48.308705,
        165.75
      ],
      [
        16.326168,
        48.30877,
        166.25
      ],
      [
        16.326265,
        48.308839,
        166.75
      ],
      [
        16.326399,
        48.30893,
        167.0
      ],
      [
        16.326523,
        48.309049,
        167.0
      ],
      [
        16.326604,
        48.30912,
        167.0
      ],
      [
        16.326353,
        48.30938,
        167.0
      ],
      [
        16.326102,
        48.309627,
        167.5
      ],
      [
        16.32602,
        48.309694,
        167.5
      ],
      [
        16.325938,
        48.309758,
        167.25
      ],
      [
        16.3258,
        48.309826,
        166.5
      ],
      [
        16.325713,
        48.309857,
        166.5
      ],
      [
        16.325601,
        48.30989,
        166.75
      ],
      [
        16.325669,
        48.31001,
        166.5
      ],
      [
        16.325751,
        48.310075,
        166.75
      ],
      [
        16.325893,
        48.310136,
        167.25
      ],
      [
        16.326049,
        48.310199,
        166.5
      ],
      [
        16.326394,
        48.310339,
        164.75
      ],
      [
        16.326433,
        48.310356,
        164.75
      ],
      [
        16.326627,
        48.310441,
        165.5
      ],
      [
        16.326858,
        48.310537,
        166.5
      ],
      [
        16.326913,
        48.310556,
        166.5
      ],
      [
        16.326962,
        48.310577,
        166.75
      ],
      [
        16.327054,
        48.310673,
        166.5
      ],
      [
        16.327091,
        48.310796,
        166.0
      ],
      [
        16.326995,
        48.311238,
        166.0
      ],
      [
        16.326896,
        48.311573,
        166.0
      ],
      [
        16.326654,
        48.31198,
        166.0
      ],
      [
        16.32656,
        48.312201,
        166.25
      ],
      [
        16.326585,
        48.312333,
        166.0
      ],
      [
        16.326667,
        48.312484,
        166.0
      ],
      [
        16.327027,
        48.312777,
        165.75
      ],
      [
        16.327143,
        48.312871,
        166.0
      ],
      [
        16.32754,
        48.313189,
        166.0
      ],
      [
        16.327651,
        48.313317,
        166.0
      ],
      [
        16.327706,
        48.313438,
        165.5
      ],
      [
        16.327695,
        48.313543,
        165.25
      ],
      [
        16.32757,
        48.313683,
        165.25
      ],
      [
        16.326825,
        48.314322,
        164.5
      ],
      [
        16.325507,
        48.315391,
        165.75
      ],
      [
        16.324639,
        48.316126,
        166.0
      ],
      [
        16.324327,
        48.316388,
        166.5
      ],
      [
        16.323753,
        48.316858,
        166.5
      ],
      [
        16.323216,
        48.317331,
        166.5
      ],
      [
        16.323187,
        48.317399,
        166.25
      ],
      [
        16.323179,
        48.317452,
        166.0
      ],
      [
        16.323236,
        48.317562,
        166.0
      ],
      [
        16.323283,
        48.317622,
        166.0
      ],
      [
        16.323404,
        48.317726,
        165.75
      ],
      [
        16.32564,
        48.319514,
        165.5
      ],
      [
        16.326001,
        48.319863,
        164.5
      ],
      [
        16.326751,
        48.320794,
        163.75
      ],
      [
        16.326829,
        48.320891,
        164.0
      ],
      [
        16.326936,
        48.321024,
        164.0
      ],
      [
        16.328222,
        48.322557,
        164.0
      ],
      [
        16.328399,
        48.322808,
        163.75
      ],
      [
        16.32848,
        48.323038,
        164.75
      ],
      [
        16.328508,
        48.323182,
        165.0
      ],
      [
        16.328751,
        48.324071,
        165.25
      ],
      [
        16.328961,
        48.324849,
        165.75
      ],
      [
        16.329284,
        48.326064,
        166.0
      ],
      [
        16.32938,
        48.326456,
        166.75
      ],
      [
        16.329396,
        48.326566,
        166.25
      ],
      [
        16.329416,
        48.326847,
        165.25
      ],
      [
        16.328763,
        48.327925,
        165.25
      ],
      [
        16.328416,
        48.328098,
        166.5
      ],
      [
        16.328283,
        48.328164,
        166.5
      ],
      [
        16.328227,
        48.328201,
        166.5
      ],
      [
        16.328169,
        48.328278,
        166.5
      ],
      [
        16.328168,
        48.328315,
        166.5
      ],
      [
        16.32821,
        48.328338,
        166.25
      ],
      [
        16.328283,
        48.32836,
        166.0
      ],
      [
        16.328441,
        48.328397,
        165.5
      ],
      [
        16.328837,
        48.328504,
        163.75
      ],
      [
        16.329186,
        48.328598,
        163.0
      ],
      [
        16.332117,
        48.329486,
        163.0
      ],
      [
        16.332401,
        48.329564,
        165.0
      ],
      [
        16.332533,
        48.329599,
        166.0
      ],
      [
        16.332572,
        48.329612,
        166.25
      ],
      [
        16.332611,
        48.329625,
        166.5
      ],
      [
        16.332494,
        48.329772,
        166.75
      ],
      [
        16.332362,
        48.329912,
        166.25
      ],
      [
        16.331874,
        48.33045,
        166.0
      ],
      [
        16.331798,
        48.330503,
        165.75
      ],
      [
        16.331747,
        48.33056,
        166.0
      ],
      [
        16.331698,
        48.330656,
        166.0
      ],
      [
        16.331701,
        48.3307,
        166.0
      ],
      [
        16.331716,
        48.33073,
        166.0
      ],
      [
        16.331749,
        48.33078,
        166.0
      ],
      [
        16.331842,
        48.330864,
        166.5
      ],
      [
        16.331858,
        48.330919,
        166.75
      ],
      [
        16.331848,
        48.330985,
        166.75
      ],
      [
        16.331784,
        48.331075,
        166.75
      ],
      [
        16.331697,
        48.331119,
        167.0
      ],
      [
        16.331587,
        48.33122,
        166.75
      ],
      [
        16.331513,
        48.33134,
        166.75
      ],
      [
        16.331468,
        48.331461,
        167.0
      ],
      [
        16.331441,
        48.331578,
        167.0
      ],
      [
        16.331418,
        48.331716,
        167.0
      ],
      [
        16.331416,
        48.331859,
        167.0
      ],
      [
        16.331433,
        48.332015,
        167.0
      ],
      [
        16.331466,
        48.332088,
        167.0
      ],
      [
        16.33157,
        48.332213,
        167.0
      ],
      [
        16.331622,
        48.3323,
        167.0
      ],
      [
        16.331629,
        48.33237,
        167.25
      ],
      [
        16.331607,
        48.332459,
        167.25
      ],
      [
        16.33156,
        48.33254,
        167.25
      ],
      [
        16.331476,
        48.332621,
        166.75
      ],
      [
        16.331443,
        48.332654,
        166.25
      ],
      [
        16.331408,
        48.33268,
        166.0
      ],
      [
        16.331339,
        48.332733,
        166.0
      ],
      [
        16.331162,
        48.332934,
        166.25
      ],
      [
        16.330984,
        48.333133,
        166.25
      ],
      [
        16.330808,
        48.333349,
        166.75
      ],
      [
        16.330694,
        48.333412,
        166.25
      ],
      [
        16.330593,
        48.333555,
        166.5
      ],
      [
        16.330338,
        48.333809,
        166.75
      ],
      [
        16.330038,
        48.334093,
        166.75
      ],
      [
        16.329411,
        48.334632,
        167.0
      ],
      [
        16.329167,
        48.334823,
        166.5
      ],
      [
        16.328614,
        48.335148,
        166.75
      ],
      [
        16.32798,
        48.335432,
        167.0
      ],
      [
        16.327683,
        48.335552,
        167.0
      ],
      [
        16.327481,
        48.335625,
        167.0
      ],
      [
        16.326884,
        48.335874,
        165.5
      ],
      [
        16.326911,
        48.335906,
        166.0
      ],
      [
        16.327339,
        48.33641,
        167.0
      ],
      [
        16.3274,
        48.336492,
        167.0
      ],
      [
        16.327633,
        48.336795,
        169.75
      ],
      [
        16.327905,
        48.337085,
        170.0
      ],
      [
        16.327938,
        48.337121,
        169.75
      ],
      [
        16.328226,
        48.337395,
        168.5
      ],
      [
        16.328526,
        48.33764,
        167.5
      ],
      [
        16.328721,
        48.33784,
        167.0
      ],
      [
        16.329377,
        48.338518,
        167.0
      ],
      [
        16.329677,
        48.338833,
        167.0
      ],
      [
        16.330677,
        48.339884,
        167.5
      ],
      [
        16.330685,
        48.339958,
        167.75
      ],
      [
        16.33065,
        48.340031,
        167.5
      ],
      [
        16.330325,
        48.340512,
        167.25
      ],
      [
        16.330273,
        48.340576,
        167.0
      ],
      [
        16.330199,
        48.340633,
        167.25
      ],
      [
        16.330018,
        48.340753,
        167.0
      ],
      [
        16.329494,
        48.341138,
        166.75
      ],
      [
        16.329386,
        48.341225,
        166.5
      ],
      [
        16.329344,
        48.341264,
        166.5
      ],
      [
        16.329321,
        48.341303,
        166.5
      ],
      [
        16.329315,
        48.341352,
        166.5
      ],
      [
        16.329383,
        48.341353,
        166.25
      ],
      [
        16.329412,
        48.341362,
        166.0
      ],
      [
        16.329457,
        48.341393,
        166.0
      ],
      [
        16.329474,
        48.341437,
        166.0
      ],
      [
        16.329609,
        48.34143,
        166.25
      ],
      [
        16.329673,
        48.341438,
        166.25
      ],
      [
        16.329792,
        48.341467,
        167.25
      ],
      [
        16.329987,
        48.341528,
        168.25
      ],
      [
        16.330285,
        48.341636,
        167.0
      ],
      [
        16.33037,
        48.341661,
        167.0
      ],
      [
        16.330408,
        48.341672,
        167.0
      ],
      [
        16.33043,
        48.341651,
        167.0
      ],
      [
        16.330478,
        48.341627,
        167.0
      ],
      [
        16.330559,
        48.34162,
        167.0
      ],
      [
        16.330596,
        48.341626,
        167.25
      ],
      [
        16.330635,
        48.341642,
        167.25
      ],
      [
        16.330679,
        48.341688,
        167.25
      ],
      [
        16.330681,
        48.34174,
        167.5
      ],
      [
        16.330639,
        48.341787,
        167.5
      ],
      [
        16.330569,
        48.341811,
        167.5
      ],
      [
        16.330573,
        48.341835,
        167.5
      ],
      [
        16.33058,
        48.341883,
        167.75
      ],
      [
        16.330582,
        48.341996,
        168.0
      ],
      [
        16.330571,
        48.342057,
        168.0
      ],
      [
        16.330443,
        48.342412,
        168.0
      ],
      [
        16.330421,
        48.342476,
        168.0
      ],
      [
        16.330409,
        48.34251,
        167.75
      ],
      [
        16.330399,
        48.342544,
        168.0
      ],
      [
        16.330317,
        48.342862,
        168.0
      ],
      [
        16.330253,
        48.343152,
        168.0
      ],
      [
        16.330068,
        48.344239,
        168.0
      ],
      [
        16.330057,
        48.344303,
        168.0
      ],
      [
        16.330029,
        48.344505,
        168.0
      ],
      [
        16.330025,
        48.344536,
        168.0
      ],
      [
        16.330001,
        48.344717,
        168.0
      ],
      [
        16.329975,
        48.3449,
        168.5
      ],
      [
        16.329937,
        48.345248,
        168.75
      ],
      [
        16.329935,
        48.345373,
        169.25
      ],
      [
        16.329954,
        48.345431,
        169.25
      ],
      [
        16.330054,
        48.345545,
        169.75
      ],
      [
        16.330135,
        48.345588,
        170.0
      ],
      [
        16.330229,
        48.345622,
        170.0
      ],
      [
        16.330466,
        48.345684,
        170.0
      ],
      [
        16.330536,
        48.345626,
        170.0
      ],
      [
        16.330616,
        48.345665,
        170.0
      ],
      [
        16.330645,
        48.345635,
        170.0
      ],
      [
        16.331087,
        48.345225,
        170.0
      ],
      [
        16.331405,
        48.344922,
        169.0
      ],
      [
        16.331736,
        48.345114,
        169.25
      ],
      [
        16.332449,
        48.345586,
        168.75
      ],
      [
        16.332513,
        48.345537,
        169.0
      ],
      [
        16.332929,
        48.345207,
        169.5
      ],
      [
        16.333062,
        48.345102,
        169.5
      ],
      [
        16.333245,
        48.3449,
        169.0
      ],
      [
        16.333254,
        48.344847,
        169.0
      ],
      [
        16.333244,
        48.344814,
        169.0
      ],
      [
        16.33318,
        48.344752,
        169.0
      ],
      [
        16.333136,
        48.344709,
        169.0
      ],
      [
        16.332988,
        48.344613,
        169.0
      ],
      [
        16.33292,
        48.344562,
        169.0
      ],
      [
        16.332851,
        48.344512,
        169.0
      ],
      [
        16.332693,
        48.344318,
        169.0
      ],
      [
        16.332592,
        48.344198,
        169.0
      ],
      [
        16.33254,
        48.344152,
        169.0
      ],
      [
        16.332466,
        48.344092,
        169.0
      ],
      [
        16.332062,
        48.344362,
        169.0
      ],
      [
        16.33168,
        48.344673,
        169.0
      ],
      [
        16.331502,
        48.344829,
        169.0
      ],
      [
        16.331405,
        48.344922,
        169.0
      ],
      [
        16.331087,
        48.345225,
        170.0
      ],
      [
        16.330645,
        48.345635,
        170.0
      ],
      [
        16.330616,
        48.345665,
        170.0
      ],
      [
        16.330708,
        48.345708,
        170.0
      ],
      [
        16.330669,
        48.345783,
        170.0
      ],
      [
        16.330609,
        48.345849,
        169.75
      ],
      [
        16.329941,
        48.346565,
        169.25
      ],
      [
        16.329061,
        48.347365,
        169.0
      ],
      [
        16.328122,
        48.348156,
        169.0
      ],
      [
        16.328033,
        48.348108,
        169.0
      ],
      [
        16.327945,
        48.348061,
        169.0
      ],
      [
        16.327874,
        48.348118,
        169.0
      ],
      [
        16.327167,
        48.347817,
        167.75
      ],
      [
        16.326866,
        48.347679,
        167.25
      ],
      [
        16.326796,
        48.347653,
        167.0
      ],
      [
        16.32672,
        48.347636,
        167.0
      ],
      [
        16.326546,
        48.347629,
        167.0
      ],
      [
        16.326478,
        48.347639,
        167.0
      ],
      [
        16.326406,
        48.34766,
        167.0
      ],
      [
        16.326341,
        48.347691,
        167.0
      ],
      [
        16.325915,
        48.348016,
        167.5
      ],
      [
        16.325771,
        48.34808,
        168.0
      ],
      [
        16.325707,
        48.348093,
        168.25
      ],
      [
        16.325625,
        48.348101,
        168.25
      ],
      [
        16.32555,
        48.348096,
        168.5
      ],
      [
        16.325479,
        48.348083,
        169.0
      ],
      [
        16.325398,
        48.348061,
        169.5
      ],
      [
        16.325313,
        48.348024,
        169.75
      ],
      [
        16.325194,
        48.347972,
        170.0
      ],
      [
        16.325141,
        48.34795,
        170.0
      ],
      [
        16.325087,
        48.347926,
        170.0
      ],
      [
        16.325018,
        48.347892,
        170.0
      ],
      [
        16.324847,
        48.347811,
        168.75
      ],
      [
        16.324676,
        48.34775,
        168.0
      ],
      [
        16.324519,
        48.347723,
        168.0
      ],
      [
        16.323791,
        48.347667,
        168.0
      ],
      [
        16.323616,
        48.347646,
        168.0
      ],
      [
        16.32348,
        48.347621,
        168.0
      ],
      [
        16.323329,
        48.347563,
        167.75
      ],
      [
        16.323187,
        48.347487,
        167.25
      ],
      [
        16.322257,
        48.346938,
        168.0
      ],
      [
        16.321339,
        48.346401,
        167.75
      ],
      [
        16.320838,
        48.346169,
        168.0
      ],
      [
        16.320539,
        48.346019,
        171.75
      ],
      [
        16.320081,
        48.34576,
        168.75
      ],
      [
        16.319952,
        48.345685,
        168.75
      ],
      [
        16.319556,
        48.345473,
        168.0
      ],
      [
        16.319468,
        48.345424,
        168.0
      ],
      [
        16.319445,
        48.345412,
        167.75
      ],
      [
        16.319183,
        48.345289,
        167.75
      ],
      [
        16.318331,
        48.344905,
        168.0
      ],
      [
        16.317016,
        48.344366,
        168.0
      ],
      [
        16.316481,
        48.344157,
        168.0
      ],
      [
        16.31634,
        48.344106,
        168.0
      ],
      [
        16.315796,
        48.343924,
        167.5
      ],
      [
        16.315437,
        48.343783,
        165.0
      ],
      [
        16.314827,
        48.343543,
        167.5
      ],
      [
        16.314605,
        48.343662,
        167.5
      ],
      [
        16.31381,
        48.34328,
        168.0
      ],
      [
        16.313618,
        48.343219,
        168.25
      ],
      [
        16.313444,
        48.343152,
        168.25
      ],
      [
        16.313283,
        48.343117,
        168.0
      ],
      [
        16.313014,
        48.34317,
        168.5
      ],
      [
        16.312942,
        48.34319,
        168.25
      ],
      [
        16.312893,
        48.343227,
        168.0
      ],
      [
        16.312634,
        48.343475,
        167.5
      ],
      [
        16.312414,
        48.343661,
        167.5
      ],
      [
        16.312212,
        48.343851,
        167.0
      ],
      [
        16.312032,
        48.344002,
        167.25
      ],
      [
        16.31182,
        48.344112,
        167.25
      ],
      [
        16.311524,
        48.34423,
        167.0
      ],
      [
        16.311428,
        48.344284,
        167.0
      ],
      [
        16.311337,
        48.344391,
        166.75
      ],
      [
        16.310922,
        48.344962,
        167.5
      ],
      [
        16.310763,
        48.344937,
        166.25
      ],
      [
        16.310164,
        48.344803,
        165.75
      ],
      [
        16.31012,
        48.344792,
        166.25
      ],
      [
        16.309697,
        48.344687,
        167.75
      ],
      [
        16.30882,
        48.344488,
        166.75
      ],
      [
        16.308506,
        48.344442,
        167.0
      ],
      [
        16.308379,
        48.344435,
        167.0
      ],
      [
        16.308142,
        48.344438,
        166.75
      ],
      [
        16.307952,
        48.344466,
        166.75
      ],
      [
        16.307733,
        48.344547,
        166.75
      ],
      [
        16.307275,
        48.344693,
        166.5
      ],
      [
        16.307103,
        48.344723,
        166.5
      ],
      [
        16.306575,
        48.344742,
        167.0
      ],
      [
        16.30642,
        48.344739,
        167.75
      ],
      [
        16.306285,
        48.344716,
        167.75
      ],
      [
        16.306113,
        48.344669,
        167.25
      ],
      [
        16.305955,
        48.344648,
        167.0
      ],
      [
        16.303701,
        48.34562,
        167.25
      ],
      [
        16.302889,
        48.345941,
        166.75
      ],
      [
        16.299677,
        48.347306,
        167.0
      ],
      [
        16.299246,
        48.347508,
        168.0
      ],
      [
        16.298861,
        48.34768,
        167.25
      ],
      [
        16.298608,
        48.347777,
        167.75
      ],
      [
        16.298314,
        48.34787,
        166.5
      ],
      [
        16.298131,
        48.347945,
        166.5
      ],
      [
        16.297997,
        48.34801,
        167.0
      ],
      [
        16.296768,
        48.348513,
        166.75
      ],
      [
        16.295118,
        48.34918,
        166.75
      ],
      [
        16.29279,
        48.350191,
        166.75
      ],
      [
        16.288485,
        48.352005,
        167.0
      ],
      [
        16.287579,
        48.352378,
        167.25
      ],
      [
        16.286759,
        48.35269,
        167.5
      ],
      [
        16.286006,
        48.352952,
        167.5
      ],
      [
        16.28473,
        48.353309,
        168.5
      ],
      [
        16.28393,
        48.353494,
        167.25
      ],
      [
        16.283264,
        48.353639,
        167.5
      ],
      [
        16.28183,
        48.353873,
        168.25
      ],
      [
        16.280634,
        48.354014,
        166.75
      ],
      [
        16.280358,
        48.354037,
        167.0
      ],
      [
        16.280096,
        48.354051,
        167.25
      ],
      [
        16.27868,
        48.354105,
        168.0
      ],
      [
        16.277515,
        48.35416,
        168.75
      ],
      [
        16.276109,
        48.354269,
        167.0
      ],
      [
        16.275055,
        48.354324,
        167.25
      ],
      [
        16.274541,
        48.354332,
        167.25
      ],
      [
        16.273829,
        48.354291,
        167.25
      ],
      [
        16.273651,
        48.354282,
        167.0
      ],
      [
        16.272501,
        48.354291,
        166.75
      ],
      [
        16.27148,
        48.354319,
        167.0
      ],
      [
        16.270513,
        48.35437,
        167.75
      ],
      [
        16.27011,
        48.354391,
        168.0
      ],
      [
        16.264225,
        48.354794,
        167.5
      ],
      [
        16.262631,
        48.354904,
        168.75
      ],
      [
        16.257639,
        48.355253,
        169.0
      ],
      [
        16.255772,
        48.35544,
        169.5
      ],
      [
        16.250691,
        48.356021,
        170.0
      ],
      [
        16.248252,
        48.356297,
        170.0
      ],
      [
        16.247373,
        48.356364,
        170.0
      ],
      [
        16.246645,
        48.356538,
        172.0
      ],
      [
        16.246543,
        48.356569,
        172.5
      ],
      [
        16.246262,
        48.356637,
        173.0
      ],
      [
        16.245842,
        48.356717,
        173.0
      ],
      [
        16.245495,
        48.356769,
        173.25
      ],
      [
        16.245354,
        48.35683,
        173.5
      ],
      [
        16.245242,
        48.356918,
        173.75
      ],
      [
        16.245181,
        48.357032,
        173.75
      ],
      [
        16.245158,
        48.357246,
        174.0
      ],
      [
        16.245117,
        48.357332,
        174.0
      ],
      [
        16.245016,
        48.357394,
        174.0
      ],
      [
        16.244467,
        48.357514,
        173.75
      ],
      [
        16.244153,
        48.357592,
        173.5
      ],
      [
        16.244017,
        48.357659,
        173.25
      ],
      [
        16.243913,
        48.357783,
        173.0
      ],
      [
        16.243815,
        48.357931,
        173.5
      ],
      [
        16.243617,
        48.35812,
        173.0
      ],
      [
        16.243336,
        48.358338,
        174.0
      ],
      [
        16.243077,
        48.35851,
        174.0
      ],
      [
        16.242848,
        48.358625,
        173.75
      ],
      [
        16.242196,
        48.358867,
        175.0
      ],
      [
        16.241877,
        48.35896,
        174.75
      ],
      [
        16.241355,
        48.359047,
        175.0
      ],
      [
        16.240773,
        48.359128,
        175.0
      ],
      [
        16.240619,
        48.35915,
        175.0
      ],
      [
        16.237949,
        48.35957,
        174.25
      ],
      [
        16.237946,
        48.359484,
        174.5
      ],
      [
        16.237967,
        48.359414,
        174.5
      ],
      [
        16.238216,
        48.358844,
        174.75
      ],
      [
        16.238471,
        48.35826,
        174.5
      ],
      [
        16.238737,
        48.357601,
        175.0
      ],
      [
        16.238748,
        48.357531,
        174.75
      ],
      [
        16.238743,
        48.357472,
        175.0
      ],
      [
        16.238721,
        48.357409,
        175.25
      ],
      [
        16.238667,
        48.357349,
        175.5
      ],
      [
        16.238341,
        48.357122,
        176.0
      ],
      [
        16.237822,
        48.356754,
        178.25
      ],
      [
        16.237726,
        48.356677,
        178.75
      ],
      [
        16.237685,
        48.356613,
        179.0
      ],
      [
        16.237666,
        48.356494,
        179.0
      ],
      [
        16.237751,
        48.355975,
        178.0
      ],
      [
        16.236688,
        48.355826,
        178.75
      ],
      [
        16.235664,
        48.355659,
        178.0
      ],
      [
        16.234425,
        48.355436,
        178.0
      ],
      [
        16.233721,
        48.355297,
        178.5
      ],
      [
        16.232899,
        48.355121,
        177.75
      ],
      [
        16.230075,
        48.354486,
        178.25
      ],
      [
        16.228634,
        48.354174,
        178.75
      ],
      [
        16.227491,
        48.353948,
        178.0
      ],
      [
        16.226325,
        48.353735,
        178.0
      ],
      [
        16.226234,
        48.353721,
        178.0
      ],
      [
        16.226131,
        48.353702,
        178.25
      ],
      [
        16.225362,
        48.353578,
        178.75
      ],
      [
        16.219785,
        48.352717,
        178.5
      ],
      [
        16.217918,
        48.352417,
        178.25
      ],
      [
        16.213255,
        48.351616,
        178.5
      ],
      [
        16.210839,
        48.351172,
        177.75
      ],
      [
        16.208113,
        48.350641,
        177.25
      ],
      [
        16.207265,
        48.350511,
        178.5
      ],
      [
        16.206945,
        48.350489,
        178.5
      ],
      [
        16.206333,
        48.350451,
        178.0
      ],
      [
        16.20503,
        48.350388,
        177.75
      ],
      [
        16.204601,
        48.350336,
        177.75
      ],
      [
        16.203801,
        48.350189,
        178.25
      ],
      [
        16.202986,
        48.349967,
        178.5
      ],
      [
        16.202031,
        48.349609,
        176.25
      ],
      [
        16.201399,
        48.349413,
        177.75
      ],
      [
        16.200818,
        48.349257,
        175.5
      ],
      [
        16.200054,
        48.349119,
        177.0
      ],
      [
        16.199015,
        48.349047,
        175.5
      ],
      [
        16.195257,
        48.34908,
        176.0
      ],
      [
        16.195055,
        48.349053,
        175.25
      ],
      [
        16.194906,
        48.348993,
        175.5
      ],
      [
        16.194807,
        48.348905,
        176.5
      ],
      [
        16.194727,
        48.348775,
        177.25
      ],
      [
        16.194456,
        48.347826,
        178.5
      ],
      [
        16.194432,
        48.347781,
        178.75
      ],
      [
        16.194375,
        48.347707,
        177.5
      ],
      [
        16.194318,
        48.347657,
        176.75
      ],
      [
        16.194203,
        48.347605,
        176.0
      ],
      [
        16.193925,
        48.347537,
        177.0
      ],
      [
        16.184882,
        48.345673,
        175.25
      ],
      [
        16.183377,
        48.345347,
        176.25
      ],
      [
        16.182421,
        48.345124,
        175.5
      ],
      [
        16.1813,
        48.344836,
        176.0
      ],
      [
        16.179283,
        48.344301,
        175.75
      ],
      [
        16.174192,
        48.342961,
        175.75
      ],
      [
        16.173893,
        48.342877,
        175.5
      ],
      [
        16.172904,
        48.342618,
        175.5
      ],
      [
        16.171703,
        48.342324,
        175.5
      ],
      [
        16.170955,
        48.342165,
        176.75
      ],
      [
        16.170019,
        48.341977,
        177.0
      ],
      [
        16.169339,
        48.34186,
        176.25
      ],
      [
        16.167616,
        48.341562,
        176.0
      ],
      [
        16.166343,
        48.341392,
        177.75
      ],
      [
        16.165073,
        48.341287,
        175.75
      ],
      [
        16.16431,
        48.341252,
        175.25
      ],
      [
        16.163806,
        48.341244,
        175.5
      ],
      [
        16.157919,
        48.341286,
        175.5
      ],
      [
        16.15773,
        48.341256,
        175.75
      ],
      [
        16.157628,
        48.341225,
        176.0
      ],
      [
        16.157527,
        48.341171,
        176.75
      ],
      [
        16.156624,
        48.340505,
        177.25
      ],
      [
        16.15646,
        48.340416,
        176.25
      ],
      [
        16.156283,
        48.340339,
        177.0
      ],
      [
        16.156094,
        48.340299,
        177.5
      ],
      [
        16.153516,
        48.339927,
        176.5
      ],
      [
        16.151211,
        48.339682,
        177.25
      ],
      [
        16.146459,
        48.339193,
        177.5
      ],
      [
        16.146075,
        48.339186,
        177.5
      ],
      [
        16.14533,
        48.339248,
        176.5
      ],
      [
        16.144903,
        48.339227,
        176.75
      ],
      [
        16.144486,
        48.339183,
        177.5
      ],
      [
        16.144012,
        48.339122,
        177.25
      ],
      [
        16.143669,
        48.339047,
        175.5
      ],
      [
        16.142985,
        48.338847,
        177.25
      ],
      [
        16.142695,
        48.338785,
        176.0
      ],
      [
        16.142375,
        48.338734,
        175.25
      ],
      [
        16.138974,
        48.338377,
        177.0
      ],
      [
        16.138704,
        48.338357,
        177.5
      ],
      [
        16.138572,
        48.338357,
        177.5
      ],
      [
        16.138495,
        48.338362,
        177.25
      ],
      [
        16.138063,
        48.338438,
        175.75
      ],
      [
        16.136412,
        48.338836,
        176.75
      ],
      [
        16.136217,
        48.338843,
        177.0
      ],
      [
        16.136042,
        48.33882,
        176.5
      ],
      [
        16.135921,
        48.338776,
        176.0
      ],
      [
        16.135651,
        48.338614,
        177.25
      ],
      [
        16.135029,
        48.338175,
        177.0
      ],
      [
        16.134802,
        48.338059,
        178.5
      ],
      [
        16.134697,
        48.338025,
        178.5
      ],
      [
        16.134461,
        48.337991,
        177.75
      ],
      [
        16.134113,
        48.337958,
        176.75
      ],
      [
        16.130122,
        48.337654,
        175.5
      ],
      [
        16.128301,
        48.337505,
        177.75
      ],
      [
        16.124882,
        48.337245,
        177.5
      ],
      [
        16.121889,
        48.336986,
        176.5
      ],
      [
        16.118929,
        48.336746,
        176.0
      ],
      [
        16.117317,
        48.336621,
        177.75
      ],
      [
        16.11532,
        48.336459,
        175.75
      ],
      [
        16.113833,
        48.336348,
        177.5
      ],
      [
        16.113336,
        48.336304,
        176.25
      ],
      [
        16.110977,
        48.336117,
        177.75
      ],
      [
        16.108677,
        48.335931,
        175.75
      ],
      [
        16.108394,
        48.335913,
        176.0
      ],
      [
        16.106472,
        48.335776,
        177.0
      ],
      [
        16.105793,
        48.335731,
        176.25
      ],
      [
        16.104989,
        48.335699,
        175.75
      ],
      [
        16.103608,
        48.335668,
        176.0
      ],
      [
        16.100264,
        48.335729,
        176.25
      ],
      [
        16.098744,
        48.335789,
        177.75
      ],
      [
        16.097442,
        48.335855,
        177.75
      ],
      [
        16.096867,
        48.335897,
        177.25
      ],
      [
        16.092066,
        48.336188,
        177.0
      ],
      [
        16.088163,
        48.336552,
        176.0
      ],
      [
        16.084653,
        48.336918,
        178.0
      ],
      [
        16.083699,
        48.337087,
        176.25
      ],
      [
        16.081449,
        48.337616,
        176.0
      ],
      [
        16.080391,
        48.337829,
        177.25
      ],
      [
        16.078178,
        48.338125,
        178.0
      ],
      [
        16.077795,
        48.33816,
        177.25
      ],
      [
        16.077584,
        48.33816,
        177.25
      ],
      [
        16.077331,
        48.338115,
        178.25
      ],
      [
        16.077102,
        48.338035,
        178.0
      ],
      [
        16.076053,
        48.337561,
        178.25
      ],
      [
        16.075784,
        48.337485,
        178.5
      ],
      [
        16.075499,
        48.337451,
        177.75
      ],
      [
        16.073386,
        48.3375,
        177.75
      ],
      [
        16.070342,
        48.337541,
        177.5
      ],
      [
        16.068785,
        48.337556,
        177.5
      ],
      [
        16.067308,
        48.337542,
        178.5
      ],
      [
        16.066396,
        48.337507,
        178.75
      ],
      [
        16.065387,
        48.337452,
        178.0
      ],
      [
        16.064378,
        48.337379,
        177.0
      ],
      [
        16.062969,
        48.337243,
        178.75
      ],
      [
        16.062258,
        48.33717,
        177.75
      ],
      [
        16.061731,
        48.337131,
        177.0
      ],
      [
        16.061199,
        48.337106,
        177.0
      ],
      [
        16.060665,
        48.337221,
        177.0
      ],
      [
        16.060574,
        48.337252,
        177.0
      ],
      [
        16.0605,
        48.33729,
        176.75
      ],
      [
        16.060402,
        48.337683,
        176.75
      ],
      [
        16.060324,
        48.337943,
        177.25
      ],
      [
        16.060029,
        48.338661,
        177.75
      ],
      [
        16.059897,
        48.338624,
        178.25
      ],
      [
        16.05965,
        48.338326,
        178.5
      ],
      [
        16.05946,
        48.338077,
        182.25
      ],
      [
        16.059342,
        48.337961,
        181.0
      ],
      [
        16.059282,
        48.337917,
        181.25
      ],
      [
        16.05922,
        48.33789,
        182.25
      ],
      [
        16.059209,
        48.337446,
        181.75
      ],
      [
        16.059077,
        48.333467,
        179.75
      ],
      [
        16.059076,
        48.333441,
        180.0
      ],
      [
        16.059039,
        48.333377,
        181.5
      ],
      [
        16.059031,
        48.333348,
        182.0
      ],
      [
        16.05903,
        48.33314,
        182.0
      ],
      [
        16.059041,
        48.332728,
        180.5
      ],
      [
        16.059062,
        48.332357,
        179.75
      ],
      [
        16.058984,
        48.332353,
        180.0
      ],
      [
        16.059,
        48.332166,
        179.5
      ],
      [
        16.058976,
        48.33208,
        179.0
      ],
      [
        16.058946,
        48.332023,
        178.5
      ],
      [
        16.058902,
        48.331982,
        178.25
      ],
      [
        16.058852,
        48.331956,
        178.0
      ],
      [
        16.058751,
        48.33196,
        178.0
      ],
      [
        16.058701,
        48.331952,
        178.0
      ],
      [
        16.05865,
        48.331937,
        177.75
      ],
      [
        16.058604,
        48.331915,
        178.0
      ],
      [
        16.058567,
        48.331887,
        178.25
      ],
      [
        16.058551,
        48.33187,
        178.25
      ],
      [
        16.058298,
        48.33182,
        179.25
      ],
      [
        16.057806,
        48.331737,
        179.0
      ],
      [
        16.057375,
        48.331694,
        179.0
      ],
      [
        16.057184,
        48.331674,
        179.0
      ],
      [
        16.057003,
        48.331665,
        179.0
      ],
      [
        16.056277,
        48.331626,
        180.0
      ],
      [
        16.055951,
        48.331608,
        180.0
      ],
      [
        16.054851,
        48.331585,
        180.0
      ],
      [
        16.054766,
        48.331583,
        180.0
      ],
      [
        16.054542,
        48.331576,
        180.0
      ],
      [
        16.054317,
        48.331557,
        180.0
      ],
      [
        16.05353,
        48.331463,
        180.0
      ],
      [
        16.053494,
        48.331398,
        180.0
      ],
      [
        16.053513,
        48.331254,
        180.0
      ],
      [
        16.053543,
        48.331037,
        179.5
      ],
      [
        16.053526,
        48.330993,
        179.5
      ],
      [
        16.053469,
        48.331007,
        179.5
      ],
      [
        16.053138,
        48.331001,
        179.75
      ],
      [
        16.052778,
        48.330999,
        179.5
      ],
      [
        16.052655,
        48.331007,
        179.25
      ],
      [
        16.052371,
        48.331023,
        179.0
      ],
      [
        16.052143,
        48.331026,
        179.0
      ],
      [
        16.052054,
        48.331025,
        179.0
      ],
      [
        16.051923,
        48.331023,
        179.0
      ],
      [
        16.051865,
        48.331182,
        179.0
      ],
      [
        16.051923,
        48.331023,
        179.0
      ],
      [
        16.051739,
        48.331019,
        179.0
      ],
      [
        16.051499,
        48.331003,
        179.0
      ],
      [
        16.051108,
        48.330932,
        179.0
      ],
      [
        16.05068,
        48.330854,
        179.0
      ],
      [
        16.05054,
        48.330828,
        179.0
      ],
      [
        16.050477,
        48.330817,
        179.0
      ],
      [
        16.050285,
        48.330783,
        179.0
      ],
      [
        16.050173,
        48.330761,
        179.0
      ],
      [
        16.049783,
        48.330699,
        179.0
      ],
      [
        16.049717,
        48.330691,
        179.0
      ],
      [
        16.049528,
        48.330658,
        179.25
      ],
      [
        16.049316,
        48.330624,
        179.75
      ],
      [
        16.049313,
        48.330648,
        179.5
      ],
      [
        16.049304,
        48.330692,
        179.5
      ],
      [
        16.049263,
        48.330787,
        179.0
      ],
      [
        16.049253,
        48.330811,
        179.0
      ],
      [
        16.049242,
        48.330837,
        179.0
      ],
      [
        16.049032,
        48.331325,
        179.0
      ],
      [
        16.049027,
        48.331378,
        179.0
      ],
      [
        16.049037,
        48.331415,
        179.0
      ],
      [
        16.04899,
        48.331587,
        179.25
      ],
      [
        16.049012,
        48.33165,
        179.25
      ],
      [
        16.049006,
        48.331673,
        179.25
      ],
      [
        16.048992,
        48.331713,
        179.25
      ],
      [
        16.048972,
        48.331761,
        179.25
      ],
      [
        16.048947,
        48.331823,
        179.0
      ],
      [
        16.04892,
        48.331888,
        179.0
      ],
      [
        16.048585,
        48.331781,
        179.0
      ],
      [
        16.048505,
        48.331819,
        179.0
      ],
      [
        16.048122,
        48.332222,
        179.0
      ],
      [
        16.047964,
        48.332378,
        178.5
      ],
      [
        16.047763,
        48.332569,
        177.75
      ],
      [
        16.047439,
        48.332633,
        177.25
      ],
      [
        16.047165,
        48.332498,
        176.5
      ],
      [
        16.04684,
        48.332441,
        176.0
      ],
      [
        16.046535,
        48.332331,
        175.25
      ],
      [
        16.046374,
        48.332272,
        175.5
      ],
      [
        16.046284,
        48.33225,
        175.75
      ],
      [
        16.046189,
        48.332234,
        175.75
      ],
      [
        16.045845,
        48.332193,
        175.75
      ],
      [
        16.045731,
        48.332169,
        175.25
      ],
      [
        16.045595,
        48.332131,
        174.75
      ],
      [
        16.045455,
        48.332108,
        174.75
      ],
      [
        16.04489,
        48.332073,
        174.5
      ],
      [
        16.044714,
        48.332051,
        175.0
      ],
      [
        16.044183,
        48.332033,
        175.25
      ],
      [
        16.04387,
        48.331958,
        175.75
      ],
      [
        16.042977,
        48.331585,
        175.25
      ],
      [
        16.042869,
        48.33156,
        175.0
      ],
      [
        16.042717,
        48.331552,
        175.25
      ],
      [
        16.042639,
        48.331537,
        175.5
      ],
      [
        16.042567,
        48.331507,
        175.5
      ],
      [
        16.042109,
        48.331105,
        175.25
      ],
      [
        16.041902,
        48.33088,
        175.5
      ],
      [
        16.041546,
        48.330533,
        176.5
      ],
      [
        16.041481,
        48.330487,
        177.0
      ],
      [
        16.041311,
        48.330396,
        177.5
      ],
      [
        16.041265,
        48.33036,
        177.5
      ],
      [
        16.041217,
        48.330294,
        177.5
      ],
      [
        16.041127,
        48.330193,
        177.5
      ],
      [
        16.041077,
        48.330146,
        177.25
      ],
      [
        16.040982,
        48.330056,
        177.0
      ],
      [
        16.040795,
        48.329923,
        177.0
      ],
      [
        16.040196,
        48.329551,
        177.0
      ],
      [
        16.039947,
        48.32935,
        176.25
      ],
      [
        16.03985,
        48.329298,
        176.0
      ],
      [
        16.039727,
        48.329261,
        176.25
      ],
      [
        16.039377,
        48.329209,
        177.0
      ],
      [
        16.039087,
        48.329181,
        176.75
      ],
      [
        16.038399,
        48.329149,
        174.5
      ],
      [
        16.038206,
        48.329138,
        175.25
      ],
      [
        16.038036,
        48.329127,
        177.0
      ],
      [
        16.037881,
        48.328778,
        176.5
      ],
      [
        16.037653,
        48.328667,
        176.75
      ],
      [
        16.037219,
        48.328552,
        176.5
      ],
      [
        16.03644,
        48.328371,
        176.0
      ],
      [
        16.036273,
        48.328337,
        176.25
      ],
      [
        16.036137,
        48.328309,
        176.75
      ],
      [
        16.035721,
        48.3282,
        176.0
      ],
      [
        16.035504,
        48.328144,
        176.25
      ],
      [
        16.033162,
        48.327496,
        176.75
      ],
      [
        16.032298,
        48.327226,
        177.0
      ],
      [
        16.031882,
        48.327078,
        176.5
      ],
      [
        16.031669,
        48.326982,
        176.75
      ],
      [
        16.031209,
        48.326751,
        176.75
      ],
      [
        16.031021,
        48.326648,
        176.75
      ],
      [
        16.030814,
        48.326531,
        176.5
      ],
      [
        16.029926,
        48.326108,
        177.75
      ],
      [
        16.029674,
        48.32601,
        178.25
      ],
      [
        16.029636,
        48.326044,
        178.25
      ],
      [
        16.029567,
        48.326026,
        178.25
      ],
      [
        16.029484,
        48.326016,
        178.5
      ],
      [
        16.0294,
        48.32602,
        178.75
      ],
      [
        16.029322,
        48.326046,
        178.75
      ],
      [
        16.029142,
        48.326131,
        179.75
      ],
      [
        16.028816,
        48.326319,
        179.75
      ],
      [
        16.028702,
        48.326386,
        178.25
      ],
      [
        16.028287,
        48.326634,
        179.0
      ],
      [
        16.028152,
        48.326724,
        180.0
      ],
      [
        16.028237,
        48.326827,
        179.75
      ],
      [
        16.028318,
        48.326934,
        180.75
      ],
      [
        16.028397,
        48.326907,
        180.0
      ],
      [
        16.028381,
        48.326791,
        179.25
      ],
      [
        16.028335,
        48.326639,
        178.75
      ],
      [
        16.028027,
        48.326269,
        178.25
      ],
      [
        16.027533,
        48.325585,
        179.0
      ],
      [
        16.027142,
        48.325142,
        178.75
      ],
      [
        16.02709,
        48.325106,
        178.75
      ],
      [
        16.027083,
        48.325167,
        178.5
      ],
      [
        16.027197,
        48.325572,
        178.5
      ],
      [
        16.027236,
        48.325659,
        178.25
      ],
      [
        16.0273,
        48.32576,
        178.5
      ],
      [
        16.02731,
        48.325795,
        178.5
      ],
      [
        16.027306,
        48.325867,
        178.5
      ],
      [
        16.027232,
        48.326123,
        178.0
      ],
      [
        16.02718,
        48.326707,
        178.75
      ],
      [
        16.027158,
        48.326758,
        178.75
      ],
      [
        16.027122,
        48.326792,
        178.5
      ],
      [
        16.026867,
        48.326921,
        177.5
      ],
      [
        16.02683,
        48.326962,
        177.5
      ],
      [
        16.026805,
        48.32701,
        177.5
      ],
      [
        16.026801,
        48.32707,
        177.5
      ],
      [
        16.0268,
        48.327186,
        177.75
      ],
      [
        16.0268,
        48.327222,
        177.75
      ],
      [
        16.026783,
        48.327263,
        177.75
      ],
      [
        16.026755,
        48.3273,
        177.5
      ],
      [
        16.026716,
        48.327337,
        177.5
      ],
      [
        16.026659,
        48.327368,
        177.25
      ],
      [
        16.026599,
        48.327388,
        177.25
      ],
      [
        16.026522,
        48.327399,
        177.25
      ],
      [
        16.026446,
        48.327395,
        177.25
      ],
      [
        16.026375,
        48.32738,
        177.25
      ],
      [
        16.026204,
        48.327325,
        177.5
      ],
      [
        16.026119,
        48.327308,
        177.5
      ],
      [
        16.026031,
        48.327308,
        177.25
      ],
      [
        16.024967,
        48.327458,
        177.75
      ],
      [
        16.024763,
        48.327479,
        177.75
      ],
      [
        16.024617,
        48.327484,
        178.0
      ],
      [
        16.024459,
        48.327479,
        177.75
      ],
      [
        16.024332,
        48.327466,
        178.0
      ],
      [
        16.024184,
        48.327439,
        178.0
      ],
      [
        16.024037,
        48.3274,
        177.25
      ],
      [
        16.023449,
        48.327223,
        177.75
      ],
      [
        16.023043,
        48.327132,
        176.5
      ],
      [
        16.022071,
        48.326969,
        177.5
      ],
      [
        16.02178,
        48.326904,
        177.75
      ],
      [
        16.018293,
        48.325994,
        178.0
      ],
      [
        16.018092,
        48.325955,
        178.0
      ],
      [
        16.016819,
        48.325785,
        178.0
      ],
      [
        16.01614,
        48.325694,
        178.0
      ],
      [
        16.015708,
        48.325669,
        178.0
      ],
      [
        16.015346,
        48.325684,
        178.0
      ],
      [
        16.014993,
        48.325726,
        178.0
      ],
      [
        16.014823,
        48.325764,
        178.0
      ],
      [
        16.014653,
        48.325823,
        178.0
      ],
      [
        16.014172,
        48.326102,
        178.0
      ],
      [
        16.014012,
        48.326148,
        177.75
      ],
      [
        16.01363,
        48.326211,
        178.0
      ],
      [
        16.01165,
        48.326453,
        177.75
      ],
      [
        16.011133,
        48.326477,
        177.5
      ],
      [
        16.010162,
        48.326447,
        177.75
      ],
      [
        16.009192,
        48.326462,
        177.75
      ],
      [
        16.008564,
        48.326506,
        178.0
      ],
      [
        16.00811,
        48.326576,
        177.25
      ],
      [
        16.008075,
        48.326581,
        177.25
      ],
      [
        16.005048,
        48.327001,
        178.25
      ],
      [
        16.004852,
        48.32704,
        177.75
      ],
      [
        16.004655,
        48.327079,
        177.25
      ],
      [
        16.004242,
        48.327156,
        177.5
      ],
      [
        16.003679,
        48.32731,
        178.25
      ],
      [
        16.003209,
        48.327477,
        178.25
      ],
      [
        16.002747,
        48.32767,
        177.75
      ],
      [
        16.00223,
        48.327928,
        177.75
      ],
      [
        16.001797,
        48.328165,
        178.0
      ],
      [
        16.001138,
        48.32855,
        177.75
      ],
      [
        16.000594,
        48.328837,
        177.75
      ],
      [
        16.000144,
        48.329042,
        177.5
      ],
      [
        15.999908,
        48.32912,
        178.25
      ],
      [
        15.999726,
        48.329161,
        178.75
      ],
      [
        15.999525,
        48.329191,
        178.5
      ],
      [
        15.999285,
        48.329204,
        178.5
      ],
      [
        15.998492,
        48.3292,
        178.75
      ],
      [
        15.998162,
        48.329214,
        178.0
      ],
      [
        15.997879,
        48.329245,
        177.5
      ],
      [
        15.99766,
        48.329286,
        176.75
      ],
      [
        15.997423,
        48.329361,
        176.5
      ],
      [
        15.997122,
        48.32949,
        178.5
      ],
      [
        15.996778,
        48.329707,
        177.75
      ],
      [
        15.996661,
        48.329793,
        178.0
      ],
      [
        15.9965,
        48.329938,
        177.25
      ],
      [
        15.996026,
        48.330442,
        177.5
      ],
      [
        15.995886,
        48.330581,
        177.5
      ],
      [
        15.995782,
        48.330658,
        177.5
      ],
      [
        15.995658,
        48.330709,
        177.75
      ],
      [
        15.995532,
        48.330742,
        178.0
      ],
      [
        15.995373,
        48.330774,
        178.0
      ],
      [
        15.994732,
        48.330854,
        178.5
      ],
      [
        15.994343,
        48.330893,
        178.0
      ],
      [
        15.992821,
        48.331037,
        177.0
      ],
      [
        15.992718,
        48.331043,
        177.25
      ],
      [
        15.992583,
        48.331031,
        177.75
      ],
      [
        15.992488,
        48.33101,
        178.0
      ],
      [
        15.992406,
        48.330978,
        178.0
      ],
      [
        15.992317,
        48.330934,
        178.25
      ],
      [
        15.992225,
        48.33087,
        178.75
      ],
      [
        15.992077,
        48.330738,
        178.25
      ],
      [
        15.991869,
        48.330522,
        178.5
      ],
      [
        15.991675,
        48.330275,
        178.75
      ],
      [
        15.991485,
        48.32989,
        178.25
      ],
      [
        15.991326,
        48.329274,
        178.5
      ],
      [
        15.991164,
        48.329015,
        178.75
      ],
      [
        15.99098,
        48.328837,
        179.0
      ],
      [
        15.990812,
        48.328739,
        179.0
      ],
      [
        15.990754,
        48.328717,
        179.0
      ],
      [
        15.990671,
        48.328685,
        179.0
      ],
      [
        15.990505,
        48.328645,
        179.0
      ],
      [
        15.989598,
        48.328537,
        179.0
      ],
      [
        15.989458,
        48.328516,
        179.0
      ],
      [
        15.989298,
        48.328476,
        179.0
      ],
      [
        15.989142,
        48.328419,
        179.0
      ],
      [
        15.988679,
        48.328198,
        178.75
      ],
      [
        15.988405,
        48.328112,
        179.0
      ],
      [
        15.988152,
        48.328095,
        179.5
      ],
      [
        15.987712,
        48.328107,
        179.0
      ],
      [
        15.98762,
        48.328109,
        179.5
      ],
      [
        15.987308,
        48.328116,
        180.0
      ],
      [
        15.986877,
        48.328123,
        180.0
      ],
      [
        15.986758,
        48.328108,
        180.0
      ],
      [
        15.986538,
        48.328054,
        179.75
      ],
      [
        15.98621,
        48.327935,
        178.75
      ],
      [
        15.985263,
        48.327617,
        179.0
      ],
      [
        15.984936,
        48.327507,
        179.75
      ],
      [
        15.984856,
        48.327483,
        180.0
      ],
      [
        15.984727,
        48.327647,
        179.25
      ],
      [
        15.984562,
        48.327836,
        179.5
      ],
      [
        15.984288,
        48.328095,
        179.75
      ],
      [
        15.983495,
        48.328694,
        180.5
      ],
      [
        15.983097,
        48.328905,
        180.75
      ],
      [
        15.982746,
        48.329184,
        180.75
      ],
      [
        15.98249,
        48.329315,
        180.25
      ],
      [
        15.98229,
        48.329391,
        180.0
      ],
      [
        15.981897,
        48.329493,
        180.0
      ],
      [
        15.981643,
        48.329588,
        180.0
      ],
      [
        15.981379,
        48.32974,
        180.0
      ],
      [
        15.98054,
        48.33003,
        180.75
      ],
      [
        15.980234,
        48.330121,
        180.0
      ],
      [
        15.980027,
        48.330152,
        180.25
      ],
      [
        15.979191,
        48.330173,
        180.5
      ],
      [
        15.978463,
        48.330243,
        180.75
      ],
      [
        15.977154,
        48.33036,
        180.5
      ],
      [
        15.976594,
        48.330451,
        180.25
      ],
      [
        15.976485,
        48.330469,
        180.25
      ],
      [
        15.97621,
        48.330514,
        180.0
      ],
      [
        15.976166,
        48.330515,
        180.0
      ],
      [
        15.976121,
        48.330506,
        180.0
      ],
      [
        15.975989,
        48.330548,
        180.25
      ],
      [
        15.975563,
        48.330643,
        180.5
      ],
      [
        15.975187,
        48.330759,
        180.25
      ],
      [
        15.974824,
        48.330898,
        180.25
      ],
      [
        15.974216,
        48.331139,
        179.75
      ],
      [
        15.973903,
        48.331303,
        179.5
      ],
      [
        15.973376,
        48.331369,
        180.75
      ],
      [
        15.97307,
        48.331406,
        180.75
      ],
      [
        15.97292,
        48.331419,
        181.0
      ],
      [
        15.972749,
        48.331422,
        181.25
      ],
      [
        15.972687,
        48.331409,
        181.25
      ],
      [
        15.972457,
        48.33133,
        180.5
      ],
      [
        15.972078,
        48.331152,
        180.25
      ],
      [
        15.971768,
        48.331043,
        180.0
      ],
      [
        15.971606,
        48.330996,
        179.5
      ],
      [
        15.970465,
        48.330751,
        180.0
      ],
      [
        15.969207,
        48.33055,
        181.0
      ],
      [
        15.968971,
        48.330532,
        181.0
      ],
      [
        15.968662,
        48.330532,
        181.0
      ],
      [
        15.968345,
        48.330551,
        181.0
      ],
      [
        15.967722,
        48.330607,
        181.0
      ],
      [
        15.966501,
        48.33076,
        180.0
      ],
      [
        15.965855,
        48.330882,
        181.25
      ],
      [
        15.965139,
        48.33106,
        181.0
      ],
      [
        15.964521,
        48.331245,
        180.75
      ],
      [
        15.964153,
        48.331419,
        181.5
      ],
      [
        15.963855,
        48.33155,
        180.25
      ],
      [
        15.963516,
        48.331682,
        181.75
      ],
      [
        15.963143,
        48.331797,
        180.75
      ],
      [
        15.962542,
        48.331972,
        181.5
      ],
      [
        15.962471,
        48.331961,
        181.75
      ],
      [
        15.962429,
        48.33194,
        182.0
      ],
      [
        15.962085,
        48.331359,
        180.5
      ],
      [
        15.962038,
        48.331199,
        181.5
      ],
      [
        15.961788,
        48.330872,
        182.5
      ],
      [
        15.961702,
        48.330807,
        183.0
      ],
      [
        15.961018,
        48.330585,
        182.5
      ],
      [
        15.960675,
        48.330509,
        181.75
      ],
      [
        15.960428,
        48.330477,
        180.75
      ],
      [
        15.960201,
        48.330503,
        180.75
      ],
      [
        15.95998,
        48.330554,
        182.0
      ],
      [
        15.959739,
        48.330656,
        181.75
      ],
      [
        15.959591,
        48.330789,
        181.5
      ],
      [
        15.959499,
        48.330906,
        182.0
      ],
      [
        15.959412,
        48.331072,
        182.0
      ],
      [
        15.959244,
        48.331322,
        182.0
      ],
      [
        15.959123,
        48.331454,
        182.0
      ],
      [
        15.959053,
        48.331512,
        181.25
      ],
      [
        15.958998,
        48.331545,
        181.0
      ],
      [
        15.958872,
        48.33156,
        181.0
      ],
      [
        15.958792,
        48.331555,
        181.0
      ],
      [
        15.958714,
        48.331541,
        181.25
      ],
      [
        15.958639,
        48.33152,
        181.5
      ],
      [
        15.958582,
        48.331467,
        181.75
      ],
      [
        15.958549,
        48.331405,
        181.75
      ],
      [
        15.958487,
        48.331205,
        181.5
      ],
      [
        15.958383,
        48.331027,
        181.25
      ],
      [
        15.958308,
        48.330938,
        181.75
      ],
      [
        15.958217,
        48.330857,
        181.75
      ],
      [
        15.957719,
        48.330651,
        181.25
      ],
      [
        15.957374,
        48.330544,
        181.5
      ],
      [
        15.9572,
        48.330516,
        181.0
      ],
      [
        15.956938,
        48.330485,
        180.5
      ],
      [
        15.956767,
        48.330491,
        180.75
      ],
      [
        15.956575,
        48.330537,
        181.25
      ],
      [
        15.956331,
        48.330612,
        181.5
      ],
      [
        15.956304,
        48.330749,
        180.75
      ],
      [
        15.956222,
        48.330896,
        181.0
      ],
      [
        15.956072,
        48.331087,
        181.25
      ],
      [
        15.955893,
        48.331244,
        182.0
      ],
      [
        15.955822,
        48.331334,
        182.25
      ],
      [
        15.955844,
        48.331444,
        181.75
      ],
      [
        15.955817,
        48.331536,
        181.5
      ],
      [
        15.95571,
        48.331605,
        181.25
      ],
      [
        15.955587,
        48.331619,
        181.25
      ],
      [
        15.955444,
        48.331594,
        180.75
      ],
      [
        15.955278,
        48.331529,
        180.25
      ],
      [
        15.955093,
        48.331393,
        180.0
      ],
      [
        15.955054,
        48.331357,
        179.5
      ],
      [
        15.955015,
        48.331302,
        179.5
      ],
      [
        15.954967,
        48.331154,
        180.5
      ],
      [
        15.954882,
        48.331153,
        180.5
      ],
      [
        15.954713,
        48.331158,
        180.25
      ],
      [
        15.954585,
        48.331163,
        181.0
      ],
      [
        15.954025,
        48.330209,
        181.0
      ],
      [
        15.95397,
        48.330134,
        181.0
      ],
      [
        15.953877,
        48.330066,
        181.0
      ],
      [
        15.953738,
        48.330046,
        181.0
      ],
      [
        15.953204,
        48.330059,
        181.0
      ],
      [
        15.953093,
        48.330043,
        181.75
      ],
      [
        15.952995,
        48.330003,
        182.0
      ],
      [
        15.952909,
        48.329948,
        181.75
      ],
      [
        15.952834,
        48.329837,
        181.75
      ],
      [
        15.952737,
        48.329666,
        181.75
      ],
      [
        15.951149,
        48.329932,
        182.0
      ],
      [
        15.951074,
        48.32996,
        182.0
      ],
      [
        15.951016,
        48.32999,
        182.0
      ],
      [
        15.950684,
        48.330313,
        182.0
      ],
      [
        15.950575,
        48.330392,
        182.0
      ],
      [
        15.950476,
        48.330418,
        182.25
      ],
      [
        15.950364,
        48.33043,
        182.5
      ],
      [
        15.95028,
        48.330426,
        182.75
      ],
      [
        15.949998,
        48.330392,
        183.0
      ],
      [
        15.949802,
        48.330398,
        183.0
      ],
      [
        15.949661,
        48.33042,
        182.75
      ],
      [
        15.949503,
        48.330459,
        182.25
      ],
      [
        15.94851,
        48.330724,
        182.75
      ],
      [
        15.948129,
        48.330782,
        182.75
      ],
      [
        15.947985,
        48.330792,
        182.75
      ],
      [
        15.947845,
        48.330792,
        182.75
      ],
      [
        15.947069,
        48.330735,
        182.75
      ],
      [
        15.94675,
        48.330987,
        183.0
      ],
      [
        15.946573,
        48.331109,
        183.0
      ],
      [
        15.946288,
        48.33128,
        182.75
      ],
      [
        15.945985,
        48.33149,
        183.0
      ],
      [
        15.945842,
        48.33161,
        183.0
      ],
      [
        15.945811,
        48.331665,
        182.75
      ],
      [
        15.945815,
        48.331806,
        183.0
      ],
      [
        15.945823,
        48.331865,
        183.0
      ],
      [
        15.945819,
        48.33192,
        183.0
      ],
      [
        15.945817,
        48.331945,
        183.0
      ],
      [
        15.945779,
        48.331966,
        183.0
      ],
      [
        15.945562,
        48.332012,
        183.0
      ],
      [
        15.945427,
        48.332068,
        183.0
      ],
      [
        15.945324,
        48.33208,
        183.0
      ],
      [
        15.945205,
        48.332088,
        183.0
      ],
      [
        15.945053,
        48.332126,
        183.25
      ],
      [
        15.944923,
        48.332186,
        183.0
      ],
      [
        15.94466,
        48.332338,
        183.0
      ],
      [
        15.944258,
        48.332622,
        183.25
      ],
      [
        15.943865,
        48.332925,
        183.5
      ],
      [
        15.943537,
        48.333167,
        183.25
      ],
      [
        15.942928,
        48.333537,
        183.5
      ],
      [
        15.941892,
        48.33425,
        183.5
      ],
      [
        15.941475,
        48.334564,
        183.25
      ],
      [
        15.941332,
        48.334682,
        183.25
      ],
      [
        15.941058,
        48.334949,
        183.25
      ],
      [
        15.940791,
        48.335239,
        184.0
      ],
      [
        15.940728,
        48.335307,
        183.75
      ],
      [
        15.940323,
        48.33573,
        184.0
      ],
      [
        15.940299,
        48.335748,
        184.0
      ],
      [
        15.940225,
        48.335805,
        183.0
      ],
      [
        15.939744,
        48.336318,
        183.5
      ],
      [
        15.939669,
        48.336446,
        184.25
      ],
      [
        15.939409,
        48.336699,
        184.75
      ],
      [
        15.93937,
        48.336738,
        184.5
      ],
      [
        15.939937,
        48.33728,
        183.25
      ],
      [
        15.940016,
        48.337381,
        183.25
      ],
      [
        15.940074,
        48.337488,
        182.25
      ],
      [
        15.940221,
        48.337927,
        182.25
      ],
      [
        15.940278,
        48.338046,
        182.75
      ],
      [
        15.940406,
        48.338257,
        182.0
      ],
      [
        15.940421,
        48.338312,
        182.25
      ],
      [
        15.940401,
        48.338366,
        182.0
      ],
      [
        15.940329,
        48.338423,
        181.5
      ],
      [
        15.940231,
        48.338468,
        181.0
      ],
      [
        15.939809,
        48.338592,
        182.25
      ],
      [
        15.939094,
        48.338831,
        181.75
      ],
      [
        15.938654,
        48.338971,
        181.75
      ],
      [
        15.938252,
        48.339087,
        182.25
      ],
      [
        15.938168,
        48.339064,
        182.75
      ],
      [
        15.93798,
        48.339038,
        183.5
      ],
      [
        15.937418,
        48.338964,
        184.0
      ],
      [
        15.937258,
        48.338954,
        184.0
      ],
      [
        15.937118,
        48.338961,
        184.0
      ],
      [
        15.936691,
        48.339023,
        184.0
      ],
      [
        15.936002,
        48.339112,
        184.0
      ],
      [
        15.934548,
        48.33933,
        184.0
      ],
      [
        15.934413,
        48.339343,
        184.0
      ],
      [
        15.933939,
        48.339338,
        184.0
      ],
      [
        15.933773,
        48.339306,
        184.0
      ],
      [
        15.933604,
        48.339355,
        184.0
      ],
      [
        15.93342,
        48.339397,
        184.0
      ],
      [
        15.933109,
        48.339436,
        184.0
      ],
      [
        15.932904,
        48.339452,
        184.0
      ],
      [
        15.932395,
        48.339496,
        184.0
      ],
      [
        15.93081,
        48.339748,
        184.75
      ],
      [
        15.930162,
        48.339849,
        184.0
      ],
      [
        15.929925,
        48.339885,
        184.25
      ],
      [
        15.929881,
        48.339891,
        184.25
      ],
      [
        15.928724,
        48.340065,
        184.25
      ],
      [
        15.92752,
        48.340273,
        184.75
      ],
      [
        15.926883,
        48.340412,
        184.0
      ],
      [
        15.926099,
        48.340582,
        184.75
      ],
      [
        15.926026,
        48.340384,
        184.25
      ],
      [
        15.926007,
        48.340308,
        184.0
      ],
      [
        15.925956,
        48.340085,
        184.0
      ],
      [
        15.925612,
        48.338695,
        184.0
      ],
      [
        15.925207,
        48.33683,
        184.0
      ],
      [
        15.924878,
        48.335443,
        184.0
      ],
      [
        15.92487,
        48.3354,
        184.0
      ],
      [
        15.924264,
        48.331915,
        183.0
      ],
      [
        15.923959,
        48.330215,
        184.0
      ],
      [
        15.92367,
        48.33019,
        183.75
      ],
      [
        15.923254,
        48.330128,
        184.0
      ],
      [
        15.922462,
        48.329955,
        184.0
      ],
      [
        15.9214,
        48.329744,
        184.0
      ],
      [
        15.920913,
        48.32968,
        184.0
      ],
      [
        15.920379,
        48.329658,
        184.0
      ],
      [
        15.918683,
        48.329718,
        184.0
      ],
      [
        15.916686,
        48.329957,
        184.75
      ],
      [
        15.913237,
        48.330354,
        184.0
      ],
      [
        15.911672,
        48.330515,
        184.75
      ],
      [
        15.911012,
        48.330628,
        184.25
      ],
      [
        15.91053,
        48.330731,
        184.5
      ],
      [
        15.91015,
        48.330834,
        184.75
      ],
      [
        15.909444,
        48.331063,
        185.0
      ],
      [
        15.90931,
        48.331096,
        185.0
      ],
      [
        15.908847,
        48.331159,
        185.0
      ],
      [
        15.908665,
        48.331178,
        185.0
      ],
      [
        15.908505,
        48.331193,
        184.75
      ],
      [
        15.90834,
        48.331202,
        184.5
      ],
      [
        15.908264,
        48.331206,
        184.5
      ],
      [
        15.908153,
        48.331212,
        184.5
      ],
      [
        15.907597,
        48.33121,
        184.5
      ],
      [
        15.90679,
        48.331153,
        184.5
      ],
      [
        15.906386,
        48.331119,
        184.75
      ],
      [
        15.905826,
        48.331055,
        184.75
      ],
      [
        15.905373,
        48.331017,
        184.5
      ],
      [
        15.905065,
        48.331007,
        184.0
      ],
      [
        15.904641,
        48.331011,
        184.0
      ],
      [
        15.904345,
        48.331025,
        184.0
      ],
      [
        15.903863,
        48.331071,
        184.0
      ],
      [
        15.903648,
        48.331104,
        184.75
      ],
      [
        15.903422,
        48.331154,
        184.75
      ],
      [
        15.903417,
        48.331155,
        184.75
      ],
      [
        15.903235,
        48.331205,
        184.75
      ],
      [
        15.902775,
        48.331354,
        184.75
      ],
      [
        15.902491,
        48.331463,
        184.75
      ],
      [
        15.902313,
        48.33151,
        184.5
      ],
      [
        15.902179,
        48.331543,
        184.5
      ],
      [
        15.901935,
        48.331576,
        184.5
      ],
      [
        15.90175,
        48.331587,
        184.75
      ],
      [
        15.901271,
        48.331594,
        184.75
      ],
      [
        15.900534,
        48.331624,
        184.75
      ],
      [
        15.90042,
        48.331634,
        184.75
      ],
      [
        15.900264,
        48.331667,
        184.75
      ],
      [
        15.899536,
        48.331726,
        185.0
      ],
      [
        15.896301,
        48.331834,
        185.0
      ],
      [
        15.895937,
        48.33186,
        185.0
      ],
      [
        15.895858,
        48.331851,
        185.0
      ],
      [
        15.895739,
        48.33182,
        185.0
      ],
      [
        15.895628,
        48.331804,
        185.0
      ],
      [
        15.895335,
        48.331877,
        185.0
      ],
      [
        15.894858,
        48.331916,
        185.0
      ],
      [
        15.893895,
        48.33198,
        184.75
      ],
      [
        15.893706,
        48.33199,
        184.75
      ],
      [
        15.889334,
        48.332215,
        185.75
      ],
      [
        15.889163,
        48.332224,
        186.0
      ],
      [
        15.883174,
        48.33253,
        186.5
      ],
      [
        15.883001,
        48.332358,
        186.25
      ],
      [
        15.882784,
        48.329774,
        184.75
      ],
      [
        15.882777,
        48.329666,
        185.0
      ],
      [
        15.88275,
        48.329245,
        185.0
      ],
      [
        15.88261,
        48.327438,
        185.0
      ],
      [
        15.88261,
        48.327417,
        185.0
      ],
      [
        15.882358,
        48.324222,
        184.0
      ],
      [
        15.882339,
        48.323988,
        184.25
      ],
      [
        15.882401,
        48.323861,
        184.5
      ],
      [
        15.88249,
        48.323734,
        184.25
      ],
      [
        15.883279,
        48.322817,
        185.0
      ],
      [
        15.88419,
        48.321748,
        185.0
      ],
      [
        15.884339,
        48.321564,
        184.75
      ],
      [
        15.884396,
        48.32152,
        184.75
      ],
      [
        15.884583,
        48.321481,
        185.0
      ],
      [
        15.885584,
        48.321331,
        185.0
      ],
      [
        15.885963,
        48.321261,
        185.0
      ],
      [
        15.886245,
        48.32119,
        185.0
      ],
      [
        15.886138,
        48.320941,
        185.0
      ],
      [
        15.885779,
        48.32009,
        184.75
      ],
      [
        15.885546,
        48.319535,
        184.0
      ],
      [
        15.885487,
        48.31943,
        184.0
      ],
      [
        15.885414,
        48.319342,
        184.0
      ],
      [
        15.885303,
        48.319234,
        184.5
      ],
      [
        15.884997,
        48.319011,
        185.0
      ],
      [
        15.882594,
        48.31717,
        184.75
      ],
      [
        15.881995,
        48.316709,
        184.75
      ],
      [
        15.881909,
        48.316651,
        185.0
      ],
      [
        15.880979,
        48.316082,
        185.0
      ],
      [
        15.8803,
        48.315684,
        185.0
      ],
      [
        15.879724,
        48.315346,
        184.75
      ],
      [
        15.879633,
        48.315392,
        185.0
      ],
      [
        15.879525,
        48.315422,
        185.0
      ],
      [
        15.879325,
        48.315444,
        185.0
      ],
      [
        15.876183,
        48.31631,
        186.0
      ],
      [
        15.875544,
        48.316482,
        185.25
      ],
      [
        15.873717,
        48.317003,
        184.75
      ],
      [
        15.873625,
        48.31703,
        184.5
      ],
      [
        15.873096,
        48.317173,
        184.75
      ],
      [
        15.872535,
        48.317362,
        184.75
      ],
      [
        15.871468,
        48.317688,
        185.5
      ],
      [
        15.87134,
        48.31772,
        185.75
      ],
      [
        15.871218,
        48.317735,
        185.75
      ],
      [
        15.871125,
        48.317747,
        185.75
      ],
      [
        15.870619,
        48.317852,
        185.0
      ],
      [
        15.867784,
        48.318645,
        185.75
      ],
      [
        15.867393,
        48.318776,
        186.25
      ],
      [
        15.867173,
        48.318818,
        186.5
      ],
      [
        15.862222,
        48.320185,
        186.0
      ],
      [
        15.859671,
        48.32089,
        186.5
      ],
      [
        15.853523,
        48.322603,
        187.0
      ],
      [
        15.852786,
        48.322799,
        187.0
      ],
      [
        15.847346,
        48.324307,
        187.0
      ],
      [
        15.846925,
        48.324428,
        187.0
      ],
      [
        15.836007,
        48.327453,
        188.0
      ],
      [
        15.835857,
        48.327504,
        188.0
      ],
      [
        15.835732,
        48.327561,
        188.0
      ],
      [
        15.835634,
        48.327587,
        188.0
      ],
      [
        15.835123,
        48.3277,
        188.0
      ],
      [
        15.830422,
        48.329005,
        188.0
      ],
      [
        15.828316,
        48.329599,
        189.5
      ],
      [
        15.828216,
        48.329627,
        189.5
      ],
      [
        15.828075,
        48.329667,
        189.5
      ],
      [
        15.82285,
        48.331097,
        188.5
      ],
      [
        15.821952,
        48.33135,
        188.75
      ],
      [
        15.821067,
        48.33161,
        189.0
      ],
      [
        15.820988,
        48.331658,
        189.0
      ],
      [
        15.820913,
        48.331573,
        189.0
      ],
      [
        15.820874,
        48.331533,
        189.0
      ],
      [
        15.820769,
        48.331434,
        189.0
      ],
      [
        15.82052,
        48.331522,
        189.0
      ],
      [
        15.820197,
        48.331619,
        188.75
      ],
      [
        15.819418,
        48.331816,
        189.0
      ],
      [
        15.819357,
        48.331831,
        189.0
      ],
      [
        15.819194,
        48.331866,
        189.0
      ],
      [
        15.819051,
        48.331893,
        189.0
      ],
      [
        15.818984,
        48.331903,
        189.0
      ],
      [
        15.818896,
        48.331915,
        189.0
      ],
      [
        15.81879,
        48.331927,
        188.75
      ],
      [
        15.818636,
        48.331947,
        189.0
      ],
      [
        15.818429,
        48.331984,
        189.0
      ],
      [
        15.818249,
        48.33203,
        189.0
      ],
      [
        15.818141,
        48.332064,
        189.0
      ],
      [
        15.818025,
        48.332109,
        188.75
      ],
      [
        15.817494,
        48.332367,
        188.5
      ],
      [
        15.817337,
        48.332437,
        188.5
      ],
      [
        15.817165,
        48.332504,
        189.0
      ],
      [
        15.816973,
        48.332566,
        189.0
      ],
      [
        15.816397,
        48.332723,
        188.25
      ],
      [
        15.815837,
        48.332863,
        189.0
      ],
      [
        15.815587,
        48.332922,
        189.0
      ],
      [
        15.815566,
        48.332927,
        189.0
      ],
      [
        15.815515,
        48.332939,
        189.0
      ],
      [
        15.81499,
        48.333084,
        189.0
      ],
      [
        15.814595,
        48.33322,
        189.0
      ],
      [
        15.814115,
        48.333375,
        189.0
      ],
      [
        15.813778,
        48.333468,
        189.0
      ],
      [
        15.813278,
        48.333594,
        189.0
      ],
      [
        15.812338,
        48.333837,
        188.5
      ],
      [
        15.810638,
        48.334311,
        189.0
      ],
      [
        15.810537,
        48.334342,
        189.0
      ],
      [
        15.809942,
        48.334499,
        189.75
      ],
      [
        15.807539,
        48.335179,
        189.5
      ],
      [
        15.806195,
        48.335555,
        189.5
      ],
      [
        15.806136,
        48.335586,
        189.75
      ],
      [
        15.806021,
        48.33562,
        190.0
      ],
      [
        15.805354,
        48.335796,
        190.0
      ],
      [
        15.804463,
        48.336044,
        190.0
      ],
      [
        15.803901,
        48.336205,
        190.0
      ],
      [
        15.801846,
        48.336781,
        190.0
      ],
      [
        15.800906,
        48.337037,
        190.0
      ],
      [
        15.796729,
        48.338188,
        190.0
      ],
      [
        15.787417,
        48.340765,
        191.0
      ],
      [
        15.786559,
        48.341008,
        191.0
      ],
      [
        15.78646,
        48.341024,
        191.5
      ],
      [
        15.78639,
        48.341028,
        191.5
      ],
      [
        15.786177,
        48.340998,
        191.5
      ],
      [
        15.786098,
        48.340998,
        191.5
      ],
      [
        15.786016,
        48.341007,
        191.5
      ],
      [
        15.785964,
        48.340934,
        191.5
      ],
      [
        15.785889,
        48.340969,
        191.5
      ],
      [
        15.7856,
        48.341242,
        191.75
      ],
      [
        15.785563,
        48.341269,
        191.75
      ],
      [
        15.785462,
        48.341313,
        192.0
      ],
      [
        15.781585,
        48.342384,
        192.0
      ],
      [
        15.780323,
        48.342701,
        191.25
      ],
      [
        15.779183,
        48.342995,
        191.0
      ],
      [
        15.778965,
        48.343064,
        190.0
      ],
      [
        15.778766,
        48.343143,
        189.5
      ],
      [
        15.778585,
        48.343194,
        189.5
      ],
      [
        15.777673,
        48.343422,
        189.0
      ],
      [
        15.775986,
        48.343821,
        190.0
      ],
      [
        15.775544,
        48.34392,
        190.75
      ],
      [
        15.775017,
        48.344036,
        190.25
      ],
      [
        15.773806,
        48.344251,
        190.0
      ],
      [
        15.772084,
        48.344526,
        190.0
      ],
      [
        15.770345,
        48.344792,
        190.5
      ],
      [
        15.769247,
        48.344942,
        191.75
      ],
      [
        15.767787,
        48.345183,
        190.5
      ],
      [
        15.76676,
        48.345324,
        190.0
      ],
      [
        15.765396,
        48.345535,
        189.75
      ],
      [
        15.76153,
        48.346097,
        190.25
      ],
      [
        15.759174,
        48.34646,
        191.0
      ],
      [
        15.759109,
        48.346463,
        191.0
      ],
      [
        15.759,
        48.346453,
        191.5
      ],
      [
        15.75863,
        48.346388,
        192.75
      ],
      [
        15.758539,
        48.346379,
        193.25
      ],
      [
        15.758424,
        48.346381,
        193.5
      ],
      [
        15.758161,
        48.346408,
        194.5
      ],
      [
        15.757198,
        48.346602,
        191.25
      ],
      [
        15.756313,
        48.346755,
        192.0
      ],
      [
        15.755428,
        48.346882,
        191.5
      ],
      [
        15.754138,
        48.34704,
        193.0
      ],
      [
        15.75393,
        48.347082,
        193.0
      ],
      [
        15.753348,
        48.34724,
        195.75
      ],
      [
        15.753305,
        48.347255,
        195.75
      ],
      [
        15.753263,
        48.347279,
        195.5
      ],
      [
        15.753203,
        48.347307,
        195.25
      ],
      [
        15.753105,
        48.347336,
        195.0
      ],
      [
        15.751297,
        48.347526,
        196.0
      ],
      [
        15.750751,
        48.347554,
        196.75
      ],
      [
        15.750189,
        48.347572,
        198.5
      ],
      [
        15.749982,
        48.347565,
        199.25
      ],
      [
        15.74895,
        48.347578,
        199.75
      ],
      [
        15.748503,
        48.347589,
        200.75
      ],
      [
        15.747468,
        48.347627,
        200.75
      ],
      [
        15.747274,
        48.347631,
        201.5
      ],
      [
        15.747006,
        48.347624,
        201.0
      ],
      [
        15.746261,
        48.347571,
        201.0
      ],
      [
        15.745508,
        48.34753,
        204.0
      ],
      [
        15.745376,
        48.347513,
        204.5
      ],
      [
        15.745211,
        48.347477,
        206.25
      ],
      [
        15.744916,
        48.347435,
        208.0
      ],
      [
        15.744719,
        48.347426,
        207.75
      ],
      [
        15.744316,
        48.347429,
        207.0
      ],
      [
        15.744169,
        48.347425,
        206.75
      ],
      [
        15.743444,
        48.347358,
        206.75
      ],
      [
        15.74329,
        48.34733,
        207.0
      ],
      [
        15.743083,
        48.347265,
        208.0
      ],
      [
        15.742684,
        48.347256,
        206.0
      ],
      [
        15.742628,
        48.347251,
        205.25
      ],
      [
        15.742443,
        48.347216,
        204.0
      ],
      [
        15.742362,
        48.347209,
        204.25
      ],
      [
        15.742272,
        48.347227,
        203.0
      ],
      [
        15.742067,
        48.347309,
        201.5
      ],
      [
        15.741992,
        48.347336,
        200.75
      ],
      [
        15.742411,
        48.347797,
        198.75
      ],
      [
        15.742506,
        48.347902,
        198.0
      ],
      [
        15.742553,
        48.347955,
        197.75
      ],
      [
        15.742493,
        48.34795,
        197.75
      ],
      [
        15.742362,
        48.34794,
        197.75
      ],
      [
        15.742168,
        48.347961,
        197.5
      ],
      [
        15.741832,
        48.347978,
        196.5
      ],
      [
        15.742168,
        48.347961,
        197.5
      ],
      [
        15.742362,
        48.34794,
        197.75
      ],
      [
        15.742493,
        48.34795,
        197.75
      ],
      [
        15.742553,
        48.347955,
        197.75
      ],
      [
        15.74262,
        48.348041,
        197.5
      ],
      [
        15.742661,
        48.348101,
        197.5
      ],
      [
        15.742694,
        48.34813,
        197.5
      ],
      [
        15.742755,
        48.348144,
        197.75
      ],
      [
        15.743478,
        48.348142,
        197.5
      ],
      [
        15.743775,
        48.348152,
        197.5
      ],
      [
        15.744297,
        48.348202,
        197.25
      ],
      [
        15.744621,
        48.348204,
        197.25
      ],
      [
        15.74533,
        48.348172,
        197.5
      ],
      [
        15.745435,
        48.348168,
        197.5
      ],
      [
        15.745639,
        48.348171,
        197.5
      ],
      [
        15.745669,
        48.348176,
        197.5
      ],
      [
        15.745718,
        48.348198,
        197.25
      ],
      [
        15.745755,
        48.348228,
        197.25
      ],
      [
        15.745775,
        48.348277,
        197.0
      ],
      [
        15.745859,
        48.348795,
        196.0
      ],
      [
        15.745864,
        48.34883,
        196.0
      ],
      [
        15.745875,
        48.348912,
        195.75
      ],
      [
        15.7459,
        48.349124,
        195.75
      ],
      [
        15.745975,
        48.349763,
        195.5
      ],
      [
        15.745984,
        48.349808,
        195.5
      ],
      [
        15.746052,
        48.349864,
        195.75
      ],
      [
        15.746148,
        48.349904,
        196.0
      ],
      [
        15.746102,
        48.349983,
        195.75
      ],
      [
        15.745946,
        48.349984,
        195.75
      ],
      [
        15.745763,
        48.349985,
        195.75
      ],
      [
        15.745682,
        48.349986,
        195.75
      ],
      [
        15.74559,
        48.349987,
        195.75
      ],
      [
        15.745496,
        48.349984,
        196.0
      ],
      [
        15.744964,
        48.349934,
        196.0
      ],
      [
        15.744828,
        48.349921,
        196.0
      ],
      [
        15.744674,
        48.349916,
        196.0
      ],
      [
        15.744554,
        48.349915,
        196.0
      ],
      [
        15.744037,
        48.349975,
        196.0
      ],
      [
        15.743524,
        48.350078,
        196.5
      ],
      [
        15.743287,
        48.35012,
        196.5
      ],
      [
        15.743314,
        48.350235,
        196.0
      ],
      [
        15.743294,
        48.350472,
        196.0
      ],
      [
        15.74317,
        48.350994,
        195.75
      ],
      [
        15.743158,
        48.351051,
        195.5
      ],
      [
        15.743154,
        48.351078,
        195.5
      ],
      [
        15.743203,
        48.351099,
        195.25
      ],
      [
        15.74324,
        48.351129,
        195.25
      ],
      [
        15.743262,
        48.351176,
        195.25
      ],
      [
        15.743259,
        48.351211,
        195.5
      ],
      [
        15.74324,
        48.351244,
        195.5
      ],
      [
        15.743206,
        48.351272,
        195.75
      ],
      [
        15.74314,
        48.351297,
        195.75
      ],
      [
        15.743058,
        48.351301,
        195.75
      ],
      [
        15.743007,
        48.351289,
        195.75
      ],
      [
        15.742963,
        48.351268,
        195.75
      ],
      [
        15.742932,
        48.351239,
        195.75
      ],
      [
        15.742917,
        48.351211,
        195.5
      ],
      [
        15.742913,
        48.351181,
        195.5
      ],
      [
        15.742921,
        48.351152,
        195.5
      ],
      [
        15.742884,
        48.351134,
        195.25
      ],
      [
        15.742802,
        48.351094,
        195.0
      ],
      [
        15.74259,
        48.35091,
        195.0
      ],
      [
        15.742541,
        48.350928,
        194.75
      ],
      [
        15.742414,
        48.35098,
        194.25
      ],
      [
        15.742222,
        48.351054,
        194.0
      ],
      [
        15.741993,
        48.351146,
        194.0
      ],
      [
        15.741938,
        48.35117,
        194.0
      ],
      [
        15.741905,
        48.351185,
        194.0
      ],
      [
        15.741747,
        48.351272,
        194.25
      ],
      [
        15.741872,
        48.351431,
        194.25
      ],
      [
        15.741834,
        48.35147,
        194.0
      ],
      [
        15.74205,
        48.351611,
        195.0
      ],
      [
        15.741969,
        48.351651,
        195.0
      ],
      [
        15.741285,
        48.351988,
        194.25
      ],
      [
        15.74114,
        48.352056,
        196.0
      ],
      [
        15.740811,
        48.352238,
        195.25
      ],
      [
        15.740452,
        48.352419,
        195.0
      ],
      [
        15.740489,
        48.352446,
        195.25
      ],
      [
        15.740302,
        48.352442,
        195.5
      ],
      [
        15.740216,
        48.352434,
        195.5
      ],
      [
        15.740126,
        48.352415,
        195.5
      ],
      [
        15.739984,
        48.35236,
        195.75
      ],
      [
        15.739895,
        48.35231,
        195.75
      ],
      [
        15.739725,
        48.352186,
        195.75
      ],
      [
        15.739248,
        48.351813,
        195.0
      ],
      [
        15.739026,
        48.351643,
        195.25
      ],
      [
        15.738965,
        48.351602,
        195.5
      ],
      [
        15.738618,
        48.351426,
        195.75
      ],
      [
        15.737666,
        48.350925,
        195.5
      ],
      [
        15.737045,
        48.350597,
        195.75
      ],
      [
        15.736935,
        48.350548,
        196.0
      ],
      [
        15.736509,
        48.350393,
        196.0
      ],
      [
        15.735266,
        48.349998,
        195.75
      ],
      [
        15.735077,
        48.349935,
        195.75
      ],
      [
        15.734936,
        48.349875,
        195.5
      ],
      [
        15.734807,
        48.34981,
        195.75
      ],
      [
        15.734584,
        48.349659,
        196.0
      ],
      [
        15.734494,
        48.349576,
        196.0
      ],
      [
        15.734405,
        48.349473,
        196.0
      ],
      [
        15.734323,
        48.349361,
        196.0
      ],
      [
        15.73426,
        48.349379,
        196.0
      ],
      [
        15.734175,
        48.349389,
        196.0
      ],
      [
        15.734116,
        48.349374,
        196.0
      ],
      [
        15.734062,
        48.349375,
        196.0
      ],
      [
        15.732783,
        48.34974,
        195.0
      ],
      [
        15.732706,
        48.34975,
        195.0
      ],
      [
        15.732618,
        48.349752,
        194.75
      ],
      [
        15.732529,
        48.349742,
        195.0
      ],
      [
        15.732344,
        48.349703,
        195.0
      ],
      [
        15.732221,
        48.349675,
        195.0
      ],
      [
        15.732101,
        48.349657,
        195.0
      ],
      [
        15.731997,
        48.34965,
        195.0
      ],
      [
        15.731916,
        48.349651,
        195.0
      ],
      [
        15.731685,
        48.34968,
        195.0
      ],
      [
        15.731538,
        48.349706,
        195.0
      ],
      [
        15.730767,
        48.34986,
        195.0
      ],
      [
        15.730284,
        48.349958,
        195.0
      ],
      [
        15.730088,
        48.350006,
        195.0
      ],
      [
        15.730036,
        48.350015,
        195.0
      ],
      [
        15.729928,
        48.350007,
        195.0
      ],
      [
        15.729598,
        48.35013,
        195.0
      ],
      [
        15.729448,
        48.350202,
        195.5
      ],
      [
        15.729319,
        48.350282,
        195.5
      ],
      [
        15.729187,
        48.350382,
        195.0
      ],
      [
        15.728615,
        48.350857,
        195.75
      ],
      [
        15.728335,
        48.351084,
        196.0
      ],
      [
        15.728179,
        48.3512,
        196.25
      ],
      [
        15.728062,
        48.35128,
        196.25
      ],
      [
        15.72788,
        48.351404,
        196.5
      ],
      [
        15.727846,
        48.351426,
        196.5
      ],
      [
        15.727697,
        48.351524,
        197.25
      ],
      [
        15.727583,
        48.351589,
        197.5
      ],
      [
        15.72747,
        48.35164,
        197.25
      ],
      [
        15.727083,
        48.35176,
        197.75
      ],
      [
        15.72677,
        48.351852,
        197.5
      ],
      [
        15.726174,
        48.352041,
        199.0
      ],
      [
        15.725856,
        48.352142,
        200.5
      ],
      [
        15.725613,
        48.352212,
        202.25
      ],
      [
        15.725228,
        48.352318,
        202.5
      ],
      [
        15.723427,
        48.352767,
        203.75
      ],
      [
        15.723075,
        48.352859,
        203.0
      ],
      [
        15.722176,
        48.353094,
        202.75
      ],
      [
        15.721776,
        48.353192,
        203.75
      ],
      [
        15.721834,
        48.353318,
        204.0
      ],
      [
        15.721885,
        48.353459,
        204.0
      ],
      [
        15.721914,
        48.353626,
        203.75
      ],
      [
        15.72192,
        48.353809,
        203.25
      ],
      [
        15.721894,
        48.354061,
        202.5
      ],
      [
        15.721839,
        48.354295,
        202.0
      ],
      [
        15.721536,
        48.355287,
        202.25
      ],
      [
        15.721424,
        48.355609,
        202.25
      ],
      [
        15.721363,
        48.355748,
        201.5
      ],
      [
        15.721283,
        48.355878,
        201.0
      ],
      [
        15.721161,
        48.356029,
        199.5
      ],
      [
        15.721075,
        48.356123,
        198.25
      ],
      [
        15.720897,
        48.356276,
        196.25
      ],
      [
        15.720733,
        48.356392,
        196.5
      ],
      [
        15.720168,
        48.356694,
        195.75
      ],
      [
        15.719936,
        48.356809,
        196.0
      ],
      [
        15.719731,
        48.356913,
        196.0
      ],
      [
        15.719009,
        48.357277,
        197.5
      ],
      [
        15.718866,
        48.357336,
        197.75
      ],
      [
        15.718656,
        48.357412,
        197.25
      ],
      [
        15.717697,
        48.357787,
        196.75
      ],
      [
        15.717161,
        48.357994,
        196.5
      ],
      [
        15.716971,
        48.358079,
        196.5
      ],
      [
        15.715699,
        48.358734,
        197.25
      ],
      [
        15.715613,
        48.358796,
        197.0
      ],
      [
        15.715014,
        48.359235,
        197.0
      ],
      [
        15.714084,
        48.35999,
        198.0
      ],
      [
        15.714045,
        48.360032,
        198.0
      ],
      [
        15.713866,
        48.360213,
        198.0
      ],
      [
        15.713781,
        48.360258,
        198.25
      ],
      [
        15.713608,
        48.360315,
        198.5
      ],
      [
        15.713505,
        48.360336,
        198.75
      ],
      [
        15.713123,
        48.360398,
        199.75
      ],
      [
        15.712716,
        48.36047,
        201.0
      ],
      [
        15.712725,
        48.360499,
        201.0
      ],
      [
        15.712761,
        48.360617,
        201.0
      ],
      [
        15.712776,
        48.360707,
        201.0
      ],
      [
        15.712777,
        48.360791,
        200.75
      ],
      [
        15.712756,
        48.360889,
        201.0
      ],
      [
        15.712643,
        48.361225,
        200.75
      ],
      [
        15.712592,
        48.361335,
        200.5
      ],
      [
        15.712426,
        48.361688,
        200.0
      ],
      [
        15.712226,
        48.362136,
        202.5
      ],
      [
        15.712142,
        48.362361,
        202.75
      ],
      [
        15.712084,
        48.362443,
        203.0
      ],
      [
        15.711947,
        48.36256,
        203.5
      ],
      [
        15.711819,
        48.362678,
        203.0
      ],
      [
        15.711796,
        48.362718,
        202.75
      ],
      [
        15.711783,
        48.362767,
        202.5
      ],
      [
        15.711722,
        48.36278,
        202.75
      ],
      [
        15.711671,
        48.362801,
        203.0
      ],
      [
        15.711591,
        48.362857,
        203.75
      ],
      [
        15.711564,
        48.362897,
        204.0
      ],
      [
        15.711554,
        48.362942,
        204.0
      ],
      [
        15.71156,
        48.363002,
        204.0
      ],
      [
        15.71159,
        48.363107,
        204.0
      ],
      [
        15.711633,
        48.363216,
        203.75
      ],
      [
        15.71167,
        48.363333,
        202.75
      ],
      [
        15.711662,
        48.363424,
        202.75
      ],
      [
        15.711625,
        48.363508,
        203.0
      ],
      [
        15.711586,
        48.363783,
        201.75
      ],
      [
        15.711591,
        48.363844,
        201.0
      ],
      [
        15.711705,
        48.364177,
        199.25
      ],
      [
        15.711726,
        48.364264,
        199.25
      ],
      [
        15.711727,
        48.364346,
        199.5
      ],
      [
        15.711689,
        48.364653,
        198.75
      ],
      [
        15.711652,
        48.365086,
        199.0
      ],
      [
        15.711641,
        48.365224,
        199.0
      ],
      [
        15.711701,
        48.365786,
        198.25
      ],
      [
        15.711705,
        48.365901,
        198.25
      ],
      [
        15.711687,
        48.36613,
        198.5
      ],
      [
        15.711666,
        48.366357,
        198.0
      ],
      [
        15.711635,
        48.366648,
        198.25
      ],
      [
        15.711608,
        48.366794,
        199.0
      ],
      [
        15.711515,
        48.3671,
        199.75
      ],
      [
        15.711455,
        48.367574,
        201.25
      ],
      [
        15.71144,
        48.367658,
        201.25
      ],
      [
        15.711404,
        48.367779,
        201.0
      ],
      [
        15.711373,
        48.367857,
        202.0
      ],
      [
        15.711293,
        48.368009,
        203.25
      ],
      [
        15.711207,
        48.368177,
        202.5
      ],
      [
        15.711142,
        48.368305,
        202.0
      ],
      [
        15.71108,
        48.368456,
        202.75
      ],
      [
        15.711042,
        48.368593,
        203.75
      ],
      [
        15.710991,
        48.368995,
        205.75
      ],
      [
        15.710962,
        48.369116,
        206.25
      ],
      [
        15.710924,
        48.369219,
        206.5
      ],
      [
        15.710831,
        48.369385,
        205.75
      ],
      [
        15.710616,
        48.369665,
        206.5
      ],
      [
        15.710554,
        48.369769,
        206.0
      ],
      [
        15.71052,
        48.369852,
        207.5
      ],
      [
        15.710496,
        48.369939,
        208.0
      ],
      [
        15.710488,
        48.370001,
        207.75
      ],
      [
        15.710497,
        48.370068,
        208.5
      ],
      [
        15.710541,
        48.370226,
        209.0
      ],
      [
        15.71061,
        48.3704,
        208.5
      ],
      [
        15.710658,
        48.370457,
        208.25
      ],
      [
        15.710718,
        48.370508,
        208.0
      ],
      [
        15.71059,
        48.370571,
        208.5
      ],
      [
        15.710386,
        48.37071,
        211.5
      ],
      [
        15.710229,
        48.370837,
        210.75
      ],
      [
        15.709877,
        48.371126,
        212.75
      ],
      [
        15.709609,
        48.371315,
        214.5
      ],
      [
        15.709374,
        48.371434,
        214.5
      ],
      [
        15.70912,
        48.371527,
        217.75
      ],
      [
        15.708805,
        48.371627,
        218.0
      ],
      [
        15.708119,
        48.37182,
        220.25
      ],
      [
        15.707769,
        48.371926,
        217.25
      ],
      [
        15.707699,
        48.37195,
        217.75
      ],
      [
        15.707501,
        48.372039,
        218.5
      ],
      [
        15.707304,
        48.372144,
        217.75
      ],
      [
        15.707041,
        48.372309,
        217.25
      ],
      [
        15.706797,
        48.372493,
        217.0
      ],
      [
        15.706483,
        48.372773,
        215.5
      ],
      [
        15.706297,
        48.372968,
        216.5
      ],
      [
        15.705776,
        48.373553,
        216.0
      ],
      [
        15.705645,
        48.373671,
        215.75
      ],
      [
        15.705051,
        48.374129,
        213.5
      ],
      [
        15.704829,
        48.374291,
        214.0
      ],
      [
        15.704482,
        48.374567,
        213.75
      ],
      [
        15.703613,
        48.375322,
        212.0
      ],
      [
        15.70329,
        48.375554,
        211.75
      ],
      [
        15.703073,
        48.37569,
        212.25
      ],
      [
        15.702932,
        48.375769,
        211.5
      ],
      [
        15.702389,
        48.376031,
        210.5
      ],
      [
        15.702341,
        48.376065,
        210.0
      ],
      [
        15.702096,
        48.376277,
        210.0
      ],
      [
        15.701957,
        48.376381,
        208.0
      ],
      [
        15.701514,
        48.37661,
        208.75
      ],
      [
        15.701127,
        48.376794,
        209.5
      ],
      [
        15.700619,
        48.376995,
        204.5
      ],
      [
        15.70026,
        48.377153,
        203.5
      ],
      [
        15.700071,
        48.377248,
        201.0
      ],
      [
        15.699602,
        48.377507,
        199.75
      ],
      [
        15.699547,
        48.37755,
        199.5
      ],
      [
        15.69931,
        48.377771,
        197.5
      ],
      [
        15.699137,
        48.377949,
        196.75
      ],
      [
        15.698988,
        48.378056,
        196.5
      ],
      [
        15.698851,
        48.378126,
        196.0
      ],
      [
        15.698508,
        48.378278,
        196.75
      ],
      [
        15.698131,
        48.37844,
        195.0
      ],
      [
        15.697762,
        48.37857,
        196.25
      ],
      [
        15.697339,
        48.378653,
        196.0
      ],
      [
        15.696301,
        48.378917,
        195.75
      ],
      [
        15.695451,
        48.379116,
        196.25
      ],
      [
        15.694533,
        48.379331,
        196.5
      ],
      [
        15.69423,
        48.379395,
        195.75
      ],
      [
        15.693824,
        48.379503,
        194.25
      ],
      [
        15.693628,
        48.379537,
        194.25
      ],
      [
        15.693334,
        48.379566,
        194.5
      ],
      [
        15.692992,
        48.379583,
        195.0
      ],
      [
        15.69277,
        48.379613,
        194.75
      ],
      [
        15.692331,
        48.379694,
        195.0
      ],
      [
        15.691973,
        48.379738,
        195.5
      ],
      [
        15.691846,
        48.379746,
        196.25
      ],
      [
        15.691708,
        48.379745,
        197.25
      ],
      [
        15.691149,
        48.379709,
        200.0
      ],
      [
        15.690945,
        48.37968,
        201.0
      ],
      [
        15.690827,
        48.379675,
        201.5
      ],
      [
        15.690739,
        48.379676,
        201.75
      ],
      [
        15.690442,
        48.379701,
        202.5
      ],
      [
        15.690385,
        48.379705,
        202.5
      ],
      [
        15.690042,
        48.379726,
        202.75
      ],
      [
        15.689184,
        48.379815,
        202.75
      ],
      [
        15.689108,
        48.379845,
        203.0
      ],
      [
        15.689031,
        48.379896,
        203.75
      ],
      [
        15.688901,
        48.380018,
        204.75
      ],
      [
        15.688817,
        48.380082,
        203.25
      ],
      [
        15.688714,
        48.380122,
        202.0
      ],
      [
        15.688588,
        48.380151,
        201.25
      ],
      [
        15.688331,
        48.380158,
        201.25
      ],
      [
        15.688177,
        48.380148,
        201.75
      ],
      [
        15.688048,
        48.380128,
        202.25
      ],
      [
        15.687213,
        48.379907,
        203.75
      ],
      [
        15.686917,
        48.379845,
        203.25
      ],
      [
        15.686394,
        48.379761,
        204.5
      ],
      [
        15.6862,
        48.379742,
        205.75
      ],
      [
        15.68595,
        48.379737,
        206.25
      ],
      [
        15.685669,
        48.379743,
        206.25
      ],
      [
        15.685174,
        48.37978,
        207.0
      ],
      [
        15.684741,
        48.379829,
        209.75
      ],
      [
        15.684563,
        48.379834,
        209.25
      ],
      [
        15.68441,
        48.379826,
        208.75
      ],
      [
        15.684257,
        48.379794,
        207.75
      ],
      [
        15.684124,
        48.379752,
        207.5
      ],
      [
        15.68345,
        48.379506,
        209.75
      ],
      [
        15.683309,
        48.379463,
        209.75
      ],
      [
        15.683182,
        48.379435,
        210.0
      ],
      [
        15.682391,
        48.379298,
        213.5
      ],
      [
        15.68135,
        48.379068,
        212.25
      ],
      [
        15.681017,
        48.378969,
        211.5
      ],
      [
        15.680882,
        48.378917,
        209.75
      ],
      [
        15.680608,
        48.378801,
        210.75
      ],
      [
        15.680407,
        48.378729,
        210.0
      ],
      [
        15.68025,
        48.378693,
        208.75
      ],
      [
        15.680027,
        48.378656,
        209.25
      ],
      [
        15.678695,
        48.378579,
        214.0
      ],
      [
        15.678377,
        48.378548,
        215.25
      ],
      [
        15.67807,
        48.378509,
        214.75
      ],
      [
        15.677647,
        48.378441,
        213.75
      ],
      [
        15.676981,
        48.378322,
        209.25
      ],
      [
        15.676795,
        48.378292,
        209.5
      ],
      [
        15.676609,
        48.37827,
        209.5
      ],
      [
        15.676495,
        48.378261,
        209.25
      ],
      [
        15.676217,
        48.378242,
        208.25
      ],
      [
        15.675816,
        48.378231,
        207.25
      ],
      [
        15.675306,
        48.378222,
        204.5
      ],
      [
        15.674876,
        48.378193,
        202.0
      ],
      [
        15.674413,
        48.378132,
        200.75
      ],
      [
        15.674127,
        48.378074,
        199.25
      ],
      [
        15.673624,
        48.377947,
        197.75
      ],
      [
        15.673002,
        48.37777,
        195.5
      ],
      [
        15.672722,
        48.37768,
        195.0
      ],
      [
        15.672558,
        48.377616,
        195.0
      ],
      [
        15.672383,
        48.377534,
        195.25
      ],
      [
        15.672083,
        48.377372,
        195.5
      ],
      [
        15.671675,
        48.377134,
        196.0
      ],
      [
        15.671083,
        48.376784,
        194.5
      ],
      [
        15.670633,
        48.376532,
        193.75
      ],
      [
        15.670338,
        48.376381,
        195.0
      ],
      [
        15.669997,
        48.37623,
        194.75
      ],
      [
        15.669764,
        48.376149,
        194.5
      ],
      [
        15.669525,
        48.376083,
        194.25
      ],
      [
        15.669283,
        48.376024,
        194.0
      ],
      [
        15.669054,
        48.375977,
        194.0
      ],
      [
        15.66882,
        48.375938,
        193.75
      ],
      [
        15.668515,
        48.375894,
        194.5
      ],
      [
        15.66824,
        48.375854,
        194.75
      ],
      [
        15.668074,
        48.375826,
        195.0
      ],
      [
        15.667758,
        48.37577,
        195.75
      ],
      [
        15.667415,
        48.375698,
        194.75
      ],
      [
        15.667133,
        48.375625,
        195.5
      ],
      [
        15.666832,
        48.375529,
        195.5
      ],
      [
        15.666327,
        48.375348,
        196.75
      ],
      [
        15.666033,
        48.375271,
        195.75
      ],
      [
        15.665755,
        48.375228,
        196.75
      ],
      [
        15.665559,
        48.37521,
        197.5
      ],
      [
        15.665051,
        48.375218,
        197.25
      ],
      [
        15.664903,
        48.375193,
        197.0
      ],
      [
        15.664594,
        48.375121,
        197.25
      ],
      [
        15.664209,
        48.375083,
        196.25
      ],
      [
        15.663905,
        48.375058,
        197.0
      ],
      [
        15.66355,
        48.375051,
        197.25
      ],
      [
        15.663192,
        48.375071,
        198.25
      ],
      [
        15.662802,
        48.375119,
        198.75
      ],
      [
        15.662501,
        48.375173,
        201.25
      ],
      [
        15.662239,
        48.375237,
        201.25
      ],
      [
        15.661755,
        48.375384,
        200.5
      ],
      [
        15.661466,
        48.375484,
        200.25
      ],
      [
        15.66102,
        48.375687,
        198.5
      ],
      [
        15.660646,
        48.375883,
        196.0
      ],
      [
        15.660543,
        48.375943,
        196.0
      ],
      [
        15.660491,
        48.375973,
        196.0
      ],
      [
        15.659737,
        48.376407,
        196.75
      ],
      [
        15.659567,
        48.376497,
        196.0
      ],
      [
        15.659184,
        48.37668,
        196.5
      ],
      [
        15.658055,
        48.377185,
        197.25
      ],
      [
        15.65744,
        48.377419,
        198.25
      ],
      [
        15.656797,
        48.37764,
        199.75
      ],
      [
        15.656642,
        48.377705,
        200.25
      ],
      [
        15.656503,
        48.377763,
        199.75
      ],
      [
        15.656217,
        48.377936,
        200.25
      ],
      [
        15.656007,
        48.378092,
        200.5
      ],
      [
        15.655544,
        48.378545,
        201.0
      ],
      [
        15.655398,
        48.378682,
        200.5
      ],
      [
        15.655022,
        48.37902,
        199.25
      ],
      [
        15.654829,
        48.379156,
        199.0
      ],
      [
        15.654637,
        48.379269,
        197.5
      ],
      [
        15.654406,
        48.379376,
        197.0
      ],
      [
        15.654113,
        48.379494,
        197.25
      ],
      [
        15.65391,
        48.379559,
        196.5
      ],
      [
        15.653856,
        48.379578,
        196.5
      ],
      [
        15.653126,
        48.379814,
        196.75
      ],
      [
        15.652763,
        48.379931,
        197.25
      ],
      [
        15.652492,
        48.380031,
        196.75
      ],
      [
        15.651815,
        48.380276,
        197.0
      ],
      [
        15.651597,
        48.380325,
        197.0
      ],
      [
        15.651325,
        48.380369,
        198.0
      ],
      [
        15.650993,
        48.38042,
        199.0
      ],
      [
        15.650849,
        48.380431,
        199.25
      ],
      [
        15.650725,
        48.380408,
        199.5
      ],
      [
        15.65071,
        48.380445,
        199.25
      ],
      [
        15.650669,
        48.380539,
        198.5
      ],
      [
        15.650703,
        48.380754,
        197.25
      ],
      [
        15.650693,
        48.380874,
        196.5
      ],
      [
        15.65039,
        48.380997,
        195.5
      ],
      [
        15.64997,
        48.381155,
        195.25
      ],
      [
        15.649698,
        48.381288,
        194.0
      ],
      [
        15.649132,
        48.381611,
        195.5
      ],
      [
        15.648759,
        48.381849,
        195.0
      ],
      [
        15.648167,
        48.382308,
        193.75
      ],
      [
        15.647856,
        48.382671,
        194.0
      ],
      [
        15.647541,
        48.383092,
        194.5
      ],
      [
        15.647425,
        48.383277,
        194.25
      ],
      [
        15.647398,
        48.383344,
        194.25
      ],
      [
        15.647328,
        48.383597,
        194.0
      ],
      [
        15.647313,
        48.383652,
        194.0
      ],
      [
        15.647246,
        48.384108,
        194.0
      ],
      [
        15.647239,
        48.384147,
        194.0
      ],
      [
        15.647121,
        48.384654,
        194.25
      ],
      [
        15.647068,
        48.384791,
        194.25
      ],
      [
        15.646831,
        48.385212,
        194.75
      ],
      [
        15.646685,
        48.385717,
        195.0
      ],
      [
        15.64662,
        48.385857,
        194.75
      ],
      [
        15.646536,
        48.385966,
        194.25
      ],
      [
        15.646353,
        48.386144,
        194.75
      ],
      [
        15.646266,
        48.386174,
        194.5
      ],
      [
        15.646169,
        48.386167,
        194.75
      ],
      [
        15.64607,
        48.386126,
        194.75
      ],
      [
        15.646102,
        48.386234,
        194.5
      ],
      [
        15.646105,
        48.386305,
        194.25
      ],
      [
        15.646133,
        48.386383,
        193.75
      ],
      [
        15.646124,
        48.386416,
        193.75
      ],
      [
        15.645989,
        48.386604,
        193.5
      ],
      [
        15.645596,
        48.387014,
        193.5
      ],
      [
        15.645401,
        48.387225,
        193.5
      ],
      [
        15.644771,
        48.387768,
        195.0
      ],
      [
        15.644472,
        48.387991,
        194.5
      ],
      [
        15.643364,
        48.388728,
        194.5
      ],
      [
        15.643136,
        48.388868,
        194.25
      ],
      [
        15.642897,
        48.389087,
        193.75
      ],
      [
        15.64259,
        48.389291,
        193.25
      ],
      [
        15.642522,
        48.389318,
        193.25
      ],
      [
        15.642219,
        48.389501,
        192.5
      ],
      [
        15.642003,
        48.389673,
        192.75
      ],
      [
        15.641726,
        48.389924,
        192.75
      ],
      [
        15.641351,
        48.390198,
        192.75
      ],
      [
        15.641061,
        48.390392,
        193.5
      ],
      [
        15.64079,
        48.390527,
        193.5
      ],
      [
        15.640075,
        48.390824,
        193.0
      ],
      [
        15.639795,
        48.390956,
        194.0
      ],
      [
        15.639614,
        48.391016,
        194.75
      ],
      [
        15.639414,
        48.391062,
        194.75
      ],
      [
        15.639067,
        48.39112,
        193.25
      ],
      [
        15.638877,
        48.391128,
        193.75
      ],
      [
        15.638243,
        48.391123,
        193.75
      ],
      [
        15.637635,
        48.391169,
        194.5
      ],
      [
        15.637338,
        48.39121,
        195.0
      ],
      [
        15.637154,
        48.39126,
        194.75
      ],
      [
        15.636341,
        48.391441,
        194.0
      ],
      [
        15.635413,
        48.391552,
        200.75
      ],
      [
        15.635071,
        48.391645,
        196.25
      ],
      [
        15.634687,
        48.391674,
        195.5
      ],
      [
        15.634389,
        48.391661,
        193.0
      ],
      [
        15.63376,
        48.391567,
        193.0
      ],
      [
        15.633519,
        48.391545,
        192.5
      ],
      [
        15.633354,
        48.391488,
        192.5
      ],
      [
        15.633,
        48.391336,
        193.5
      ],
      [
        15.63278,
        48.391302,
        193.5
      ],
      [
        15.632591,
        48.39129,
        193.25
      ],
      [
        15.632648,
        48.391598,
        193.0
      ],
      [
        15.632679,
        48.391832,
        192.0
      ],
      [
        15.632751,
        48.392044,
        192.75
      ],
      [
        15.632917,
        48.392512,
        193.25
      ],
      [
        15.632623,
        48.392562,
        194.5
      ],
      [
        15.632367,
        48.392615,
        195.25
      ],
      [
        15.632084,
        48.392688,
        194.5
      ],
      [
        15.631774,
        48.392779,
        193.5
      ],
      [
        15.631221,
        48.392971,
        194.5
      ],
      [
        15.631023,
        48.393049,
        194.0
      ],
      [
        15.630799,
        48.39315,
        195.0
      ],
      [
        15.630467,
        48.393326,
        194.0
      ],
      [
        15.629864,
        48.393668,
        195.75
      ],
      [
        15.629678,
        48.393802,
        195.25
      ],
      [
        15.629418,
        48.394014,
        195.0
      ],
      [
        15.62904,
        48.394356,
        195.0
      ],
      [
        15.628731,
        48.39469,
        195.25
      ],
      [
        15.628202,
        48.395358,
        195.25
      ],
      [
        15.627982,
        48.395668,
        195.25
      ],
      [
        15.62729,
        48.396589,
        195.25
      ],
      [
        15.627016,
        48.397013,
        194.5
      ],
      [
        15.626954,
        48.397097,
        194.25
      ],
      [
        15.626766,
        48.397317,
        194.5
      ],
      [
        15.626701,
        48.397367,
        194.5
      ],
      [
        15.626616,
        48.39741,
        194.5
      ],
      [
        15.626258,
        48.397574,
        195.75
      ],
      [
        15.625979,
        48.397712,
        195.75
      ],
      [
        15.625843,
        48.397774,
        197.75
      ],
      [
        15.62571,
        48.397825,
        196.5
      ],
      [
        15.625437,
        48.397901,
        195.0
      ],
      [
        15.62531,
        48.397927,
        195.25
      ],
      [
        15.625033,
        48.397959,
        195.25
      ],
      [
        15.625035,
        48.398086,
        195.25
      ],
      [
        15.625274,
        48.398084,
        195.5
      ],
      [
        15.625273,
        48.398041,
        195.5
      ],
      [
        15.625044,
        48.398043,
        195.75
      ],
      [
        15.625044,
        48.398081,
        195.75
      ],
      [
        15.625262,
        48.398079,
        195.75
      ],
      [
        15.625262,
        48.398047,
        195.75
      ],
      [
        15.625058,
        48.398049,
        196.0
      ],
      [
        15.624993,
        48.39805,
        196.0
      ],
      [
        15.624958,
        48.398233,
        196.0
      ],
      [
        15.624928,
        48.398467,
        196.25
      ],
      [
        15.624908,
        48.398879,
        196.5
      ],
      [
        15.62492,
        48.399492,
        197.0
      ],
      [
        15.624981,
        48.401403,
        198.5
      ],
      [
        15.625111,
        48.405517,
        201.5
      ],
      [
        15.625137,
        48.406298,
        202.0
      ],
      [
        15.625208,
        48.407137,
        202.75
      ],
      [
        15.625244,
        48.407385,
        203.0
      ],
      [
        15.625271,
        48.40753,
        203.0
      ],
      [
        15.625463,
        48.407903,
        201.25
      ],
      [
        15.625485,
        48.407933,
        201.25
      ],
      [
        15.625509,
        48.40794,
        201.0
      ],
      [
        15.625523,
        48.407928,
        200.75
      ],
      [
        15.625526,
        48.407895,
        200.5
      ],
      [
        15.625494,
        48.407703,
        199.5
      ],
      [
        15.625439,
        48.407455,
        199.25
      ],
      [
        15.625412,
        48.407409,
        199.25
      ],
      [
        15.625374,
        48.407381,
        199.5
      ],
      [
        15.625329,
        48.40736,
        199.75
      ],
      [
        15.625271,
        48.407349,
        200.25
      ],
      [
        15.625017,
        48.407351,
        199.75
      ],
      [
        15.624758,
        48.407353,
        198.5
      ],
      [
        15.624666,
        48.407362,
        198.0
      ],
      [
        15.624545,
        48.407385,
        197.0
      ],
      [
        15.623992,
        48.407533,
        194.5
      ],
      [
        15.623676,
        48.407607,
        194.25
      ],
      [
        15.623349,
        48.407683,
        194.5
      ],
      [
        15.623218,
        48.407683,
        195.25
      ],
      [
        15.622985,
        48.407686,
        195.5
      ],
      [
        15.622855,
        48.407686,
        194.5
      ],
      [
        15.622833,
        48.408034,
        194.75
      ],
      [
        15.62283,
        48.408325,
        194.5
      ],
      [
        15.622874,
        48.408421,
        194.5
      ],
      [
        15.622936,
        48.4085,
        194.5
      ],
      [
        15.623034,
        48.408621,
        194.0
      ],
      [
        15.623177,
        48.408753,
        195.0
      ],
      [
        15.623385,
        48.408891,
        194.5
      ],
      [
        15.624026,
        48.409237,
        195.75
      ],
      [
        15.624208,
        48.40935,
        195.75
      ],
      [
        15.62436,
        48.409493,
        195.0
      ],
      [
        15.624459,
        48.409656,
        194.5
      ],
      [
        15.624531,
        48.409833,
        194.75
      ],
      [
        15.624581,
        48.410003,
        194.25
      ],
      [
        15.624588,
        48.410025,
        194.25
      ],
      [
        15.624233,
        48.410072,
        193.25
      ],
      [
        15.623503,
        48.410163,
        194.0
      ],
      [
        15.622661,
        48.410269,
        194.0
      ],
      [
        15.621718,
        48.410381,
        193.5
      ],
      [
        15.621447,
        48.410381,
        193.75
      ],
      [
        15.621304,
        48.410397,
        194.0
      ],
      [
        15.62097,
        48.41046,
        194.25
      ],
      [
        15.620854,
        48.41047,
        194.25
      ],
      [
        15.620654,
        48.410476,
        194.25
      ],
      [
        15.620512,
        48.410482,
        194.25
      ],
      [
        15.620516,
        48.410531,
        194.0
      ],
      [
        15.620519,
        48.410569,
        193.75
      ],
      [
        15.620483,
        48.410589,
        193.75
      ],
      [
        15.620262,
        48.410605,
        193.75
      ],
      [
        15.619991,
        48.410605,
        193.75
      ],
      [
        15.619941,
        48.410611,
        193.75
      ],
      [
        15.619921,
        48.410627,
        193.75
      ],
      [
        15.619917,
        48.410642,
        193.75
      ],
      [
        15.619878,
        48.410912,
        193.25
      ],
      [
        15.619873,
        48.410932,
        193.25
      ],
      [
        15.619575,
        48.410897,
        193.0
      ],
      [
        15.618734,
        48.410746,
        193.75
      ],
      [
        15.618242,
        48.410674,
        193.25
      ],
      [
        15.61809,
        48.410661,
        193.25
      ],
      [
        15.6179,
        48.410653,
        193.5
      ],
      [
        15.617641,
        48.410652,
        193.5
      ],
      [
        15.616875,
        48.410676,
        193.25
      ],
      [
        15.616475,
        48.410694,
        193.75
      ],
      [
        15.616427,
        48.410695,
        193.75
      ],
      [
        15.616375,
        48.410697,
        194.0
      ],
      [
        15.615913,
        48.410704,
        194.0
      ],
      [
        15.615465,
        48.410709,
        194.25
      ],
      [
        15.61494,
        48.410704,
        194.0
      ],
      [
        15.614658,
        48.410693,
        193.75
      ],
      [
        15.614406,
        48.410672,
        193.75
      ],
      [
        15.614182,
        48.410643,
        194.25
      ],
      [
        15.613977,
        48.410606,
        194.0
      ],
      [
        15.613743,
        48.410552,
        194.5
      ],
      [
        15.61294,
        48.410323,
        194.0
      ],
      [
        15.61276,
        48.410283,
        194.0
      ],
      [
        15.612523,
        48.410245,
        194.0
      ],
      [
        15.612286,
        48.410215,
        194.0
      ],
      [
        15.612052,
        48.4102,
        194.25
      ],
      [
        15.611854,
        48.410199,
        194.5
      ],
      [
        15.610821,
        48.410301,
        195.0
      ],
      [
        15.610716,
        48.410304,
        195.0
      ],
      [
        15.610272,
        48.410382,
        194.25
      ],
      [
        15.609995,
        48.410414,
        194.25
      ],
      [
        15.609411,
        48.410539,
        195.0
      ],
      [
        15.609039,
        48.41063,
        194.75
      ],
      [
        15.608767,
        48.410705,
        195.0
      ],
      [
        15.608644,
        48.410749,
        195.25
      ],
      [
        15.608537,
        48.4108,
        195.5
      ],
      [
        15.608428,
        48.41087,
        195.25
      ],
      [
        15.608315,
        48.410955,
        195.25
      ],
      [
        15.60819,
        48.411104,
        195.75
      ],
      [
        15.608141,
        48.411175,
        196.0
      ],
      [
        15.607826,
        48.411638,
        197.5
      ],
      [
        15.60779,
        48.411688,
        197.75
      ],
      [
        15.607758,
        48.411734,
        197.75
      ],
      [
        15.607704,
        48.411705,
        197.75
      ],
      [
        15.607582,
        48.411636,
        197.75
      ],
      [
        15.607358,
        48.411495,
        196.25
      ],
      [
        15.607132,
        48.411331,
        196.25
      ],
      [
        15.607113,
        48.41132,
        196.5
      ],
      [
        15.607016,
        48.41126,
        197.5
      ],
      [
        15.606906,
        48.411192,
        198.0
      ],
      [
        15.606832,
        48.411152,
        198.0
      ],
      [
        15.606804,
        48.411138,
        197.75
      ],
      [
        15.606663,
        48.411073,
        197.75
      ],
      [
        15.606338,
        48.410945,
        197.0
      ],
      [
        15.605878,
        48.410784,
        197.0
      ],
      [
        15.60583,
        48.410765,
        197.0
      ],
      [
        15.605769,
        48.410743,
        197.0
      ],
      [
        15.605667,
        48.410707,
        197.0
      ],
      [
        15.605596,
        48.410684,
        197.0
      ],
      [
        15.605235,
        48.410557,
        197.0
      ],
      [
        15.604422,
        48.41028,
        197.0
      ],
      [
        15.603899,
        48.410097,
        197.0
      ],
      [
        15.603801,
        48.410061,
        197.0
      ],
      [
        15.603733,
        48.410037,
        197.0
      ],
      [
        15.60364,
        48.410004,
        196.75
      ],
      [
        15.60359,
        48.409986,
        197.0
      ],
      [
        15.601908,
        48.409406,
        197.0
      ],
      [
        15.60185,
        48.409384,
        197.0
      ],
      [
        15.601729,
        48.40933,
        197.0
      ],
      [
        15.601691,
        48.409362,
        197.0
      ],
      [
        15.60153,
        48.409562,
        197.0
      ],
      [
        15.601472,
        48.409589,
        197.0
      ],
      [
        15.601418,
        48.409647,
        197.0
      ],
      [
        15.601089,
        48.41004,
        197.0
      ],
      [
        15.60106,
        48.410073,
        197.0
      ],
      [
        15.601103,
        48.410119,
        197.0
      ],
      [
        15.601177,
        48.410163,
        197.0
      ],
      [
        15.601508,
        48.410368,
        197.0
      ],
      [
        15.601465,
        48.410387,
        197.0
      ],
      [
        15.601322,
        48.410451,
        197.0
      ],
      [
        15.601254,
        48.410481,
        197.25
      ],
      [
        15.601077,
        48.41056,
        198.0
      ],
      [
        15.600836,
        48.410749,
        198.5
      ],
      [
        15.600754,
        48.410867,
        199.0
      ],
      [
        15.60074,
        48.410902,
        199.75
      ],
      [
        15.600754,
        48.410867,
        199.0
      ],
      [
        15.600836,
        48.410749,
        198.5
      ],
      [
        15.601077,
        48.41056,
        198.0
      ],
      [
        15.601254,
        48.410481,
        197.25
      ],
      [
        15.601322,
        48.410451,
        197.0
      ],
      [
        15.601465,
        48.410387,
        197.0
      ],
      [
        15.601508,
        48.410368,
        197.0
      ],
      [
        15.601615,
        48.410445,
        197.0
      ],
      [
        15.601925,
        48.410655,
        197.0
      ],
      [
        15.602484,
        48.410959,
        197.0
      ],
      [
        15.602519,
        48.410978,
        197.0
      ],
      [
        15.60256,
        48.410962,
        197.0
      ],
      [
        15.602607,
        48.410936,
        197.0
      ],
      [
        15.602968,
        48.410648,
        196.75
      ],
      [
        15.603002,
        48.410622,
        197.0
      ],
      [
        15.60347,
        48.410245,
        197.0
      ],
      [
        15.603733,
        48.410037,
        197.0
      ],
      [
        15.603803,
        48.409971,
        196.75
      ],
      [
        15.603873,
        48.409904,
        197.0
      ],
      [
        15.604007,
        48.409952,
        197.0
      ],
      [
        15.605012,
        48.410301,
        197.0
      ],
      [
        15.605344,
        48.410416,
        197.0
      ],
      [
        15.605424,
        48.410443,
        197.0
      ],
      [
        15.605508,
        48.410472,
        197.0
      ],
      [
        15.605709,
        48.410542,
        197.5
      ],
      [
        15.606504,
        48.410824,
        197.25
      ],
      [
        15.606748,
        48.410922,
        198.0
      ],
      [
        15.606979,
        48.411039,
        198.0
      ],
      [
        15.607063,
        48.411092,
        198.0
      ],
      [
        15.60713,
        48.411152,
        197.5
      ],
      [
        15.607167,
        48.411184,
        197.25
      ],
      [
        15.607238,
        48.411243,
        196.5
      ],
      [
        15.607256,
        48.411258,
        196.25
      ],
      [
        15.607477,
        48.411425,
        196.0
      ],
      [
        15.607507,
        48.411447,
        196.25
      ],
      [
        15.607738,
        48.411593,
        197.5
      ],
      [
        15.607826,
        48.411638,
        197.5
      ],
      [
        15.608141,
        48.411175,
        196.0
      ],
      [
        15.60819,
        48.411104,
        195.75
      ],
      [
        15.608315,
        48.410955,
        195.25
      ],
      [
        15.608428,
        48.41087,
        195.25
      ],
      [
        15.608537,
        48.4108,
        195.5
      ],
      [
        15.608644,
        48.410749,
        195.25
      ],
      [
        15.608767,
        48.410705,
        195.0
      ],
      [
        15.609039,
        48.41063,
        194.75
      ],
      [
        15.609411,
        48.410539,
        195.0
      ],
      [
        15.609995,
        48.410414,
        194.25
      ],
      [
        15.610272,
        48.410382,
        194.25
      ],
      [
        15.610716,
        48.410304,
        195.0
      ],
      [
        15.610821,
        48.410301,
        195.0
      ],
      [
        15.611854,
        48.410199,
        194.5
      ],
      [
        15.612052,
        48.4102,
        194.25
      ],
      [
        15.612286,
        48.410215,
        194.0
      ],
      [
        15.612523,
        48.410245,
        194.0
      ],
      [
        15.61276,
        48.410283,
        194.0
      ],
      [
        15.61294,
        48.410323,
        194.0
      ],
      [
        15.613743,
        48.410552,
        194.5
      ],
      [
        15.613977,
        48.410606,
        194.0
      ],
      [
        15.614182,
        48.410643,
        194.25
      ],
      [
        15.614406,
        48.410672,
        193.75
      ],
      [
        15.614658,
        48.410693,
        193.75
      ],
      [
        15.61494,
        48.410704,
        194.0
      ],
      [
        15.615465,
        48.410709,
        194.25
      ],
      [
        15.615913,
        48.410704,
        194.0
      ],
      [
        15.616375,
        48.410697,
        194.0
      ],
      [
        15.616427,
        48.410695,
        193.75
      ],
      [
        15.616475,
        48.410694,
        193.75
      ],
      [
        15.616875,
        48.410676,
        193.25
      ],
      [
        15.617641,
        48.410652,
        193.5
      ],
      [
        15.6179,
        48.410653,
        193.5
      ],
      [
        15.61809,
        48.410661,
        193.25
      ],
      [
        15.618242,
        48.410674,
        193.25
      ],
      [
        15.618734,
        48.410746,
        193.75
      ],
      [
        15.619575,
        48.410897,
        193.0
      ],
      [
        15.619873,
        48.410932,
        193.25
      ],
      [
        15.619878,
        48.410912,
        193.25
      ],
      [
        15.619917,
        48.410642,
        193.75
      ],
      [
        15.619921,
        48.410627,
        193.75
      ],
      [
        15.619941,
        48.410611,
        193.75
      ],
      [
        15.619991,
        48.410605,
        193.75
      ],
      [
        15.620262,
        48.410605,
        193.75
      ],
      [
        15.620483,
        48.410589,
        193.75
      ],
      [
        15.620519,
        48.410569,
        193.75
      ],
      [
        15.620516,
        48.410531,
        194.0
      ],
      [
        15.620512,
        48.410482,
        194.25
      ],
      [
        15.620654,
        48.410476,
        194.25
      ],
      [
        15.620854,
        48.41047,
        194.25
      ],
      [
        15.62097,
        48.41046,
        194.25
      ],
      [
        15.621304,
        48.410397,
        194.0
      ],
      [
        15.621447,
        48.410381,
        193.75
      ],
      [
        15.621718,
        48.410381,
        193.5
      ],
      [
        15.622661,
        48.410269,
        194.0
      ],
      [
        15.623503,
        48.410163,
        194.0
      ],
      [
        15.624233,
        48.410072,
        193.25
      ],
      [
        15.624588,
        48.410025,
        194.25
      ],
      [
        15.624581,
        48.410003,
        194.25
      ],
      [
        15.624531,
        48.409833,
        194.75
      ],
      [
        15.624459,
        48.409656,
        194.5
      ],
      [
        15.62436,
        48.409493,
        195.0
      ],
      [
        15.624208,
        48.40935,
        195.75
      ],
      [
        15.624026,
        48.409237,
        195.75
      ],
      [
        15.623385,
        48.408891,
        194.5
      ],
      [
        15.623177,
        48.408753,
        195.0
      ],
      [
        15.623034,
        48.408621,
        194.0
      ],
      [
        15.622936,
        48.4085,
        194.5
      ],
      [
        15.622874,
        48.408421,
        194.5
      ],
      [
        15.62283,
        48.408325,
        194.5
      ],
      [
        15.622833,
        48.408034,
        194.75
      ],
      [
        15.622855,
        48.407686,
        194.5
      ],
      [
        15.622985,
        48.407686,
        195.5
      ],
      [
        15.623218,
        48.407683,
        195.25
      ],
      [
        15.623349,
        48.407683,
        194.5
      ],
      [
        15.623676,
        48.407607,
        194.25
      ],
      [
        15.623992,
        48.407533,
        194.5
      ],
      [
        15.624545,
        48.407385,
        197.0
      ],
      [
        15.624666,
        48.407362,
        198.0
      ],
      [
        15.624758,
        48.407353,
        198.5
      ],
      [
        15.625017,
        48.407351,
        199.75
      ],
      [
        15.625271,
        48.407349,
        200.25
      ],
      [
        15.625329,
        48.40736,
        199.75
      ],
      [
        15.625374,
        48.407381,
        199.5
      ],
      [
        15.625412,
        48.407409,
        199.25
      ],
      [
        15.625439,
        48.407455,
        199.25
      ],
      [
        15.625494,
        48.407703,
        199.5
      ],
      [
        15.625526,
        48.407895,
        200.5
      ],
      [
        15.625523,
        48.407928,
        200.75
      ],
      [
        15.625509,
        48.40794,
        201.0
      ],
      [
        15.625485,
        48.407933,
        201.25
      ],
      [
        15.625463,
        48.407903,
        201.25
      ],
      [
        15.625271,
        48.40753,
        203.0
      ],
      [
        15.625244,
        48.407385,
        202.75
      ],
      [
        15.625208,
        48.407137,
        202.5
      ],
      [
        15.625137,
        48.406298,
        202.0
      ],
      [
        15.625111,
        48.405517,
        201.25
      ],
      [
        15.624981,
        48.401403,
        198.25
      ],
      [
        15.62492,
        48.399492,
        196.75
      ],
      [
        15.624908,
        48.398879,
        196.5
      ],
      [
        15.624928,
        48.398467,
        196.0
      ],
      [
        15.624958,
        48.398233,
        196.0
      ],
      [
        15.624993,
        48.39805,
        195.75
      ],
      [
        15.625058,
        48.398049,
        195.75
      ],
      [
        15.625262,
        48.398047,
        195.75
      ],
      [
        15.625262,
        48.398079,
        195.5
      ],
      [
        15.625044,
        48.398081,
        195.5
      ],
      [
        15.625044,
        48.398043,
        195.5
      ],
      [
        15.625273,
        48.398041,
        195.25
      ],
      [
        15.625274,
        48.398084,
        195.25
      ],
      [
        15.625035,
        48.398086,
        195.25
      ],
      [
        15.625033,
        48.397959,
        195.25
      ],
      [
        15.62531,
        48.397927,
        195.25
      ],
      [
        15.625437,
        48.397901,
        195.0
      ],
      [
        15.62571,
        48.397825,
        196.5
      ],
      [
        15.625843,
        48.397774,
        197.75
      ],
      [
        15.625979,
        48.397712,
        195.75
      ],
      [
        15.626258,
        48.397574,
        195.75
      ],
      [
        15.626616,
        48.39741,
        194.5
      ],
      [
        15.626701,
        48.397367,
        194.5
      ],
      [
        15.626766,
        48.397317,
        194.5
      ],
      [
        15.626954,
        48.397097,
        194.25
      ],
      [
        15.627016,
        48.397013,
        194.5
      ],
      [
        15.62729,
        48.396589,
        195.25
      ],
      [
        15.627982,
        48.395668,
        195.25
      ],
      [
        15.628202,
        48.395358,
        195.25
      ],
      [
        15.628731,
        48.39469,
        195.25
      ],
      [
        15.62904,
        48.394356,
        195.0
      ],
      [
        15.629418,
        48.394014,
        195.0
      ],
      [
        15.629678,
        48.393802,
        195.25
      ],
      [
        15.629864,
        48.393668,
        195.75
      ],
      [
        15.630467,
        48.393326,
        194.0
      ],
      [
        15.630799,
        48.39315,
        195.0
      ],
      [
        15.631023,
        48.393049,
        194.0
      ],
      [
        15.631221,
        48.392971,
        194.5
      ],
      [
        15.631774,
        48.392779,
        193.5
      ],
      [
        15.632084,
        48.392688,
        194.5
      ],
      [
        15.632367,
        48.392615,
        195.25
      ],
      [
        15.632623,
        48.392562,
        194.5
      ],
      [
        15.632917,
        48.392512,
        193.25
      ],
      [
        15.632751,
        48.392044,
        192.75
      ],
      [
        15.632679,
        48.391832,
        192.0
      ],
      [
        15.632648,
        48.391598,
        193.0
      ],
      [
        15.632591,
        48.39129,
        193.25
      ],
      [
        15.63278,
        48.391302,
        193.5
      ],
      [
        15.633,
        48.391336,
        193.5
      ],
      [
        15.633354,
        48.391488,
        192.5
      ],
      [
        15.633519,
        48.391545,
        192.5
      ],
      [
        15.63376,
        48.391567,
        193.0
      ],
      [
        15.634389,
        48.391661,
        193.0
      ],
      [
        15.634687,
        48.391674,
        195.5
      ],
      [
        15.635071,
        48.391645,
        196.25
      ],
      [
        15.635413,
        48.391552,
        200.75
      ],
      [
        15.636341,
        48.391441,
        194.0
      ],
      [
        15.637154,
        48.39126,
        194.75
      ],
      [
        15.637338,
        48.39121,
        195.0
      ],
      [
        15.637635,
        48.391169,
        194.5
      ],
      [
        15.638243,
        48.391123,
        193.75
      ],
      [
        15.638877,
        48.391128,
        193.75
      ],
      [
        15.639067,
        48.39112,
        193.25
      ],
      [
        15.639414,
        48.391062,
        194.75
      ],
      [
        15.639614,
        48.391016,
        194.75
      ],
      [
        15.639795,
        48.390956,
        194.0
      ],
      [
        15.640075,
        48.390824,
        193.0
      ],
      [
        15.64079,
        48.390527,
        193.5
      ],
      [
        15.641061,
        48.390392,
        193.5
      ],
      [
        15.641351,
        48.390198,
        192.75
      ],
      [
        15.641726,
        48.389924,
        192.75
      ],
      [
        15.642003,
        48.389673,
        192.75
      ],
      [
        15.642219,
        48.389501,
        192.5
      ],
      [
        15.642522,
        48.389318,
        193.25
      ],
      [
        15.64259,
        48.389291,
        193.25
      ],
      [
        15.642897,
        48.389087,
        193.75
      ],
      [
        15.643136,
        48.388868,
        194.25
      ],
      [
        15.643364,
        48.388728,
        194.5
      ],
      [
        15.644472,
        48.387991,
        194.5
      ],
      [
        15.644771,
        48.387768,
        195.0
      ],
      [
        15.645401,
        48.387225,
        193.5
      ],
      [
        15.645596,
        48.387014,
        193.5
      ],
      [
        15.645989,
        48.386604,
        193.5
      ],
      [
        15.646124,
        48.386416,
        193.75
      ],
      [
        15.646133,
        48.386383,
        193.75
      ],
      [
        15.646105,
        48.386305,
        194.25
      ],
      [
        15.646102,
        48.386234,
        194.5
      ],
      [
        15.64607,
        48.386126,
        194.75
      ],
      [
        15.646169,
        48.386167,
        194.75
      ],
      [
        15.646266,
        48.386174,
        194.5
      ],
      [
        15.646353,
        48.386144,
        194.75
      ],
      [
        15.646536,
        48.385966,
        194.25
      ],
      [
        15.64662,
        48.385857,
        194.75
      ],
      [
        15.646685,
        48.385717,
        195.0
      ],
      [
        15.646831,
        48.385212,
        194.75
      ],
      [
        15.647068,
        48.384791,
        194.25
      ],
      [
        15.647121,
        48.384654,
        194.25
      ],
      [
        15.647239,
        48.384147,
        194.0
      ],
      [
        15.647246,
        48.384108,
        194.0
      ],
      [
        15.647313,
        48.383652,
        194.0
      ],
      [
        15.647328,
        48.383597,
        194.0
      ],
      [
        15.647398,
        48.383344,
        194.25
      ],
      [
        15.647425,
        48.383277,
        194.25
      ],
      [
        15.647541,
        48.383092,
        194.5
      ],
      [
        15.647856,
        48.382671,
        194.0
      ],
      [
        15.648167,
        48.382308,
        193.75
      ],
      [
        15.648759,
        48.381849,
        195.0
      ],
      [
        15.649132,
        48.381611,
        195.5
      ],
      [
        15.649698,
        48.381288,
        194.0
      ],
      [
        15.64997,
        48.381155,
        195.25
      ],
      [
        15.65039,
        48.380997,
        195.5
      ],
      [
        15.650693,
        48.380874,
        196.5
      ],
      [
        15.650703,
        48.380754,
        197.25
      ],
      [
        15.650669,
        48.380539,
        198.5
      ],
      [
        15.65071,
        48.380445,
        199.25
      ],
      [
        15.650725,
        48.380408,
        199.5
      ],
      [
        15.650849,
        48.380431,
        199.25
      ],
      [
        15.650993,
        48.38042,
        199.0
      ],
      [
        15.651325,
        48.380369,
        198.0
      ],
      [
        15.651597,
        48.380325,
        197.0
      ],
      [
        15.651815,
        48.380276,
        197.0
      ],
      [
        15.652492,
        48.380031,
        196.75
      ],
      [
        15.652763,
        48.379931,
        197.25
      ],
      [
        15.653126,
        48.379814,
        196.75
      ],
      [
        15.653856,
        48.379578,
        196.5
      ],
      [
        15.65391,
        48.379559,
        196.5
      ],
      [
        15.654113,
        48.379494,
        197.25
      ],
      [
        15.654406,
        48.379376,
        197.0
      ],
      [
        15.654637,
        48.379269,
        197.5
      ],
      [
        15.654829,
        48.379156,
        199.0
      ],
      [
        15.655022,
        48.37902,
        199.25
      ],
      [
        15.655398,
        48.378682,
        200.5
      ],
      [
        15.655544,
        48.378545,
        201.0
      ],
      [
        15.656007,
        48.378092,
        200.5
      ],
      [
        15.656217,
        48.377936,
        200.25
      ],
      [
        15.656503,
        48.377763,
        199.75
      ],
      [
        15.656642,
        48.377705,
        200.25
      ],
      [
        15.656797,
        48.37764,
        199.75
      ],
      [
        15.65744,
        48.377419,
        198.25
      ],
      [
        15.658055,
        48.377185,
        197.25
      ],
      [
        15.659184,
        48.37668,
        196.5
      ],
      [
        15.659567,
        48.376497,
        196.0
      ],
      [
        15.659737,
        48.376407,
        196.75
      ],
      [
        15.660491,
        48.375973,
        196.0
      ],
      [
        15.660543,
        48.375943,
        196.0
      ],
      [
        15.660646,
        48.375883,
        196.0
      ],
      [
        15.66102,
        48.375687,
        198.5
      ],
      [
        15.661466,
        48.375484,
        200.25
      ],
      [
        15.661755,
        48.375384,
        200.5
      ],
      [
        15.662239,
        48.375237,
        201.25
      ],
      [
        15.662501,
        48.375173,
        201.25
      ],
      [
        15.662802,
        48.375119,
        198.75
      ],
      [
        15.663192,
        48.375071,
        198.25
      ],
      [
        15.66355,
        48.375051,
        197.25
      ],
      [
        15.663905,
        48.375058,
        197.0
      ],
      [
        15.664209,
        48.375083,
        196.25
      ],
      [
        15.664594,
        48.375121,
        197.25
      ],
      [
        15.665063,
        48.375155,
        198.5
      ],
      [
        15.665427,
        48.375185,
        198.0
      ],
      [
        15.665559,
        48.37521,
        197.5
      ],
      [
        15.665755,
        48.375228,
        196.75
      ],
      [
        15.666033,
        48.375271,
        195.75
      ],
      [
        15.666327,
        48.375348,
        196.75
      ],
      [
        15.666832,
        48.375529,
        195.5
      ],
      [
        15.667133,
        48.375625,
        195.5
      ],
      [
        15.667415,
        48.375698,
        194.75
      ],
      [
        15.667758,
        48.37577,
        195.75
      ],
      [
        15.668074,
        48.375826,
        195.0
      ],
      [
        15.66824,
        48.375854,
        194.75
      ],
      [
        15.668515,
        48.375894,
        194.5
      ],
      [
        15.66882,
        48.375938,
        193.75
      ],
      [
        15.669054,
        48.375977,
        194.0
      ],
      [
        15.669283,
        48.376024,
        194.0
      ],
      [
        15.669525,
        48.376083,
        194.25
      ],
      [
        15.669764,
        48.376149,
        194.5
      ],
      [
        15.669997,
        48.37623,
        194.75
      ],
      [
        15.670338,
        48.376381,
        195.0
      ],
      [
        15.670633,
        48.376532,
        193.75
      ],
      [
        15.671083,
        48.376784,
        194.5
      ],
      [
        15.671675,
        48.377134,
        196.0
      ],
      [
        15.672083,
        48.377372,
        195.5
      ],
      [
        15.672383,
        48.377534,
        195.25
      ],
      [
        15.672558,
        48.377616,
        195.0
      ],
      [
        15.672722,
        48.37768,
        195.0
      ],
      [
        15.673002,
        48.37777,
        195.5
      ],
      [
        15.673624,
        48.377947,
        197.75
      ],
      [
        15.674127,
        48.378074,
        199.25
      ],
      [
        15.674413,
        48.378132,
        200.75
      ],
      [
        15.674876,
        48.378193,
        202.0
      ],
      [
        15.675306,
        48.378222,
        204.5
      ],
      [
        15.675816,
        48.378231,
        207.25
      ],
      [
        15.676217,
        48.378242,
        208.25
      ],
      [
        15.676495,
        48.378261,
        209.25
      ],
      [
        15.676609,
        48.37827,
        209.5
      ],
      [
        15.676795,
        48.378292,
        209.5
      ],
      [
        15.676981,
        48.378322,
        209.25
      ],
      [
        15.677647,
        48.378441,
        213.75
      ],
      [
        15.67807,
        48.378509,
        214.75
      ],
      [
        15.678377,
        48.378548,
        215.25
      ],
      [
        15.678695,
        48.378579,
        214.0
      ],
      [
        15.680027,
        48.378656,
        209.25
      ],
      [
        15.68025,
        48.378693,
        208.75
      ],
      [
        15.680407,
        48.378729,
        210.0
      ],
      [
        15.680608,
        48.378801,
        210.75
      ],
      [
        15.680882,
        48.378917,
        209.75
      ],
      [
        15.681017,
        48.378969,
        211.5
      ],
      [
        15.68135,
        48.379068,
        212.25
      ],
      [
        15.682391,
        48.379298,
        213.5
      ],
      [
        15.683182,
        48.379435,
        210.0
      ],
      [
        15.683309,
        48.379463,
        209.75
      ],
      [
        15.68345,
        48.379506,
        209.75
      ],
      [
        15.684124,
        48.379752,
        207.5
      ],
      [
        15.684257,
        48.379794,
        207.75
      ],
      [
        15.68441,
        48.379826,
        208.75
      ],
      [
        15.684563,
        48.379834,
        209.25
      ],
      [
        15.684741,
        48.379829,
        209.75
      ],
      [
        15.685174,
        48.37978,
        207.0
      ],
      [
        15.685669,
        48.379743,
        206.25
      ],
      [
        15.68595,
        48.379737,
        206.25
      ],
      [
        15.6862,
        48.379742,
        205.75
      ],
      [
        15.686394,
        48.379761,
        204.5
      ],
      [
        15.686917,
        48.379845,
        203.25
      ],
      [
        15.687213,
        48.379907,
        203.75
      ],
      [
        15.688048,
        48.380128,
        202.25
      ],
      [
        15.688177,
        48.380148,
        201.75
      ],
      [
        15.688331,
        48.380158,
        201.25
      ],
      [
        15.688588,
        48.380151,
        201.25
      ],
      [
        15.688714,
        48.380122,
        202.0
      ],
      [
        15.688817,
        48.380082,
        203.25
      ],
      [
        15.688901,
        48.380018,
        204.75
      ],
      [
        15.689031,
        48.379896,
        203.75
      ],
      [
        15.689108,
        48.379845,
        203.0
      ],
      [
        15.689184,
        48.379815,
        202.75
      ],
      [
        15.690042,
        48.379726,
        202.75
      ],
      [
        15.690385,
        48.379705,
        202.5
      ],
      [
        15.690442,
        48.379701,
        202.5
      ],
      [
        15.690739,
        48.379676,
        201.75
      ],
      [
        15.690827,
        48.379675,
        201.5
      ],
      [
        15.690945,
        48.37968,
        201.0
      ],
      [
        15.691149,
        48.379709,
        200.0
      ],
      [
        15.691708,
        48.379745,
        197.25
      ],
      [
        15.691846,
        48.379746,
        196.25
      ],
      [
        15.691973,
        48.379738,
        195.5
      ],
      [
        15.692331,
        48.379694,
        195.0
      ],
      [
        15.69277,
        48.379613,
        194.75
      ],
      [
        15.692992,
        48.379583,
        195.0
      ],
      [
        15.693334,
        48.379566,
        194.5
      ],
      [
        15.693628,
        48.379537,
        194.25
      ],
      [
        15.693824,
        48.379503,
        194.25
      ],
      [
        15.69423,
        48.379395,
        195.75
      ],
      [
        15.694533,
        48.379331,
        196.5
      ],
      [
        15.695451,
        48.379116,
        196.25
      ],
      [
        15.696301,
        48.378917,
        195.75
      ],
      [
        15.697339,
        48.378653,
        196.0
      ],
      [
        15.697762,
        48.37857,
        196.25
      ],
      [
        15.698131,
        48.37844,
        195.0
      ],
      [
        15.698508,
        48.378278,
        196.75
      ],
      [
        15.698851,
        48.378126,
        196.0
      ],
      [
        15.698988,
        48.378056,
        196.5
      ],
      [
        15.699137,
        48.377949,
        196.75
      ],
      [
        15.69931,
        48.377771,
        197.5
      ],
      [
        15.699547,
        48.37755,
        199.5
      ],
      [
        15.699602,
        48.377507,
        199.75
      ],
      [
        15.700071,
        48.377248,
        201.0
      ],
      [
        15.70026,
        48.377153,
        203.5
      ],
      [
        15.700619,
        48.376995,
        204.5
      ],
      [
        15.701127,
        48.376794,
        209.5
      ],
      [
        15.701514,
        48.37661,
        208.75
      ],
      [
        15.701957,
        48.376381,
        208.0
      ],
      [
        15.702096,
        48.376277,
        210.0
      ],
      [
        15.702341,
        48.376065,
        210.0
      ],
      [
        15.702389,
        48.376031,
        210.5
      ],
      [
        15.702932,
        48.375769,
        211.5
      ],
      [
        15.703073,
        48.37569,
        212.25
      ],
      [
        15.70329,
        48.375554,
        211.75
      ],
      [
        15.703613,
        48.375322,
        212.0
      ],
      [
        15.704482,
        48.374567,
        213.75
      ],
      [
        15.704829,
        48.374291,
        214.0
      ],
      [
        15.705051,
        48.374129,
        213.5
      ],
      [
        15.705645,
        48.373671,
        215.75
      ],
      [
        15.705776,
        48.373553,
        216.0
      ],
      [
        15.706297,
        48.372968,
        216.5
      ],
      [
        15.706483,
        48.372773,
        215.5
      ],
      [
        15.706797,
        48.372493,
        217.0
      ],
      [
        15.707041,
        48.372309,
        217.25
      ],
      [
        15.707304,
        48.372144,
        217.75
      ],
      [
        15.707501,
        48.372039,
        218.5
      ],
      [
        15.707699,
        48.37195,
        217.75
      ],
      [
        15.707769,
        48.371926,
        217.25
      ],
      [
        15.708119,
        48.37182,
        220.25
      ],
      [
        15.708805,
        48.371627,
        218.0
      ],
      [
        15.70912,
        48.371527,
        217.75
      ],
      [
        15.709374,
        48.371434,
        214.5
      ],
      [
        15.709609,
        48.371315,
        214.5
      ],
      [
        15.709877,
        48.371126,
        212.75
      ],
      [
        15.710229,
        48.370837,
        210.75
      ],
      [
        15.710386,
        48.37071,
        211.5
      ],
      [
        15.71059,
        48.370571,
        208.5
      ],
      [
        15.710718,
        48.370508,
        208.0
      ],
      [
        15.710658,
        48.370457,
        208.25
      ],
      [
        15.71061,
        48.3704,
        208.5
      ],
      [
        15.710541,
        48.370226,
        209.0
      ],
      [
        15.710497,
        48.370068,
        208.5
      ],
      [
        15.710488,
        48.370001,
        207.75
      ],
      [
        15.710496,
        48.369939,
        208.0
      ],
      [
        15.71052,
        48.369852,
        207.5
      ],
      [
        15.710554,
        48.369769,
        206.0
      ],
      [
        15.710616,
        48.369665,
        206.5
      ],
      [
        15.710831,
        48.369385,
        205.75
      ],
      [
        15.710924,
        48.369219,
        206.5
      ],
      [
        15.710962,
        48.369116,
        206.25
      ],
      [
        15.710991,
        48.368995,
        205.75
      ],
      [
        15.711042,
        48.368593,
        203.75
      ],
      [
        15.71108,
        48.368456,
        202.75
      ],
      [
        15.711142,
        48.368305,
        202.0
      ],
      [
        15.711207,
        48.368177,
        202.5
      ],
      [
        15.711293,
        48.368009,
        203.25
      ],
      [
        15.711373,
        48.367857,
        202.0
      ],
      [
        15.711404,
        48.367779,
        201.0
      ],
      [
        15.71144,
        48.367658,
        201.25
      ],
      [
        15.711455,
        48.367574,
        201.25
      ],
      [
        15.711515,
        48.3671,
        199.75
      ],
      [
        15.711608,
        48.366794,
        199.0
      ],
      [
        15.711635,
        48.366648,
        198.25
      ],
      [
        15.711666,
        48.366357,
        198.0
      ],
      [
        15.711687,
        48.36613,
        198.5
      ],
      [
        15.711705,
        48.365901,
        198.25
      ],
      [
        15.711701,
        48.365786,
        198.25
      ],
      [
        15.711641,
        48.365224,
        199.0
      ],
      [
        15.711652,
        48.365086,
        199.0
      ],
      [
        15.711689,
        48.364653,
        198.75
      ],
      [
        15.711727,
        48.364346,
        199.5
      ],
      [
        15.711726,
        48.364264,
        199.25
      ],
      [
        15.711705,
        48.364177,
        199.25
      ],
      [
        15.711591,
        48.363844,
        201.0
      ],
      [
        15.711586,
        48.363783,
        201.75
      ],
      [
        15.711625,
        48.363508,
        203.0
      ],
      [
        15.711662,
        48.363424,
        202.75
      ],
      [
        15.71167,
        48.363333,
        202.75
      ],
      [
        15.711633,
        48.363216,
        203.75
      ],
      [
        15.71159,
        48.363107,
        204.0
      ],
      [
        15.71156,
        48.363002,
        204.0
      ],
      [
        15.711554,
        48.362942,
        204.0
      ],
      [
        15.711564,
        48.362897,
        204.0
      ],
      [
        15.711591,
        48.362857,
        203.75
      ],
      [
        15.711671,
        48.362801,
        203.0
      ],
      [
        15.711722,
        48.36278,
        202.75
      ],
      [
        15.711783,
        48.362767,
        202.5
      ],
      [
        15.711796,
        48.362718,
        202.75
      ],
      [
        15.711819,
        48.362678,
        203.0
      ],
      [
        15.711947,
        48.36256,
        203.5
      ],
      [
        15.712084,
        48.362443,
        203.0
      ],
      [
        15.712142,
        48.362361,
        202.75
      ],
      [
        15.712226,
        48.362136,
        202.5
      ],
      [
        15.712426,
        48.361688,
        200.0
      ],
      [
        15.712592,
        48.361335,
        200.5
      ],
      [
        15.712643,
        48.361225,
        200.75
      ],
      [
        15.712756,
        48.360889,
        201.0
      ],
      [
        15.712777,
        48.360791,
        200.75
      ],
      [
        15.712776,
        48.360707,
        201.0
      ],
      [
        15.712761,
        48.360617,
        201.0
      ],
      [
        15.712725,
        48.360499,
        201.0
      ],
      [
        15.712716,
        48.36047,
        201.0
      ],
      [
        15.712543,
        48.360006,
        200.75
      ],
      [
        15.712437,
        48.359611,
        201.0
      ],
      [
        15.7124,
        48.359491,
        200.75
      ],
      [
        15.712388,
        48.359418,
        201.0
      ],
      [
        15.712388,
        48.359331,
        201.5
      ],
      [
        15.712398,
        48.359263,
        201.75
      ],
      [
        15.712434,
        48.359068,
        202.5
      ],
      [
        15.712549,
        48.358582,
        203.0
      ],
      [
        15.712757,
        48.357934,
        204.0
      ],
      [
        15.71277,
        48.357803,
        204.0
      ],
      [
        15.712773,
        48.35768,
        204.25
      ],
      [
        15.71273,
        48.357261,
        205.0
      ],
      [
        15.712712,
        48.357096,
        205.5
      ],
      [
        15.712658,
        48.356748,
        206.25
      ],
      [
        15.712566,
        48.356307,
        207.5
      ],
      [
        15.712406,
        48.355794,
        209.25
      ],
      [
        15.712362,
        48.35555,
        210.25
      ],
      [
        15.712359,
        48.355493,
        210.25
      ],
      [
        15.712358,
        48.355433,
        210.25
      ],
      [
        15.71234,
        48.355227,
        209.75
      ],
      [
        15.712327,
        48.354921,
        209.0
      ],
      [
        15.712339,
        48.354766,
        209.0
      ],
      [
        15.712378,
        48.354559,
        208.5
      ],
      [
        15.712468,
        48.354224,
        208.75
      ],
      [
        15.712357,
        48.354211,
        208.25
      ],
      [
        15.712222,
        48.354207,
        208.0
      ],
      [
        15.712049,
        48.35422,
        208.0
      ],
      [
        15.711778,
        48.354249,
        207.75
      ],
      [
        15.711145,
        48.354329,
        208.5
      ],
      [
        15.711053,
        48.354333,
        208.5
      ],
      [
        15.710972,
        48.354325,
        208.75
      ],
      [
        15.710899,
        48.354303,
        208.75
      ],
      [
        15.710813,
        48.354261,
        209.0
      ],
      [
        15.710306,
        48.353891,
        208.75
      ],
      [
        15.709944,
        48.353607,
        207.75
      ],
      [
        15.709693,
        48.353402,
        207.25
      ],
      [
        15.7094,
        48.35313,
        207.0
      ],
      [
        15.709182,
        48.352889,
        206.75
      ],
      [
        15.708368,
        48.351864,
        207.75
      ],
      [
        15.70824,
        48.351606,
        207.5
      ],
      [
        15.708122,
        48.351327,
        207.5
      ],
      [
        15.707795,
        48.35051,
        207.5
      ],
      [
        15.707637,
        48.350074,
        207.25
      ],
      [
        15.707524,
        48.349786,
        207.75
      ],
      [
        15.707332,
        48.349338,
        207.0
      ],
      [
        15.707306,
        48.349279,
        207.25
      ],
      [
        15.707089,
        48.348784,
        208.0
      ],
      [
        15.707033,
        48.348641,
        208.0
      ],
      [
        15.706947,
        48.348377,
        207.75
      ],
      [
        15.706844,
        48.347995,
        208.0
      ],
      [
        15.706616,
        48.347097,
        208.0
      ],
      [
        15.706442,
        48.346501,
        208.75
      ],
      [
        15.706303,
        48.346162,
        208.25
      ],
      [
        15.706285,
        48.346124,
        208.25
      ],
      [
        15.706063,
        48.345697,
        209.0
      ],
      [
        15.705924,
        48.345386,
        208.75
      ],
      [
        15.705778,
        48.345079,
        208.75
      ],
      [
        15.705324,
        48.344179,
        208.75
      ],
      [
        15.705203,
        48.343888,
        209.0
      ],
      [
        15.70512,
        48.343662,
        209.25
      ],
      [
        15.704984,
        48.343223,
        210.0
      ],
      [
        15.704933,
        48.343085,
        210.25
      ],
      [
        15.704876,
        48.342969,
        210.75
      ],
      [
        15.704798,
        48.342823,
        211.25
      ],
      [
        15.704437,
        48.342287,
        213.0
      ],
      [
        15.70426,
        48.342041,
        215.0
      ],
      [
        15.70411,
        48.34189,
        215.5
      ],
      [
        15.703942,
        48.341756,
        217.0
      ],
      [
        15.703768,
        48.341638,
        217.5
      ],
      [
        15.703569,
        48.341521,
        219.25
      ],
      [
        15.70302,
        48.341238,
        220.5
      ],
      [
        15.702848,
        48.341136,
        220.0
      ],
      [
        15.702601,
        48.340957,
        220.75
      ],
      [
        15.702169,
        48.340625,
        222.0
      ],
      [
        15.702054,
        48.340556,
        222.5
      ],
      [
        15.701909,
        48.340491,
        223.25
      ],
      [
        15.701716,
        48.340427,
        224.5
      ],
      [
        15.701515,
        48.340373,
        225.5
      ],
      [
        15.701104,
        48.340282,
        228.0
      ],
      [
        15.700859,
        48.340231,
        228.75
      ],
      [
        15.700673,
        48.340174,
        229.0
      ],
      [
        15.700526,
        48.340113,
        229.0
      ],
      [
        15.700369,
        48.340031,
        229.5
      ],
      [
        15.70012,
        48.339852,
        230.0
      ],
      [
        15.699903,
        48.339679,
        230.25
      ],
      [
        15.699713,
        48.339511,
        231.0
      ],
      [
        15.699503,
        48.339297,
        230.75
      ],
      [
        15.699173,
        48.338818,
        230.5
      ],
      [
        15.699094,
        48.338748,
        230.75
      ],
      [
        15.699013,
        48.338694,
        231.0
      ],
      [
        15.698912,
        48.338663,
        231.75
      ],
      [
        15.698802,
        48.338652,
        232.0
      ],
      [
        15.698766,
        48.338569,
        231.75
      ],
      [
        15.698756,
        48.338545,
        231.75
      ],
      [
        15.69868,
        48.338397,
        231.75
      ],
      [
        15.698616,
        48.338314,
        232.0
      ],
      [
        15.698388,
        48.338076,
        232.75
      ],
      [
        15.698303,
        48.337941,
        233.0
      ],
      [
        15.698272,
        48.337877,
        233.0
      ],
      [
        15.698174,
        48.337631,
        233.75
      ],
      [
        15.697991,
        48.337314,
        234.5
      ],
      [
        15.697665,
        48.336832,
        235.0
      ],
      [
        15.697532,
        48.336673,
        235.0
      ],
      [
        15.697462,
        48.336589,
        235.0
      ],
      [
        15.697155,
        48.336092,
        235.75
      ],
      [
        15.697115,
        48.336023,
        235.5
      ],
      [
        15.697085,
        48.335907,
        235.25
      ],
      [
        15.697079,
        48.335806,
        234.75
      ],
      [
        15.697084,
        48.335658,
        234.25
      ],
      [
        15.697111,
        48.33561,
        234.0
      ],
      [
        15.697169,
        48.335569,
        234.0
      ],
      [
        15.69761,
        48.335441,
        233.25
      ],
      [
        15.69756,
        48.335337,
        233.0
      ],
      [
        15.697403,
        48.335008,
        233.0
      ],
      [
        15.697256,
        48.334806,
        232.75
      ],
      [
        15.697163,
        48.334551,
        233.0
      ],
      [
        15.697124,
        48.334383,
        233.0
      ],
      [
        15.69712,
        48.334304,
        233.0
      ],
      [
        15.697128,
        48.334186,
        233.25
      ],
      [
        15.697162,
        48.33398,
        233.0
      ],
      [
        15.697187,
        48.333818,
        233.0
      ],
      [
        15.697188,
        48.333698,
        233.0
      ],
      [
        15.697132,
        48.33346,
        233.0
      ],
      [
        15.69701,
        48.332945,
        232.5
      ],
      [
        15.696874,
        48.332045,
        230.5
      ],
      [
        15.696779,
        48.331796,
        230.0
      ],
      [
        15.696661,
        48.331542,
        229.5
      ],
      [
        15.696031,
        48.330523,
        228.25
      ],
      [
        15.695367,
        48.329433,
        226.0
      ],
      [
        15.695311,
        48.329345,
        226.0
      ],
      [
        15.694769,
        48.328539,
        226.0
      ],
      [
        15.694803,
        48.3285,
        226.0
      ],
      [
        15.694817,
        48.328444,
        226.0
      ],
      [
        15.694818,
        48.328392,
        226.0
      ],
      [
        15.694797,
        48.328226,
        226.25
      ],
      [
        15.694649,
        48.327729,
        227.0
      ],
      [
        15.694586,
        48.327565,
        227.75
      ],
      [
        15.694466,
        48.327327,
        228.5
      ],
      [
        15.694213,
        48.326935,
        229.75
      ],
      [
        15.694133,
        48.32682,
        230.0
      ],
      [
        15.694064,
        48.326732,
        230.25
      ],
      [
        15.69302,
        48.325644,
        234.5
      ],
      [
        15.692891,
        48.32552,
        234.75
      ],
      [
        15.692797,
        48.325429,
        234.75
      ],
      [
        15.692038,
        48.324731,
        235.25
      ],
      [
        15.691512,
        48.324245,
        235.5
      ],
      [
        15.691274,
        48.324052,
        236.5
      ],
      [
        15.691036,
        48.323877,
        237.25
      ],
      [
        15.689684,
        48.322965,
        238.75
      ],
      [
        15.689414,
        48.3228,
        239.25
      ],
      [
        15.689154,
        48.322655,
        241.5
      ],
      [
        15.688835,
        48.322497,
        241.25
      ],
      [
        15.688404,
        48.322308,
        243.25
      ],
      [
        15.686723,
        48.321617,
        246.0
      ],
      [
        15.686577,
        48.321557,
        247.0
      ],
      [
        15.685817,
        48.32124,
        249.25
      ],
      [
        15.685536,
        48.321133,
        249.25
      ],
      [
        15.684569,
        48.320763,
        251.0
      ],
      [
        15.682735,
        48.320058,
        255.5
      ],
      [
        15.682357,
        48.319897,
        255.5
      ],
      [
        15.682025,
        48.319738,
        256.0
      ],
      [
        15.681927,
        48.319683,
        256.5
      ],
      [
        15.681822,
        48.319618,
        256.25
      ],
      [
        15.681638,
        48.319484,
        257.25
      ],
      [
        15.681467,
        48.319345,
        257.75
      ],
      [
        15.68139,
        48.319269,
        258.25
      ],
      [
        15.681251,
        48.319108,
        258.0
      ],
      [
        15.681111,
        48.318907,
        258.0
      ],
      [
        15.680996,
        48.318757,
        258.25
      ],
      [
        15.68089,
        48.318651,
        258.0
      ],
      [
        15.680275,
        48.31814,
        257.75
      ],
      [
        15.679604,
        48.317603,
        252.5
      ],
      [
        15.679299,
        48.317366,
        251.5
      ],
      [
        15.67922,
        48.317337,
        251.25
      ],
      [
        15.679149,
        48.317322,
        251.25
      ],
      [
        15.679084,
        48.317299,
        251.25
      ],
      [
        15.679026,
        48.317266,
        251.5
      ],
      [
        15.678806,
        48.31703,
        251.5
      ],
      [
        15.678519,
        48.316651,
        251.25
      ],
      [
        15.67841,
        48.316486,
        251.0
      ],
      [
        15.678315,
        48.316304,
        251.0
      ],
      [
        15.678285,
        48.316231,
        251.0
      ],
      [
        15.677813,
        48.315358,
        252.25
      ],
      [
        15.677779,
        48.31527,
        252.0
      ],
      [
        15.67776,
        48.315163,
        252.0
      ],
      [
        15.677768,
        48.314989,
        252.0
      ],
      [
        15.677789,
        48.314857,
        252.25
      ],
      [
        15.677795,
        48.314821,
        252.5
      ],
      [
        15.67754,
        48.314801,
        253.25
      ],
      [
        15.677528,
        48.314741,
        253.0
      ],
      [
        15.677566,
        48.314655,
        252.5
      ],
      [
        15.677619,
        48.314541,
        251.5
      ],
      [
        15.677667,
        48.314463,
        251.0
      ],
      [
        15.677673,
        48.314421,
        251.0
      ],
      [
        15.677656,
        48.314381,
        250.75
      ],
      [
        15.677282,
        48.313976,
        248.5
      ],
      [
        15.677864,
        48.313763,
        248.25
      ],
      [
        15.677911,
        48.313746,
        248.25
      ],
      [
        15.677942,
        48.313715,
        248.0
      ],
      [
        15.677945,
        48.313673,
        247.75
      ],
      [
        15.677889,
        48.313528,
        246.5
      ],
      [
        15.6778,
        48.313374,
        246.75
      ],
      [
        15.677623,
        48.313117,
        245.0
      ],
      [
        15.677581,
        48.313034,
        244.75
      ],
      [
        15.677571,
        48.31298,
        244.75
      ],
      [
        15.677587,
        48.312921,
        244.75
      ],
      [
        15.677622,
        48.312869,
        244.5
      ],
      [
        15.677739,
        48.312764,
        244.0
      ],
      [
        15.677905,
        48.312646,
        243.5
      ],
      [
        15.678066,
        48.312571,
        242.75
      ],
      [
        15.678365,
        48.312484,
        242.0
      ],
      [
        15.678489,
        48.312464,
        242.25
      ],
      [
        15.678916,
        48.312403,
        242.5
      ],
      [
        15.679014,
        48.312395,
        242.0
      ],
      [
        15.679119,
        48.312397,
        241.5
      ],
      [
        15.679231,
        48.312407,
        241.25
      ],
      [
        15.679655,
        48.312471,
        240.25
      ],
      [
        15.679984,
        48.312514,
        240.0
      ],
      [
        15.680076,
        48.312527,
        239.75
      ],
      [
        15.680193,
        48.312535,
        239.25
      ],
      [
        15.680305,
        48.312535,
        239.0
      ],
      [
        15.680458,
        48.312524,
        239.0
      ],
      [
        15.681259,
        48.312438,
        238.25
      ],
      [
        15.681572,
        48.312393,
        238.0
      ],
      [
        15.681801,
        48.312349,
        238.0
      ],
      [
        15.682204,
        48.312251,
        237.0
      ],
      [
        15.682313,
        48.312223,
        237.0
      ],
      [
        15.68243,
        48.312193,
        237.0
      ],
      [
        15.68257,
        48.312166,
        237.0
      ],
      [
        15.682728,
        48.312159,
        237.0
      ],
      [
        15.682775,
        48.311792,
        236.25
      ],
      [
        15.682784,
        48.311602,
        236.0
      ],
      [
        15.682789,
        48.311373,
        235.75
      ],
      [
        15.682799,
        48.310904,
        235.75
      ],
      [
        15.682802,
        48.310795,
        235.75
      ],
      [
        15.682797,
        48.31027,
        236.75
      ],
      [
        15.682792,
        48.310013,
        236.75
      ],
      [
        15.682817,
        48.30978,
        236.75
      ],
      [
        15.68293,
        48.309762,
        236.0
      ],
      [
        15.682961,
        48.309622,
        235.75
      ],
      [
        15.683,
        48.309494,
        236.0
      ],
      [
        15.68306,
        48.309329,
        235.75
      ],
      [
        15.683127,
        48.309178,
        235.5
      ],
      [
        15.683284,
        48.30892,
        236.0
      ],
      [
        15.683389,
        48.308773,
        235.75
      ],
      [
        15.683484,
        48.308663,
        235.75
      ],
      [
        15.683699,
        48.30845,
        235.75
      ],
      [
        15.683843,
        48.308331,
        236.0
      ],
      [
        15.684738,
        48.307635,
        235.75
      ],
      [
        15.684825,
        48.307556,
        235.75
      ],
      [
        15.68491,
        48.307461,
        236.0
      ],
      [
        15.684939,
        48.307416,
        235.75
      ],
      [
        15.685007,
        48.307378,
        235.75
      ],
      [
        15.68507,
        48.307331,
        235.5
      ],
      [
        15.685632,
        48.306791,
        235.0
      ],
      [
        15.685771,
        48.30664,
        234.5
      ],
      [
        15.685953,
        48.30643,
        234.25
      ],
      [
        15.68622,
        48.306103,
        234.0
      ],
      [
        15.686561,
        48.305622,
        233.5
      ],
      [
        15.686854,
        48.305164,
        233.25
      ],
      [
        15.687039,
        48.304843,
        233.5
      ],
      [
        15.687143,
        48.304631,
        233.5
      ],
      [
        15.687333,
        48.3042,
        234.0
      ],
      [
        15.687447,
        48.303897,
        234.0
      ],
      [
        15.687546,
        48.30356,
        234.75
      ],
      [
        15.687593,
        48.303381,
        235.0
      ],
      [
        15.687663,
        48.303012,
        235.5
      ],
      [
        15.687695,
        48.302701,
        236.25
      ],
      [
        15.687718,
        48.302363,
        236.75
      ],
      [
        15.68772,
        48.302224,
        237.25
      ],
      [
        15.687708,
        48.302073,
        237.5
      ],
      [
        15.6877,
        48.302025,
        237.5
      ],
      [
        15.687689,
        48.301674,
        237.5
      ],
      [
        15.687695,
        48.301585,
        237.5
      ],
      [
        15.687754,
        48.301224,
        237.0
      ],
      [
        15.687795,
        48.301045,
        237.0
      ],
      [
        15.687836,
        48.300916,
        237.25
      ],
      [
        15.688038,
        48.300409,
        236.0
      ],
      [
        15.68811,
        48.300222,
        235.75
      ],
      [
        15.688237,
        48.299815,
        234.75
      ],
      [
        15.688298,
        48.299661,
        234.0
      ],
      [
        15.688537,
        48.299184,
        232.25
      ],
      [
        15.688676,
        48.299007,
        231.25
      ],
      [
        15.688735,
        48.298903,
        231.0
      ],
      [
        15.68878,
        48.29879,
        231.0
      ],
      [
        15.689006,
        48.298338,
        229.0
      ],
      [
        15.689238,
        48.297782,
        228.25
      ],
      [
        15.68933,
        48.297524,
        226.75
      ],
      [
        15.689377,
        48.297343,
        227.25
      ],
      [
        15.68941,
        48.297173,
        228.0
      ],
      [
        15.689449,
        48.296864,
        227.75
      ],
      [
        15.689454,
        48.296601,
        227.5
      ],
      [
        15.689424,
        48.296339,
        226.75
      ],
      [
        15.689319,
        48.295747,
        227.0
      ],
      [
        15.689167,
        48.295038,
        227.75
      ],
      [
        15.68911,
        48.294717,
        227.5
      ],
      [
        15.689077,
        48.294363,
        228.0
      ],
      [
        15.689078,
        48.294126,
        228.5
      ],
      [
        15.689074,
        48.293696,
        229.0
      ],
      [
        15.689063,
        48.293582,
        229.0
      ],
      [
        15.689003,
        48.293225,
        228.75
      ],
      [
        15.688969,
        48.293099,
        229.0
      ],
      [
        15.688874,
        48.292844,
        228.75
      ],
      [
        15.688808,
        48.292702,
        229.0
      ],
      [
        15.68864,
        48.2924,
        229.25
      ],
      [
        15.688593,
        48.292297,
        229.5
      ],
      [
        15.688565,
        48.29221,
        229.5
      ],
      [
        15.688542,
        48.29213,
        229.25
      ],
      [
        15.688531,
        48.292055,
        229.0
      ],
      [
        15.688532,
        48.291989,
        228.75
      ],
      [
        15.688565,
        48.291862,
        228.0
      ],
      [
        15.68849,
        48.291846,
        228.5
      ],
      [
        15.688458,
        48.291927,
        229.0
      ],
      [
        15.688353,
        48.2919,
        229.5
      ],
      [
        15.688251,
        48.291846,
        231.0
      ],
      [
        15.688174,
        48.291781,
        231.5
      ],
      [
        15.687652,
        48.291168,
        232.5
      ],
      [
        15.68732,
        48.290752,
        232.0
      ],
      [
        15.687261,
        48.290716,
        232.25
      ],
      [
        15.687224,
        48.290619,
        232.0
      ],
      [
        15.687178,
        48.290443,
        232.0
      ],
      [
        15.687176,
        48.290362,
        232.0
      ],
      [
        15.687193,
        48.290297,
        232.0
      ],
      [
        15.6872,
        48.290274,
        232.0
      ],
      [
        15.687162,
        48.29026,
        232.0
      ],
      [
        15.687139,
        48.290234,
        232.25
      ],
      [
        15.687139,
        48.290206,
        232.0
      ],
      [
        15.687153,
        48.290186,
        232.0
      ],
      [
        15.687175,
        48.290172,
        232.0
      ],
      [
        15.687204,
        48.290165,
        232.0
      ],
      [
        15.68724,
        48.290165,
        231.75
      ],
      [
        15.687265,
        48.290172,
        231.75
      ],
      [
        15.687299,
        48.2902,
        231.75
      ],
      [
        15.687377,
        48.290179,
        231.5
      ],
      [
        15.688366,
        48.289782,
        230.75
      ],
      [
        15.689437,
        48.289377,
        229.75
      ],
      [
        15.689893,
        48.289214,
        229.75
      ],
      [
        15.689865,
        48.289177,
        229.75
      ],
      [
        15.689686,
        48.288942,
        229.0
      ],
      [
        15.689614,
        48.288809,
        229.0
      ],
      [
        15.689575,
        48.28867,
        229.0
      ],
      [
        15.689565,
        48.288527,
        229.0
      ],
      [
        15.689577,
        48.28813,
        229.0
      ],
      [
        15.689587,
        48.287744,
        229.0
      ],
      [
        15.689594,
        48.287453,
        229.0
      ],
      [
        15.68788,
        48.287517,
        230.0
      ],
      [
        15.687783,
        48.287484,
        230.0
      ],
      [
        15.68788,
        48.287517,
        230.0
      ],
      [
        15.689594,
        48.287453,
        229.0
      ],
      [
        15.68961,
        48.287006,
        229.0
      ],
      [
        15.689686,
        48.287007,
        228.75
      ],
      [
        15.691304,
        48.287027,
        229.0
      ],
      [
        15.69196,
        48.287044,
        229.5
      ],
      [
        15.692167,
        48.287065,
        229.0
      ],
      [
        15.692281,
        48.287086,
        229.0
      ],
      [
        15.69239,
        48.287118,
        229.0
      ],
      [
        15.692563,
        48.287179,
        229.0
      ],
      [
        15.693364,
        48.287474,
        229.0
      ],
      [
        15.693676,
        48.287581,
        229.0
      ],
      [
        15.693774,
        48.287618,
        229.0
      ],
      [
        15.693788,
        48.287586,
        229.0
      ],
      [
        15.693813,
        48.287558,
        229.0
      ],
      [
        15.693847,
        48.287535,
        229.0
      ],
      [
        15.693889,
        48.287518,
        229.0
      ],
      [
        15.693939,
        48.287508,
        229.0
      ],
      [
        15.693992,
        48.287508,
        229.0
      ],
      [
        15.694043,
        48.287516,
        229.0
      ],
      [
        15.694091,
        48.287534,
        228.75
      ],
      [
        15.694129,
        48.28756,
        229.0
      ],
      [
        15.694156,
        48.287592,
        229.0
      ],
      [
        15.694168,
        48.287627,
        228.75
      ],
      [
        15.694316,
        48.287631,
        228.0
      ],
      [
        15.69448,
        48.287634,
        227.25
      ],
      [
        15.694924,
        48.287626,
        226.75
      ],
      [
        15.695227,
        48.287633,
        226.75
      ],
      [
        15.695569,
        48.287653,
        227.5
      ],
      [
        15.696393,
        48.287724,
        228.25
      ],
      [
        15.696695,
        48.287745,
        228.0
      ],
      [
        15.696852,
        48.287758,
        228.0
      ],
      [
        15.696994,
        48.28778,
        227.75
      ],
      [
        15.697125,
        48.287819,
        227.0
      ],
      [
        15.697206,
        48.287868,
        226.5
      ],
      [
        15.69728,
        48.287947,
        226.25
      ],
      [
        15.697454,
        48.288199,
        224.5
      ],
      [
        15.697587,
        48.288365,
        224.0
      ],
      [
        15.697687,
        48.288451,
        224.0
      ],
      [
        15.698278,
        48.288644,
        223.0
      ],
      [
        15.698386,
        48.288683,
        223.0
      ],
      [
        15.698927,
        48.288902,
        223.0
      ],
      [
        15.699101,
        48.28899,
        223.0
      ],
      [
        15.700007,
        48.288611,
        222.75
      ],
      [
        15.700186,
        48.288638,
        222.25
      ],
      [
        15.700406,
        48.28864,
        222.0
      ],
      [
        15.701326,
        48.288618,
        222.0
      ],
      [
        15.701388,
        48.288617,
        222.0
      ],
      [
        15.701514,
        48.288614,
        222.25
      ],
      [
        15.701687,
        48.288612,
        222.75
      ],
      [
        15.70195,
        48.288591,
        222.0
      ],
      [
        15.70219,
        48.288568,
        224.25
      ],
      [
        15.702578,
        48.28852,
        224.5
      ],
      [
        15.702727,
        48.288481,
        222.5
      ],
      [
        15.702442,
        48.287097,
        224.0
      ],
      [
        15.702364,
        48.286622,
        225.5
      ],
      [
        15.70233,
        48.28633,
        225.0
      ],
      [
        15.702264,
        48.285894,
        224.0
      ],
      [
        15.702238,
        48.285588,
        223.75
      ],
      [
        15.702227,
        48.285068,
        223.0
      ],
      [
        15.702193,
        48.28466,
        223.5
      ],
      [
        15.702127,
        48.284127,
        224.5
      ],
      [
        15.702174,
        48.284123,
        224.0
      ],
      [
        15.702419,
        48.284105,
        223.75
      ],
      [
        15.70249,
        48.284102,
        223.75
      ],
      [
        15.703121,
        48.284193,
        223.25
      ],
      [
        15.703001,
        48.283344,
        224.0
      ],
      [
        15.702986,
        48.283244,
        223.75
      ],
      [
        15.702948,
        48.283163,
        223.75
      ],
      [
        15.702887,
        48.283063,
        223.5
      ],
      [
        15.702857,
        48.28296,
        223.5
      ],
      [
        15.702864,
        48.282913,
        223.5
      ],
      [
        15.702928,
        48.282733,
        223.5
      ],
      [
        15.702935,
        48.282655,
        223.5
      ],
      [
        15.702905,
        48.282463,
        224.0
      ],
      [
        15.702878,
        48.282112,
        224.0
      ],
      [
        15.702905,
        48.281101,
        224.0
      ],
      [
        15.702947,
        48.280642,
        224.25
      ],
      [
        15.702982,
        48.280429,
        224.5
      ],
      [
        15.703109,
        48.279833,
        225.0
      ],
      [
        15.703215,
        48.279445,
        224.75
      ],
      [
        15.703517,
        48.278611,
        225.0
      ],
      [
        15.703758,
        48.278019,
        225.5
      ],
      [
        15.703867,
        48.277664,
        226.0
      ],
      [
        15.703912,
        48.277478,
        225.75
      ],
      [
        15.703937,
        48.277311,
        225.5
      ],
      [
        15.703956,
        48.277114,
        225.5
      ],
      [
        15.703962,
        48.27671,
        225.5
      ],
      [
        15.703948,
        48.276476,
        226.0
      ],
      [
        15.703906,
        48.276166,
        226.75
      ],
      [
        15.703856,
        48.275935,
        226.25
      ],
      [
        15.703785,
        48.275691,
        226.0
      ],
      [
        15.703552,
        48.275039,
        226.25
      ],
      [
        15.70293,
        48.273411,
        227.0
      ],
      [
        15.702617,
        48.27256,
        227.75
      ],
      [
        15.702479,
        48.272258,
        228.0
      ],
      [
        15.702317,
        48.271741,
        228.0
      ],
      [
        15.702046,
        48.270935,
        228.25
      ],
      [
        15.701818,
        48.270156,
        229.0
      ],
      [
        15.701713,
        48.269558,
        230.0
      ],
      [
        15.701697,
        48.269478,
        230.5
      ],
      [
        15.701688,
        48.269439,
        230.75
      ],
      [
        15.701673,
        48.269329,
        230.75
      ],
      [
        15.701612,
        48.268182,
        230.75
      ],
      [
        15.701618,
        48.26769,
        231.0
      ],
      [
        15.701664,
        48.267215,
        231.75
      ],
      [
        15.701825,
        48.266234,
        230.75
      ],
      [
        15.702206,
        48.264384,
        232.0
      ],
      [
        15.702341,
        48.263897,
        231.0
      ],
      [
        15.702464,
        48.263503,
        232.25
      ],
      [
        15.702668,
        48.262931,
        231.5
      ],
      [
        15.702891,
        48.262345,
        232.25
      ],
      [
        15.703008,
        48.262061,
        233.0
      ],
      [
        15.703121,
        48.261817,
        233.0
      ],
      [
        15.703242,
        48.261583,
        232.5
      ],
      [
        15.704006,
        48.260196,
        233.5
      ],
      [
        15.704137,
        48.259911,
        234.25
      ],
      [
        15.704173,
        48.259774,
        234.75
      ],
      [
        15.704201,
        48.259618,
        234.75
      ],
      [
        15.704213,
        48.259486,
        234.5
      ],
      [
        15.704204,
        48.259191,
        234.5
      ],
      [
        15.70416,
        48.258866,
        235.0
      ],
      [
        15.70408,
        48.258564,
        234.75
      ],
      [
        15.703961,
        48.258263,
        234.5
      ],
      [
        15.703884,
        48.258123,
        235.0
      ],
      [
        15.703705,
        48.257852,
        235.0
      ],
      [
        15.703584,
        48.257709,
        235.25
      ],
      [
        15.703465,
        48.257595,
        235.0
      ],
      [
        15.702599,
        48.256889,
        234.75
      ],
      [
        15.702307,
        48.256631,
        235.5
      ],
      [
        15.702151,
        48.256474,
        235.25
      ],
      [
        15.702007,
        48.256315,
        235.5
      ],
      [
        15.701743,
        48.255979,
        236.0
      ],
      [
        15.701527,
        48.255643,
        236.0
      ],
      [
        15.701366,
        48.255327,
        236.0
      ],
      [
        15.701263,
        48.255072,
        236.0
      ],
      [
        15.701192,
        48.254929,
        236.25
      ],
      [
        15.701107,
        48.254775,
        237.0
      ],
      [
        15.701024,
        48.254647,
        236.5
      ],
      [
        15.700929,
        48.254519,
        236.25
      ],
      [
        15.70082,
        48.254393,
        236.5
      ],
      [
        15.700552,
        48.254123,
        236.5
      ],
      [
        15.700402,
        48.253993,
        236.25
      ],
      [
        15.700261,
        48.253886,
        236.75
      ],
      [
        15.700095,
        48.253778,
        236.25
      ],
      [
        15.699911,
        48.253664,
        236.25
      ],
      [
        15.699678,
        48.253542,
        236.25
      ],
      [
        15.699447,
        48.253439,
        235.75
      ],
      [
        15.699211,
        48.253351,
        236.5
      ],
      [
        15.699012,
        48.253285,
        236.5
      ],
      [
        15.698792,
        48.253222,
        236.25
      ],
      [
        15.697799,
        48.252882,
        237.25
      ],
      [
        15.697563,
        48.252793,
        237.5
      ],
      [
        15.697116,
        48.252602,
        237.0
      ],
      [
        15.696702,
        48.252393,
        237.0
      ],
      [
        15.696491,
        48.252267,
        237.75
      ],
      [
        15.696275,
        48.252123,
        237.75
      ],
      [
        15.695932,
        48.251863,
        237.75
      ],
      [
        15.695751,
        48.251703,
        238.25
      ],
      [
        15.695566,
        48.251524,
        238.25
      ],
      [
        15.695136,
        48.251052,
        238.5
      ],
      [
        15.694758,
        48.250615,
        239.25
      ],
      [
        15.694573,
        48.250414,
        239.0
      ],
      [
        15.694419,
        48.250258,
        239.75
      ],
      [
        15.694082,
        48.249959,
        239.5
      ],
      [
        15.69382,
        48.24976,
        239.25
      ],
      [
        15.693634,
        48.249647,
        239.25
      ],
      [
        15.693343,
        48.249484,
        239.75
      ],
      [
        15.693126,
        48.249377,
        239.5
      ],
      [
        15.692314,
        48.249023,
        239.25
      ],
      [
        15.690943,
        48.248407,
        240.25
      ],
      [
        15.690702,
        48.24829,
        240.5
      ],
      [
        15.690122,
        48.247963,
        241.0
      ],
      [
        15.689893,
        48.247826,
        241.0
      ],
      [
        15.689678,
        48.247687,
        240.75
      ],
      [
        15.68936,
        48.247468,
        241.25
      ],
      [
        15.688809,
        48.247073,
        241.0
      ],
      [
        15.688619,
        48.246957,
        241.75
      ],
      [
        15.688122,
        48.246679,
        241.0
      ],
      [
        15.687705,
        48.246458,
        242.0
      ],
      [
        15.687602,
        48.246425,
        242.0
      ],
      [
        15.687539,
        48.246346,
        241.75
      ],
      [
        15.687455,
        48.246279,
        241.5
      ],
      [
        15.687293,
        48.246185,
        241.75
      ],
      [
        15.687123,
        48.246098,
        241.75
      ],
      [
        15.686808,
        48.245964,
        241.5
      ],
      [
        15.686539,
        48.245868,
        242.25
      ],
      [
        15.686296,
        48.245802,
        242.75
      ],
      [
        15.686081,
        48.245761,
        242.25
      ],
      [
        15.685434,
        48.245663,
        242.0
      ],
      [
        15.685222,
        48.245639,
        242.25
      ],
      [
        15.685053,
        48.245637,
        242.75
      ],
      [
        15.684777,
        48.24566,
        242.5
      ],
      [
        15.684593,
        48.245682,
        242.75
      ],
      [
        15.684464,
        48.245688,
        242.75
      ],
      [
        15.684335,
        48.24568,
        243.5
      ],
      [
        15.684036,
        48.245647,
        243.75
      ],
      [
        15.683863,
        48.24562,
        243.0
      ],
      [
        15.683721,
        48.245577,
        242.0
      ],
      [
        15.683454,
        48.24546,
        242.5
      ],
      [
        15.683076,
        48.245308,
        243.5
      ],
      [
        15.682929,
        48.245257,
        243.75
      ],
      [
        15.682235,
        48.245058,
        243.5
      ],
      [
        15.681979,
        48.244978,
        243.75
      ],
      [
        15.681465,
        48.244798,
        243.25
      ],
      [
        15.681229,
        48.244706,
        243.75
      ],
      [
        15.680756,
        48.244505,
        243.5
      ],
      [
        15.680403,
        48.244338,
        244.0
      ],
      [
        15.679992,
        48.244116,
        244.5
      ],
      [
        15.679664,
        48.243929,
        244.0
      ],
      [
        15.679297,
        48.243694,
        244.0
      ],
      [
        15.678887,
        48.243404,
        244.5
      ],
      [
        15.678487,
        48.243088,
        244.25
      ],
      [
        15.677134,
        48.241992,
        244.25
      ],
      [
        15.676604,
        48.241598,
        245.0
      ],
      [
        15.676089,
        48.241247,
        245.5
      ],
      [
        15.675326,
        48.240757,
        245.25
      ],
      [
        15.674199,
        48.240047,
        246.5
      ],
      [
        15.673703,
        48.239714,
        246.5
      ],
      [
        15.673655,
        48.239654,
        246.25
      ],
      [
        15.673619,
        48.239612,
        246.0
      ],
      [
        15.673488,
        48.239481,
        246.0
      ],
      [
        15.673277,
        48.239258,
        246.25
      ],
      [
        15.671654,
        48.237408,
        248.5
      ],
      [
        15.671092,
        48.236749,
        248.75
      ],
      [
        15.670815,
        48.236444,
        248.75
      ],
      [
        15.67058,
        48.23622,
        248.75
      ],
      [
        15.670376,
        48.236048,
        248.75
      ],
      [
        15.670166,
        48.235887,
        248.75
      ],
      [
        15.669774,
        48.235623,
        249.0
      ],
      [
        15.66942,
        48.235415,
        248.5
      ],
      [
        15.669017,
        48.235207,
        249.0
      ],
      [
        15.668639,
        48.235034,
        249.75
      ],
      [
        15.668083,
        48.234823,
        248.75
      ],
      [
        15.666552,
        48.234304,
        249.25
      ],
      [
        15.666222,
        48.234178,
        250.5
      ],
      [
        15.665963,
        48.234062,
        250.5
      ],
      [
        15.665362,
        48.23374,
        250.5
      ],
      [
        15.664935,
        48.233494,
        250.25
      ],
      [
        15.664408,
        48.23315,
        250.25
      ],
      [
        15.663425,
        48.232442,
        251.25
      ],
      [
        15.661971,
        48.23138,
        252.5
      ],
      [
        15.661514,
        48.231061,
        251.5
      ],
      [
        15.657717,
        48.228292,
        253.5
      ],
      [
        15.657469,
        48.228121,
        253.75
      ],
      [
        15.656357,
        48.227311,
        253.25
      ],
      [
        15.654031,
        48.225622,
        254.25
      ],
      [
        15.653069,
        48.224941,
        255.5
      ],
      [
        15.652866,
        48.224778,
        255.25
      ],
      [
        15.652336,
        48.224323,
        255.5
      ],
      [
        15.652024,
        48.224061,
        256.0
      ],
      [
        15.651935,
        48.224009,
        256.25
      ],
      [
        15.651829,
        48.223974,
        256.5
      ],
      [
        15.65165,
        48.223934,
        257.0
      ],
      [
        15.651526,
        48.22389,
        257.5
      ],
      [
        15.651465,
        48.223848,
        257.5
      ],
      [
        15.651412,
        48.223689,
        257.0
      ],
      [
        15.651414,
        48.223563,
        256.25
      ],
      [
        15.651389,
        48.223515,
        256.25
      ],
      [
        15.651347,
        48.22347,
        256.0
      ],
      [
        15.651054,
        48.223218,
        256.25
      ],
      [
        15.650705,
        48.222897,
        256.75
      ],
      [
        15.650366,
        48.222625,
        257.25
      ],
      [
        15.64963,
        48.221984,
        257.25
      ],
      [
        15.649319,
        48.22174,
        257.0
      ],
      [
        15.648914,
        48.221458,
        257.75
      ],
      [
        15.648342,
        48.221087,
        258.75
      ],
      [
        15.648199,
        48.220997,
        258.25
      ],
      [
        15.647933,
        48.220845,
        258.25
      ],
      [
        15.647178,
        48.22044,
        258.0
      ],
      [
        15.646817,
        48.220264,
        258.25
      ],
      [
        15.646449,
        48.22004,
        258.5
      ],
      [
        15.646092,
        48.219794,
        258.25
      ],
      [
        15.645741,
        48.219512,
        258.75
      ],
      [
        15.645525,
        48.219305,
        259.0
      ],
      [
        15.64549,
        48.219258,
        258.75
      ],
      [
        15.645472,
        48.219241,
        258.75
      ],
      [
        15.645347,
        48.219117,
        258.5
      ],
      [
        15.645303,
        48.219068,
        258.5
      ],
      [
        15.645171,
        48.218949,
        258.5
      ],
      [
        15.645104,
        48.218849,
        258.5
      ],
      [
        15.645069,
        48.218737,
        258.5
      ],
      [
        15.644901,
        48.218452,
        258.75
      ],
      [
        15.644736,
        48.218098,
        259.75
      ],
      [
        15.644602,
        48.217772,
        260.25
      ],
      [
        15.644529,
        48.21765,
        260.25
      ],
      [
        15.644514,
        48.217624,
        260.25
      ],
      [
        15.644495,
        48.217486,
        260.25
      ],
      [
        15.644446,
        48.217312,
        260.25
      ],
      [
        15.644286,
        48.21688,
        260.0
      ],
      [
        15.644101,
        48.216474,
        260.25
      ],
      [
        15.643925,
        48.216163,
        260.75
      ],
      [
        15.64374,
        48.215911,
        261.0
      ],
      [
        15.643629,
        48.215819,
        261.75
      ],
      [
        15.643535,
        48.215782,
        261.5
      ],
      [
        15.64321,
        48.215363,
        261.25
      ],
      [
        15.642827,
        48.214949,
        261.5
      ],
      [
        15.642129,
        48.214376,
        261.75
      ],
      [
        15.641645,
        48.214005,
        262.5
      ],
      [
        15.641262,
        48.213666,
        262.5
      ],
      [
        15.640863,
        48.213247,
        262.75
      ],
      [
        15.640638,
        48.212989,
        262.75
      ],
      [
        15.640428,
        48.212713,
        263.0
      ],
      [
        15.640249,
        48.212433,
        263.5
      ],
      [
        15.639751,
        48.211312,
        264.0
      ],
      [
        15.639527,
        48.210794,
        264.0
      ],
      [
        15.639244,
        48.210303,
        264.5
      ],
      [
        15.639072,
        48.210006,
        264.5
      ],
      [
        15.638905,
        48.20978,
        264.5
      ],
      [
        15.638608,
        48.209457,
        264.75
      ],
      [
        15.638361,
        48.209245,
        265.25
      ],
      [
        15.637879,
        48.208823,
        265.5
      ],
      [
        15.637424,
        48.208454,
        265.25
      ],
      [
        15.637393,
        48.208415,
        265.25
      ],
      [
        15.637368,
        48.208357,
        265.25
      ],
      [
        15.637161,
        48.208172,
        265.0
      ],
      [
        15.636917,
        48.208017,
        266.25
      ],
      [
        15.636804,
        48.207937,
        265.5
      ],
      [
        15.636628,
        48.207849,
        265.75
      ],
      [
        15.63646,
        48.207823,
        266.25
      ],
      [
        15.636403,
        48.207785,
        266.75
      ],
      [
        15.636383,
        48.207758,
        266.75
      ],
      [
        15.636372,
        48.207722,
        266.75
      ],
      [
        15.63638,
        48.20761,
        266.25
      ],
      [
        15.636424,
        48.207519,
        265.75
      ],
      [
        15.636351,
        48.207414,
        265.75
      ],
      [
        15.636352,
        48.207298,
        265.25
      ],
      [
        15.636171,
        48.207085,
        265.0
      ],
      [
        15.636053,
        48.206901,
        264.75
      ],
      [
        15.635993,
        48.206823,
        264.5
      ],
      [
        15.635859,
        48.20666,
        264.75
      ],
      [
        15.635727,
        48.206495,
        264.75
      ],
      [
        15.635609,
        48.206392,
        265.25
      ],
      [
        15.63546,
        48.206193,
        265.5
      ],
      [
        15.635066,
        48.205573,
        266.25
      ],
      [
        15.634915,
        48.205268,
        266.25
      ],
      [
        15.63481,
        48.205162,
        266.25
      ],
      [
        15.634708,
        48.204951,
        267.0
      ],
      [
        15.634586,
        48.204399,
        266.75
      ],
      [
        15.634492,
        48.20411,
        267.25
      ],
      [
        15.634417,
        48.203878,
        267.0
      ],
      [
        15.63435,
        48.203672,
        266.75
      ],
      [
        15.634335,
        48.203596,
        266.75
      ],
      [
        15.634305,
        48.203451,
        267.25
      ],
      [
        15.634271,
        48.203066,
        267.25
      ],
      [
        15.634226,
        48.202551,
        267.5
      ],
      [
        15.634222,
        48.2025,
        267.5
      ],
      [
        15.6342,
        48.202253,
        267.5
      ],
      [
        15.634241,
        48.202034,
        267.5
      ],
      [
        15.634236,
        48.201974,
        267.5
      ],
      [
        15.634216,
        48.201761,
        267.25
      ],
      [
        15.634061,
        48.200105,
        267.5
      ],
      [
        15.634007,
        48.200108,
        267.75
      ],
      [
        15.633985,
        48.199933,
        268.25
      ],
      [
        15.633961,
        48.199736,
        269.0
      ],
      [
        15.633948,
        48.19961,
        269.25
      ],
      [
        15.633929,
        48.199435,
        269.5
      ],
      [
        15.633915,
        48.199283,
        269.5
      ],
      [
        15.633898,
        48.199113,
        269.75
      ],
      [
        15.633885,
        48.198982,
        269.75
      ],
      [
        15.633874,
        48.198869,
        269.75
      ],
      [
        15.633865,
        48.198785,
        269.5
      ],
      [
        15.633859,
        48.198734,
        269.25
      ],
      [
        15.633854,
        48.198655,
        269.0
      ],
      [
        15.633854,
        48.198564,
        269.0
      ],
      [
        15.633846,
        48.198447,
        269.0
      ],
      [
        15.633834,
        48.198381,
        269.0
      ],
      [
        15.633781,
        48.198174,
        269.0
      ],
      [
        15.633751,
        48.198065,
        269.25
      ],
      [
        15.633111,
        48.198052,
        270.75
      ],
      [
        15.632572,
        48.198042,
        271.0
      ],
      [
        15.631813,
        48.198031,
        270.25
      ],
      [
        15.631583,
        48.198049,
        270.0
      ],
      [
        15.631279,
        48.198086,
        270.0
      ],
      [
        15.630636,
        48.198255,
        270.0
      ],
      [
        15.629674,
        48.198508,
        270.0
      ],
      [
        15.629313,
        48.198618,
        270.0
      ],
      [
        15.629091,
        48.198704,
        269.75
      ],
      [
        15.628468,
        48.198971,
        271.0
      ],
      [
        15.628149,
        48.199102,
        271.5
      ],
      [
        15.628038,
        48.199169,
        272.0
      ],
      [
        15.627942,
        48.199275,
        272.0
      ],
      [
        15.627833,
        48.199287,
        272.0
      ],
      [
        15.627345,
        48.199276,
        272.0
      ],
      [
        15.627117,
        48.19927,
        272.0
      ],
      [
        15.626753,
        48.19926,
        271.5
      ],
      [
        15.626664,
        48.199258,
        271.25
      ],
      [
        15.626544,
        48.199258,
        271.25
      ],
      [
        15.625423,
        48.199255,
        271.75
      ],
      [
        15.62518,
        48.199255,
        272.0
      ],
      [
        15.62363,
        48.199249,
        272.0
      ],
      [
        15.622159,
        48.199237,
        272.0
      ],
      [
        15.62213,
        48.199237,
        272.0
      ],
      [
        15.622045,
        48.199236,
        272.0
      ],
      [
        15.621979,
        48.199235,
        272.0
      ],
      [
        15.620906,
        48.199221,
        273.0
      ],
      [
        15.62091,
        48.199156,
        273.0
      ],
      [
        15.620903,
        48.199087,
        273.0
      ],
      [
        15.620922,
        48.198963,
        273.0
      ],
      [
        15.620928,
        48.198918,
        273.0
      ],
      [
        15.62092,
        48.198887,
        273.0
      ],
      [
        15.620889,
        48.198842,
        273.0
      ],
      [
        15.620716,
        48.198739,
        273.0
      ],
      [
        15.620741,
        48.19861,
        273.25
      ],
      [
        15.620796,
        48.198344,
        273.0
      ],
      [
        15.620862,
        48.198058,
        272.75
      ],
      [
        15.620869,
        48.198027,
        273.0
      ],
      [
        15.620893,
        48.197926,
        273.25
      ],
      [
        15.62076,
        48.197915,
        273.5
      ],
      [
        15.62071,
        48.197911,
        273.5
      ],
      [
        15.620383,
        48.197885,
        273.5
      ],
      [
        15.619876,
        48.197843,
        273.25
      ],
      [
        15.618712,
        48.197748,
        274.0
      ],
      [
        15.618569,
        48.197736,
        274.0
      ],
      [
        15.6172,
        48.197612,
        274.0
      ],
      [
        15.617055,
        48.197599,
        274.0
      ],
      [
        15.616923,
        48.197587,
        274.0
      ],
      [
        15.616909,
        48.197654,
        274.0
      ],
      [
        15.616747,
        48.198454,
        274.0
      ],
      [
        15.616733,
        48.198529,
        274.0
      ],
      [
        15.616738,
        48.19857,
        274.0
      ],
      [
        15.616576,
        48.199353,
        274.0
      ],
      [
        15.61654,
        48.199522,
        274.0
      ],
      [
        15.616519,
        48.19963,
        274.0
      ],
      [
        15.61644,
        48.199625,
        274.0
      ],
      [
        15.616417,
        48.199764,
        274.0
      ],
      [
        15.616449,
        48.199841,
        274.0
      ],
      [
        15.616454,
        48.199854,
        274.0
      ],
      [
        15.616449,
        48.199841,
        274.0
      ],
      [
        15.616417,
        48.199764,
        274.0
      ],
      [
        15.61644,
        48.199625,
        274.0
      ],
      [
        15.616519,
        48.19963,
        274.0
      ],
      [
        15.61654,
        48.199522,
        274.0
      ],
      [
        15.616576,
        48.199353,
        274.0
      ],
      [
        15.616738,
        48.19857,
        274.0
      ],
      [
        15.616733,
        48.198529,
        274.0
      ],
      [
        15.616747,
        48.198454,
        274.0
      ],
      [
        15.616909,
        48.197654,
        274.0
      ],
      [
        15.616923,
        48.197587,
        274.0
      ],
      [
        15.617055,
        48.197599,
        274.0
      ],
      [
        15.6172,
        48.197612,
        274.0
      ],
      [
        15.618569,
        48.197736,
        274.0
      ],
      [
        15.618712,
        48.197748,
        274.0
      ],
      [
        15.618874,
        48.19688,
        274.0
      ],
      [
        15.618947,
        48.196478,
        274.0
      ],
      [
        15.61902,
        48.196053,
        275.0
      ],
      [
        15.617474,
        48.19595,
        275.0
      ],
      [
        15.616013,
        48.195858,
        275.0
      ],
      [
        15.615817,
        48.195845,
        275.0
      ],
      [
        15.615542,
        48.195828,
        275.0
      ],
      [
        15.615272,
        48.195811,
        275.0
      ],
      [
        15.614528,
        48.195765,
        275.25
      ],
      [
        15.614436,
        48.19576,
        275.25
      ],
      [
        15.614318,
        48.195752,
        275.5
      ],
      [
        15.614259,
        48.195749,
        275.75
      ],
      [
        15.61419,
        48.195745,
        275.75
      ],
      [
        15.614131,
        48.195742,
        275.75
      ],
      [
        15.614083,
        48.19574,
        275.5
      ],
      [
        15.613841,
        48.195732,
        275.25
      ],
      [
        15.613566,
        48.195715,
        277.0
      ],
      [
        15.613442,
        48.195984,
        276.75
      ],
      [
        15.613389,
        48.196064,
        276.75
      ],
      [
        15.613313,
        48.196133,
        276.75
      ],
      [
        15.613203,
        48.196211,
        276.75
      ],
      [
        15.612396,
        48.196684,
        276.75
      ],
      [
        15.612339,
        48.196732,
        276.75
      ],
      [
        15.612307,
        48.19678,
        276.75
      ],
      [
        15.612288,
        48.196853,
        276.75
      ],
      [
        15.612254,
        48.197013,
        276.75
      ],
      [
        15.61222,
        48.197175,
        277.0
      ],
      [
        15.612193,
        48.197352,
        276.75
      ],
      [
        15.612195,
        48.197419,
        276.75
      ],
      [
        15.612206,
        48.197599,
        276.75
      ],
      [
        15.612211,
        48.197736,
        276.75
      ],
      [
        15.612204,
        48.197832,
        277.0
      ],
      [
        15.612168,
        48.198145,
        277.0
      ],
      [
        15.612156,
        48.198315,
        277.0
      ],
      [
        15.612151,
        48.198371,
        277.0
      ],
      [
        15.612135,
        48.198536,
        277.0
      ],
      [
        15.612091,
        48.198608,
        277.0
      ],
      [
        15.612002,
        48.198674,
        277.25
      ],
      [
        15.611932,
        48.198723,
        277.75
      ],
      [
        15.611754,
        48.198644,
        277.25
      ],
      [
        15.611581,
        48.198577,
        277.75
      ],
      [
        15.611374,
        48.198518,
        279.25
      ],
      [
        15.611122,
        48.198474,
        280.25
      ],
      [
        15.610806,
        48.198431,
        281.25
      ],
      [
        15.610744,
        48.198481,
        282.25
      ],
      [
        15.609918,
        48.198518,
        285.25
      ],
      [
        15.609698,
        48.198647,
        289.25
      ],
      [
        15.609673,
        48.198681,
        289.5
      ],
      [
        15.60962,
        48.19873,
        290.0
      ],
      [
        15.609576,
        48.198754,
        290.25
      ],
      [
        15.609514,
        48.19879,
        290.75
      ],
      [
        15.609503,
        48.198805,
        290.75
      ],
      [
        15.609494,
        48.198832,
        291.0
      ],
      [
        15.609509,
        48.198889,
        291.75
      ],
      [
        15.609517,
        48.198904,
        291.75
      ],
      [
        15.609515,
        48.198914,
        291.75
      ],
      [
        15.609393,
        48.199044,
        292.5
      ],
      [
        15.609347,
        48.19913,
        293.0
      ],
      [
        15.609318,
        48.199212,
        293.75
      ],
      [
        15.609114,
        48.200101,
        297.0
      ],
      [
        15.608264,
        48.203714,
        292.5
      ],
      [
        15.608242,
        48.203794,
        292.5
      ],
      [
        15.608166,
        48.203757,
        292.75
      ],
      [
        15.607611,
        48.203582,
        293.0
      ],
      [
        15.606919,
        48.203363,
        293.0
      ],
      [
        15.60632,
        48.203181,
        293.5
      ],
      [
        15.604585,
        48.202665,
        294.0
      ],
      [
        15.602711,
        48.202163,
        294.75
      ],
      [
        15.602032,
        48.202012,
        296.25
      ],
      [
        15.601852,
        48.201982,
        296.75
      ],
      [
        15.601321,
        48.201874,
        296.25
      ],
      [
        15.60111,
        48.201825,
        296.75
      ],
      [
        15.600935,
        48.201777,
        296.75
      ],
      [
        15.600478,
        48.201628,
        297.0
      ],
      [
        15.59992,
        48.20143,
        297.75
      ],
      [
        15.599755,
        48.20138,
        298.0
      ],
      [
        15.59963,
        48.201349,
        298.0
      ],
      [
        15.599522,
        48.201334,
        298.0
      ],
      [
        15.599062,
        48.201294,
        298.25
      ],
      [
        15.598518,
        48.201233,
        298.0
      ],
      [
        15.596694,
        48.200984,
        299.0
      ],
      [
        15.596529,
        48.200967,
        299.0
      ],
      [
        15.596375,
        48.20096,
        299.0
      ],
      [
        15.594591,
        48.200996,
        299.25
      ],
      [
        15.589909,
        48.201095,
        301.0
      ],
      [
        15.586005,
        48.20117,
        302.25
      ],
      [
        15.583715,
        48.201223,
        304.0
      ],
      [
        15.583534,
        48.20123,
        304.5
      ],
      [
        15.581815,
        48.201243,
        304.0
      ],
      [
        15.579734,
        48.201252,
        304.25
      ],
      [
        15.576896,
        48.201271,
        301.25
      ],
      [
        15.576614,
        48.201265,
        300.75
      ],
      [
        15.575436,
        48.201193,
        299.25
      ],
      [
        15.573992,
        48.201145,
        297.75
      ],
      [
        15.573367,
        48.201102,
        297.0
      ],
      [
        15.573131,
        48.201071,
        296.25
      ],
      [
        15.572619,
        48.200988,
        295.25
      ],
      [
        15.571813,
        48.200867,
        295.25
      ],
      [
        15.57012,
        48.200617,
        294.0
      ],
      [
        15.568822,
        48.200417,
        292.75
      ],
      [
        15.568535,
        48.200354,
        292.5
      ],
      [
        15.567483,
        48.200105,
        292.0
      ],
      [
        15.566408,
        48.19984,
        291.75
      ],
      [
        15.565655,
        48.199669,
        291.5
      ],
      [
        15.565194,
        48.199582,
        291.75
      ],
      [
        15.564964,
        48.199531,
        292.0
      ],
      [
        15.564426,
        48.199389,
        292.0
      ],
      [
        15.563717,
        48.199214,
        294.0
      ],
      [
        15.563237,
        48.199108,
        294.25
      ],
      [
        15.562886,
        48.19917,
        294.5
      ],
      [
        15.562583,
        48.199215,
        294.25
      ],
      [
        15.562268,
        48.199254,
        294.5
      ],
      [
        15.561624,
        48.199323,
        293.75
      ],
      [
        15.560683,
        48.19941,
        293.5
      ],
      [
        15.560597,
        48.199413,
        293.75
      ],
      [
        15.560534,
        48.199408,
        294.0
      ],
      [
        15.560328,
        48.199353,
        294.25
      ],
      [
        15.560007,
        48.199409,
        294.0
      ],
      [
        15.559975,
        48.199374,
        294.25
      ],
      [
        15.55991,
        48.199363,
        294.25
      ],
      [
        15.559796,
        48.199358,
        294.25
      ],
      [
        15.558565,
        48.199443,
        295.0
      ],
      [
        15.557875,
        48.199491,
        293.75
      ],
      [
        15.557526,
        48.199506,
        293.5
      ],
      [
        15.557149,
        48.199503,
        293.75
      ],
      [
        15.556692,
        48.199481,
        293.5
      ],
      [
        15.556384,
        48.199448,
        292.75
      ],
      [
        15.556171,
        48.19941,
        292.75
      ],
      [
        15.555882,
        48.199337,
        291.75
      ],
      [
        15.554992,
        48.199128,
        289.5
      ],
      [
        15.554808,
        48.199079,
        288.75
      ],
      [
        15.554691,
        48.199057,
        288.5
      ],
      [
        15.554498,
        48.199037,
        288.5
      ],
      [
        15.554391,
        48.199035,
        288.25
      ],
      [
        15.554164,
        48.199053,
        288.0
      ],
      [
        15.553915,
        48.199077,
        287.25
      ],
      [
        15.553521,
        48.199121,
        285.5
      ],
      [
        15.553342,
        48.199141,
        284.75
      ],
      [
        15.553124,
        48.199171,
        283.5
      ],
      [
        15.553033,
        48.199193,
        283.0
      ],
      [
        15.552968,
        48.199162,
        282.5
      ],
      [
        15.552894,
        48.199142,
        282.25
      ],
      [
        15.552838,
        48.199136,
        282.0
      ],
      [
        15.55224,
        48.19916,
        279.0
      ],
      [
        15.552104,
        48.19916,
        278.5
      ],
      [
        15.551967,
        48.199152,
        278.0
      ],
      [
        15.551634,
        48.199119,
        277.0
      ],
      [
        15.551469,
        48.199113,
        277.0
      ],
      [
        15.551026,
        48.199106,
        277.0
      ],
      [
        15.550559,
        48.199108,
        277.0
      ],
      [
        15.550416,
        48.199098,
        277.25
      ],
      [
        15.550134,
        48.199066,
        277.25
      ],
      [
        15.550078,
        48.19906,
        277.25
      ],
      [
        15.549806,
        48.199035,
        277.0
      ],
      [
        15.5497,
        48.19902,
        276.75
      ],
      [
        15.54933,
        48.198962,
        276.75
      ],
      [
        15.549231,
        48.198946,
        276.5
      ],
      [
        15.547441,
        48.198565,
        275.75
      ],
      [
        15.547066,
        48.198487,
        275.25
      ],
      [
        15.546768,
        48.198428,
        274.75
      ],
      [
        15.544926,
        48.198093,
        272.75
      ],
      [
        15.544605,
        48.198047,
        273.0
      ],
      [
        15.544457,
        48.198032,
        273.0
      ],
      [
        15.544025,
        48.198003,
        272.25
      ],
      [
        15.543264,
        48.197965,
        272.5
      ],
      [
        15.542876,
        48.19795,
        272.75
      ],
      [
        15.542035,
        48.197932,
        271.0
      ],
      [
        15.541829,
        48.19793,
        270.75
      ],
      [
        15.54137,
        48.197942,
        270.0
      ],
      [
        15.540961,
        48.197965,
        271.0
      ],
      [
        15.54049,
        48.197975,
        271.75
      ],
      [
        15.540385,
        48.19799,
        272.0
      ],
      [
        15.540311,
        48.198029,
        272.0
      ],
      [
        15.540281,
        48.198079,
        271.75
      ],
      [
        15.540259,
        48.198143,
        271.5
      ],
      [
        15.540266,
        48.198466,
        270.75
      ],
      [
        15.54027,
        48.198514,
        270.75
      ],
      [
        15.540078,
        48.198532,
        270.25
      ],
      [
        15.539631,
        48.198596,
        270.5
      ],
      [
        15.539425,
        48.198619,
        270.0
      ],
      [
        15.539255,
        48.198631,
        270.0
      ],
      [
        15.538435,
        48.198671,
        270.25
      ],
      [
        15.536652,
        48.19878,
        269.0
      ],
      [
        15.536295,
        48.198787,
        268.75
      ],
      [
        15.536143,
        48.19878,
        268.75
      ],
      [
        15.535812,
        48.198745,
        268.25
      ],
      [
        15.533661,
        48.198409,
        267.0
      ],
      [
        15.533275,
        48.198343,
        267.0
      ],
      [
        15.532702,
        48.198212,
        265.25
      ],
      [
        15.53053,
        48.197723,
        264.5
      ],
      [
        15.528335,
        48.197219,
        264.75
      ],
      [
        15.528057,
        48.197155,
        264.75
      ],
      [
        15.527708,
        48.197075,
        264.0
      ],
      [
        15.527402,
        48.196988,
        264.5
      ],
      [
        15.527259,
        48.196939,
        264.75
      ],
      [
        15.526325,
        48.196623,
        264.5
      ],
      [
        15.526147,
        48.196571,
        264.25
      ],
      [
        15.525831,
        48.196495,
        263.75
      ],
      [
        15.525381,
        48.196448,
        262.5
      ],
      [
        15.524587,
        48.196382,
        261.25
      ],
      [
        15.524469,
        48.196381,
        261.0
      ],
      [
        15.524327,
        48.196389,
        260.5
      ],
      [
        15.524087,
        48.196416,
        259.5
      ],
      [
        15.524018,
        48.19647,
        259.5
      ],
      [
        15.523938,
        48.196519,
        259.5
      ],
      [
        15.523352,
        48.196757,
        260.0
      ],
      [
        15.522787,
        48.197028,
        259.25
      ],
      [
        15.522637,
        48.19709,
        258.75
      ],
      [
        15.522333,
        48.197209,
        258.25
      ],
      [
        15.522188,
        48.197254,
        258.0
      ],
      [
        15.522047,
        48.19729,
        258.25
      ],
      [
        15.521738,
        48.197356,
        258.75
      ],
      [
        15.52159,
        48.197377,
        258.75
      ],
      [
        15.52143,
        48.197394,
        258.5
      ],
      [
        15.52118,
        48.197411,
        257.75
      ],
      [
        15.520965,
        48.197428,
        257.25
      ],
      [
        15.520664,
        48.197465,
        257.25
      ],
      [
        15.520445,
        48.197504,
        257.5
      ],
      [
        15.520343,
        48.197529,
        257.25
      ],
      [
        15.520192,
        48.197576,
        257.25
      ],
      [
        15.519855,
        48.197724,
        256.75
      ],
      [
        15.519535,
        48.197881,
        256.25
      ],
      [
        15.51933,
        48.197998,
        256.25
      ],
      [
        15.518682,
        48.198394,
        255.0
      ],
      [
        15.518563,
        48.198458,
        255.25
      ],
      [
        15.518303,
        48.198576,
        255.5
      ],
      [
        15.518149,
        48.198635,
        255.5
      ],
      [
        15.517986,
        48.198687,
        256.0
      ],
      [
        15.516042,
        48.19927,
        255.25
      ],
      [
        15.51443,
        48.199808,
        252.75
      ],
      [
        15.514342,
        48.199844,
        252.75
      ],
      [
        15.514253,
        48.199888,
        252.5
      ],
      [
        15.514169,
        48.199942,
        252.75
      ],
      [
        15.514077,
        48.200012,
        253.0
      ],
      [
        15.513722,
        48.200311,
        253.5
      ],
      [
        15.513472,
        48.200521,
        252.75
      ],
      [
        15.51328,
        48.200709,
        252.0
      ],
      [
        15.513064,
        48.200934,
        251.25
      ],
      [
        15.513007,
        48.201007,
        251.5
      ],
      [
        15.512966,
        48.201085,
        251.5
      ],
      [
        15.512957,
        48.201174,
        251.5
      ],
      [
        15.512978,
        48.201268,
        251.75
      ],
      [
        15.513021,
        48.201357,
        251.75
      ],
      [
        15.513131,
        48.201504,
        251.75
      ],
      [
        15.513171,
        48.201556,
        251.75
      ],
      [
        15.513051,
        48.201526,
        252.0
      ],
      [
        15.512795,
        48.201464,
        252.25
      ],
      [
        15.51245,
        48.201387,
        252.75
      ],
      [
        15.512355,
        48.201367,
        252.25
      ],
      [
        15.512204,
        48.201337,
        252.0
      ],
      [
        15.512032,
        48.201302,
        252.0
      ],
      [
        15.511609,
        48.201213,
        252.75
      ],
      [
        15.511428,
        48.201169,
        253.25
      ],
      [
        15.511278,
        48.201125,
        253.75
      ],
      [
        15.511095,
        48.201057,
        253.5
      ],
      [
        15.510792,
        48.20092,
        253.5
      ],
      [
        15.51006,
        48.200551,
        253.25
      ],
      [
        15.509778,
        48.200412,
        253.25
      ],
      [
        15.509277,
        48.200199,
        252.75
      ],
      [
        15.509084,
        48.200127,
        252.25
      ],
      [
        15.50891,
        48.20007,
        252.0
      ],
      [
        15.508529,
        48.199962,
        252.25
      ],
      [
        15.508362,
        48.199921,
        251.75
      ],
      [
        15.507885,
        48.19983,
        251.5
      ],
      [
        15.508013,
        48.1994,
        251.0
      ],
      [
        15.50803,
        48.199331,
        251.0
      ],
      [
        15.508063,
        48.199202,
        251.0
      ],
      [
        15.508078,
        48.199147,
        250.75
      ],
      [
        15.508093,
        48.199096,
        250.75
      ],
      [
        15.508101,
        48.199057,
        250.75
      ],
      [
        15.508302,
        48.198323,
        251.0
      ],
      [
        15.508315,
        48.19823,
        251.25
      ],
      [
        15.508318,
        48.198149,
        251.5
      ],
      [
        15.508309,
        48.198078,
        251.75
      ],
      [
        15.508265,
        48.19793,
        251.25
      ],
      [
        15.508222,
        48.197847,
        251.0
      ],
      [
        15.508092,
        48.197677,
        251.0
      ],
      [
        15.507535,
        48.197091,
        251.0
      ],
      [
        15.50732,
        48.196905,
        251.0
      ],
      [
        15.507238,
        48.196846,
        251.0
      ],
      [
        15.506819,
        48.196576,
        251.0
      ],
      [
        15.506531,
        48.196401,
        251.0
      ],
      [
        15.505786,
        48.19594,
        251.75
      ],
      [
        15.504017,
        48.194854,
        251.0
      ],
      [
        15.503623,
        48.19461,
        251.0
      ],
      [
        15.503041,
        48.194251,
        251.0
      ],
      [
        15.502982,
        48.194276,
        251.0
      ],
      [
        15.502903,
        48.194297,
        251.0
      ],
      [
        15.502368,
        48.194412,
        251.0
      ],
      [
        15.502189,
        48.194448,
        250.75
      ],
      [
        15.501482,
        48.194597,
        251.0
      ],
      [
        15.501307,
        48.194627,
        251.0
      ],
      [
        15.501053,
        48.194648,
        250.75
      ],
      [
        15.500948,
        48.194654,
        250.5
      ],
      [
        15.500208,
        48.194663,
        250.0
      ],
      [
        15.500055,
        48.194663,
        250.0
      ],
      [
        15.499903,
        48.194658,
        250.25
      ],
      [
        15.499861,
        48.194656,
        250.25
      ],
      [
        15.499452,
        48.194628,
        250.5
      ],
      [
        15.4992,
        48.194603,
        250.5
      ],
      [
        15.498938,
        48.194566,
        250.0
      ],
      [
        15.498757,
        48.194524,
        250.0
      ],
      [
        15.498103,
        48.194288,
        250.0
      ],
      [
        15.497158,
        48.193948,
        249.0
      ],
      [
        15.49673,
        48.193793,
        249.0
      ],
      [
        15.496242,
        48.193627,
        249.0
      ],
      [
        15.496023,
        48.193552,
        249.0
      ],
      [
        15.495777,
        48.193467,
        249.0
      ],
      [
        15.48712,
        48.190357,
        247.0
      ],
      [
        15.484766,
        48.189513,
        246.0
      ],
      [
        15.48469,
        48.189495,
        246.0
      ],
      [
        15.484608,
        48.189486,
        246.0
      ],
      [
        15.484521,
        48.18948,
        246.0
      ],
      [
        15.484411,
        48.189463,
        246.0
      ],
      [
        15.476757,
        48.187962,
        248.0
      ],
      [
        15.474961,
        48.190541,
        245.0
      ],
      [
        15.474922,
        48.190563,
        245.0
      ],
      [
        15.474856,
        48.190556,
        244.75
      ],
      [
        15.474094,
        48.190353,
        246.0
      ],
      [
        15.471449,
        48.189711,
        246.0
      ],
      [
        15.470477,
        48.189458,
        246.0
      ],
      [
        15.469604,
        48.189204,
        246.0
      ],
      [
        15.469259,
        48.189111,
        246.0
      ],
      [
        15.468461,
        48.188903,
        246.0
      ],
      [
        15.467588,
        48.188691,
        246.25
      ],
      [
        15.4669,
        48.188542,
        246.75
      ],
      [
        15.466274,
        48.188395,
        246.5
      ],
      [
        15.466019,
        48.188343,
        246.75
      ],
      [
        15.465112,
        48.188177,
        248.25
      ],
      [
        15.464864,
        48.188139,
        247.75
      ],
      [
        15.463865,
        48.188019,
        245.0
      ],
      [
        15.463617,
        48.18798,
        245.5
      ],
      [
        15.463123,
        48.187888,
        242.75
      ],
      [
        15.463077,
        48.187961,
        242.25
      ],
      [
        15.462885,
        48.188277,
        245.25
      ],
      [
        15.462813,
        48.188387,
        244.0
      ],
      [
        15.462786,
        48.188429,
        243.25
      ],
      [
        15.462756,
        48.188473,
        243.0
      ],
      [
        15.462595,
        48.188691,
        242.25
      ],
      [
        15.462501,
        48.188791,
        242.5
      ],
      [
        15.46214,
        48.189111,
        242.5
      ],
      [
        15.461991,
        48.189234,
        242.0
      ],
      [
        15.461626,
        48.189552,
        241.75
      ],
      [
        15.461458,
        48.189726,
        241.75
      ],
      [
        15.461408,
        48.189798,
        242.0
      ],
      [
        15.461373,
        48.189866,
        241.75
      ],
      [
        15.461346,
        48.189938,
        241.75
      ],
      [
        15.461333,
        48.19,
        241.75
      ],
      [
        15.46132,
        48.190159,
        241.25
      ],
      [
        15.461316,
        48.190271,
        241.0
      ],
      [
        15.461308,
        48.190503,
        240.75
      ],
      [
        15.461301,
        48.190621,
        240.5
      ],
      [
        15.461283,
        48.190681,
        240.5
      ],
      [
        15.46125,
        48.19074,
        240.25
      ],
      [
        15.461203,
        48.190785,
        240.5
      ],
      [
        15.461141,
        48.190822,
        240.75
      ],
      [
        15.461069,
        48.19085,
        241.0
      ],
      [
        15.460724,
        48.19094,
        240.0
      ],
      [
        15.460651,
        48.190956,
        239.25
      ],
      [
        15.460354,
        48.191027,
        240.0
      ],
      [
        15.460312,
        48.191037,
        240.25
      ],
      [
        15.460212,
        48.19106,
        240.75
      ],
      [
        15.46016,
        48.19107,
        240.75
      ],
      [
        15.459769,
        48.191166,
        240.75
      ],
      [
        15.459413,
        48.191249,
        240.0
      ],
      [
        15.458867,
        48.191364,
        241.0
      ],
      [
        15.458768,
        48.191369,
        241.0
      ],
      [
        15.458758,
        48.191322,
        241.0
      ],
      [
        15.458764,
        48.191267,
        241.0
      ],
      [
        15.458836,
        48.190985,
        241.0
      ],
      [
        15.45884,
        48.190935,
        241.0
      ],
      [
        15.458827,
        48.190884,
        240.75
      ],
      [
        15.458793,
        48.190846,
        241.0
      ],
      [
        15.458735,
        48.190816,
        241.0
      ],
      [
        15.458467,
        48.190723,
        241.0
      ],
      [
        15.458277,
        48.190636,
        241.75
      ],
      [
        15.4582,
        48.190589,
        242.25
      ],
      [
        15.458129,
        48.190532,
        242.5
      ],
      [
        15.458073,
        48.190467,
        242.75
      ],
      [
        15.458034,
        48.190403,
        243.0
      ],
      [
        15.457961,
        48.190398,
        243.0
      ],
      [
        15.457941,
        48.190285,
        243.0
      ],
      [
        15.457938,
        48.190176,
        242.5
      ],
      [
        15.458057,
        48.189851,
        242.0
      ],
      [
        15.458107,
        48.18967,
        242.0
      ],
      [
        15.45825,
        48.189256,
        242.0
      ],
      [
        15.458317,
        48.189033,
        242.0
      ],
      [
        15.458402,
        48.1885,
        242.75
      ],
      [
        15.458459,
        48.188313,
        242.75
      ],
      [
        15.458497,
        48.188182,
        243.0
      ],
      [
        15.458501,
        48.188166,
        243.0
      ],
      [
        15.458555,
        48.187885,
        243.5
      ],
      [
        15.458559,
        48.187868,
        243.5
      ],
      [
        15.458547,
        48.187811,
        243.75
      ],
      [
        15.45853,
        48.187788,
        243.5
      ],
      [
        15.458505,
        48.187771,
        243.75
      ],
      [
        15.458422,
        48.18774,
        244.25
      ],
      [
        15.458307,
        48.187722,
        245.25
      ],
      [
        15.458209,
        48.187716,
        245.75
      ],
      [
        15.457958,
        48.187709,
        246.75
      ],
      [
        15.457619,
        48.18773,
        247.0
      ],
      [
        15.457283,
        48.187728,
        247.5
      ],
      [
        15.456506,
        48.187689,
        248.0
      ],
      [
        15.455506,
        48.187656,
        248.75
      ],
      [
        15.455514,
        48.187259,
        250.75
      ],
      [
        15.455513,
        48.187077,
        252.0
      ],
      [
        15.45552,
        48.186837,
        253.75
      ],
      [
        15.455642,
        48.186728,
        254.0
      ],
      [
        15.455756,
        48.186617,
        254.25
      ],
      [
        15.455517,
        48.186531,
        255.25
      ],
      [
        15.455389,
        48.186474,
        255.5
      ],
      [
        15.455263,
        48.18641,
        255.75
      ],
      [
        15.455056,
        48.186287,
        256.75
      ],
      [
        15.45492,
        48.18634,
        257.0
      ],
      [
        15.453866,
        48.186768,
        257.25
      ],
      [
        15.453495,
        48.186905,
        257.0
      ],
      [
        15.453125,
        48.187025,
        256.5
      ],
      [
        15.452658,
        48.187159,
        256.25
      ],
      [
        15.452263,
        48.187256,
        255.0
      ],
      [
        15.451675,
        48.18738,
        255.25
      ],
      [
        15.451351,
        48.187431,
        255.0
      ],
      [
        15.450603,
        48.187525,
        253.5
      ],
      [
        15.45036,
        48.187548,
        253.25
      ],
      [
        15.450116,
        48.187567,
        253.25
      ],
      [
        15.449631,
        48.187591,
        251.75
      ],
      [
        15.448285,
        48.187636,
        249.0
      ],
      [
        15.447245,
        48.187595,
        251.5
      ],
      [
        15.446303,
        48.187544,
        255.75
      ],
      [
        15.445851,
        48.187527,
        256.5
      ],
      [
        15.445282,
        48.187517,
        258.0
      ],
      [
        15.445041,
        48.187522,
        257.75
      ],
      [
        15.444128,
        48.187592,
        251.25
      ],
      [
        15.443695,
        48.187604,
        248.0
      ],
      [
        15.443573,
        48.187603,
        247.5
      ],
      [
        15.443001,
        48.187558,
        248.0
      ],
      [
        15.44257,
        48.187531,
        249.75
      ],
      [
        15.441581,
        48.187484,
        254.25
      ],
      [
        15.441324,
        48.187481,
        255.0
      ],
      [
        15.440105,
        48.187508,
        254.0
      ],
      [
        15.439811,
        48.187519,
        252.75
      ],
      [
        15.438735,
        48.187583,
        249.0
      ],
      [
        15.437424,
        48.187646,
        247.25
      ],
      [
        15.436564,
        48.187671,
        246.75
      ],
      [
        15.435853,
        48.1877,
        246.25
      ],
      [
        15.433766,
        48.187791,
        243.75
      ],
      [
        15.433361,
        48.187784,
        243.75
      ],
      [
        15.432677,
        48.18775,
        244.0
      ],
      [
        15.432548,
        48.187749,
        244.0
      ],
      [
        15.43228,
        48.187762,
        244.75
      ],
      [
        15.43196,
        48.187788,
        244.75
      ],
      [
        15.431556,
        48.187819,
        243.75
      ],
      [
        15.431263,
        48.187829,
        243.75
      ],
      [
        15.430682,
        48.187827,
        244.0
      ],
      [
        15.430073,
        48.187836,
        243.75
      ],
      [
        15.42958,
        48.187836,
        243.25
      ],
      [
        15.427439,
        48.187836,
        241.25
      ],
      [
        15.427168,
        48.187819,
        240.5
      ],
      [
        15.427001,
        48.187793,
        238.5
      ],
      [
        15.426944,
        48.187792,
        237.75
      ],
      [
        15.426881,
        48.187797,
        238.0
      ],
      [
        15.426809,
        48.187813,
        238.5
      ],
      [
        15.426742,
        48.187839,
        239.0
      ],
      [
        15.426686,
        48.187871,
        239.75
      ],
      [
        15.426542,
        48.187834,
        239.75
      ],
      [
        15.42646,
        48.187821,
        240.0
      ],
      [
        15.426366,
        48.187815,
        240.25
      ],
      [
        15.424063,
        48.187837,
        238.25
      ],
      [
        15.423437,
        48.187838,
        237.5
      ],
      [
        15.423319,
        48.187833,
        237.5
      ],
      [
        15.423132,
        48.187814,
        237.25
      ],
      [
        15.422975,
        48.187773,
        237.0
      ],
      [
        15.422945,
        48.187858,
        237.25
      ],
      [
        15.422925,
        48.188128,
        238.25
      ],
      [
        15.422903,
        48.188163,
        238.0
      ],
      [
        15.422867,
        48.188197,
        237.5
      ],
      [
        15.42278,
        48.188248,
        236.5
      ],
      [
        15.422735,
        48.18829,
        236.25
      ],
      [
        15.422716,
        48.188329,
        236.25
      ],
      [
        15.422716,
        48.188369,
        236.0
      ],
      [
        15.422758,
        48.188541,
        235.25
      ],
      [
        15.422741,
        48.188666,
        235.0
      ],
      [
        15.422678,
        48.188984,
        234.75
      ],
      [
        15.422631,
        48.189381,
        234.5
      ],
      [
        15.422615,
        48.189435,
        234.5
      ],
      [
        15.422372,
        48.189461,
        234.75
      ],
      [
        15.422279,
        48.189479,
        234.75
      ],
      [
        15.422169,
        48.189509,
        234.75
      ],
      [
        15.421946,
        48.189586,
        234.25
      ],
      [
        15.420944,
        48.189976,
        234.0
      ],
      [
        15.41955,
        48.190496,
        233.0
      ],
      [
        15.418502,
        48.190899,
        232.75
      ],
      [
        15.417875,
        48.19113,
        232.75
      ],
      [
        15.417811,
        48.191158,
        232.75
      ],
      [
        15.417771,
        48.191184,
        232.75
      ],
      [
        15.417749,
        48.191215,
        232.75
      ],
      [
        15.417744,
        48.191249,
        232.75
      ],
      [
        15.417753,
        48.19128,
        232.75
      ],
      [
        15.417774,
        48.191311,
        232.75
      ],
      [
        15.418025,
        48.191578,
        232.5
      ],
      [
        15.418052,
        48.191625,
        232.75
      ],
      [
        15.41806,
        48.191665,
        232.75
      ],
      [
        15.418048,
        48.191707,
        232.75
      ],
      [
        15.418013,
        48.191746,
        232.75
      ],
      [
        15.417958,
        48.191773,
        232.75
      ],
      [
        15.417579,
        48.191873,
        232.75
      ],
      [
        15.41751,
        48.191891,
        232.75
      ],
      [
        15.417411,
        48.191918,
        233.0
      ],
      [
        15.417163,
        48.191983,
        232.75
      ],
      [
        15.417072,
        48.191997,
        232.75
      ],
      [
        15.416977,
        48.192004,
        232.75
      ],
      [
        15.416886,
        48.192,
        232.5
      ],
      [
        15.416794,
        48.191987,
        232.25
      ],
      [
        15.416723,
        48.191969,
        232.0
      ],
      [
        15.416389,
        48.191861,
        232.0
      ],
      [
        15.416308,
        48.191839,
        231.75
      ],
      [
        15.416227,
        48.191825,
        231.5
      ],
      [
        15.416057,
        48.191826,
        231.5
      ],
      [
        15.415981,
        48.191834,
        231.75
      ],
      [
        15.415903,
        48.19185,
        231.75
      ],
      [
        15.41582,
        48.191878,
        232.0
      ],
      [
        15.41559,
        48.191984,
        232.0
      ],
      [
        15.415089,
        48.192256,
        232.5
      ],
      [
        15.415014,
        48.192292,
        232.5
      ],
      [
        15.414654,
        48.192442,
        232.25
      ],
      [
        15.41437,
        48.192552,
        232.5
      ],
      [
        15.414134,
        48.192629,
        232.0
      ],
      [
        15.412659,
        48.19298,
        232.0
      ],
      [
        15.411355,
        48.193285,
        232.0
      ],
      [
        15.411133,
        48.193358,
        231.75
      ],
      [
        15.409421,
        48.193972,
        230.5
      ],
      [
        15.409095,
        48.194107,
        231.0
      ],
      [
        15.408749,
        48.194244,
        231.0
      ],
      [
        15.408442,
        48.194382,
        230.75
      ],
      [
        15.408144,
        48.194539,
        230.5
      ],
      [
        15.407403,
        48.194883,
        230.75
      ],
      [
        15.406776,
        48.195174,
        231.0
      ],
      [
        15.406209,
        48.195461,
        231.25
      ],
      [
        15.406029,
        48.195558,
        232.0
      ],
      [
        15.405817,
        48.195669,
        232.25
      ],
      [
        15.404654,
        48.196277,
        235.75
      ],
      [
        15.40435,
        48.196446,
        234.75
      ],
      [
        15.404152,
        48.196542,
        234.0
      ],
      [
        15.403718,
        48.196738,
        234.25
      ],
      [
        15.402414,
        48.197407,
        234.0
      ],
      [
        15.402243,
        48.197477,
        234.0
      ],
      [
        15.401679,
        48.197656,
        233.0
      ],
      [
        15.401439,
        48.198068,
        232.0
      ],
      [
        15.401383,
        48.198155,
        231.25
      ],
      [
        15.401316,
        48.198298,
        230.5
      ],
      [
        15.401332,
        48.198557,
        230.0
      ],
      [
        15.401343,
        48.19874,
        229.5
      ],
      [
        15.401363,
        48.199288,
        227.5
      ],
      [
        15.401341,
        48.199403,
        227.0
      ],
      [
        15.401312,
        48.199471,
        226.75
      ],
      [
        15.401214,
        48.199627,
        226.5
      ],
      [
        15.401111,
        48.199752,
        226.0
      ],
      [
        15.40107,
        48.199786,
        226.0
      ],
      [
        15.400949,
        48.19984,
        226.0
      ],
      [
        15.400873,
        48.199855,
        226.0
      ],
      [
        15.400542,
        48.199878,
        226.0
      ],
      [
        15.400404,
        48.199902,
        226.0
      ],
      [
        15.400353,
        48.199926,
        226.0
      ],
      [
        15.400196,
        48.199934,
        226.0
      ],
      [
        15.400076,
        48.199947,
        226.0
      ],
      [
        15.40009,
        48.199984,
        226.0
      ],
      [
        15.40013,
        48.200093,
        226.0
      ],
      [
        15.400187,
        48.200187,
        226.0
      ],
      [
        15.400181,
        48.200239,
        226.0
      ],
      [
        15.400182,
        48.200336,
        225.75
      ],
      [
        15.400225,
        48.200519,
        225.0
      ],
      [
        15.400254,
        48.200608,
        225.0
      ],
      [
        15.40029,
        48.200713,
        225.0
      ],
      [
        15.400349,
        48.201164,
        224.75
      ],
      [
        15.400297,
        48.201187,
        224.75
      ],
      [
        15.400249,
        48.201218,
        225.0
      ],
      [
        15.399999,
        48.20146,
        224.75
      ],
      [
        15.39992,
        48.201525,
        224.5
      ],
      [
        15.399836,
        48.201575,
        224.25
      ],
      [
        15.399697,
        48.201639,
        224.0
      ],
      [
        15.399407,
        48.201722,
        224.5
      ],
      [
        15.399331,
        48.201753,
        224.25
      ],
      [
        15.398502,
        48.202174,
        224.0
      ],
      [
        15.398339,
        48.202203,
        224.0
      ],
      [
        15.398463,
        48.202369,
        224.0
      ],
      [
        15.398537,
        48.202512,
        224.0
      ],
      [
        15.398565,
        48.202588,
        224.0
      ],
      [
        15.398587,
        48.20269,
        224.0
      ],
      [
        15.398603,
        48.20289,
        224.0
      ],
      [
        15.398596,
        48.203022,
        224.0
      ],
      [
        15.398571,
        48.203205,
        224.0
      ],
      [
        15.39855,
        48.203287,
        223.75
      ],
      [
        15.398514,
        48.203365,
        223.75
      ],
      [
        15.398461,
        48.203424,
        223.5
      ],
      [
        15.398305,
        48.203539,
        223.25
      ],
      [
        15.398017,
        48.203723,
        223.5
      ],
      [
        15.39782,
        48.203886,
        223.75
      ],
      [
        15.397726,
        48.203978,
        223.5
      ],
      [
        15.397645,
        48.204077,
        223.5
      ],
      [
        15.397584,
        48.204177,
        223.5
      ],
      [
        15.397495,
        48.204453,
        223.0
      ],
      [
        15.39742,
        48.204592,
        223.25
      ],
      [
        15.397307,
        48.204695,
        223.5
      ],
      [
        15.397131,
        48.204804,
        223.75
      ],
      [
        15.396516,
        48.205131,
        223.5
      ],
      [
        15.396107,
        48.205356,
        223.5
      ],
      [
        15.395011,
        48.205952,
        223.0
      ],
      [
        15.394551,
        48.206213,
        223.0
      ],
      [
        15.394325,
        48.206375,
        223.0
      ],
      [
        15.394249,
        48.206438,
        223.0
      ],
      [
        15.394124,
        48.20654,
        223.0
      ],
      [
        15.39399,
        48.206712,
        223.0
      ],
      [
        15.39386,
        48.206974,
        223.0
      ],
      [
        15.393716,
        48.20752,
        222.75
      ],
      [
        15.393704,
        48.20756,
        223.0
      ],
      [
        15.393665,
        48.207684,
        223.0
      ],
      [
        15.393619,
        48.207833,
        222.75
      ],
      [
        15.393555,
        48.207976,
        222.75
      ],
      [
        15.393493,
        48.208065,
        222.75
      ],
      [
        15.393391,
        48.208195,
        222.75
      ],
      [
        15.393189,
        48.208389,
        222.5
      ],
      [
        15.393063,
        48.208484,
        221.75
      ],
      [
        15.392897,
        48.208583,
        222.0
      ],
      [
        15.392404,
        48.20883,
        222.25
      ],
      [
        15.392093,
        48.208997,
        222.25
      ],
      [
        15.391943,
        48.209101,
        222.75
      ],
      [
        15.391837,
        48.209164,
        223.25
      ],
      [
        15.391691,
        48.209238,
        223.5
      ],
      [
        15.391625,
        48.209277,
        223.25
      ],
      [
        15.391646,
        48.209321,
        223.25
      ],
      [
        15.391647,
        48.209372,
        223.0
      ],
      [
        15.391624,
        48.209527,
        222.75
      ],
      [
        15.391607,
        48.209639,
        222.75
      ],
      [
        15.391626,
        48.209798,
        222.5
      ],
      [
        15.391689,
        48.20995,
        222.5
      ],
      [
        15.391888,
        48.210323,
        222.0
      ],
      [
        15.391987,
        48.210539,
        221.75
      ],
      [
        15.392034,
        48.210675,
        221.75
      ],
      [
        15.392056,
        48.210798,
        221.75
      ],
      [
        15.392059,
        48.210858,
        221.75
      ],
      [
        15.392046,
        48.210954,
        222.25
      ],
      [
        15.391993,
        48.211134,
        223.0
      ],
      [
        15.391954,
        48.211209,
        223.0
      ],
      [
        15.391925,
        48.211265,
        222.75
      ],
      [
        15.391799,
        48.211434,
        222.25
      ],
      [
        15.391618,
        48.211621,
        221.75
      ],
      [
        15.391428,
        48.211777,
        221.25
      ],
      [
        15.39132,
        48.211866,
        221.5
      ],
      [
        15.390906,
        48.21214,
        221.0
      ],
      [
        15.390564,
        48.212329,
        221.0
      ],
      [
        15.390248,
        48.212479,
        220.75
      ],
      [
        15.38987,
        48.212631,
        220.5
      ],
      [
        15.389225,
        48.212856,
        220.25
      ],
      [
        15.387542,
        48.213352,
        221.25
      ],
      [
        15.38729,
        48.21345,
        221.0
      ],
      [
        15.387057,
        48.213562,
        220.0
      ],
      [
        15.386854,
        48.213725,
        220.5
      ],
      [
        15.386552,
        48.213984,
        220.0
      ],
      [
        15.385588,
        48.214988,
        220.0
      ],
      [
        15.385494,
        48.215089,
        220.0
      ],
      [
        15.384798,
        48.215131,
        219.75
      ],
      [
        15.384645,
        48.215131,
        219.5
      ],
      [
        15.384582,
        48.215139,
        219.25
      ],
      [
        15.384292,
        48.215201,
        219.75
      ],
      [
        15.384173,
        48.215212,
        219.75
      ],
      [
        15.384113,
        48.215211,
        220.0
      ],
      [
        15.38401,
        48.215194,
        220.0
      ],
      [
        15.383721,
        48.215116,
        219.5
      ],
      [
        15.383226,
        48.215,
        219.0
      ],
      [
        15.38312,
        48.214999,
        219.0
      ],
      [
        15.382802,
        48.215028,
        219.75
      ],
      [
        15.382674,
        48.215029,
        219.75
      ],
      [
        15.382503,
        48.21501,
        219.75
      ],
      [
        15.382388,
        48.21499,
        219.5
      ],
      [
        15.382024,
        48.2149,
        219.25
      ],
      [
        15.381976,
        48.214895,
        219.5
      ],
      [
        15.381936,
        48.2149,
        219.5
      ],
      [
        15.381897,
        48.214917,
        219.5
      ],
      [
        15.381857,
        48.214972,
        219.25
      ],
      [
        15.381801,
        48.215141,
        219.25
      ],
      [
        15.381687,
        48.215557,
        219.0
      ],
      [
        15.381671,
        48.215582,
        218.75
      ],
      [
        15.381626,
        48.215615,
        219.0
      ],
      [
        15.381482,
        48.215687,
        219.0
      ],
      [
        15.381432,
        48.215739,
        219.0
      ],
      [
        15.381376,
        48.215828,
        219.0
      ],
      [
        15.381318,
        48.215883,
        219.0
      ],
      [
        15.381218,
        48.215942,
        219.25
      ],
      [
        15.381167,
        48.215967,
        219.25
      ],
      [
        15.381078,
        48.215998,
        219.0
      ],
      [
        15.381047,
        48.216017,
        219.0
      ],
      [
        15.381036,
        48.216045,
        218.75
      ],
      [
        15.381039,
        48.216081,
        218.75
      ],
      [
        15.381059,
        48.216114,
        218.75
      ],
      [
        15.381239,
        48.216324,
        219.0
      ],
      [
        15.381252,
        48.216355,
        219.0
      ],
      [
        15.38125,
        48.216389,
        219.0
      ],
      [
        15.381232,
        48.216421,
        219.0
      ],
      [
        15.3812,
        48.216445,
        218.75
      ],
      [
        15.380831,
        48.216598,
        219.0
      ],
      [
        15.380616,
        48.216705,
        219.0
      ],
      [
        15.379931,
        48.217098,
        219.25
      ],
      [
        15.379414,
        48.216711,
        219.5
      ],
      [
        15.379183,
        48.216786,
        219.0
      ],
      [
        15.378964,
        48.216912,
        219.0
      ],
      [
        15.378502,
        48.217265,
        218.75
      ],
      [
        15.37766,
        48.217886,
        218.75
      ],
      [
        15.377473,
        48.21796,
        218.25
      ],
      [
        15.373625,
        48.219095,
        218.0
      ],
      [
        15.373517,
        48.219153,
        218.0
      ],
      [
        15.367233,
        48.224324,
        214.0
      ],
      [
        15.36555,
        48.223129,
        213.5
      ],
      [
        15.365461,
        48.223126,
        213.25
      ],
      [
        15.365416,
        48.223154,
        213.0
      ],
      [
        15.365351,
        48.223292,
        213.5
      ],
      [
        15.36526,
        48.22345,
        213.5
      ],
      [
        15.365172,
        48.22358,
        213.0
      ],
      [
        15.364985,
        48.223814,
        212.75
      ],
      [
        15.364895,
        48.223908,
        213.0
      ],
      [
        15.361877,
        48.226562,
        212.0
      ],
      [
        15.361835,
        48.226608,
        212.0
      ],
      [
        15.361817,
        48.226652,
        212.0
      ],
      [
        15.36182,
        48.226693,
        212.0
      ],
      [
        15.361843,
        48.226729,
        212.25
      ],
      [
        15.361879,
        48.226763,
        212.5
      ],
      [
        15.36229,
        48.227032,
        212.25
      ],
      [
        15.362346,
        48.227084,
        212.5
      ],
      [
        15.362374,
        48.227121,
        212.5
      ],
      [
        15.362384,
        48.227163,
        212.75
      ],
      [
        15.362372,
        48.227205,
        212.75
      ],
      [
        15.362339,
        48.227241,
        212.75
      ],
      [
        15.362259,
        48.227278,
        212.75
      ],
      [
        15.36235,
        48.227359,
        212.5
      ],
      [
        15.362296,
        48.227368,
        212.5
      ],
      [
        15.362043,
        48.227406,
        212.5
      ],
      [
        15.361943,
        48.227432,
        212.75
      ],
      [
        15.361847,
        48.227475,
        212.5
      ],
      [
        15.361777,
        48.227529,
        212.25
      ],
      [
        15.361712,
        48.227601,
        212.25
      ],
      [
        15.361596,
        48.227775,
        212.5
      ],
      [
        15.361509,
        48.227885,
        212.25
      ],
      [
        15.361385,
        48.228008,
        212.75
      ],
      [
        15.361297,
        48.228082,
        212.5
      ],
      [
        15.361058,
        48.22824,
        212.0
      ],
      [
        15.360207,
        48.228811,
        211.5
      ],
      [
        15.360123,
        48.22883,
        211.25
      ],
      [
        15.359425,
        48.228921,
        212.5
      ],
      [
        15.359317,
        48.228932,
        215.5
      ],
      [
        15.359388,
        48.229092,
        216.25
      ],
      [
        15.359426,
        48.229261,
        214.75
      ],
      [
        15.359441,
        48.229429,
        213.25
      ],
      [
        15.359438,
        48.229497,
        213.0
      ],
      [
        15.359425,
        48.229558,
        213.75
      ],
      [
        15.359359,
        48.22977,
        215.5
      ],
      [
        15.359343,
        48.229948,
        212.75
      ],
      [
        15.359324,
        48.230007,
        211.75
      ],
      [
        15.359254,
        48.230127,
        211.75
      ],
      [
        15.359043,
        48.230419,
        211.5
      ],
      [
        15.358686,
        48.230883,
        211.5
      ],
      [
        15.358445,
        48.231152,
        211.25
      ],
      [
        15.358299,
        48.231282,
        210.75
      ],
      [
        15.35823,
        48.231333,
        210.75
      ],
      [
        15.35806,
        48.231431,
        211.5
      ],
      [
        15.357513,
        48.231673,
        210.75
      ],
      [
        15.35716,
        48.231851,
        209.75
      ],
      [
        15.356826,
        48.232056,
        210.25
      ],
      [
        15.356709,
        48.232135,
        210.75
      ],
      [
        15.356537,
        48.232262,
        210.25
      ],
      [
        15.356415,
        48.232365,
        209.75
      ],
      [
        15.356311,
        48.232476,
        210.0
      ],
      [
        15.356222,
        48.232595,
        210.0
      ],
      [
        15.355159,
        48.234204,
        209.75
      ],
      [
        15.354723,
        48.234867,
        208.75
      ],
      [
        15.354625,
        48.235013,
        209.0
      ],
      [
        15.354587,
        48.235073,
        209.25
      ],
      [
        15.354552,
        48.235135,
        209.75
      ],
      [
        15.354397,
        48.2355,
        211.5
      ],
      [
        15.354256,
        48.23572,
        211.75
      ],
      [
        15.354138,
        48.235868,
        212.5
      ],
      [
        15.354061,
        48.235946,
        214.0
      ],
      [
        15.353905,
        48.236077,
        214.0
      ],
      [
        15.353756,
        48.236185,
        213.5
      ],
      [
        15.353683,
        48.23623,
        213.5
      ],
      [
        15.353375,
        48.236396,
        213.25
      ],
      [
        15.35293,
        48.236606,
        215.0
      ],
      [
        15.352537,
        48.236774,
        215.0
      ],
      [
        15.352237,
        48.236893,
        215.75
      ],
      [
        15.351966,
        48.237013,
        213.0
      ],
      [
        15.35175,
        48.237124,
        213.75
      ],
      [
        15.351368,
        48.237357,
        212.5
      ],
      [
        15.351172,
        48.23751,
        213.5
      ],
      [
        15.351043,
        48.237634,
        214.5
      ],
      [
        15.350985,
        48.237732,
        214.25
      ],
      [
        15.350864,
        48.23809,
        212.5
      ],
      [
        15.350823,
        48.238174,
        212.25
      ],
      [
        15.35078,
        48.238238,
        213.0
      ],
      [
        15.350717,
        48.238311,
        213.0
      ],
      [
        15.350635,
        48.238388,
        213.0
      ],
      [
        15.35054,
        48.238468,
        213.0
      ],
      [
        15.350367,
        48.238573,
        212.75
      ],
      [
        15.349955,
        48.238777,
        212.5
      ],
      [
        15.34954,
        48.238993,
        213.0
      ],
      [
        15.34952,
        48.238942,
        214.25
      ],
      [
        15.349535,
        48.238894,
        215.25
      ],
      [
        15.349915,
        48.238541,
        220.25
      ],
      [
        15.349943,
        48.238506,
        221.75
      ],
      [
        15.349927,
        48.238477,
        223.75
      ],
      [
        15.349867,
        48.238474,
        224.75
      ],
      [
        15.349816,
        48.238492,
        224.5
      ],
      [
        15.349476,
        48.238681,
        225.0
      ],
      [
        15.349079,
        48.238854,
        230.75
      ],
      [
        15.349006,
        48.23887,
        231.0
      ],
      [
        15.348919,
        48.238873,
        231.75
      ],
      [
        15.348821,
        48.238869,
        232.0
      ],
      [
        15.34853,
        48.238835,
        231.75
      ],
      [
        15.348556,
        48.238787,
        232.0
      ],
      [
        15.348651,
        48.238612,
        233.25
      ],
      [
        15.348783,
        48.238328,
        235.75
      ],
      [
        15.348954,
        48.2379,
        237.25
      ],
      [
        15.349042,
        48.237632,
        239.25
      ],
      [
        15.349121,
        48.237248,
        241.5
      ],
      [
        15.349185,
        48.236709,
        243.25
      ],
      [
        15.349193,
        48.236557,
        244.25
      ],
      [
        15.349171,
        48.236267,
        245.75
      ],
      [
        15.349045,
        48.235552,
        249.0
      ],
      [
        15.349069,
        48.235106,
        249.25
      ],
      [
        15.349078,
        48.235015,
        249.25
      ],
      [
        15.349115,
        48.234836,
        249.75
      ],
      [
        15.349153,
        48.234701,
        250.0
      ],
      [
        15.349217,
        48.234539,
        250.25
      ],
      [
        15.349458,
        48.23413,
        249.25
      ],
      [
        15.349733,
        48.233724,
        251.0
      ],
      [
        15.349805,
        48.233584,
        251.0
      ],
      [
        15.349828,
        48.233523,
        250.5
      ],
      [
        15.349844,
        48.233416,
        250.0
      ],
      [
        15.349834,
        48.233341,
        249.5
      ],
      [
        15.349844,
        48.233416,
        250.0
      ],
      [
        15.349828,
        48.233523,
        250.5
      ],
      [
        15.349805,
        48.233584,
        251.0
      ],
      [
        15.349733,
        48.233724,
        251.0
      ],
      [
        15.349458,
        48.23413,
        249.25
      ],
      [
        15.349217,
        48.234539,
        250.25
      ],
      [
        15.349153,
        48.234701,
        250.0
      ],
      [
        15.349115,
        48.234836,
        249.75
      ],
      [
        15.349078,
        48.235015,
        249.25
      ],
      [
        15.349069,
        48.235106,
        249.25
      ],
      [
        15.349045,
        48.235552,
        249.0
      ],
      [
        15.349171,
        48.236267,
        245.75
      ],
      [
        15.349193,
        48.236557,
        244.25
      ],
      [
        15.349185,
        48.236709,
        243.25
      ],
      [
        15.349121,
        48.237248,
        241.5
      ],
      [
        15.349042,
        48.237632,
        239.25
      ],
      [
        15.348954,
        48.2379,
        237.25
      ],
      [
        15.348783,
        48.238328,
        235.75
      ],
      [
        15.348651,
        48.238612,
        233.25
      ],
      [
        15.348556,
        48.238787,
        232.0
      ],
      [
        15.34853,
        48.238835,
        231.75
      ],
      [
        15.348411,
        48.239012,
        229.0
      ],
      [
        15.348213,
        48.239271,
        223.25
      ],
      [
        15.348171,
        48.239325,
        223.0
      ],
      [
        15.343936,
        48.244534,
        218.75
      ],
      [
        15.343802,
        48.244689,
        218.5
      ],
      [
        15.343546,
        48.244966,
        218.25
      ],
      [
        15.343433,
        48.245075,
        218.25
      ],
      [
        15.343174,
        48.245294,
        218.0
      ],
      [
        15.342914,
        48.245478,
        217.75
      ],
      [
        15.342679,
        48.245615,
        217.75
      ],
      [
        15.34257,
        48.245666,
        217.5
      ],
      [
        15.342403,
        48.245733,
        217.75
      ],
      [
        15.342252,
        48.245783,
        221.0
      ],
      [
        15.342152,
        48.245807,
        221.0
      ],
      [
        15.34195,
        48.245839,
        219.25
      ],
      [
        15.341733,
        48.245846,
        218.0
      ],
      [
        15.341628,
        48.245842,
        217.25
      ],
      [
        15.341513,
        48.245829,
        216.25
      ],
      [
        15.341401,
        48.24581,
        215.75
      ],
      [
        15.341305,
        48.245781,
        216.75
      ],
      [
        15.341222,
        48.245752,
        217.5
      ],
      [
        15.341132,
        48.245708,
        217.5
      ],
      [
        15.341061,
        48.245659,
        217.5
      ],
      [
        15.340956,
        48.245555,
        216.0
      ],
      [
        15.340889,
        48.245465,
        215.75
      ],
      [
        15.340854,
        48.245394,
        215.0
      ],
      [
        15.340833,
        48.245324,
        213.75
      ],
      [
        15.340831,
        48.245186,
        213.5
      ],
      [
        15.340851,
        48.24511,
        214.0
      ],
      [
        15.340915,
        48.244982,
        213.75
      ],
      [
        15.341014,
        48.244871,
        213.25
      ],
      [
        15.341309,
        48.244647,
        210.75
      ],
      [
        15.34133,
        48.244619,
        210.5
      ],
      [
        15.341342,
        48.244583,
        210.25
      ],
      [
        15.341336,
        48.244552,
        210.25
      ],
      [
        15.3413,
        48.244506,
        210.5
      ],
      [
        15.341293,
        48.244485,
        210.5
      ],
      [
        15.341335,
        48.24445,
        210.25
      ],
      [
        15.341362,
        48.244437,
        210.0
      ],
      [
        15.341454,
        48.244389,
        209.5
      ],
      [
        15.341626,
        48.2443,
        209.5
      ],
      [
        15.341501,
        48.244181,
        209.25
      ],
      [
        15.341461,
        48.244157,
        209.25
      ],
      [
        15.341258,
        48.244097,
        209.25
      ],
      [
        15.341162,
        48.244057,
        209.0
      ],
      [
        15.34079,
        48.243733,
        209.0
      ],
      [
        15.340193,
        48.243157,
        209.5
      ],
      [
        15.34007,
        48.243053,
        209.25
      ],
      [
        15.33952,
        48.24252,
        209.25
      ],
      [
        15.339124,
        48.242153,
        209.0
      ],
      [
        15.338843,
        48.241911,
        208.5
      ],
      [
        15.338751,
        48.241837,
        208.25
      ],
      [
        15.338655,
        48.241771,
        208.25
      ],
      [
        15.338699,
        48.241747,
        208.25
      ],
      [
        15.338639,
        48.241678,
        208.75
      ],
      [
        15.338497,
        48.241555,
        207.25
      ],
      [
        15.338065,
        48.241249,
        206.25
      ],
      [
        15.337562,
        48.240936,
        208.0
      ],
      [
        15.337446,
        48.240782,
        207.25
      ],
      [
        15.337372,
        48.240744,
        207.0
      ],
      [
        15.337321,
        48.240727,
        206.75
      ],
      [
        15.337233,
        48.240707,
        206.5
      ],
      [
        15.337176,
        48.240686,
        206.75
      ],
      [
        15.33699,
        48.240589,
        207.5
      ],
      [
        15.336504,
        48.240414,
        207.25
      ],
      [
        15.336402,
        48.240385,
        207.5
      ],
      [
        15.335861,
        48.240123,
        207.5
      ],
      [
        15.335496,
        48.239955,
        208.25
      ],
      [
        15.335016,
        48.23975,
        208.0
      ],
      [
        15.334723,
        48.239644,
        208.25
      ],
      [
        15.334575,
        48.239597,
        208.0
      ],
      [
        15.334271,
        48.239491,
        208.75
      ],
      [
        15.333905,
        48.239344,
        208.5
      ],
      [
        15.332479,
        48.23871,
        208.25
      ],
      [
        15.331578,
        48.238339,
        209.0
      ],
      [
        15.330968,
        48.23811,
        209.0
      ],
      [
        15.330449,
        48.23793,
        208.5
      ],
      [
        15.329793,
        48.237722,
        209.5
      ],
      [
        15.329106,
        48.237517,
        209.5
      ],
      [
        15.328528,
        48.237357,
        210.0
      ],
      [
        15.326561,
        48.236843,
        210.0
      ],
      [
        15.326496,
        48.236821,
        210.0
      ],
      [
        15.326453,
        48.236789,
        210.0
      ],
      [
        15.326252,
        48.236455,
        209.0
      ],
      [
        15.326576,
        48.236122,
        208.25
      ],
      [
        15.325326,
        48.235579,
        208.5
      ],
      [
        15.324269,
        48.2351,
        207.75
      ],
      [
        15.32162,
        48.233926,
        208.5
      ],
      [
        15.320619,
        48.23348,
        209.0
      ],
      [
        15.32049,
        48.233426,
        208.75
      ],
      [
        15.320172,
        48.233319,
        209.0
      ],
      [
        15.319863,
        48.23323,
        208.5
      ],
      [
        15.319686,
        48.233186,
        208.5
      ],
      [
        15.319468,
        48.233137,
        209.0
      ],
      [
        15.319245,
        48.233101,
        209.75
      ],
      [
        15.318839,
        48.232997,
        208.75
      ],
      [
        15.318689,
        48.232969,
        208.5
      ],
      [
        15.318559,
        48.232952,
        208.5
      ],
      [
        15.318459,
        48.232946,
        208.5
      ],
      [
        15.317737,
        48.232948,
        209.75
      ],
      [
        15.31749,
        48.232968,
        209.5
      ],
      [
        15.317398,
        48.232967,
        209.5
      ],
      [
        15.31709,
        48.232938,
        209.25
      ],
      [
        15.316664,
        48.232857,
        208.75
      ],
      [
        15.315642,
        48.232623,
        208.5
      ],
      [
        15.314239,
        48.232265,
        209.5
      ],
      [
        15.313716,
        48.232118,
        210.25
      ],
      [
        15.313539,
        48.232036,
        210.25
      ],
      [
        15.313214,
        48.231841,
        209.75
      ],
      [
        15.312985,
        48.231707,
        209.5
      ],
      [
        15.312881,
        48.23168,
        209.5
      ],
      [
        15.312388,
        48.2316,
        210.25
      ],
      [
        15.312259,
        48.231587,
        210.5
      ],
      [
        15.310459,
        48.231427,
        210.75
      ],
      [
        15.309049,
        48.23131,
        210.5
      ],
      [
        15.308992,
        48.231305,
        210.5
      ],
      [
        15.308928,
        48.2313,
        210.75
      ],
      [
        15.307133,
        48.231067,
        210.0
      ],
      [
        15.306835,
        48.231029,
        210.0
      ],
      [
        15.306659,
        48.23099,
        210.25
      ],
      [
        15.306514,
        48.230949,
        210.25
      ],
      [
        15.306293,
        48.230874,
        209.75
      ],
      [
        15.305438,
        48.230551,
        208.75
      ],
      [
        15.305237,
        48.230488,
        208.5
      ],
      [
        15.305121,
        48.230466,
        208.25
      ],
      [
        15.304979,
        48.230453,
        208.25
      ],
      [
        15.304353,
        48.230447,
        208.25
      ],
      [
        15.304205,
        48.230441,
        208.5
      ],
      [
        15.303876,
        48.230414,
        208.25
      ],
      [
        15.303677,
        48.230383,
        208.5
      ],
      [
        15.303515,
        48.230331,
        208.5
      ],
      [
        15.303357,
        48.230262,
        208.75
      ],
      [
        15.303199,
        48.230186,
        208.25
      ],
      [
        15.302603,
        48.229879,
        208.75
      ],
      [
        15.302409,
        48.229805,
        208.75
      ],
      [
        15.302191,
        48.229744,
        209.0
      ],
      [
        15.302064,
        48.229721,
        208.75
      ],
      [
        15.301925,
        48.229704,
        208.75
      ],
      [
        15.300338,
        48.22955,
        208.75
      ],
      [
        15.298782,
        48.229485,
        209.0
      ],
      [
        15.298709,
        48.229487,
        209.0
      ],
      [
        15.298647,
        48.229496,
        209.0
      ],
      [
        15.29832,
        48.22967,
        209.75
      ],
      [
        15.298194,
        48.229716,
        210.25
      ],
      [
        15.298052,
        48.229757,
        211.25
      ],
      [
        15.297876,
        48.229796,
        212.5
      ],
      [
        15.29781,
        48.229804,
        213.0
      ],
      [
        15.297609,
        48.229777,
        211.75
      ],
      [
        15.297054,
        48.229712,
        209.75
      ],
      [
        15.296678,
        48.229678,
        211.5
      ],
      [
        15.296612,
        48.229646,
        211.25
      ],
      [
        15.296204,
        48.229608,
        211.0
      ],
      [
        15.296091,
        48.229592,
        211.0
      ],
      [
        15.2961,
        48.229551,
        210.75
      ],
      [
        15.296036,
        48.229537,
        210.5
      ],
      [
        15.295715,
        48.229506,
        210.5
      ],
      [
        15.295319,
        48.229454,
        211.0
      ],
      [
        15.295235,
        48.229468,
        211.0
      ],
      [
        15.295181,
        48.229467,
        211.0
      ],
      [
        15.294719,
        48.229343,
        209.75
      ],
      [
        15.29444,
        48.229319,
        210.0
      ],
      [
        15.293656,
        48.229285,
        209.75
      ],
      [
        15.29314,
        48.229241,
        210.75
      ],
      [
        15.292676,
        48.229226,
        211.0
      ],
      [
        15.292423,
        48.229208,
        211.0
      ],
      [
        15.29184,
        48.229153,
        210.75
      ],
      [
        15.29114,
        48.229085,
        210.5
      ],
      [
        15.29058,
        48.229004,
        210.75
      ],
      [
        15.290032,
        48.228923,
        210.0
      ],
      [
        15.289136,
        48.22878,
        209.5
      ],
      [
        15.288429,
        48.228662,
        210.75
      ],
      [
        15.287617,
        48.22851,
        210.0
      ],
      [
        15.287046,
        48.22841,
        211.0
      ],
      [
        15.286548,
        48.228333,
        209.75
      ],
      [
        15.284976,
        48.228126,
        209.75
      ],
      [
        15.283531,
        48.227981,
        210.25
      ],
      [
        15.283352,
        48.227968,
        210.25
      ],
      [
        15.282086,
        48.227891,
        211.0
      ],
      [
        15.28172,
        48.227864,
        211.0
      ],
      [
        15.28088,
        48.227794,
        210.25
      ],
      [
        15.280576,
        48.227776,
        210.0
      ],
      [
        15.280241,
        48.227751,
        211.0
      ],
      [
        15.279017,
        48.227626,
        210.25
      ],
      [
        15.276848,
        48.22734,
        211.0
      ],
      [
        15.276151,
        48.227256,
        211.25
      ],
      [
        15.275115,
        48.227171,
        210.5
      ],
      [
        15.268596,
        48.2267,
        211.5
      ],
      [
        15.267605,
        48.226641,
        210.75
      ],
      [
        15.26391,
        48.226462,
        211.5
      ],
      [
        15.263701,
        48.22644,
        211.0
      ],
      [
        15.263568,
        48.226414,
        211.0
      ],
      [
        15.26318,
        48.226269,
        210.0
      ],
      [
        15.263124,
        48.226255,
        210.0
      ],
      [
        15.263063,
        48.226248,
        209.75
      ],
      [
        15.262985,
        48.226248,
        209.75
      ],
      [
        15.262911,
        48.226256,
        210.0
      ],
      [
        15.262804,
        48.226279,
        210.0
      ],
      [
        15.262619,
        48.226337,
        211.0
      ],
      [
        15.262551,
        48.226366,
        211.5
      ],
      [
        15.262463,
        48.226418,
        212.0
      ],
      [
        15.262415,
        48.226425,
        212.0
      ],
      [
        15.262286,
        48.226411,
        212.0
      ],
      [
        15.262107,
        48.226385,
        211.75
      ],
      [
        15.262023,
        48.22637,
        211.75
      ],
      [
        15.261888,
        48.226336,
        211.5
      ],
      [
        15.261433,
        48.226261,
        210.5
      ],
      [
        15.26099,
        48.226176,
        210.75
      ],
      [
        15.260553,
        48.226082,
        211.75
      ],
      [
        15.259988,
        48.225945,
        210.75
      ],
      [
        15.259129,
        48.225699,
        211.0
      ],
      [
        15.258806,
        48.225596,
        211.25
      ],
      [
        15.258628,
        48.225528,
        211.75
      ],
      [
        15.258593,
        48.225507,
        211.75
      ],
      [
        15.258571,
        48.225485,
        211.75
      ],
      [
        15.258559,
        48.22546,
        211.5
      ],
      [
        15.258565,
        48.225433,
        211.5
      ],
      [
        15.258687,
        48.225199,
        210.75
      ],
      [
        15.258822,
        48.224915,
        210.75
      ],
      [
        15.258845,
        48.224827,
        210.75
      ],
      [
        15.258887,
        48.224727,
        210.75
      ],
      [
        15.258887,
        48.2247,
        211.25
      ],
      [
        15.258696,
        48.224628,
        212.25
      ],
      [
        15.258224,
        48.224433,
        215.5
      ],
      [
        15.258088,
        48.224363,
        214.75
      ],
      [
        15.257382,
        48.224236,
        214.5
      ],
      [
        15.255836,
        48.223934,
        215.5
      ],
      [
        15.253794,
        48.223497,
        214.5
      ],
      [
        15.25325,
        48.223368,
        215.5
      ],
      [
        15.252285,
        48.22315,
        214.0
      ],
      [
        15.25034,
        48.222702,
        214.75
      ],
      [
        15.250063,
        48.222643,
        214.25
      ],
      [
        15.249991,
        48.222628,
        214.5
      ],
      [
        15.249832,
        48.222595,
        214.25
      ],
      [
        15.249702,
        48.222576,
        214.5
      ],
      [
        15.249398,
        48.222548,
        215.25
      ],
      [
        15.249189,
        48.222537,
        215.5
      ],
      [
        15.248794,
        48.222528,
        215.5
      ],
      [
        15.248211,
        48.222536,
        215.5
      ],
      [
        15.247707,
        48.222534,
        215.5
      ],
      [
        15.247382,
        48.222523,
        215.75
      ],
      [
        15.247075,
        48.222496,
        215.75
      ],
      [
        15.246905,
        48.222474,
        215.75
      ],
      [
        15.246282,
        48.222376,
        215.5
      ],
      [
        15.245635,
        48.222265,
        216.0
      ],
      [
        15.245362,
        48.222203,
        216.0
      ],
      [
        15.244899,
        48.222081,
        213.75
      ],
      [
        15.243719,
        48.221784,
        215.0
      ],
      [
        15.243602,
        48.22175,
        215.25
      ],
      [
        15.243426,
        48.221674,
        216.0
      ],
      [
        15.243265,
        48.221569,
        216.0
      ],
      [
        15.24309,
        48.221429,
        216.5
      ],
      [
        15.242778,
        48.221156,
        216.5
      ],
      [
        15.242711,
        48.221111,
        216.75
      ],
      [
        15.242638,
        48.221075,
        216.0
      ],
      [
        15.242555,
        48.221044,
        215.5
      ],
      [
        15.241808,
        48.220856,
        216.0
      ],
      [
        15.241332,
        48.220729,
        214.5
      ],
      [
        15.240134,
        48.220388,
        214.75
      ],
      [
        15.239198,
        48.220104,
        214.25
      ],
      [
        15.238202,
        48.219781,
        215.25
      ],
      [
        15.237619,
        48.219584,
        214.25
      ],
      [
        15.235238,
        48.218754,
        214.5
      ],
      [
        15.234627,
        48.218557,
        215.75
      ],
      [
        15.233961,
        48.218355,
        216.25
      ],
      [
        15.233538,
        48.218235,
        215.5
      ],
      [
        15.233292,
        48.218183,
        216.0
      ],
      [
        15.23309,
        48.218145,
        215.75
      ],
      [
        15.232683,
        48.218011,
        216.5
      ],
      [
        15.232495,
        48.217954,
        215.75
      ],
      [
        15.231572,
        48.217745,
        216.5
      ],
      [
        15.231118,
        48.217653,
        215.5
      ],
      [
        15.229976,
        48.217476,
        217.5
      ],
      [
        15.229195,
        48.217368,
        216.0
      ],
      [
        15.229209,
        48.217431,
        216.75
      ],
      [
        15.229229,
        48.217471,
        217.25
      ],
      [
        15.229258,
        48.217485,
        217.25
      ],
      [
        15.229293,
        48.217488,
        217.25
      ],
      [
        15.229334,
        48.217483,
        217.0
      ],
      [
        15.22941,
        48.217459,
        216.5
      ],
      [
        15.229466,
        48.217458,
        216.5
      ],
      [
        15.229517,
        48.217462,
        216.5
      ],
      [
        15.229583,
        48.217492,
        216.75
      ],
      [
        15.229589,
        48.2175,
        216.75
      ],
      [
        15.229618,
        48.217537,
        216.75
      ],
      [
        15.229626,
        48.217576,
        216.75
      ],
      [
        15.229617,
        48.217613,
        216.75
      ],
      [
        15.22959,
        48.217646,
        216.75
      ],
      [
        15.229551,
        48.217672,
        216.75
      ],
      [
        15.229503,
        48.217689,
        216.75
      ],
      [
        15.229432,
        48.217695,
        216.75
      ],
      [
        15.229371,
        48.217685,
        217.0
      ],
      [
        15.229319,
        48.217662,
        217.0
      ],
      [
        15.229283,
        48.217631,
        217.0
      ],
      [
        15.229265,
        48.217597,
        217.0
      ],
      [
        15.229262,
        48.217566,
        217.0
      ],
      [
        15.229275,
        48.217528,
        217.0
      ],
      [
        15.229299,
        48.2175,
        217.0
      ],
      [
        15.22933,
        48.217479,
        217.0
      ],
      [
        15.229369,
        48.217463,
        217.0
      ],
      [
        15.229408,
        48.217455,
        217.25
      ],
      [
        15.229519,
        48.217458,
        217.25
      ],
      [
        15.229587,
        48.217489,
        217.25
      ],
      [
        15.229625,
        48.217536,
        217.25
      ],
      [
        15.229632,
        48.217576,
        217.25
      ],
      [
        15.229623,
        48.217614,
        217.25
      ],
      [
        15.229596,
        48.217649,
        217.5
      ],
      [
        15.229555,
        48.217675,
        217.5
      ],
      [
        15.229505,
        48.217693,
        217.5
      ],
      [
        15.229432,
        48.217699,
        217.5
      ],
      [
        15.229369,
        48.217689,
        217.5
      ],
      [
        15.229315,
        48.217666,
        217.5
      ],
      [
        15.229277,
        48.217633,
        217.5
      ],
      [
        15.229258,
        48.217598,
        217.5
      ],
      [
        15.229255,
        48.217566,
        217.75
      ],
      [
        15.229269,
        48.217526,
        217.75
      ],
      [
        15.229294,
        48.217498,
        217.75
      ],
      [
        15.229366,
        48.21746,
        217.75
      ],
      [
        15.229407,
        48.217451,
        217.75
      ],
      [
        15.229466,
        48.21745,
        217.75
      ],
      [
        15.229729,
        48.217477,
        218.0
      ],
      [
        15.230603,
        48.213387,
        221.25
      ],
      [
        15.230628,
        48.213269,
        221.5
      ],
      [
        15.230682,
        48.213019,
        221.5
      ],
      [
        15.230759,
        48.212572,
        221.25
      ],
      [
        15.230749,
        48.212529,
        220.5
      ],
      [
        15.230717,
        48.212567,
        220.0
      ],
      [
        15.230577,
        48.212959,
        219.5
      ],
      [
        15.230507,
        48.213115,
        219.25
      ],
      [
        15.230464,
        48.213183,
        218.75
      ],
      [
        15.230299,
        48.213393,
        216.5
      ],
      [
        15.229689,
        48.213316,
        216.5
      ],
      [
        15.22938,
        48.213284,
        215.25
      ],
      [
        15.228738,
        48.213232,
        214.75
      ],
      [
        15.228211,
        48.213205,
        214.5
      ],
      [
        15.226506,
        48.213166,
        214.25
      ],
      [
        15.222491,
        48.213089,
        214.0
      ],
      [
        15.222381,
        48.21309,
        214.0
      ],
      [
        15.222285,
        48.213098,
        214.0
      ],
      [
        15.22153,
        48.213282,
        214.75
      ],
      [
        15.221304,
        48.213323,
        215.25
      ],
      [
        15.221083,
        48.213346,
        215.75
      ],
      [
        15.217787,
        48.213403,
        215.25
      ],
      [
        15.217216,
        48.213422,
        216.0
      ],
      [
        15.215322,
        48.213461,
        216.0
      ],
      [
        15.214819,
        48.213466,
        215.5
      ],
      [
        15.214502,
        48.213465,
        215.5
      ],
      [
        15.213925,
        48.213442,
        215.75
      ],
      [
        15.213347,
        48.213388,
        216.25
      ],
      [
        15.213051,
        48.213353,
        215.75
      ],
      [
        15.212763,
        48.213311,
        214.75
      ],
      [
        15.212476,
        48.213262,
        215.0
      ],
      [
        15.21222,
        48.213211,
        215.25
      ],
      [
        15.211899,
        48.213137,
        216.0
      ],
      [
        15.211308,
        48.21299,
        215.0
      ],
      [
        15.210849,
        48.212885,
        215.75
      ],
      [
        15.210677,
        48.212838,
        215.75
      ],
      [
        15.210529,
        48.212806,
        215.75
      ],
      [
        15.209942,
        48.212716,
        215.5
      ],
      [
        15.209531,
        48.212633,
        215.25
      ],
      [
        15.209151,
        48.212535,
        216.0
      ],
      [
        15.209055,
        48.212501,
        216.25
      ],
      [
        15.208979,
        48.212463,
        216.25
      ],
      [
        15.208927,
        48.212421,
        216.25
      ],
      [
        15.208893,
        48.212378,
        216.0
      ],
      [
        15.208873,
        48.212337,
        215.75
      ],
      [
        15.20886,
        48.212206,
        215.0
      ],
      [
        15.208851,
        48.212052,
        215.0
      ],
      [
        15.208849,
        48.212016,
        215.0
      ],
      [
        15.208838,
        48.211886,
        215.0
      ],
      [
        15.207972,
        48.211917,
        214.75
      ],
      [
        15.207656,
        48.211911,
        215.0
      ],
      [
        15.207603,
        48.211908,
        215.0
      ],
      [
        15.207516,
        48.211904,
        215.0
      ],
      [
        15.207314,
        48.211889,
        214.25
      ],
      [
        15.207154,
        48.21187,
        214.0
      ],
      [
        15.207015,
        48.211846,
        214.0
      ],
      [
        15.206887,
        48.211818,
        214.0
      ],
      [
        15.206779,
        48.211781,
        214.0
      ],
      [
        15.206712,
        48.211747,
        214.0
      ],
      [
        15.206649,
        48.211699,
        214.0
      ],
      [
        15.206426,
        48.211467,
        214.0
      ],
      [
        15.206219,
        48.211276,
        214.0
      ],
      [
        15.205895,
        48.210989,
        214.0
      ],
      [
        15.205809,
        48.210997,
        214.0
      ],
      [
        15.205668,
        48.210995,
        214.0
      ],
      [
        15.205332,
        48.210953,
        214.0
      ],
      [
        15.205337,
        48.210873,
        214.0
      ],
      [
        15.205326,
        48.210797,
        214.0
      ],
      [
        15.205298,
        48.210702,
        214.0
      ],
      [
        15.205297,
        48.210611,
        214.0
      ],
      [
        15.205313,
        48.210528,
        213.75
      ],
      [
        15.205456,
        48.210071,
        213.5
      ],
      [
        15.205478,
        48.209916,
        213.5
      ],
      [
        15.205473,
        48.209863,
        213.5
      ],
      [
        15.205446,
        48.20982,
        213.5
      ],
      [
        15.205401,
        48.209787,
        213.25
      ],
      [
        15.205262,
        48.209706,
        213.0
      ],
      [
        15.205153,
        48.209665,
        213.0
      ],
      [
        15.204885,
        48.209586,
        213.25
      ],
      [
        15.20481,
        48.209548,
        213.5
      ],
      [
        15.20477,
        48.209495,
        213.75
      ],
      [
        15.204776,
        48.209421,
        214.0
      ],
      [
        15.204833,
        48.20924,
        214.0
      ],
      [
        15.20489,
        48.209059,
        214.0
      ],
      [
        15.204915,
        48.20898,
        214.0
      ],
      [
        15.204992,
        48.208737,
        214.0
      ],
      [
        15.204818,
        48.208669,
        214.0
      ],
      [
        15.204346,
        48.208529,
        213.25
      ],
      [
        15.203734,
        48.208356,
        213.75
      ],
      [
        15.203508,
        48.208291,
        213.5
      ],
      [
        15.203082,
        48.20817,
        213.25
      ],
      [
        15.202938,
        48.208144,
        213.0
      ],
      [
        15.202851,
        48.208141,
        213.0
      ],
      [
        15.202775,
        48.208155,
        213.0
      ],
      [
        15.20271,
        48.208131,
        213.0
      ],
      [
        15.202633,
        48.208117,
        213.5
      ],
      [
        15.201813,
        48.208032,
        214.0
      ],
      [
        15.201522,
        48.207992,
        214.25
      ],
      [
        15.201401,
        48.20797,
        214.5
      ],
      [
        15.201299,
        48.207948,
        214.25
      ],
      [
        15.20121,
        48.207937,
        214.0
      ],
      [
        15.201171,
        48.207871,
        214.75
      ],
      [
        15.200932,
        48.20759,
        213.75
      ],
      [
        15.200909,
        48.207568,
        213.5
      ],
      [
        15.200834,
        48.207523,
        213.25
      ],
      [
        15.200745,
        48.207464,
        213.25
      ],
      [
        15.20065,
        48.207385,
        213.75
      ],
      [
        15.200546,
        48.20729,
        214.0
      ],
      [
        15.200467,
        48.2072,
        214.0
      ],
      [
        15.200387,
        48.20709,
        214.0
      ],
      [
        15.200239,
        48.206854,
        214.25
      ],
      [
        15.200218,
        48.2068,
        214.5
      ],
      [
        15.200217,
        48.206749,
        214.75
      ],
      [
        15.200198,
        48.206684,
        214.75
      ],
      [
        15.199458,
        48.205509,
        215.0
      ],
      [
        15.198961,
        48.204717,
        214.75
      ],
      [
        15.19872,
        48.204317,
        216.25
      ],
      [
        15.197952,
        48.204404,
        216.0
      ],
      [
        15.197815,
        48.203803,
        217.0
      ],
      [
        15.19776,
        48.20361,
        217.0
      ],
      [
        15.197554,
        48.202984,
        217.0
      ],
      [
        15.197445,
        48.202686,
        216.75
      ],
      [
        15.197391,
        48.202553,
        216.75
      ],
      [
        15.197281,
        48.202327,
        217.0
      ],
      [
        15.197173,
        48.202165,
        217.0
      ],
      [
        15.197066,
        48.202027,
        217.25
      ],
      [
        15.197059,
        48.20202,
        217.25
      ],
      [
        15.196914,
        48.201876,
        216.5
      ],
      [
        15.197244,
        48.201759,
        217.25
      ],
      [
        15.199277,
        48.201089,
        216.5
      ],
      [
        15.200509,
        48.200673,
        216.0
      ],
      [
        15.199277,
        48.201089,
        216.5
      ],
      [
        15.197244,
        48.201759,
        217.25
      ],
      [
        15.196914,
        48.201876,
        216.5
      ],
      [
        15.197059,
        48.20202,
        217.25
      ],
      [
        15.197066,
        48.202027,
        217.25
      ],
      [
        15.197173,
        48.202165,
        217.0
      ],
      [
        15.197281,
        48.202327,
        217.0
      ],
      [
        15.197391,
        48.202553,
        216.75
      ],
      [
        15.197445,
        48.202686,
        216.75
      ],
      [
        15.197554,
        48.202984,
        217.0
      ],
      [
        15.19776,
        48.20361,
        217.0
      ],
      [
        15.197815,
        48.203803,
        217.0
      ],
      [
        15.197952,
        48.204404,
        216.0
      ],
      [
        15.19797,
        48.204504,
        216.0
      ],
      [
        15.198055,
        48.204988,
        215.0
      ],
      [
        15.198068,
        48.205106,
        215.0
      ],
      [
        15.19807,
        48.205306,
        215.0
      ],
      [
        15.198062,
        48.205362,
        215.0
      ],
      [
        15.198043,
        48.205413,
        215.0
      ],
      [
        15.198006,
        48.205469,
        215.0
      ],
      [
        15.197956,
        48.205517,
        215.0
      ],
      [
        15.197664,
        48.20573,
        215.25
      ],
      [
        15.197567,
        48.205821,
        215.5
      ],
      [
        15.197504,
        48.205778,
        215.75
      ],
      [
        15.197331,
        48.205623,
        214.75
      ],
      [
        15.197243,
        48.205564,
        214.75
      ],
      [
        15.196725,
        48.205771,
        214.0
      ],
      [
        15.196107,
        48.205971,
        214.0
      ],
      [
        15.195957,
        48.20603,
        214.25
      ],
      [
        15.195709,
        48.206149,
        214.75
      ],
      [
        15.195364,
        48.20633,
        214.5
      ],
      [
        15.195281,
        48.206358,
        214.75
      ],
      [
        15.19518,
        48.206376,
        214.5
      ],
      [
        15.19468,
        48.206422,
        215.0
      ],
      [
        15.194652,
        48.207079,
        214.5
      ],
      [
        15.193593,
        48.207055,
        215.0
      ],
      [
        15.1935,
        48.207116,
        215.0
      ],
      [
        15.193443,
        48.207166,
        215.0
      ],
      [
        15.193407,
        48.207218,
        215.0
      ],
      [
        15.193381,
        48.207273,
        215.0
      ],
      [
        15.193351,
        48.207411,
        215.0
      ],
      [
        15.193341,
        48.207696,
        215.5
      ],
      [
        15.193362,
        48.207807,
        215.75
      ],
      [
        15.193404,
        48.207944,
        215.75
      ],
      [
        15.19345,
        48.208093,
        215.5
      ],
      [
        15.193472,
        48.208136,
        215.5
      ],
      [
        15.193688,
        48.208447,
        215.5
      ],
      [
        15.193912,
        48.208758,
        216.25
      ],
      [
        15.19396,
        48.208831,
        216.75
      ],
      [
        15.194188,
        48.209182,
        215.0
      ],
      [
        15.194425,
        48.209671,
        214.75
      ],
      [
        15.194486,
        48.20984,
        215.5
      ],
      [
        15.194531,
        48.210063,
        216.0
      ],
      [
        15.194565,
        48.210287,
        215.5
      ],
      [
        15.194595,
        48.210657,
        215.75
      ],
      [
        15.194618,
        48.210689,
        216.0
      ],
      [
        15.194664,
        48.210708,
        216.5
      ],
      [
        15.194729,
        48.210717,
        217.25
      ],
      [
        15.195001,
        48.210712,
        216.75
      ],
      [
        15.195285,
        48.210707,
        216.0
      ],
      [
        15.195533,
        48.210714,
        216.0
      ],
      [
        15.19532,
        48.210757,
        216.75
      ],
      [
        15.195084,
        48.210782,
        217.75
      ],
      [
        15.194969,
        48.210801,
        218.25
      ],
      [
        15.194819,
        48.210846,
        218.75
      ],
      [
        15.19475,
        48.210886,
        218.5
      ],
      [
        15.194672,
        48.210884,
        218.25
      ],
      [
        15.194509,
        48.210878,
        218.0
      ],
      [
        15.194154,
        48.210846,
        217.25
      ],
      [
        15.193807,
        48.210796,
        216.5
      ],
      [
        15.193542,
        48.21074,
        216.0
      ],
      [
        15.193497,
        48.210738,
        216.0
      ],
      [
        15.193469,
        48.210749,
        216.5
      ],
      [
        15.19345,
        48.210773,
        216.5
      ],
      [
        15.193437,
        48.210807,
        216.75
      ],
      [
        15.19342,
        48.210911,
        216.75
      ],
      [
        15.193499,
        48.211279,
        215.75
      ],
      [
        15.193526,
        48.211672,
        216.25
      ],
      [
        15.193525,
        48.211797,
        216.5
      ],
      [
        15.193558,
        48.211952,
        217.25
      ],
      [
        15.193689,
        48.212312,
        216.25
      ],
      [
        15.19375,
        48.212831,
        216.0
      ],
      [
        15.193817,
        48.213278,
        215.75
      ],
      [
        15.193815,
        48.213344,
        215.5
      ],
      [
        15.193799,
        48.213403,
        215.5
      ],
      [
        15.193771,
        48.213457,
        215.25
      ],
      [
        15.193694,
        48.213528,
        215.25
      ],
      [
        15.193592,
        48.213583,
        215.25
      ],
      [
        15.193524,
        48.213607,
        215.25
      ],
      [
        15.193451,
        48.213622,
        215.5
      ],
      [
        15.193351,
        48.213631,
        215.75
      ],
      [
        15.190168,
        48.213689,
        216.75
      ],
      [
        15.189675,
        48.213706,
        216.5
      ],
      [
        15.188889,
        48.213747,
        216.0
      ],
      [
        15.188074,
        48.213812,
        215.5
      ],
      [
        15.186467,
        48.213951,
        216.25
      ],
      [
        15.185271,
        48.214038,
        215.75
      ],
      [
        15.184869,
        48.214059,
        215.5
      ],
      [
        15.183747,
        48.214109,
        215.0
      ],
      [
        15.182946,
        48.214132,
        215.0
      ],
      [
        15.182131,
        48.214144,
        215.0
      ],
      [
        15.181428,
        48.214144,
        215.0
      ],
      [
        15.180431,
        48.21413,
        215.0
      ],
      [
        15.179492,
        48.214105,
        215.25
      ],
      [
        15.178918,
        48.21408,
        215.0
      ],
      [
        15.17779,
        48.214018,
        216.0
      ],
      [
        15.17691,
        48.213953,
        216.25
      ],
      [
        15.176009,
        48.213875,
        215.5
      ],
      [
        15.174976,
        48.213767,
        215.75
      ],
      [
        15.174475,
        48.213709,
        216.5
      ],
      [
        15.173371,
        48.213566,
        215.25
      ],
      [
        15.172736,
        48.213473,
        216.25
      ],
      [
        15.171874,
        48.213336,
        215.5
      ],
      [
        15.171483,
        48.213268,
        215.0
      ],
      [
        15.170494,
        48.213088,
        215.75
      ],
      [
        15.16795,
        48.212569,
        216.25
      ],
      [
        15.166974,
        48.212389,
        216.0
      ],
      [
        15.165989,
        48.212228,
        215.5
      ],
      [
        15.16482,
        48.212073,
        216.5
      ],
      [
        15.164189,
        48.212002,
        216.25
      ],
      [
        15.163032,
        48.211894,
        215.25
      ],
      [
        15.154393,
        48.211243,
        216.5
      ],
      [
        15.15405,
        48.211217,
        216.75
      ],
      [
        15.153542,
        48.211189,
        216.75
      ],
      [
        15.152656,
        48.21119,
        216.75
      ],
      [
        15.152407,
        48.211185,
        216.5
      ],
      [
        15.151984,
        48.21116,
        216.25
      ],
      [
        15.151892,
        48.211158,
        216.25
      ],
      [
        15.151794,
        48.211164,
        216.25
      ],
      [
        15.151727,
        48.211176,
        216.25
      ],
      [
        15.151657,
        48.21118,
        216.25
      ],
      [
        15.151347,
        48.211164,
        216.25
      ],
      [
        15.151277,
        48.211156,
        216.0
      ],
      [
        15.151117,
        48.211116,
        215.75
      ],
      [
        15.151043,
        48.211104,
        215.75
      ],
      [
        15.150056,
        48.21104,
        215.75
      ],
      [
        15.148525,
        48.210936,
        216.5
      ],
      [
        15.148329,
        48.210916,
        216.75
      ],
      [
        15.14813,
        48.210889,
        216.0
      ],
      [
        15.147962,
        48.210856,
        215.75
      ],
      [
        15.147805,
        48.210815,
        216.0
      ],
      [
        15.147646,
        48.210764,
        215.75
      ],
      [
        15.147489,
        48.210708,
        216.0
      ],
      [
        15.147211,
        48.210584,
        215.5
      ],
      [
        15.147069,
        48.210505,
        215.25
      ],
      [
        15.14675,
        48.210303,
        216.5
      ],
      [
        15.146632,
        48.210215,
        216.25
      ],
      [
        15.146573,
        48.210162,
        216.5
      ],
      [
        15.146475,
        48.210055,
        217.5
      ],
      [
        15.146414,
        48.209963,
        218.0
      ],
      [
        15.146396,
        48.209923,
        218.25
      ],
      [
        15.146382,
        48.209839,
        218.5
      ],
      [
        15.146354,
        48.209816,
        218.5
      ],
      [
        15.14632,
        48.209805,
        218.25
      ],
      [
        15.146067,
        48.209762,
        218.25
      ],
      [
        15.14383,
        48.209445,
        218.75
      ],
      [
        15.142401,
        48.209244,
        217.25
      ],
      [
        15.142112,
        48.209197,
        217.0
      ],
      [
        15.141782,
        48.209169,
        217.75
      ],
      [
        15.141649,
        48.209163,
        217.75
      ],
      [
        15.14156,
        48.209172,
        217.5
      ],
      [
        15.141521,
        48.209187,
        217.25
      ],
      [
        15.141436,
        48.209426,
        216.0
      ],
      [
        15.141417,
        48.209447,
        215.75
      ],
      [
        15.141389,
        48.209461,
        215.75
      ],
      [
        15.141347,
        48.209472,
        215.75
      ],
      [
        15.141294,
        48.209471,
        215.75
      ],
      [
        15.140517,
        48.20931,
        215.25
      ],
      [
        15.139803,
        48.209188,
        215.75
      ],
      [
        15.139301,
        48.209082,
        215.25
      ],
      [
        15.138873,
        48.209035,
        215.5
      ],
      [
        15.138276,
        48.209006,
        215.5
      ],
      [
        15.137841,
        48.209003,
        215.5
      ],
      [
        15.137054,
        48.208949,
        216.75
      ],
      [
        15.136994,
        48.208939,
        216.75
      ],
      [
        15.136953,
        48.208922,
        216.75
      ],
      [
        15.136919,
        48.208891,
        216.75
      ],
      [
        15.136906,
        48.208859,
        216.75
      ],
      [
        15.136919,
        48.20877,
        216.75
      ],
      [
        15.136912,
        48.208724,
        217.0
      ],
      [
        15.13689,
        48.20868,
        217.0
      ],
      [
        15.136854,
        48.208633,
        217.25
      ],
      [
        15.136769,
        48.208546,
        217.75
      ],
      [
        15.136724,
        48.208569,
        217.75
      ],
      [
        15.136666,
        48.208585,
        218.0
      ],
      [
        15.136593,
        48.208584,
        217.75
      ],
      [
        15.136524,
        48.208571,
        217.5
      ],
      [
        15.136376,
        48.208515,
        217.5
      ],
      [
        15.136222,
        48.208468,
        217.5
      ],
      [
        15.136072,
        48.208434,
        217.5
      ],
      [
        15.135815,
        48.2084,
        217.5
      ],
      [
        15.135415,
        48.208382,
        217.0
      ],
      [
        15.135276,
        48.208358,
        217.0
      ],
      [
        15.135141,
        48.208323,
        217.25
      ],
      [
        15.135003,
        48.208277,
        217.25
      ],
      [
        15.134859,
        48.208249,
        217.5
      ],
      [
        15.134759,
        48.208244,
        217.75
      ],
      [
        15.134409,
        48.208257,
        218.0
      ],
      [
        15.134281,
        48.20825,
        218.0
      ],
      [
        15.134165,
        48.208232,
        217.75
      ],
      [
        15.134058,
        48.208204,
        217.75
      ],
      [
        15.133965,
        48.208166,
        218.0
      ],
      [
        15.133784,
        48.20807,
        218.75
      ],
      [
        15.133743,
        48.208057,
        218.75
      ],
      [
        15.133647,
        48.208039,
        219.0
      ],
      [
        15.133598,
        48.208037,
        218.75
      ],
      [
        15.133549,
        48.208039,
        218.75
      ],
      [
        15.133521,
        48.208052,
        218.5
      ],
      [
        15.133505,
        48.20807,
        218.5
      ],
      [
        15.133469,
        48.208273,
        217.25
      ],
      [
        15.1334,
        48.208535,
        216.25
      ],
      [
        15.133344,
        48.208837,
        216.0
      ],
      [
        15.133327,
        48.208862,
        216.0
      ],
      [
        15.133272,
        48.208892,
        215.75
      ],
      [
        15.133161,
        48.208905,
        215.75
      ],
      [
        15.132995,
        48.208898,
        215.75
      ],
      [
        15.132741,
        48.208868,
        216.0
      ],
      [
        15.132222,
        48.20883,
        215.0
      ],
      [
        15.131722,
        48.208781,
        214.75
      ],
      [
        15.130981,
        48.208691,
        215.25
      ],
      [
        15.130277,
        48.208596,
        216.0
      ],
      [
        15.130015,
        48.208556,
        216.0
      ],
      [
        15.129646,
        48.208489,
        214.75
      ],
      [
        15.128007,
        48.208176,
        215.5
      ],
      [
        15.127818,
        48.208135,
        216.0
      ],
      [
        15.127618,
        48.20808,
        216.0
      ],
      [
        15.126998,
        48.20789,
        215.75
      ],
      [
        15.125663,
        48.207445,
        215.5
      ],
      [
        15.125445,
        48.207365,
        215.75
      ],
      [
        15.123787,
        48.206713,
        216.0
      ],
      [
        15.123626,
        48.206641,
        216.0
      ],
      [
        15.123439,
        48.206532,
        215.75
      ],
      [
        15.122776,
        48.206122,
        216.75
      ],
      [
        15.121583,
        48.205581,
        217.0
      ],
      [
        15.121209,
        48.205362,
        217.0
      ],
      [
        15.120826,
        48.20516,
        217.0
      ],
      [
        15.120746,
        48.205095,
        217.25
      ],
      [
        15.120644,
        48.204942,
        218.25
      ],
      [
        15.120581,
        48.204876,
        218.75
      ],
      [
        15.12049,
        48.204808,
        219.25
      ],
      [
        15.11974,
        48.204343,
        218.5
      ],
      [
        15.119399,
        48.204103,
        219.25
      ],
      [
        15.119046,
        48.203834,
        219.25
      ],
      [
        15.119032,
        48.203814,
        219.25
      ],
      [
        15.119023,
        48.203766,
        219.75
      ],
      [
        15.119045,
        48.203723,
        220.25
      ],
      [
        15.119234,
        48.203606,
        222.0
      ],
      [
        15.119295,
        48.203562,
        222.25
      ],
      [
        15.1191,
        48.20341,
        221.75
      ],
      [
        15.118969,
        48.203289,
        221.25
      ],
      [
        15.118883,
        48.203202,
        221.25
      ],
      [
        15.118814,
        48.203114,
        221.5
      ],
      [
        15.118778,
        48.203033,
        221.5
      ],
      [
        15.118686,
        48.202758,
        222.0
      ],
      [
        15.118632,
        48.20267,
        222.0
      ],
      [
        15.11859,
        48.202627,
        221.75
      ],
      [
        15.11832,
        48.202421,
        221.75
      ],
      [
        15.118186,
        48.20231,
        221.5
      ],
      [
        15.118068,
        48.202201,
        222.0
      ],
      [
        15.11794,
        48.202043,
        222.25
      ],
      [
        15.117898,
        48.20193,
        222.25
      ],
      [
        15.117869,
        48.201795,
        221.75
      ],
      [
        15.117841,
        48.201728,
        221.75
      ],
      [
        15.117803,
        48.201674,
        221.75
      ],
      [
        15.117751,
        48.201621,
        222.0
      ],
      [
        15.117601,
        48.201495,
        222.0
      ],
      [
        15.117025,
        48.201047,
        221.25
      ],
      [
        15.116599,
        48.200688,
        221.75
      ],
      [
        15.116399,
        48.200523,
        221.0
      ],
      [
        15.116359,
        48.200505,
        221.0
      ],
      [
        15.116322,
        48.2005,
        220.75
      ],
      [
        15.116283,
        48.200502,
        220.5
      ],
      [
        15.116247,
        48.200512,
        220.5
      ],
      [
        15.115195,
        48.200862,
        217.25
      ],
      [
        15.11513,
        48.200865,
        217.0
      ],
      [
        15.115096,
        48.200854,
        217.0
      ],
      [
        15.115066,
        48.200835,
        217.0
      ],
      [
        15.114403,
        48.200185,
        217.0
      ],
      [
        15.11432,
        48.200093,
        217.0
      ],
      [
        15.1141,
        48.199817,
        217.25
      ],
      [
        15.113681,
        48.19932,
        217.0
      ],
      [
        15.113306,
        48.198741,
        217.0
      ],
      [
        15.113142,
        48.198426,
        217.25
      ],
      [
        15.112943,
        48.197952,
        216.75
      ],
      [
        15.112855,
        48.19779,
        217.0
      ],
      [
        15.112808,
        48.197685,
        217.25
      ],
      [
        15.112699,
        48.197351,
        216.75
      ],
      [
        15.112669,
        48.197229,
        216.25
      ],
      [
        15.112614,
        48.196861,
        217.0
      ],
      [
        15.112503,
        48.196233,
        218.5
      ],
      [
        15.11249,
        48.196098,
        218.75
      ],
      [
        15.112481,
        48.195951,
        218.5
      ],
      [
        15.112492,
        48.195586,
        218.75
      ],
      [
        15.112524,
        48.195243,
        218.75
      ],
      [
        15.112661,
        48.194731,
        217.75
      ],
      [
        15.112721,
        48.194556,
        218.0
      ],
      [
        15.113116,
        48.193633,
        218.25
      ],
      [
        15.113187,
        48.19349,
        217.5
      ],
      [
        15.113269,
        48.193351,
        217.25
      ],
      [
        15.113388,
        48.193166,
        217.25
      ],
      [
        15.1135,
        48.192976,
        218.5
      ],
      [
        15.113539,
        48.192894,
        218.5
      ],
      [
        15.11357,
        48.192808,
        218.5
      ],
      [
        15.113692,
        48.19224,
        219.0
      ],
      [
        15.113721,
        48.192131,
        218.75
      ],
      [
        15.11373,
        48.192091,
        218.75
      ],
      [
        15.113783,
        48.191946,
        218.25
      ],
      [
        15.113823,
        48.191876,
        218.5
      ],
      [
        15.113988,
        48.191634,
        219.25
      ],
      [
        15.114,
        48.191602,
        219.25
      ],
      [
        15.114004,
        48.191537,
        219.0
      ],
      [
        15.113982,
        48.191335,
        218.0
      ],
      [
        15.113987,
        48.191284,
        217.75
      ],
      [
        15.114011,
        48.19123,
        218.0
      ],
      [
        15.114022,
        48.191179,
        218.0
      ],
      [
        15.114008,
        48.191153,
        217.75
      ],
      [
        15.113924,
        48.19106,
        217.5
      ],
      [
        15.114086,
        48.190958,
        217.25
      ],
      [
        15.114165,
        48.190911,
        217.25
      ],
      [
        15.114242,
        48.19085,
        217.75
      ],
      [
        15.114282,
        48.190788,
        217.75
      ],
      [
        15.114304,
        48.190744,
        217.75
      ],
      [
        15.114334,
        48.190539,
        215.75
      ],
      [
        15.114345,
        48.19048,
        215.75
      ],
      [
        15.114381,
        48.190297,
        216.25
      ],
      [
        15.114423,
        48.190162,
        216.75
      ],
      [
        15.114553,
        48.189901,
        216.5
      ],
      [
        15.114737,
        48.18964,
        216.25
      ],
      [
        15.11488,
        48.189408,
        216.0
      ],
      [
        15.115378,
        48.188749,
        216.5
      ],
      [
        15.116228,
        48.187582,
        216.5
      ],
      [
        15.116417,
        48.187335,
        216.75
      ],
      [
        15.116449,
        48.187314,
        216.75
      ],
      [
        15.116501,
        48.187298,
        217.0
      ],
      [
        15.116565,
        48.187289,
        217.25
      ],
      [
        15.116759,
        48.187316,
        218.75
      ],
      [
        15.116813,
        48.18731,
        219.25
      ],
      [
        15.116856,
        48.187293,
        219.5
      ],
      [
        15.116943,
        48.187197,
        219.75
      ],
      [
        15.117012,
        48.18714,
        220.0
      ],
      [
        15.117042,
        48.187071,
        220.0
      ],
      [
        15.117514,
        48.186465,
        220.0
      ],
      [
        15.117845,
        48.185997,
        219.5
      ],
      [
        15.118096,
        48.185633,
        219.25
      ],
      [
        15.118947,
        48.184445,
        218.0
      ],
      [
        15.11908,
        48.184298,
        218.25
      ],
      [
        15.119233,
        48.184147,
        218.0
      ],
      [
        15.119405,
        48.184004,
        218.75
      ],
      [
        15.119597,
        48.183864,
        218.75
      ],
      [
        15.119559,
        48.183827,
        218.75
      ],
      [
        15.119427,
        48.183744,
        218.25
      ],
      [
        15.11935,
        48.183681,
        217.75
      ],
      [
        15.11932,
        48.18362,
        217.5
      ],
      [
        15.11933,
        48.183556,
        217.25
      ],
      [
        15.11959,
        48.183207,
        217.25
      ],
      [
        15.119754,
        48.182967,
        217.25
      ],
      [
        15.119991,
        48.182584,
        217.75
      ],
      [
        15.120212,
        48.182198,
        217.25
      ],
      [
        15.120355,
        48.181918,
        218.0
      ],
      [
        15.1206,
        48.181245,
        217.5
      ],
      [
        15.120648,
        48.1811,
        217.5
      ],
      [
        15.120685,
        48.180954,
        217.25
      ],
      [
        15.120728,
        48.180672,
        217.0
      ],
      [
        15.12076,
        48.180165,
        217.0
      ],
      [
        15.120771,
        48.180098,
        217.25
      ],
      [
        15.120807,
        48.180017,
        217.5
      ],
      [
        15.120984,
        48.179783,
        218.5
      ],
      [
        15.121019,
        48.179712,
        218.5
      ],
      [
        15.12106,
        48.179525,
        218.25
      ],
      [
        15.121062,
        48.17935,
        218.25
      ],
      [
        15.121053,
        48.17922,
        218.0
      ],
      [
        15.120976,
        48.178577,
        218.0
      ],
      [
        15.120973,
        48.17842,
        218.5
      ],
      [
        15.120952,
        48.17832,
        218.75
      ],
      [
        15.120905,
        48.178216,
        218.5
      ],
      [
        15.120837,
        48.178102,
        218.5
      ],
      [
        15.120768,
        48.177963,
        218.5
      ],
      [
        15.120686,
        48.177685,
        218.0
      ],
      [
        15.120576,
        48.177389,
        217.5
      ],
      [
        15.120451,
        48.177085,
        217.75
      ],
      [
        15.120266,
        48.176593,
        218.25
      ],
      [
        15.120165,
        48.176356,
        218.25
      ],
      [
        15.11991,
        48.17587,
        217.5
      ],
      [
        15.119809,
        48.175636,
        217.25
      ],
      [
        15.119725,
        48.175473,
        217.25
      ],
      [
        15.119603,
        48.175317,
        217.25
      ],
      [
        15.119356,
        48.174955,
        218.0
      ],
      [
        15.119275,
        48.174851,
        218.25
      ],
      [
        15.119182,
        48.174752,
        218.0
      ],
      [
        15.118917,
        48.174504,
        218.0
      ],
      [
        15.118414,
        48.174074,
        217.75
      ],
      [
        15.117892,
        48.173652,
        217.75
      ],
      [
        15.117588,
        48.173382,
        218.0
      ],
      [
        15.117445,
        48.173239,
        218.25
      ],
      [
        15.117044,
        48.17281,
        218.25
      ],
      [
        15.116583,
        48.172361,
        219.5
      ],
      [
        15.116087,
        48.171896,
        218.75
      ],
      [
        15.115684,
        48.171563,
        218.75
      ],
      [
        15.115205,
        48.171188,
        219.0
      ],
      [
        15.114697,
        48.170883,
        217.75
      ],
      [
        15.114633,
        48.170831,
        218.0
      ],
      [
        15.114598,
        48.170777,
        218.0
      ],
      [
        15.114584,
        48.170726,
        218.25
      ],
      [
        15.114586,
        48.170652,
        218.5
      ],
      [
        15.114576,
        48.170569,
        218.75
      ],
      [
        15.114217,
        48.170504,
        218.5
      ],
      [
        15.114127,
        48.17048,
        218.25
      ],
      [
        15.113689,
        48.17033,
        218.5
      ],
      [
        15.113347,
        48.170221,
        218.5
      ],
      [
        15.112805,
        48.170074,
        218.5
      ],
      [
        15.112703,
        48.170064,
        218.5
      ],
      [
        15.111977,
        48.169873,
        218.0
      ],
      [
        15.111567,
        48.169757,
        218.75
      ],
      [
        15.111249,
        48.16968,
        218.25
      ],
      [
        15.111126,
        48.169657,
        218.0
      ],
      [
        15.110895,
        48.169628,
        217.5
      ],
      [
        15.110689,
        48.169609,
        217.5
      ],
      [
        15.110484,
        48.169599,
        217.75
      ],
      [
        15.11025,
        48.169598,
        217.75
      ],
      [
        15.109929,
        48.169593,
        217.5
      ],
      [
        15.109637,
        48.169578,
        218.0
      ],
      [
        15.108771,
        48.169517,
        218.25
      ],
      [
        15.108375,
        48.169492,
        218.5
      ],
      [
        15.108233,
        48.169488,
        218.25
      ],
      [
        15.108148,
        48.169489,
        218.0
      ],
      [
        15.108075,
        48.169499,
        217.5
      ],
      [
        15.107971,
        48.169519,
        217.25
      ],
      [
        15.107544,
        48.169621,
        216.5
      ],
      [
        15.10743,
        48.169645,
        216.25
      ],
      [
        15.107331,
        48.169656,
        216.25
      ],
      [
        15.107263,
        48.16966,
        216.25
      ],
      [
        15.107159,
        48.169657,
        216.0
      ],
      [
        15.106727,
        48.16963,
        216.25
      ],
      [
        15.10669,
        48.169623,
        216.5
      ],
      [
        15.106664,
        48.169603,
        216.75
      ],
      [
        15.106645,
        48.169567,
        217.0
      ],
      [
        15.106626,
        48.169454,
        217.75
      ],
      [
        15.106601,
        48.169415,
        217.75
      ],
      [
        15.106513,
        48.169369,
        217.25
      ],
      [
        15.106408,
        48.169345,
        217.0
      ],
      [
        15.106223,
        48.169336,
        217.0
      ],
      [
        15.106032,
        48.169343,
        217.0
      ],
      [
        15.105814,
        48.169323,
        216.75
      ],
      [
        15.104055,
        48.169009,
        216.75
      ],
      [
        15.103928,
        48.168995,
        217.0
      ],
      [
        15.1038,
        48.168991,
        217.25
      ],
      [
        15.103578,
        48.169014,
        217.0
      ],
      [
        15.103511,
        48.169008,
        217.25
      ],
      [
        15.103444,
        48.168984,
        217.5
      ],
      [
        15.103379,
        48.168948,
        217.75
      ],
      [
        15.103271,
        48.168869,
        217.75
      ],
      [
        15.103166,
        48.168815,
        217.5
      ],
      [
        15.102909,
        48.168727,
        217.0
      ],
      [
        15.102352,
        48.168585,
        218.0
      ],
      [
        15.102108,
        48.168492,
        217.5
      ],
      [
        15.101521,
        48.168292,
        218.0
      ],
      [
        15.10142,
        48.168248,
        218.0
      ],
      [
        15.101204,
        48.168109,
        217.5
      ],
      [
        15.101082,
        48.168047,
        217.75
      ],
      [
        15.100955,
        48.168,
        217.5
      ],
      [
        15.100807,
        48.16796,
        217.25
      ],
      [
        15.100699,
        48.167922,
        217.0
      ],
      [
        15.100606,
        48.167872,
        217.25
      ],
      [
        15.100231,
        48.167602,
        217.75
      ],
      [
        15.099824,
        48.167295,
        218.0
      ],
      [
        15.099677,
        48.167193,
        217.75
      ],
      [
        15.099577,
        48.167144,
        217.75
      ],
      [
        15.099484,
        48.167114,
        217.75
      ],
      [
        15.099339,
        48.167078,
        217.75
      ],
      [
        15.098869,
        48.166981,
        218.75
      ],
      [
        15.098556,
        48.166906,
        218.75
      ],
      [
        15.098275,
        48.166832,
        218.75
      ],
      [
        15.098087,
        48.166775,
        218.0
      ],
      [
        15.098032,
        48.16675,
        218.25
      ],
      [
        15.09799,
        48.166715,
        218.25
      ],
      [
        15.097927,
        48.166629,
        218.25
      ],
      [
        15.097874,
        48.166483,
        218.75
      ],
      [
        15.097865,
        48.166415,
        219.25
      ],
      [
        15.097879,
        48.166218,
        218.5
      ],
      [
        15.097861,
        48.166085,
        218.0
      ],
      [
        15.097781,
        48.166002,
        218.0
      ],
      [
        15.096757,
        48.165138,
        219.0
      ],
      [
        15.096407,
        48.164796,
        219.0
      ],
      [
        15.095904,
        48.164179,
        219.0
      ],
      [
        15.095567,
        48.163792,
        219.5
      ],
      [
        15.095502,
        48.163707,
        220.0
      ],
      [
        15.095452,
        48.16367,
        220.25
      ],
      [
        15.09541,
        48.163652,
        220.5
      ],
      [
        15.095271,
        48.163613,
        220.75
      ],
      [
        15.095142,
        48.163643,
        220.5
      ],
      [
        15.095016,
        48.163689,
        220.25
      ],
      [
        15.094671,
        48.163846,
        219.0
      ],
      [
        15.093551,
        48.164435,
        219.25
      ],
      [
        15.09322,
        48.164626,
        220.0
      ],
      [
        15.092903,
        48.164849,
        219.0
      ],
      [
        15.092339,
        48.165211,
        219.25
      ],
      [
        15.091945,
        48.165418,
        219.25
      ],
      [
        15.091805,
        48.165472,
        218.0
      ],
      [
        15.091679,
        48.165505,
        216.75
      ],
      [
        15.091536,
        48.165534,
        217.75
      ],
      [
        15.091466,
        48.165561,
        218.75
      ],
      [
        15.091399,
        48.165598,
        219.75
      ],
      [
        15.091346,
        48.16564,
        219.75
      ],
      [
        15.091218,
        48.165708,
        219.25
      ],
      [
        15.090824,
        48.165902,
        220.0
      ],
      [
        15.09013,
        48.166232,
        220.0
      ],
      [
        15.089822,
        48.166357,
        220.0
      ],
      [
        15.089674,
        48.166421,
        220.0
      ],
      [
        15.089519,
        48.166465,
        220.0
      ],
      [
        15.089091,
        48.166591,
        219.75
      ],
      [
        15.088813,
        48.166689,
        220.0
      ],
      [
        15.088537,
        48.166795,
        219.75
      ],
      [
        15.088357,
        48.16688,
        219.75
      ],
      [
        15.088193,
        48.166977,
        220.0
      ],
      [
        15.087863,
        48.167257,
        219.75
      ],
      [
        15.087624,
        48.167532,
        219.25
      ],
      [
        15.087596,
        48.167576,
        219.0
      ],
      [
        15.08743,
        48.167832,
        218.5
      ],
      [
        15.087415,
        48.167857,
        218.75
      ],
      [
        15.086843,
        48.168761,
        219.75
      ],
      [
        15.086757,
        48.168735,
        219.5
      ],
      [
        15.08661,
        48.16868,
        219.25
      ],
      [
        15.086137,
        48.16849,
        220.0
      ],
      [
        15.085581,
        48.16826,
        220.0
      ],
      [
        15.084812,
        48.167996,
        219.75
      ],
      [
        15.083724,
        48.167649,
        219.75
      ],
      [
        15.083657,
        48.16763,
        219.5
      ],
      [
        15.08347,
        48.167566,
        219.75
      ],
      [
        15.083168,
        48.167425,
        219.25
      ],
      [
        15.082865,
        48.167247,
        219.0
      ],
      [
        15.082489,
        48.166996,
        219.75
      ],
      [
        15.082137,
        48.166712,
        220.0
      ],
      [
        15.081788,
        48.16647,
        220.0
      ],
      [
        15.081515,
        48.166305,
        219.75
      ],
      [
        15.080945,
        48.166033,
        220.0
      ],
      [
        15.080777,
        48.165954,
        220.0
      ],
      [
        15.080442,
        48.165819,
        220.25
      ],
      [
        15.08039,
        48.165803,
        220.5
      ],
      [
        15.080274,
        48.165778,
        220.75
      ],
      [
        15.080151,
        48.165765,
        220.75
      ],
      [
        15.079995,
        48.165759,
        221.0
      ],
      [
        15.07984,
        48.165768,
        221.0
      ],
      [
        15.078389,
        48.165869,
        219.0
      ],
      [
        15.078054,
        48.165891,
        219.0
      ],
      [
        15.077958,
        48.165908,
        219.0
      ],
      [
        15.077812,
        48.165952,
        219.0
      ],
      [
        15.077745,
        48.165986,
        219.0
      ],
      [
        15.077668,
        48.166046,
        219.0
      ],
      [
        15.077613,
        48.166107,
        219.0
      ],
      [
        15.07756,
        48.166216,
        219.0
      ],
      [
        15.077566,
        48.166447,
        219.0
      ],
      [
        15.077512,
        48.166601,
        219.0
      ],
      [
        15.077421,
        48.166734,
        219.0
      ],
      [
        15.077386,
        48.166835,
        219.0
      ],
      [
        15.077464,
        48.166855,
        219.0
      ],
      [
        15.077493,
        48.166876,
        219.0
      ],
      [
        15.077526,
        48.166941,
        219.0
      ],
      [
        15.077485,
        48.166982,
        218.75
      ],
      [
        15.077453,
        48.167001,
        219.0
      ],
      [
        15.077372,
        48.167016,
        219.0
      ],
      [
        15.077293,
        48.166996,
        219.0
      ],
      [
        15.077265,
        48.166975,
        218.75
      ],
      [
        15.077238,
        48.16692,
        219.0
      ],
      [
        15.076717,
        48.166915,
        219.75
      ],
      [
        15.076554,
        48.166941,
        219.5
      ],
      [
        15.075953,
        48.16718,
        219.75
      ],
      [
        15.075662,
        48.167243,
        220.5
      ],
      [
        15.075544,
        48.167283,
        220.75
      ],
      [
        15.075492,
        48.167313,
        220.75
      ],
      [
        15.075194,
        48.16759,
        220.0
      ],
      [
        15.074978,
        48.167748,
        220.0
      ],
      [
        15.074647,
        48.167989,
        220.0
      ],
      [
        15.074204,
        48.168263,
        220.5
      ],
      [
        15.074001,
        48.168422,
        221.0
      ],
      [
        15.073802,
        48.168646,
        221.75
      ],
      [
        15.073662,
        48.168615,
        221.75
      ],
      [
        15.073494,
        48.168589,
        221.75
      ],
      [
        15.07332,
        48.168568,
        221.75
      ],
      [
        15.073146,
        48.168555,
        221.75
      ],
      [
        15.072835,
        48.168551,
        221.75
      ],
      [
        15.072503,
        48.168583,
        222.0
      ],
      [
        15.072053,
        48.168649,
        222.25
      ],
      [
        15.071853,
        48.168673,
        222.25
      ],
      [
        15.071678,
        48.168687,
        222.25
      ],
      [
        15.071379,
        48.168696,
        223.25
      ],
      [
        15.07119,
        48.168695,
        223.25
      ],
      [
        15.071072,
        48.168687,
        223.25
      ],
      [
        15.07096,
        48.168671,
        223.0
      ],
      [
        15.070721,
        48.168616,
        223.25
      ],
      [
        15.070667,
        48.168611,
        223.5
      ],
      [
        15.07058,
        48.168634,
        223.75
      ],
      [
        15.070522,
        48.168661,
        224.0
      ],
      [
        15.070259,
        48.168476,
        224.25
      ],
      [
        15.070035,
        48.168281,
        225.5
      ],
      [
        15.069916,
        48.168196,
        226.25
      ],
      [
        15.069782,
        48.168116,
        226.5
      ],
      [
        15.069494,
        48.167992,
        227.25
      ],
      [
        15.069142,
        48.167803,
        229.0
      ],
      [
        15.069003,
        48.167721,
        229.5
      ],
      [
        15.0689,
        48.167645,
        229.75
      ],
      [
        15.068809,
        48.16756,
        230.25
      ],
      [
        15.068479,
        48.1672,
        230.25
      ],
      [
        15.068284,
        48.166968,
        230.0
      ],
      [
        15.067921,
        48.166574,
        230.25
      ],
      [
        15.067875,
        48.166519,
        230.25
      ],
      [
        15.067681,
        48.16656,
        230.5
      ],
      [
        15.066771,
        48.16689,
        232.75
      ],
      [
        15.066546,
        48.166798,
        233.5
      ],
      [
        15.066771,
        48.16689,
        232.75
      ],
      [
        15.067681,
        48.16656,
        230.5
      ],
      [
        15.067875,
        48.166519,
        230.25
      ],
      [
        15.067596,
        48.166216,
        230.0
      ],
      [
        15.067286,
        48.165892,
        230.0
      ],
      [
        15.067194,
        48.165819,
        230.0
      ],
      [
        15.067081,
        48.165746,
        230.5
      ],
      [
        15.066942,
        48.165676,
        231.0
      ],
      [
        15.066724,
        48.165596,
        230.75
      ],
      [
        15.066248,
        48.165443,
        231.25
      ],
      [
        15.066198,
        48.165428,
        231.25
      ],
      [
        15.065464,
        48.165219,
        232.0
      ],
      [
        15.06506,
        48.165093,
        232.5
      ],
      [
        15.064798,
        48.164994,
        232.0
      ],
      [
        15.064294,
        48.164779,
        232.5
      ],
      [
        15.064004,
        48.164634,
        232.25
      ],
      [
        15.063883,
        48.164574,
        232.25
      ],
      [
        15.063628,
        48.164469,
        232.75
      ],
      [
        15.063246,
        48.164366,
        232.5
      ],
      [
        15.063087,
        48.164312,
        232.5
      ],
      [
        15.062879,
        48.164223,
        232.0
      ],
      [
        15.062737,
        48.164151,
        232.0
      ],
      [
        15.06227,
        48.1639,
        232.0
      ],
      [
        15.062214,
        48.16387,
        232.0
      ],
      [
        15.061965,
        48.163758,
        232.0
      ],
      [
        15.06148,
        48.163599,
        231.75
      ],
      [
        15.061284,
        48.163548,
        232.0
      ],
      [
        15.061002,
        48.163484,
        232.0
      ],
      [
        15.060687,
        48.163411,
        232.0
      ],
      [
        15.058225,
        48.162768,
        232.75
      ],
      [
        15.057622,
        48.162604,
        232.5
      ],
      [
        15.057252,
        48.162498,
        232.75
      ],
      [
        15.056891,
        48.162384,
        233.0
      ],
      [
        15.056604,
        48.162281,
        233.25
      ],
      [
        15.056089,
        48.16208,
        234.0
      ],
      [
        15.054911,
        48.161619,
        235.25
      ],
      [
        15.054268,
        48.16136,
        235.0
      ],
      [
        15.052783,
        48.160758,
        235.5
      ],
      [
        15.051158,
        48.160045,
        235.75
      ],
      [
        15.050408,
        48.159742,
        236.5
      ],
      [
        15.049521,
        48.159465,
        236.0
      ],
      [
        15.048741,
        48.159242,
        236.5
      ],
      [
        15.047614,
        48.15886,
        237.25
      ],
      [
        15.047395,
        48.158777,
        238.0
      ],
      [
        15.04713,
        48.158658,
        237.75
      ],
      [
        15.046907,
        48.158539,
        237.75
      ],
      [
        15.046739,
        48.158425,
        237.75
      ],
      [
        15.046501,
        48.158246,
        237.5
      ],
      [
        15.046349,
        48.158162,
        237.75
      ],
      [
        15.045972,
        48.157989,
        237.25
      ],
      [
        15.045906,
        48.15794,
        237.25
      ],
      [
        15.045877,
        48.1579,
        237.25
      ],
      [
        15.045774,
        48.157702,
        236.5
      ],
      [
        15.045709,
        48.157631,
        236.0
      ],
      [
        15.045451,
        48.157452,
        236.25
      ],
      [
        15.045369,
        48.157386,
        236.75
      ],
      [
        15.045288,
        48.157307,
        236.75
      ],
      [
        15.045155,
        48.15715,
        237.0
      ],
      [
        15.045087,
        48.157037,
        237.0
      ],
      [
        15.04506,
        48.156946,
        237.0
      ],
      [
        15.045042,
        48.156714,
        237.0
      ],
      [
        15.045032,
        48.156394,
        236.75
      ],
      [
        15.045014,
        48.156281,
        237.0
      ],
      [
        15.044971,
        48.156142,
        237.0
      ],
      [
        15.044925,
        48.156029,
        237.25
      ],
      [
        15.04485,
        48.155887,
        237.25
      ],
      [
        15.044761,
        48.155722,
        237.25
      ],
      [
        15.044284,
        48.155031,
        237.5
      ],
      [
        15.043124,
        48.153332,
        236.5
      ],
      [
        15.042372,
        48.152429,
        236.5
      ],
      [
        15.041904,
        48.151983,
        236.5
      ],
      [
        15.04105,
        48.151312,
        236.75
      ],
      [
        15.040571,
        48.15095,
        237.0
      ],
      [
        15.039525,
        48.15018,
        237.75
      ],
      [
        15.039243,
        48.149996,
        238.5
      ],
      [
        15.038903,
        48.149802,
        238.25
      ],
      [
        15.03873,
        48.149719,
        238.5
      ],
      [
        15.037987,
        48.149383,
        239.0
      ],
      [
        15.037308,
        48.149089,
        240.0
      ],
      [
        15.036788,
        48.148868,
        240.25
      ],
      [
        15.036495,
        48.148753,
        240.5
      ],
      [
        15.036202,
        48.148648,
        240.75
      ],
      [
        15.034972,
        48.148257,
        242.25
      ],
      [
        15.034732,
        48.148172,
        242.0
      ],
      [
        15.034524,
        48.14809,
        242.0
      ],
      [
        15.034233,
        48.147967,
        242.0
      ],
      [
        15.032807,
        48.147329,
        243.0
      ],
      [
        15.032388,
        48.147142,
        242.75
      ],
      [
        15.032026,
        48.146999,
        243.0
      ],
      [
        15.031638,
        48.146878,
        243.0
      ],
      [
        15.03125,
        48.146784,
        244.0
      ],
      [
        15.031109,
        48.14676,
        244.0
      ],
      [
        15.030864,
        48.146738,
        243.75
      ],
      [
        15.030714,
        48.146744,
        244.0
      ],
      [
        15.03056,
        48.14676,
        244.25
      ],
      [
        15.029847,
        48.146834,
        244.25
      ],
      [
        15.029689,
        48.146824,
        244.0
      ],
      [
        15.029634,
        48.146817,
        244.25
      ],
      [
        15.029549,
        48.146795,
        244.0
      ],
      [
        15.02947,
        48.146764,
        244.0
      ],
      [
        15.029399,
        48.14672,
        243.5
      ],
      [
        15.029343,
        48.146671,
        243.0
      ],
      [
        15.029257,
        48.14656,
        242.25
      ],
      [
        15.029214,
        48.146477,
        242.0
      ],
      [
        15.02916,
        48.146332,
        241.75
      ],
      [
        15.029132,
        48.146286,
        241.5
      ],
      [
        15.029054,
        48.146184,
        241.5
      ],
      [
        15.028965,
        48.14607,
        241.75
      ],
      [
        15.028865,
        48.146007,
        242.0
      ],
      [
        15.028578,
        48.145916,
        242.0
      ],
      [
        15.028517,
        48.14588,
        242.0
      ],
      [
        15.028475,
        48.145841,
        241.75
      ],
      [
        15.028434,
        48.145771,
        242.0
      ],
      [
        15.028417,
        48.145702,
        242.25
      ],
      [
        15.028419,
        48.145626,
        242.5
      ],
      [
        15.028445,
        48.14554,
        242.5
      ],
      [
        15.028656,
        48.145133,
        242.5
      ],
      [
        15.028778,
        48.1448,
        243.0
      ],
      [
        15.028797,
        48.144722,
        243.0
      ],
      [
        15.028821,
        48.144612,
        243.0
      ],
      [
        15.02883,
        48.14449,
        243.0
      ],
      [
        15.028825,
        48.144254,
        243.0
      ],
      [
        15.02879,
        48.143992,
        242.5
      ],
      [
        15.028723,
        48.143661,
        242.5
      ],
      [
        15.028683,
        48.143518,
        242.5
      ],
      [
        15.028632,
        48.143404,
        242.75
      ],
      [
        15.028571,
        48.143302,
        242.75
      ],
      [
        15.028481,
        48.143176,
        242.5
      ],
      [
        15.028353,
        48.143026,
        242.75
      ],
      [
        15.027885,
        48.142528,
        242.0
      ],
      [
        15.027343,
        48.1419,
        241.25
      ],
      [
        15.027199,
        48.14172,
        241.75
      ],
      [
        15.027118,
        48.141615,
        241.5
      ],
      [
        15.026947,
        48.141356,
        240.75
      ],
      [
        15.02652,
        48.140698,
        240.75
      ],
      [
        15.026363,
        48.140481,
        240.5
      ],
      [
        15.025909,
        48.139937,
        240.5
      ],
      [
        15.02584,
        48.139837,
        240.25
      ],
      [
        15.025782,
        48.13973,
        240.0
      ],
      [
        15.025745,
        48.139626,
        240.0
      ],
      [
        15.025712,
        48.139507,
        240.0
      ],
      [
        15.025693,
        48.139387,
        239.75
      ],
      [
        15.025613,
        48.138502,
        239.75
      ],
      [
        15.025609,
        48.138368,
        239.75
      ],
      [
        15.025618,
        48.138234,
        239.75
      ],
      [
        15.025675,
        48.137928,
        239.25
      ],
      [
        15.025686,
        48.137743,
        239.0
      ],
      [
        15.025667,
        48.137606,
        239.5
      ],
      [
        15.025618,
        48.137477,
        239.75
      ],
      [
        15.025576,
        48.137419,
        239.5
      ],
      [
        15.025519,
        48.137363,
        239.5
      ],
      [
        15.025367,
        48.137259,
        239.5
      ],
      [
        15.025263,
        48.137202,
        239.75
      ],
      [
        15.025139,
        48.137147,
        239.0
      ],
      [
        15.024654,
        48.136964,
        239.75
      ],
      [
        15.024163,
        48.136749,
        239.0
      ],
      [
        15.023032,
        48.136193,
        239.0
      ],
      [
        15.022447,
        48.135923,
        239.0
      ],
      [
        15.022303,
        48.135858,
        239.5
      ],
      [
        15.021786,
        48.135636,
        239.25
      ],
      [
        15.021259,
        48.135422,
        239.5
      ],
      [
        15.020935,
        48.13529,
        239.75
      ],
      [
        15.019809,
        48.134865,
        239.5
      ],
      [
        15.019186,
        48.134629,
        239.5
      ],
      [
        15.018447,
        48.134319,
        239.75
      ],
      [
        15.017829,
        48.134044,
        239.5
      ],
      [
        15.017248,
        48.133777,
        239.5
      ],
      [
        15.017036,
        48.133679,
        239.5
      ],
      [
        15.016942,
        48.133633,
        239.75
      ],
      [
        15.016505,
        48.133409,
        239.75
      ],
      [
        15.016262,
        48.133277,
        240.0
      ],
      [
        15.015923,
        48.13308,
        240.0
      ],
      [
        15.014147,
        48.132051,
        240.25
      ],
      [
        15.013833,
        48.131864,
        240.5
      ],
      [
        15.013609,
        48.131718,
        240.75
      ],
      [
        15.013299,
        48.131489,
        240.25
      ],
      [
        15.013131,
        48.131349,
        240.5
      ],
      [
        15.012997,
        48.131214,
        240.5
      ],
      [
        15.012785,
        48.130968,
        240.75
      ],
      [
        15.012206,
        48.130232,
        241.0
      ],
      [
        15.011997,
        48.130013,
        241.0
      ],
      [
        15.011897,
        48.129917,
        241.0
      ],
      [
        15.011778,
        48.129818,
        241.0
      ],
      [
        15.011615,
        48.129699,
        241.0
      ],
      [
        15.011336,
        48.129532,
        241.25
      ],
      [
        15.010525,
        48.129118,
        241.75
      ],
      [
        15.010268,
        48.128993,
        241.5
      ],
      [
        15.009472,
        48.128604,
        242.0
      ],
      [
        15.009195,
        48.128479,
        243.75
      ],
      [
        15.008941,
        48.128381,
        242.75
      ],
      [
        15.008774,
        48.128324,
        242.0
      ],
      [
        15.008482,
        48.128243,
        241.5
      ],
      [
        15.008211,
        48.128191,
        241.5
      ],
      [
        15.007852,
        48.128149,
        242.0
      ],
      [
        15.007469,
        48.128127,
        242.0
      ],
      [
        15.006708,
        48.128101,
        242.0
      ],
      [
        15.006461,
        48.128082,
        242.0
      ],
      [
        15.006249,
        48.128056,
        242.0
      ],
      [
        15.00605,
        48.128022,
        241.75
      ],
      [
        15.005536,
        48.127914,
        241.5
      ],
      [
        15.005014,
        48.127796,
        242.0
      ],
      [
        15.004911,
        48.127763,
        241.75
      ],
      [
        15.004839,
        48.127728,
        241.75
      ],
      [
        15.004753,
        48.127669,
        241.5
      ],
      [
        15.004644,
        48.127559,
        241.25
      ],
      [
        15.004578,
        48.127573,
        241.5
      ],
      [
        15.004506,
        48.127576,
        241.75
      ],
      [
        15.00443,
        48.127574,
        241.75
      ],
      [
        15.004345,
        48.127558,
        241.75
      ],
      [
        15.003613,
        48.127329,
        242.0
      ],
      [
        15.003374,
        48.127247,
        242.0
      ],
      [
        15.002777,
        48.127071,
        242.25
      ],
      [
        15.001772,
        48.126795,
        244.75
      ],
      [
        15.001413,
        48.126707,
        245.25
      ],
      [
        15.000986,
        48.12662,
        246.75
      ],
      [
        15.000703,
        48.126574,
        249.0
      ],
      [
        15.000194,
        48.126512,
        250.5
      ],
      [
        15.000012,
        48.1265,
        250.25
      ],
      [
        14.999834,
        48.126499,
        250.75
      ],
      [
        14.999645,
        48.12651,
        251.5
      ],
      [
        14.999469,
        48.12653,
        252.0
      ],
      [
        14.999284,
        48.126563,
        251.75
      ],
      [
        14.999121,
        48.126606,
        251.75
      ],
      [
        14.998956,
        48.126659,
        252.25
      ],
      [
        14.998796,
        48.126721,
        252.75
      ],
      [
        14.99866,
        48.126785,
        253.25
      ],
      [
        14.998425,
        48.126933,
        252.5
      ],
      [
        14.998324,
        48.127013,
        251.5
      ],
      [
        14.998152,
        48.127184,
        250.5
      ],
      [
        14.998063,
        48.127288,
        250.0
      ],
      [
        14.997764,
        48.127652,
        247.25
      ],
      [
        14.997666,
        48.127758,
        247.0
      ],
      [
        14.997568,
        48.127842,
        245.75
      ],
      [
        14.997478,
        48.127905,
        244.75
      ],
      [
        14.997448,
        48.127923,
        245.0
      ],
      [
        14.997328,
        48.12798,
        245.25
      ],
      [
        14.997259,
        48.128007,
        245.25
      ],
      [
        14.997089,
        48.128052,
        245.25
      ],
      [
        14.996958,
        48.128074,
        245.25
      ],
      [
        14.996817,
        48.128087,
        245.25
      ],
      [
        14.996467,
        48.128118,
        245.5
      ],
      [
        14.996062,
        48.128162,
        244.5
      ],
      [
        14.994752,
        48.12832,
        245.75
      ],
      [
        14.994299,
        48.128365,
        244.75
      ],
      [
        14.993987,
        48.128393,
        245.0
      ],
      [
        14.993846,
        48.128408,
        245.25
      ],
      [
        14.993223,
        48.128477,
        244.75
      ],
      [
        14.992969,
        48.128512,
        244.5
      ],
      [
        14.992597,
        48.12857,
        244.75
      ],
      [
        14.992155,
        48.128636,
        245.0
      ],
      [
        14.991799,
        48.128678,
        245.0
      ],
      [
        14.991407,
        48.128707,
        245.0
      ],
      [
        14.991199,
        48.128713,
        245.25
      ],
      [
        14.990893,
        48.128708,
        245.0
      ],
      [
        14.990312,
        48.128681,
        245.0
      ],
      [
        14.989812,
        48.128638,
        245.0
      ],
      [
        14.989603,
        48.128619,
        245.0
      ],
      [
        14.989254,
        48.128588,
        245.0
      ],
      [
        14.988769,
        48.128548,
        245.0
      ],
      [
        14.988267,
        48.128507,
        246.0
      ],
      [
        14.987491,
        48.128477,
        246.0
      ],
      [
        14.987003,
        48.12843,
        246.0
      ],
      [
        14.986595,
        48.128386,
        246.0
      ],
      [
        14.986174,
        48.128324,
        246.0
      ],
      [
        14.985754,
        48.128247,
        246.0
      ],
      [
        14.985629,
        48.128218,
        246.25
      ],
      [
        14.985281,
        48.128084,
        246.75
      ],
      [
        14.985048,
        48.127995,
        247.0
      ],
      [
        14.984717,
        48.127866,
        247.0
      ],
      [
        14.984391,
        48.127753,
        247.0
      ],
      [
        14.983815,
        48.127574,
        247.25
      ],
      [
        14.983351,
        48.127446,
        247.0
      ],
      [
        14.982741,
        48.127286,
        248.0
      ],
      [
        14.982068,
        48.127096,
        249.75
      ],
      [
        14.981757,
        48.127013,
        250.5
      ],
      [
        14.981169,
        48.126876,
        249.5
      ],
      [
        14.980904,
        48.126823,
        249.75
      ],
      [
        14.980283,
        48.126728,
        250.75
      ],
      [
        14.979651,
        48.12664,
        250.75
      ],
      [
        14.97778,
        48.126417,
        250.75
      ],
      [
        14.977502,
        48.126369,
        250.75
      ],
      [
        14.977226,
        48.126297,
        251.0
      ],
      [
        14.977058,
        48.126231,
        250.5
      ],
      [
        14.976905,
        48.126162,
        250.75
      ],
      [
        14.976158,
        48.125782,
        251.0
      ],
      [
        14.976075,
        48.125828,
        251.0
      ],
      [
        14.976011,
        48.12584,
        251.0
      ],
      [
        14.975936,
        48.125835,
        251.0
      ],
      [
        14.97525,
        48.125722,
        250.25
      ],
      [
        14.974929,
        48.125665,
        251.0
      ],
      [
        14.974415,
        48.125554,
        251.75
      ],
      [
        14.974039,
        48.125446,
        251.25
      ],
      [
        14.973985,
        48.125419,
        251.5
      ],
      [
        14.973763,
        48.125234,
        251.5
      ],
      [
        14.973677,
        48.125184,
        251.75
      ],
      [
        14.973589,
        48.125151,
        252.25
      ],
      [
        14.973484,
        48.125128,
        252.5
      ],
      [
        14.973369,
        48.125116,
        252.5
      ],
      [
        14.972704,
        48.125099,
        252.5
      ],
      [
        14.971202,
        48.125047,
        252.75
      ],
      [
        14.970124,
        48.124998,
        253.0
      ],
      [
        14.967795,
        48.124927,
        253.75
      ],
      [
        14.961917,
        48.124724,
        255.0
      ],
      [
        14.960828,
        48.124691,
        256.0
      ],
      [
        14.960142,
        48.124686,
        256.0
      ],
      [
        14.957216,
        48.124587,
        256.75
      ],
      [
        14.957069,
        48.124583,
        256.5
      ],
      [
        14.956987,
        48.124587,
        256.5
      ],
      [
        14.956922,
        48.124598,
        256.0
      ],
      [
        14.956861,
        48.124617,
        255.5
      ],
      [
        14.956807,
        48.124644,
        255.25
      ],
      [
        14.956763,
        48.124681,
        255.25
      ],
      [
        14.956732,
        48.124727,
        255.75
      ],
      [
        14.956698,
        48.1248,
        256.0
      ],
      [
        14.956391,
        48.125604,
        257.75
      ],
      [
        14.956365,
        48.125632,
        257.5
      ],
      [
        14.95633,
        48.125652,
        257.5
      ],
      [
        14.956285,
        48.125655,
        257.25
      ],
      [
        14.956238,
        48.125641,
        257.25
      ],
      [
        14.956216,
        48.125618,
        257.25
      ],
      [
        14.956211,
        48.125583,
        257.25
      ],
      [
        14.956272,
        48.125342,
        257.0
      ],
      [
        14.956368,
        48.124818,
        256.5
      ],
      [
        14.956377,
        48.124765,
        256.75
      ],
      [
        14.956372,
        48.124712,
        257.0
      ],
      [
        14.956352,
        48.124663,
        257.0
      ],
      [
        14.956309,
        48.124619,
        257.25
      ],
      [
        14.95626,
        48.124587,
        257.25
      ],
      [
        14.956203,
        48.124566,
        257.5
      ],
      [
        14.956124,
        48.124549,
        257.5
      ],
      [
        14.954665,
        48.124492,
        257.0
      ],
      [
        14.950081,
        48.124343,
        258.5
      ],
      [
        14.949871,
        48.124351,
        258.75
      ],
      [
        14.949734,
        48.124384,
        259.0
      ],
      [
        14.949695,
        48.124433,
        258.5
      ],
      [
        14.949716,
        48.124534,
        258.5
      ],
      [
        14.949931,
        48.124854,
        258.75
      ],
      [
        14.949932,
        48.124892,
        258.75
      ],
      [
        14.949922,
        48.124916,
        258.75
      ],
      [
        14.949907,
        48.124934,
        258.75
      ],
      [
        14.949881,
        48.124949,
        258.75
      ],
      [
        14.94904,
        48.123969,
        256.5
      ],
      [
        14.948562,
        48.1234,
        258.5
      ],
      [
        14.948493,
        48.123304,
        259.0
      ],
      [
        14.948444,
        48.123217,
        259.0
      ],
      [
        14.948405,
        48.123112,
        259.0
      ],
      [
        14.948276,
        48.12313,
        259.0
      ],
      [
        14.947225,
        48.123159,
        259.0
      ],
      [
        14.946814,
        48.123177,
        259.0
      ],
      [
        14.946218,
        48.123214,
        259.0
      ],
      [
        14.946127,
        48.123219,
        259.0
      ],
      [
        14.945912,
        48.123233,
        259.5
      ],
      [
        14.945794,
        48.123238,
        259.5
      ],
      [
        14.945321,
        48.123266,
        259.0
      ],
      [
        14.944959,
        48.123275,
        259.0
      ],
      [
        14.943659,
        48.123273,
        259.0
      ],
      [
        14.943315,
        48.123269,
        259.75
      ],
      [
        14.943057,
        48.123259,
        259.5
      ],
      [
        14.942491,
        48.123213,
        259.0
      ],
      [
        14.941955,
        48.123164,
        259.75
      ],
      [
        14.941079,
        48.123115,
        260.0
      ],
      [
        14.940422,
        48.123063,
        260.25
      ],
      [
        14.940232,
        48.123055,
        260.75
      ],
      [
        14.937635,
        48.123053,
        261.0
      ],
      [
        14.937423,
        48.123059,
        260.75
      ],
      [
        14.93681,
        48.1231,
        260.5
      ],
      [
        14.936568,
        48.123108,
        260.5
      ],
      [
        14.935933,
        48.12311,
        261.25
      ],
      [
        14.935443,
        48.123095,
        262.0
      ],
      [
        14.935292,
        48.123079,
        262.0
      ],
      [
        14.935143,
        48.123048,
        261.75
      ],
      [
        14.935001,
        48.123004,
        261.75
      ],
      [
        14.934851,
        48.122945,
        261.75
      ],
      [
        14.93469,
        48.122865,
        262.0
      ],
      [
        14.93451,
        48.122768,
        261.75
      ],
      [
        14.933797,
        48.122347,
        261.5
      ],
      [
        14.933522,
        48.122217,
        261.75
      ],
      [
        14.933222,
        48.122125,
        262.0
      ],
      [
        14.932807,
        48.12202,
        262.0
      ],
      [
        14.932631,
        48.121969,
        262.0
      ],
      [
        14.932385,
        48.121886,
        262.0
      ],
      [
        14.931619,
        48.121591,
        262.0
      ],
      [
        14.931126,
        48.121425,
        262.75
      ],
      [
        14.930107,
        48.121104,
        262.75
      ],
      [
        14.92974,
        48.120993,
        262.25
      ],
      [
        14.929571,
        48.120953,
        262.75
      ],
      [
        14.929294,
        48.120903,
        263.0
      ],
      [
        14.928875,
        48.12085,
        263.0
      ],
      [
        14.928329,
        48.120764,
        262.75
      ],
      [
        14.928261,
        48.120759,
        262.75
      ],
      [
        14.928159,
        48.120777,
        262.75
      ],
      [
        14.92812,
        48.120745,
        262.75
      ],
      [
        14.928037,
        48.120703,
        262.5
      ],
      [
        14.927654,
        48.120566,
        263.0
      ],
      [
        14.927566,
        48.120509,
        263.0
      ],
      [
        14.927408,
        48.120361,
        263.0
      ],
      [
        14.927317,
        48.120309,
        263.0
      ],
      [
        14.927238,
        48.120278,
        263.0
      ],
      [
        14.927108,
        48.12024,
        263.0
      ],
      [
        14.926907,
        48.120206,
        263.25
      ],
      [
        14.926794,
        48.120191,
        263.25
      ],
      [
        14.926662,
        48.120168,
        263.25
      ],
      [
        14.926515,
        48.120125,
        263.5
      ],
      [
        14.926423,
        48.120086,
        263.5
      ],
      [
        14.926338,
        48.120036,
        263.75
      ],
      [
        14.926286,
        48.119987,
        263.75
      ],
      [
        14.926237,
        48.119907,
        263.75
      ],
      [
        14.926177,
        48.119741,
        263.75
      ],
      [
        14.926144,
        48.119617,
        263.75
      ],
      [
        14.926128,
        48.119488,
        263.75
      ],
      [
        14.926144,
        48.119348,
        263.75
      ],
      [
        14.926298,
        48.118504,
        263.5
      ],
      [
        14.926293,
        48.118428,
        263.75
      ],
      [
        14.926268,
        48.118356,
        263.75
      ],
      [
        14.926163,
        48.118246,
        263.75
      ],
      [
        14.926055,
        48.118167,
        263.75
      ],
      [
        14.925979,
        48.118124,
        263.75
      ],
      [
        14.925802,
        48.118008,
        263.75
      ],
      [
        14.92573,
        48.117941,
        263.5
      ],
      [
        14.925691,
        48.11788,
        263.5
      ],
      [
        14.925666,
        48.117818,
        263.5
      ],
      [
        14.925664,
        48.117711,
        263.5
      ],
      [
        14.925695,
        48.11736,
        263.0
      ],
      [
        14.925765,
        48.116585,
        263.0
      ],
      [
        14.925793,
        48.116292,
        263.0
      ],
      [
        14.925815,
        48.115843,
        263.0
      ],
      [
        14.925812,
        48.115447,
        263.0
      ],
      [
        14.925807,
        48.114437,
        263.0
      ],
      [
        14.925794,
        48.113958,
        263.0
      ],
      [
        14.925771,
        48.113398,
        263.75
      ],
      [
        14.925743,
        48.113287,
        263.75
      ],
      [
        14.925704,
        48.113192,
        263.25
      ],
      [
        14.925662,
        48.11309,
        263.0
      ],
      [
        14.925598,
        48.11293,
        263.0
      ],
      [
        14.925574,
        48.112869,
        263.0
      ],
      [
        14.925548,
        48.112839,
        263.0
      ],
      [
        14.925415,
        48.112745,
        262.75
      ],
      [
        14.925363,
        48.112748,
        262.75
      ],
      [
        14.925315,
        48.112734,
        262.75
      ],
      [
        14.925284,
        48.112706,
        262.5
      ],
      [
        14.924932,
        48.112735,
        262.75
      ],
      [
        14.924417,
        48.112754,
        263.0
      ],
      [
        14.924296,
        48.112752,
        263.0
      ],
      [
        14.924029,
        48.112709,
        263.0
      ],
      [
        14.923868,
        48.112665,
        263.0
      ],
      [
        14.92339,
        48.112478,
        262.75
      ],
      [
        14.923269,
        48.11244,
        262.5
      ],
      [
        14.923001,
        48.112371,
        262.0
      ],
      [
        14.922555,
        48.11227,
        262.0
      ],
      [
        14.922175,
        48.11217,
        260.75
      ],
      [
        14.92198,
        48.112116,
        260.75
      ],
      [
        14.921617,
        48.111989,
        261.0
      ],
      [
        14.920415,
        48.11155,
        261.5
      ],
      [
        14.920072,
        48.111412,
        261.75
      ],
      [
        14.920029,
        48.111402,
        261.75
      ],
      [
        14.919969,
        48.111397,
        261.75
      ],
      [
        14.919937,
        48.11148,
        261.5
      ],
      [
        14.919692,
        48.112918,
        263.0
      ],
      [
        14.918998,
        48.112898,
        263.0
      ],
      [
        14.917257,
        48.112833,
        263.75
      ],
      [
        14.916771,
        48.112819,
        263.25
      ],
      [
        14.916552,
        48.112813,
        263.0
      ],
      [
        14.916195,
        48.112788,
        263.0
      ],
      [
        14.915653,
        48.11276,
        263.75
      ],
      [
        14.91559,
        48.112754,
        263.75
      ],
      [
        14.914495,
        48.11268,
        263.5
      ],
      [
        14.913486,
        48.112606,
        264.75
      ],
      [
        14.912621,
        48.112531,
        265.0
      ],
      [
        14.912559,
        48.112527,
        265.0
      ],
      [
        14.910854,
        48.11244,
        265.75
      ],
      [
        14.910306,
        48.11243,
        265.5
      ],
      [
        14.90955,
        48.112435,
        265.75
      ],
      [
        14.90875,
        48.112451,
        265.75
      ],
      [
        14.908257,
        48.112469,
        265.75
      ],
      [
        14.90767,
        48.112502,
        266.0
      ],
      [
        14.90685,
        48.112563,
        266.0
      ],
      [
        14.906356,
        48.112608,
        266.0
      ],
      [
        14.905619,
        48.112681,
        266.5
      ],
      [
        14.904926,
        48.112744,
        266.75
      ],
      [
        14.904245,
        48.112794,
        267.0
      ],
      [
        14.903749,
        48.112822,
        267.5
      ],
      [
        14.90321,
        48.112844,
        267.5
      ],
      [
        14.902209,
        48.112866,
        267.0
      ],
      [
        14.901663,
        48.112884,
        267.25
      ],
      [
        14.900714,
        48.112932,
        267.5
      ],
      [
        14.899743,
        48.112989,
        267.75
      ],
      [
        14.899229,
        48.113036,
        267.75
      ],
      [
        14.899107,
        48.113034,
        267.75
      ],
      [
        14.89901,
        48.113013,
        267.75
      ],
      [
        14.898929,
        48.112977,
        267.75
      ],
      [
        14.898861,
        48.112918,
        268.0
      ],
      [
        14.898818,
        48.112846,
        268.0
      ],
      [
        14.898744,
        48.112686,
        267.75
      ],
      [
        14.898687,
        48.112619,
        267.75
      ],
      [
        14.898615,
        48.112582,
        267.75
      ],
      [
        14.898534,
        48.112559,
        268.0
      ],
      [
        14.897526,
        48.112635,
        268.0
      ],
      [
        14.89735,
        48.112653,
        268.25
      ],
      [
        14.897036,
        48.112704,
        268.5
      ],
      [
        14.896855,
        48.11272,
        268.75
      ],
      [
        14.896966,
        48.113356,
        268.75
      ],
      [
        14.896783,
        48.113545,
        268.5
      ],
      [
        14.896703,
        48.113604,
        268.75
      ],
      [
        14.89662,
        48.113654,
        268.75
      ],
      [
        14.896536,
        48.113687,
        268.75
      ],
      [
        14.896525,
        48.113691,
        268.75
      ],
      [
        14.896136,
        48.113841,
        269.0
      ],
      [
        14.896056,
        48.113885,
        269.0
      ],
      [
        14.895981,
        48.113948,
        269.0
      ],
      [
        14.895762,
        48.114168,
        269.0
      ],
      [
        14.895482,
        48.114389,
        269.0
      ],
      [
        14.895399,
        48.114428,
        269.0
      ],
      [
        14.895323,
        48.114444,
        269.0
      ],
      [
        14.895214,
        48.114433,
        269.0
      ],
      [
        14.893831,
        48.114624,
        269.0
      ],
      [
        14.8936,
        48.114655,
        269.0
      ],
      [
        14.892983,
        48.114706,
        269.75
      ],
      [
        14.892787,
        48.11473,
        269.75
      ],
      [
        14.892601,
        48.114761,
        269.25
      ],
      [
        14.891712,
        48.114983,
        268.75
      ],
      [
        14.890424,
        48.115316,
        268.0
      ],
      [
        14.889674,
        48.115414,
        268.0
      ],
      [
        14.889106,
        48.115496,
        268.0
      ],
      [
        14.888688,
        48.115548,
        268.0
      ],
      [
        14.888305,
        48.115583,
        269.0
      ],
      [
        14.887621,
        48.115631,
        269.0
      ],
      [
        14.887557,
        48.11564,
        269.0
      ],
      [
        14.887504,
        48.115643,
        269.0
      ],
      [
        14.887492,
        48.115644,
        268.75
      ],
      [
        14.887482,
        48.115643,
        268.75
      ],
      [
        14.887262,
        48.115626,
        267.75
      ],
      [
        14.887253,
        48.115651,
        267.75
      ],
      [
        14.887146,
        48.115814,
        267.25
      ],
      [
        14.887009,
        48.115904,
        268.0
      ],
      [
        14.886511,
        48.116103,
        267.0
      ],
      [
        14.886221,
        48.116249,
        267.75
      ],
      [
        14.885977,
        48.116467,
        267.5
      ],
      [
        14.885798,
        48.116703,
        268.0
      ],
      [
        14.885695,
        48.116764,
        268.0
      ],
      [
        14.88559,
        48.116806,
        267.5
      ],
      [
        14.885514,
        48.116822,
        267.25
      ],
      [
        14.885246,
        48.116838,
        267.25
      ],
      [
        14.885126,
        48.116837,
        267.75
      ],
      [
        14.884668,
        48.116814,
        268.0
      ],
      [
        14.884319,
        48.116829,
        268.0
      ],
      [
        14.884004,
        48.116883,
        267.75
      ],
      [
        14.883694,
        48.116958,
        268.25
      ],
      [
        14.883281,
        48.117136,
        269.0
      ],
      [
        14.883122,
        48.117185,
        268.25
      ],
      [
        14.882937,
        48.117233,
        268.25
      ],
      [
        14.88262,
        48.117362,
        268.5
      ],
      [
        14.882503,
        48.117424,
        267.5
      ],
      [
        14.88217,
        48.117555,
        268.75
      ],
      [
        14.882076,
        48.1176,
        268.5
      ],
      [
        14.881871,
        48.117725,
        267.75
      ],
      [
        14.881766,
        48.117767,
        268.25
      ],
      [
        14.881668,
        48.117796,
        269.0
      ],
      [
        14.881534,
        48.117825,
        269.0
      ],
      [
        14.881407,
        48.117864,
        269.0
      ],
      [
        14.881156,
        48.117947,
        268.25
      ],
      [
        14.880994,
        48.117975,
        268.25
      ],
      [
        14.880876,
        48.118011,
        268.0
      ],
      [
        14.88073,
        48.118088,
        268.25
      ],
      [
        14.880615,
        48.118192,
        268.5
      ],
      [
        14.880393,
        48.118464,
        268.5
      ],
      [
        14.88011,
        48.118746,
        268.75
      ],
      [
        14.880051,
        48.118802,
        268.75
      ],
      [
        14.880011,
        48.118868,
        268.75
      ],
      [
        14.879993,
        48.118925,
        269.0
      ],
      [
        14.879994,
        48.118977,
        269.0
      ],
      [
        14.880024,
        48.119088,
        269.0
      ],
      [
        14.880023,
        48.119137,
        269.0
      ],
      [
        14.88,
        48.11919,
        269.0
      ],
      [
        14.879953,
        48.119229,
        269.0
      ],
      [
        14.879826,
        48.119293,
        268.5
      ],
      [
        14.879733,
        48.119348,
        267.75
      ],
      [
        14.879513,
        48.119516,
        268.5
      ],
      [
        14.879214,
        48.119771,
        269.0
      ],
      [
        14.879121,
        48.119833,
        269.0
      ],
      [
        14.878918,
        48.119936,
        269.0
      ],
      [
        14.878779,
        48.119987,
        269.0
      ],
      [
        14.878657,
        48.120019,
        269.0
      ],
      [
        14.878406,
        48.120054,
        269.0
      ],
      [
        14.878311,
        48.120087,
        269.25
      ],
      [
        14.87808,
        48.120212,
        269.25
      ],
      [
        14.877903,
        48.120291,
        269.0
      ],
      [
        14.877847,
        48.120309,
        269.25
      ],
      [
        14.877676,
        48.120367,
        269.75
      ],
      [
        14.877331,
        48.120438,
        270.0
      ],
      [
        14.877026,
        48.120489,
        269.25
      ],
      [
        14.876902,
        48.120516,
        268.75
      ],
      [
        14.876477,
        48.120552,
        268.5
      ],
      [
        14.875652,
        48.120595,
        270.25
      ],
      [
        14.875634,
        48.120503,
        270.0
      ],
      [
        14.875239,
        48.120476,
        270.0
      ],
      [
        14.875131,
        48.120437,
        270.0
      ],
      [
        14.87515,
        48.120319,
        269.75
      ],
      [
        14.875131,
        48.120437,
        270.0
      ],
      [
        14.87506,
        48.120433,
        270.0
      ],
      [
        14.875037,
        48.12046,
        270.0
      ],
      [
        14.875001,
        48.120501,
        270.0
      ],
      [
        14.874775,
        48.120609,
        270.5
      ],
      [
        14.8736,
        48.120638,
        271.0
      ],
      [
        14.873534,
        48.120641,
        271.0
      ],
      [
        14.873441,
        48.120643,
        271.0
      ],
      [
        14.873352,
        48.120649,
        271.0
      ],
      [
        14.873319,
        48.120651,
        271.0
      ],
      [
        14.872306,
        48.120784,
        270.0
      ],
      [
        14.871767,
        48.120895,
        270.75
      ],
      [
        14.871619,
        48.120916,
        271.0
      ],
      [
        14.87147,
        48.12092,
        271.25
      ],
      [
        14.871384,
        48.120913,
        271.25
      ],
      [
        14.871148,
        48.120876,
        271.5
      ],
      [
        14.871005,
        48.120871,
        271.5
      ],
      [
        14.87096,
        48.120877,
        271.5
      ],
      [
        14.870758,
        48.120936,
        272.25
      ],
      [
        14.870574,
        48.120912,
        272.0
      ],
      [
        14.870506,
        48.120869,
        271.25
      ],
      [
        14.870437,
        48.120873,
        271.25
      ],
      [
        14.870388,
        48.120861,
        271.0
      ],
      [
        14.870348,
        48.120838,
        271.0
      ],
      [
        14.870323,
        48.120807,
        271.0
      ],
      [
        14.870259,
        48.120817,
        271.0
      ],
      [
        14.870197,
        48.120815,
        271.0
      ],
      [
        14.86989,
        48.120758,
        271.75
      ],
      [
        14.869366,
        48.12068,
        272.75
      ],
      [
        14.866779,
        48.120294,
        271.0
      ],
      [
        14.866731,
        48.120287,
        271.0
      ],
      [
        14.865979,
        48.120174,
        272.75
      ],
      [
        14.865078,
        48.12004,
        271.5
      ],
      [
        14.863574,
        48.119816,
        273.25
      ],
      [
        14.862681,
        48.119682,
        272.5
      ],
      [
        14.860962,
        48.119426,
        272.5
      ],
      [
        14.860891,
        48.119415,
        272.75
      ],
      [
        14.858749,
        48.11909,
        273.5
      ],
      [
        14.858462,
        48.119106,
        275.25
      ],
      [
        14.858276,
        48.119089,
        275.25
      ],
      [
        14.858227,
        48.119081,
        275.25
      ],
      [
        14.857713,
        48.11899,
        274.0
      ],
      [
        14.8576,
        48.118977,
        273.75
      ],
      [
        14.857432,
        48.11897,
        273.75
      ],
      [
        14.857329,
        48.118956,
        273.75
      ],
      [
        14.855565,
        48.118692,
        273.0
      ],
      [
        14.855343,
        48.118653,
        273.75
      ],
      [
        14.855269,
        48.118638,
        274.25
      ],
      [
        14.855176,
        48.11862,
        274.75
      ],
      [
        14.855162,
        48.118665,
        275.0
      ],
      [
        14.855099,
        48.118866,
        275.5
      ],
      [
        14.855067,
        48.118966,
        275.0
      ],
      [
        14.854659,
        48.118864,
        275.0
      ],
      [
        14.854184,
        48.118763,
        276.75
      ],
      [
        14.85396,
        48.118723,
        276.5
      ],
      [
        14.853547,
        48.118665,
        276.5
      ],
      [
        14.853544,
        48.118743,
        276.5
      ],
      [
        14.853557,
        48.118783,
        276.25
      ],
      [
        14.853627,
        48.118863,
        275.75
      ],
      [
        14.853763,
        48.118978,
        275.5
      ],
      [
        14.853923,
        48.119093,
        275.75
      ],
      [
        14.854469,
        48.119446,
        274.75
      ],
      [
        14.854508,
        48.119482,
        274.75
      ],
      [
        14.854531,
        48.11952,
        274.75
      ],
      [
        14.854534,
        48.119556,
        274.75
      ],
      [
        14.854524,
        48.119593,
        274.75
      ],
      [
        14.854492,
        48.119628,
        274.75
      ],
      [
        14.854432,
        48.119661,
        275.0
      ],
      [
        14.854353,
        48.119689,
        275.25
      ],
      [
        14.854086,
        48.119758,
        276.5
      ],
      [
        14.853958,
        48.119798,
        277.5
      ],
      [
        14.853817,
        48.119854,
        278.5
      ],
      [
        14.853711,
        48.119905,
        279.25
      ],
      [
        14.853624,
        48.119963,
        280.25
      ],
      [
        14.853537,
        48.120043,
        279.75
      ],
      [
        14.853479,
        48.120106,
        279.0
      ],
      [
        14.853402,
        48.120215,
        279.25
      ],
      [
        14.853359,
        48.120245,
        279.5
      ],
      [
        14.853296,
        48.120271,
        279.5
      ],
      [
        14.853154,
        48.120314,
        278.5
      ],
      [
        14.852918,
        48.120397,
        278.0
      ],
      [
        14.852726,
        48.12048,
        278.5
      ],
      [
        14.85237,
        48.120652,
        279.25
      ],
      [
        14.852116,
        48.120741,
        279.0
      ],
      [
        14.852038,
        48.120776,
        279.25
      ],
      [
        14.851875,
        48.120807,
        279.75
      ],
      [
        14.851672,
        48.120815,
        279.75
      ],
      [
        14.851598,
        48.120814,
        281.5
      ],
      [
        14.851543,
        48.120814,
        282.5
      ],
      [
        14.85153,
        48.120813,
        283.0
      ],
      [
        14.8515,
        48.120964,
        283.25
      ],
      [
        14.851476,
        48.121053,
        283.0
      ],
      [
        14.851453,
        48.121139,
        283.0
      ],
      [
        14.851457,
        48.12122,
        283.0
      ],
      [
        14.851448,
        48.121257,
        283.0
      ],
      [
        14.851291,
        48.121542,
        283.0
      ],
      [
        14.851111,
        48.121806,
        284.0
      ],
      [
        14.850889,
        48.122055,
        284.5
      ],
      [
        14.850721,
        48.122215,
        285.0
      ],
      [
        14.85028,
        48.122586,
        285.75
      ],
      [
        14.849846,
        48.122911,
        287.25
      ],
      [
        14.849719,
        48.122999,
        288.25
      ],
      [
        14.84965,
        48.123016,
        288.0
      ],
      [
        14.84951,
        48.123103,
        287.75
      ],
      [
        14.849395,
        48.123176,
        288.5
      ],
      [
        14.849221,
        48.123282,
        290.75
      ],
      [
        14.84887,
        48.123469,
        293.5
      ],
      [
        14.84816,
        48.123956,
        299.0
      ],
      [
        14.84796,
        48.124079,
        300.5
      ],
      [
        14.847548,
        48.124085,
        303.0
      ],
      [
        14.846794,
        48.124079,
        307.0
      ],
      [
        14.84648,
        48.124085,
        309.0
      ],
      [
        14.844848,
        48.124313,
        318.25
      ],
      [
        14.844066,
        48.124406,
        322.75
      ],
      [
        14.842863,
        48.124693,
        330.25
      ],
      [
        14.842609,
        48.124766,
        332.0
      ],
      [
        14.842456,
        48.124824,
        333.0
      ],
      [
        14.842245,
        48.124948,
        335.0
      ],
      [
        14.841823,
        48.125252,
        338.5
      ],
      [
        14.841579,
        48.125409,
        340.5
      ],
      [
        14.84124,
        48.125574,
        341.5
      ],
      [
        14.840832,
        48.12574,
        342.75
      ],
      [
        14.84058,
        48.125904,
        343.75
      ],
      [
        14.840338,
        48.126091,
        344.75
      ],
      [
        14.840259,
        48.12616,
        345.25
      ],
      [
        14.839709,
        48.126702,
        348.25
      ],
      [
        14.839624,
        48.1268,
        348.75
      ],
      [
        14.839561,
        48.12689,
        349.5
      ],
      [
        14.839532,
        48.126983,
        350.5
      ],
      [
        14.83953,
        48.127022,
        350.75
      ],
      [
        14.83952,
        48.127107,
        351.5
      ],
      [
        14.839476,
        48.12726,
        352.5
      ],
      [
        14.839406,
        48.127416,
        353.5
      ],
      [
        14.839274,
        48.12762,
        354.5
      ],
      [
        14.839165,
        48.12776,
        355.5
      ],
      [
        14.838884,
        48.128047,
        356.75
      ],
      [
        14.838575,
        48.128331,
        358.75
      ],
      [
        14.838262,
        48.12857,
        359.25
      ],
      [
        14.838097,
        48.12865,
        359.25
      ],
      [
        14.837868,
        48.128744,
        359.5
      ],
      [
        14.837181,
        48.12899,
        360.25
      ],
      [
        14.836966,
        48.12909,
        360.25
      ],
      [
        14.836774,
        48.129209,
        360.5
      ],
      [
        14.836442,
        48.129485,
        362.25
      ],
      [
        14.836344,
        48.129606,
        362.75
      ],
      [
        14.835537,
        48.130837,
        366.75
      ],
      [
        14.835076,
        48.131713,
        369.0
      ],
      [
        14.834941,
        48.132042,
        370.25
      ],
      [
        14.834873,
        48.132256,
        371.0
      ],
      [
        14.834777,
        48.132618,
        372.25
      ],
      [
        14.834722,
        48.132783,
        372.75
      ],
      [
        14.834665,
        48.13288,
        373.0
      ],
      [
        14.834577,
        48.132971,
        373.0
      ],
      [
        14.834254,
        48.133195,
        372.5
      ],
      [
        14.834188,
        48.133272,
        372.25
      ],
      [
        14.833427,
        48.133083,
        372.5
      ],
      [
        14.832392,
        48.132818,
        371.0
      ],
      [
        14.832367,
        48.132867,
        371.25
      ],
      [
        14.83235,
        48.132886,
        371.25
      ],
      [
        14.83226,
        48.132975,
        371.5
      ],
      [
        14.832198,
        48.133023,
        371.75
      ],
      [
        14.83206,
        48.133109,
        372.25
      ],
      [
        14.831957,
        48.133168,
        372.75
      ],
      [
        14.831819,
        48.133226,
        372.0
      ],
      [
        14.831635,
        48.133269,
        370.5
      ],
      [
        14.830875,
        48.13344,
        371.75
      ],
      [
        14.830613,
        48.133495,
        374.0
      ],
      [
        14.830464,
        48.133506,
        374.25
      ],
      [
        14.830297,
        48.133502,
        374.5
      ],
      [
        14.83013,
        48.133456,
        374.0
      ],
      [
        14.830002,
        48.133404,
        373.5
      ],
      [
        14.829983,
        48.133391,
        373.25
      ],
      [
        14.829772,
        48.133247,
        372.75
      ],
      [
        14.829501,
        48.13305,
        370.75
      ],
      [
        14.82936,
        48.132975,
        370.0
      ],
      [
        14.829191,
        48.132922,
        369.5
      ],
      [
        14.829052,
        48.132891,
        368.5
      ],
      [
        14.828865,
        48.132873,
        367.5
      ],
      [
        14.828636,
        48.132874,
        366.75
      ],
      [
        14.8285,
        48.132882,
        366.0
      ],
      [
        14.827424,
        48.132988,
        360.0
      ],
      [
        14.826912,
        48.133018,
        357.0
      ],
      [
        14.826533,
        48.133032,
        355.25
      ],
      [
        14.826105,
        48.133028,
        353.25
      ],
      [
        14.825622,
        48.133001,
        351.25
      ],
      [
        14.825157,
        48.132957,
        349.0
      ],
      [
        14.824761,
        48.132912,
        346.5
      ],
      [
        14.824331,
        48.132839,
        343.25
      ],
      [
        14.823828,
        48.13273,
        340.0
      ],
      [
        14.818781,
        48.131589,
        307.0
      ],
      [
        14.818554,
        48.131538,
        305.25
      ],
      [
        14.816936,
        48.131241,
        292.75
      ],
      [
        14.816059,
        48.131096,
        286.25
      ],
      [
        14.815404,
        48.131006,
        280.75
      ],
      [
        14.815012,
        48.130988,
        279.0
      ],
      [
        14.814704,
        48.130995,
        278.0
      ],
      [
        14.814376,
        48.131034,
        278.0
      ],
      [
        14.814096,
        48.13107,
        278.0
      ],
      [
        14.813484,
        48.131136,
        279.25
      ],
      [
        14.813156,
        48.131164,
        280.5
      ],
      [
        14.813014,
        48.131167,
        281.0
      ],
      [
        14.812844,
        48.13117,
        281.5
      ],
      [
        14.812491,
        48.131156,
        282.75
      ],
      [
        14.812128,
        48.131103,
        284.25
      ],
      [
        14.811654,
        48.13101,
        286.5
      ],
      [
        14.811628,
        48.131066,
        286.75
      ],
      [
        14.811616,
        48.131163,
        287.0
      ],
      [
        14.811691,
        48.131443,
        286.5
      ],
      [
        14.811695,
        48.131594,
        286.0
      ],
      [
        14.811667,
        48.131824,
        285.75
      ],
      [
        14.811621,
        48.131968,
        286.0
      ],
      [
        14.811544,
        48.132187,
        285.5
      ],
      [
        14.811455,
        48.132399,
        285.75
      ],
      [
        14.811369,
        48.132568,
        286.0
      ],
      [
        14.811282,
        48.132709,
        286.25
      ],
      [
        14.811,
        48.133072,
        286.25
      ],
      [
        14.810865,
        48.133211,
        286.25
      ],
      [
        14.810667,
        48.133391,
        286.75
      ],
      [
        14.81021,
        48.133793,
        287.0
      ],
      [
        14.810048,
        48.133905,
        287.25
      ],
      [
        14.809346,
        48.134356,
        286.5
      ],
      [
        14.809029,
        48.134567,
        284.75
      ],
      [
        14.808556,
        48.134959,
        280.75
      ],
      [
        14.808134,
        48.135368,
        276.5
      ],
      [
        14.807869,
        48.135626,
        275.5
      ],
      [
        14.807777,
        48.135703,
        275.25
      ],
      [
        14.807598,
        48.135826,
        274.5
      ],
      [
        14.807439,
        48.135903,
        275.0
      ],
      [
        14.807302,
        48.135982,
        275.0
      ],
      [
        14.807201,
        48.136055,
        274.5
      ],
      [
        14.807103,
        48.136175,
        273.5
      ],
      [
        14.807064,
        48.136228,
        273.25
      ],
      [
        14.806911,
        48.13653,
        272.0
      ],
      [
        14.806837,
        48.136702,
        271.25
      ],
      [
        14.80679,
        48.136768,
        271.5
      ],
      [
        14.80646,
        48.137175,
        272.0
      ],
      [
        14.806351,
        48.137323,
        272.25
      ],
      [
        14.806328,
        48.137355,
        272.5
      ],
      [
        14.806279,
        48.137474,
        273.0
      ],
      [
        14.806238,
        48.13764,
        273.5
      ],
      [
        14.806224,
        48.137774,
        273.75
      ],
      [
        14.806204,
        48.138444,
        274.5
      ],
      [
        14.806197,
        48.138686,
        273.75
      ],
      [
        14.80622,
        48.138963,
        273.25
      ],
      [
        14.806237,
        48.139032,
        272.75
      ],
      [
        14.806293,
        48.139198,
        271.75
      ],
      [
        14.806443,
        48.139536,
        268.75
      ],
      [
        14.806742,
        48.140151,
        265.25
      ],
      [
        14.806815,
        48.140287,
        265.0
      ],
      [
        14.806891,
        48.140405,
        265.0
      ],
      [
        14.806976,
        48.14052,
        265.0
      ],
      [
        14.807335,
        48.140962,
        265.75
      ],
      [
        14.807486,
        48.141173,
        265.5
      ],
      [
        14.807569,
        48.14134,
        266.0
      ],
      [
        14.807624,
        48.141485,
        267.25
      ],
      [
        14.807661,
        48.141662,
        269.25
      ],
      [
        14.807715,
        48.142596,
        269.75
      ],
      [
        14.807747,
        48.143176,
        268.25
      ],
      [
        14.807725,
        48.143577,
        268.0
      ],
      [
        14.807639,
        48.1441,
        265.5
      ],
      [
        14.807625,
        48.144149,
        265.25
      ],
      [
        14.807574,
        48.144326,
        263.75
      ],
      [
        14.807521,
        48.144513,
        262.75
      ],
      [
        14.807387,
        48.14503,
        261.0
      ],
      [
        14.807269,
        48.145424,
        259.0
      ],
      [
        14.807234,
        48.145529,
        258.75
      ],
      [
        14.80719,
        48.145934,
        259.0
      ],
      [
        14.807178,
        48.146383,
        259.0
      ],
      [
        14.807202,
        48.14674,
        259.0
      ],
      [
        14.807241,
        48.147277,
        257.75
      ],
      [
        14.807285,
        48.147511,
        257.5
      ],
      [
        14.807355,
        48.147686,
        257.0
      ],
      [
        14.807438,
        48.147841,
        256.75
      ],
      [
        14.807713,
        48.148229,
        255.5
      ],
      [
        14.80773,
        48.148248,
        255.25
      ],
      [
        14.807805,
        48.148345,
        255.0
      ],
      [
        14.808055,
        48.148681,
        255.25
      ],
      [
        14.808357,
        48.149066,
        257.0
      ],
      [
        14.808658,
        48.149334,
        255.75
      ],
      [
        14.808814,
        48.149496,
        255.5
      ],
      [
        14.808917,
        48.149615,
        255.5
      ],
      [
        14.809006,
        48.149786,
        255.5
      ],
      [
        14.809071,
        48.149954,
        255.25
      ],
      [
        14.809388,
        48.150847,
        252.5
      ],
      [
        14.809435,
        48.151017,
        252.25
      ],
      [
        14.809473,
        48.151177,
        252.0
      ],
      [
        14.809586,
        48.152116,
        250.5
      ],
      [
        14.809733,
        48.15321,
        253.0
      ],
      [
        14.809842,
        48.153838,
        254.25
      ],
      [
        14.809844,
        48.153909,
        254.5
      ],
      [
        14.809831,
        48.154,
        254.75
      ],
      [
        14.809761,
        48.15422,
        255.25
      ],
      [
        14.809704,
        48.154351,
        255.25
      ],
      [
        14.80951,
        48.15468,
        252.75
      ],
      [
        14.809424,
        48.154844,
        252.0
      ],
      [
        14.809356,
        48.154993,
        251.75
      ],
      [
        14.809314,
        48.155113,
        251.75
      ],
      [
        14.8092,
        48.15548,
        249.75
      ],
      [
        14.809038,
        48.155856,
        248.0
      ],
      [
        14.809016,
        48.155932,
        247.75
      ],
      [
        14.808987,
        48.156143,
        247.25
      ],
      [
        14.808999,
        48.156376,
        245.5
      ],
      [
        14.809103,
        48.156841,
        245.0
      ],
      [
        14.809135,
        48.157093,
        244.75
      ],
      [
        14.809107,
        48.157323,
        245.25
      ],
      [
        14.809073,
        48.157455,
        245.75
      ],
      [
        14.809027,
        48.157585,
        245.75
      ],
      [
        14.808884,
        48.157884,
        244.25
      ],
      [
        14.808744,
        48.158144,
        243.5
      ],
      [
        14.808715,
        48.158208,
        243.0
      ],
      [
        14.808694,
        48.158282,
        242.75
      ],
      [
        14.808666,
        48.158496,
        241.25
      ],
      [
        14.80868,
        48.158614,
        240.5
      ],
      [
        14.808703,
        48.158692,
        241.0
      ],
      [
        14.808756,
        48.158783,
        241.75
      ],
      [
        14.808648,
        48.158826,
        240.5
      ],
      [
        14.808574,
        48.158864,
        239.75
      ],
      [
        14.808517,
        48.158905,
        239.5
      ],
      [
        14.808442,
        48.15897,
        239.25
      ],
      [
        14.808347,
        48.159087,
        239.0
      ],
      [
        14.808222,
        48.159298,
        239.75
      ],
      [
        14.808121,
        48.15951,
        239.75
      ],
      [
        14.808076,
        48.159614,
        239.75
      ],
      [
        14.807973,
        48.159859,
        241.0
      ],
      [
        14.807944,
        48.159953,
        241.5
      ],
      [
        14.807934,
        48.160032,
        241.75
      ],
      [
        14.807936,
        48.160106,
        242.0
      ],
      [
        14.807981,
        48.160307,
        242.5
      ],
      [
        14.808037,
        48.160461,
        243.25
      ],
      [
        14.808079,
        48.160552,
        243.75
      ],
      [
        14.808091,
        48.160617,
        244.0
      ],
      [
        14.808084,
        48.16067,
        244.5
      ],
      [
        14.808032,
        48.160751,
        245.25
      ],
      [
        14.807962,
        48.160823,
        245.75
      ],
      [
        14.807854,
        48.160905,
        246.0
      ],
      [
        14.807736,
        48.160992,
        246.0
      ],
      [
        14.807559,
        48.161153,
        245.75
      ],
      [
        14.807492,
        48.161195,
        245.5
      ],
      [
        14.807398,
        48.161229,
        245.25
      ],
      [
        14.807205,
        48.161269,
        244.75
      ],
      [
        14.806875,
        48.161325,
        245.25
      ],
      [
        14.80648,
        48.161356,
        245.0
      ],
      [
        14.806191,
        48.161368,
        245.0
      ],
      [
        14.80535,
        48.161378,
        244.0
      ],
      [
        14.804618,
        48.161343,
        243.5
      ],
      [
        14.804247,
        48.161314,
        242.75
      ],
      [
        14.803659,
        48.161235,
        240.25
      ],
      [
        14.803484,
        48.161198,
        240.5
      ],
      [
        14.80278,
        48.161026,
        241.5
      ],
      [
        14.802276,
        48.160866,
        242.25
      ],
      [
        14.801333,
        48.160464,
        243.75
      ],
      [
        14.801282,
        48.160449,
        243.75
      ],
      [
        14.800989,
        48.16036,
        242.5
      ],
      [
        14.800557,
        48.160261,
        243.25
      ],
      [
        14.800126,
        48.160154,
        243.25
      ],
      [
        14.799846,
        48.160066,
        243.5
      ],
      [
        14.799533,
        48.159944,
        243.75
      ],
      [
        14.799184,
        48.159794,
        244.0
      ],
      [
        14.797775,
        48.159091,
        246.75
      ],
      [
        14.797368,
        48.158921,
        247.5
      ],
      [
        14.796527,
        48.158628,
        248.25
      ],
      [
        14.795938,
        48.158423,
        249.5
      ],
      [
        14.795736,
        48.158367,
        249.0
      ],
      [
        14.795188,
        48.158247,
        250.0
      ],
      [
        14.793342,
        48.1578,
        248.75
      ],
      [
        14.793234,
        48.157783,
        248.75
      ],
      [
        14.79317,
        48.157779,
        248.75
      ],
      [
        14.793085,
        48.157793,
        248.75
      ],
      [
        14.793012,
        48.157816,
        248.25
      ],
      [
        14.792953,
        48.15786,
        247.5
      ],
      [
        14.792766,
        48.15814,
        244.0
      ],
      [
        14.792692,
        48.158284,
        242.0
      ],
      [
        14.792615,
        48.158433,
        240.5
      ],
      [
        14.792412,
        48.158936,
        235.25
      ],
      [
        14.792361,
        48.159036,
        234.25
      ],
      [
        14.792275,
        48.159142,
        233.25
      ],
      [
        14.792129,
        48.159274,
        232.0
      ],
      [
        14.791934,
        48.159397,
        232.0
      ],
      [
        14.791858,
        48.159452,
        231.75
      ],
      [
        14.791808,
        48.159488,
        231.75
      ],
      [
        14.791714,
        48.159591,
        231.25
      ],
      [
        14.790808,
        48.160702,
        230.0
      ],
      [
        14.790719,
        48.16078,
        230.25
      ],
      [
        14.790606,
        48.160836,
        230.75
      ],
      [
        14.790511,
        48.16086,
        230.75
      ],
      [
        14.790394,
        48.160864,
        230.75
      ],
      [
        14.790271,
        48.160846,
        230.75
      ],
      [
        14.790063,
        48.16079,
        230.75
      ],
      [
        14.789825,
        48.160698,
        230.75
      ],
      [
        14.788974,
        48.160328,
        230.75
      ],
      [
        14.788658,
        48.16021,
        230.75
      ],
      [
        14.788374,
        48.160131,
        230.5
      ],
      [
        14.78813,
        48.160087,
        230.5
      ],
      [
        14.787971,
        48.160071,
        230.5
      ],
      [
        14.787812,
        48.160074,
        230.5
      ],
      [
        14.787652,
        48.160102,
        230.5
      ],
      [
        14.787489,
        48.160155,
        230.25
      ],
      [
        14.787414,
        48.160197,
        230.25
      ],
      [
        14.786661,
        48.160643,
        229.75
      ],
      [
        14.786504,
        48.160728,
        229.75
      ],
      [
        14.786299,
        48.160839,
        230.25
      ],
      [
        14.78495,
        48.161574,
        230.0
      ],
      [
        14.78463,
        48.16176,
        230.0
      ],
      [
        14.784072,
        48.162127,
        230.5
      ],
      [
        14.783874,
        48.162231,
        230.75
      ],
      [
        14.783704,
        48.162298,
        230.5
      ],
      [
        14.783491,
        48.16236,
        230.5
      ],
      [
        14.783245,
        48.162405,
        230.25
      ],
      [
        14.78297,
        48.162432,
        230.0
      ],
      [
        14.782075,
        48.162481,
        231.0
      ],
      [
        14.78207,
        48.162439,
        231.0
      ],
      [
        14.781863,
        48.162446,
        231.0
      ],
      [
        14.781561,
        48.162447,
        230.5
      ],
      [
        14.781169,
        48.162436,
        230.0
      ],
      [
        14.78033,
        48.162332,
        230.5
      ],
      [
        14.779968,
        48.162302,
        230.5
      ],
      [
        14.779244,
        48.162341,
        230.5
      ],
      [
        14.778291,
        48.162421,
        230.25
      ],
      [
        14.777878,
        48.162445,
        231.0
      ],
      [
        14.777562,
        48.162451,
        230.5
      ],
      [
        14.777177,
        48.162409,
        230.5
      ],
      [
        14.776563,
        48.162311,
        230.5
      ],
      [
        14.776041,
        48.162192,
        230.75
      ],
      [
        14.775349,
        48.161971,
        230.75
      ],
      [
        14.774998,
        48.16185,
        231.25
      ],
      [
        14.774203,
        48.161574,
        231.25
      ],
      [
        14.773126,
        48.161103,
        231.0
      ],
      [
        14.772622,
        48.160899,
        231.0
      ],
      [
        14.77205,
        48.160663,
        230.75
      ],
      [
        14.771019,
        48.160281,
        231.25
      ],
      [
        14.769676,
        48.159816,
        230.75
      ],
      [
        14.768828,
        48.159425,
        231.0
      ],
      [
        14.768535,
        48.159251,
        230.75
      ],
      [
        14.768292,
        48.159071,
        231.0
      ],
      [
        14.766888,
        48.15786,
        231.75
      ],
      [
        14.76669,
        48.157689,
        232.0
      ],
      [
        14.766499,
        48.157537,
        232.5
      ],
      [
        14.766194,
        48.157313,
        232.75
      ],
      [
        14.766166,
        48.157261,
        232.75
      ],
      [
        14.766135,
        48.15724,
        232.75
      ],
      [
        14.766088,
        48.157235,
        232.75
      ],
      [
        14.766043,
        48.157231,
        232.5
      ],
      [
        14.766016,
        48.15722,
        232.5
      ],
      [
        14.765949,
        48.157021,
        231.25
      ],
      [
        14.765935,
        48.15688,
        231.0
      ],
      [
        14.765963,
        48.156606,
        232.5
      ],
      [
        14.765759,
        48.156568,
        233.5
      ],
      [
        14.765188,
        48.156493,
        233.0
      ],
      [
        14.765101,
        48.15646,
        232.25
      ],
      [
        14.76506,
        48.156415,
        231.75
      ],
      [
        14.76505,
        48.156351,
        232.0
      ],
      [
        14.765043,
        48.156147,
        232.75
      ],
      [
        14.76503,
        48.156082,
        232.5
      ],
      [
        14.764988,
        48.156036,
        231.5
      ],
      [
        14.764915,
        48.156005,
        231.25
      ],
      [
        14.763281,
        48.156189,
        230.75
      ],
      [
        14.763109,
        48.156177,
        230.75
      ],
      [
        14.762937,
        48.156145,
        230.75
      ],
      [
        14.762806,
        48.156136,
        230.75
      ],
      [
        14.762406,
        48.15616,
        231.0
      ],
      [
        14.76135,
        48.156186,
        230.75
      ],
      [
        14.760509,
        48.156255,
        230.75
      ],
      [
        14.75938,
        48.156434,
        231.0
      ],
      [
        14.759344,
        48.156454,
        231.0
      ],
      [
        14.759316,
        48.156485,
        231.0
      ],
      [
        14.759239,
        48.156583,
        231.0
      ],
      [
        14.759213,
        48.156608,
        231.0
      ],
      [
        14.759181,
        48.156622,
        231.0
      ],
      [
        14.758949,
        48.156699,
        230.75
      ],
      [
        14.758839,
        48.156752,
        230.5
      ],
      [
        14.758646,
        48.156864,
        230.5
      ],
      [
        14.757799,
        48.157376,
        230.5
      ],
      [
        14.756728,
        48.158001,
        230.5
      ],
      [
        14.755262,
        48.158878,
        231.75
      ],
      [
        14.754476,
        48.159286,
        231.0
      ],
      [
        14.754015,
        48.159617,
        231.25
      ],
      [
        14.753187,
        48.160323,
        231.25
      ],
      [
        14.752961,
        48.160448,
        231.25
      ],
      [
        14.752699,
        48.160514,
        232.0
      ],
      [
        14.752498,
        48.16054,
        231.75
      ],
      [
        14.752403,
        48.160545,
        231.75
      ],
      [
        14.751671,
        48.160467,
        231.5
      ],
      [
        14.750692,
        48.160305,
        231.25
      ],
      [
        14.749906,
        48.160149,
        231.0
      ],
      [
        14.749285,
        48.159953,
        231.25
      ],
      [
        14.747986,
        48.159528,
        231.0
      ],
      [
        14.747898,
        48.1595,
        231.25
      ],
      [
        14.746199,
        48.159076,
        231.5
      ],
      [
        14.745395,
        48.158868,
        231.75
      ],
      [
        14.74419,
        48.158556,
        232.5
      ],
      [
        14.743661,
        48.158381,
        232.5
      ],
      [
        14.743289,
        48.158175,
        232.25
      ],
      [
        14.742631,
        48.157787,
        232.5
      ],
      [
        14.741236,
        48.15698,
        233.25
      ],
      [
        14.740869,
        48.156871,
        233.25
      ],
      [
        14.740625,
        48.156846,
        233.25
      ],
      [
        14.740413,
        48.156891,
        233.0
      ],
      [
        14.739746,
        48.157058,
        233.5
      ],
      [
        14.738628,
        48.157368,
        232.75
      ],
      [
        14.736171,
        48.158181,
        233.0
      ],
      [
        14.735479,
        48.158363,
        233.75
      ],
      [
        14.734932,
        48.158497,
        234.0
      ],
      [
        14.734379,
        48.158599,
        234.25
      ],
      [
        14.734029,
        48.158677,
        234.75
      ],
      [
        14.733894,
        48.158729,
        234.5
      ],
      [
        14.733783,
        48.15878,
        234.5
      ],
      [
        14.732916,
        48.159212,
        233.75
      ],
      [
        14.732226,
        48.159635,
        233.75
      ],
      [
        14.731767,
        48.159899,
        233.75
      ],
      [
        14.73123,
        48.160183,
        233.5
      ],
      [
        14.730657,
        48.160472,
        233.5
      ],
      [
        14.7301,
        48.160739,
        233.75
      ],
      [
        14.729552,
        48.161039,
        233.5
      ],
      [
        14.72914,
        48.161339,
        234.0
      ],
      [
        14.728476,
        48.161976,
        233.5
      ],
      [
        14.728194,
        48.162271,
        233.25
      ],
      [
        14.727978,
        48.162568,
        233.5
      ],
      [
        14.727733,
        48.162982,
        233.5
      ],
      [
        14.72757,
        48.163181,
        233.25
      ],
      [
        14.727333,
        48.163355,
        233.25
      ],
      [
        14.726802,
        48.163614,
        233.0
      ],
      [
        14.725778,
        48.164038,
        233.0
      ],
      [
        14.725572,
        48.16413,
        233.0
      ],
      [
        14.725491,
        48.16422,
        233.0
      ],
      [
        14.725406,
        48.164304,
        233.0
      ],
      [
        14.723765,
        48.165236,
        234.5
      ],
      [
        14.723623,
        48.1653,
        234.75
      ],
      [
        14.723469,
        48.165341,
        235.0
      ],
      [
        14.723369,
        48.165359,
        235.25
      ],
      [
        14.723201,
        48.16536,
        235.5
      ],
      [
        14.723023,
        48.165378,
        236.0
      ],
      [
        14.722936,
        48.165412,
        236.0
      ],
      [
        14.722849,
        48.165476,
        236.0
      ],
      [
        14.721738,
        48.166325,
        235.0
      ],
      [
        14.721491,
        48.166562,
        235.0
      ],
      [
        14.720959,
        48.167095,
        235.5
      ],
      [
        14.720406,
        48.167601,
        235.75
      ],
      [
        14.719825,
        48.168132,
        235.5
      ],
      [
        14.718913,
        48.168977,
        235.0
      ],
      [
        14.718461,
        48.169496,
        234.75
      ],
      [
        14.71823,
        48.169718,
        234.75
      ],
      [
        14.717908,
        48.16995,
        235.25
      ],
      [
        14.717741,
        48.170036,
        235.0
      ],
      [
        14.717275,
        48.170276,
        235.0
      ],
      [
        14.716786,
        48.170418,
        236.0
      ],
      [
        14.715925,
        48.170678,
        234.75
      ],
      [
        14.715705,
        48.170735,
        235.0
      ],
      [
        14.715524,
        48.170757,
        235.0
      ],
      [
        14.715337,
        48.170765,
        234.75
      ],
      [
        14.714965,
        48.170766,
        234.75
      ],
      [
        14.714974,
        48.170892,
        233.75
      ],
      [
        14.714963,
        48.17108,
        233.0
      ],
      [
        14.714925,
        48.171313,
        233.0
      ],
      [
        14.71486,
        48.171591,
        233.0
      ],
      [
        14.714763,
        48.171814,
        233.0
      ],
      [
        14.712723,
        48.171059,
        234.0
      ],
      [
        14.711783,
        48.170671,
        234.0
      ],
      [
        14.710774,
        48.170197,
        234.0
      ],
      [
        14.710258,
        48.169984,
        233.75
      ],
      [
        14.709992,
        48.169831,
        233.0
      ],
      [
        14.709675,
        48.169609,
        233.75
      ],
      [
        14.709592,
        48.16952,
        234.0
      ],
      [
        14.709551,
        48.169447,
        234.25
      ],
      [
        14.709468,
        48.169199,
        233.25
      ],
      [
        14.70939,
        48.169039,
        233.75
      ],
      [
        14.709278,
        48.168867,
        234.25
      ],
      [
        14.708737,
        48.168093,
        232.5
      ],
      [
        14.708554,
        48.167818,
        232.5
      ],
      [
        14.708514,
        48.167736,
        233.0
      ],
      [
        14.708465,
        48.167611,
        234.0
      ],
      [
        14.708448,
        48.167511,
        235.0
      ],
      [
        14.708442,
        48.167328,
        234.25
      ],
      [
        14.708359,
        48.166122,
        234.75
      ],
      [
        14.708338,
        48.165606,
        237.5
      ],
      [
        14.708315,
        48.165487,
        238.0
      ],
      [
        14.708267,
        48.165374,
        238.5
      ],
      [
        14.708194,
        48.165265,
        239.0
      ],
      [
        14.708108,
        48.16518,
        239.25
      ],
      [
        14.707994,
        48.165105,
        239.5
      ],
      [
        14.707827,
        48.165026,
        239.75
      ],
      [
        14.707678,
        48.164981,
        239.75
      ],
      [
        14.707546,
        48.164955,
        239.75
      ],
      [
        14.707389,
        48.164955,
        240.0
      ],
      [
        14.707128,
        48.164984,
        240.75
      ],
      [
        14.706449,
        48.165103,
        238.5
      ],
      [
        14.70632,
        48.165126,
        235.5
      ],
      [
        14.704711,
        48.165403,
        238.0
      ],
      [
        14.704644,
        48.165415,
        238.5
      ],
      [
        14.703045,
        48.165712,
        240.75
      ],
      [
        14.702299,
        48.165815,
        240.75
      ],
      [
        14.701659,
        48.165873,
        241.0
      ],
      [
        14.701407,
        48.165892,
        241.0
      ],
      [
        14.700615,
        48.165905,
        241.0
      ],
      [
        14.699726,
        48.165857,
        241.0
      ],
      [
        14.699256,
        48.165803,
        241.0
      ],
      [
        14.698821,
        48.165739,
        241.75
      ],
      [
        14.698669,
        48.165711,
        241.0
      ],
      [
        14.698303,
        48.165398,
        241.5
      ],
      [
        14.697763,
        48.164885,
        241.0
      ],
      [
        14.696893,
        48.164287,
        241.0
      ],
      [
        14.696711,
        48.164189,
        241.75
      ],
      [
        14.695272,
        48.163622,
        241.0
      ],
      [
        14.695015,
        48.163548,
        241.0
      ],
      [
        14.694162,
        48.163352,
        241.0
      ],
      [
        14.694073,
        48.163341,
        241.0
      ],
      [
        14.69398,
        48.163351,
        241.0
      ],
      [
        14.692399,
        48.163918,
        241.0
      ],
      [
        14.692347,
        48.163923,
        241.0
      ],
      [
        14.691949,
        48.164675,
        241.0
      ],
      [
        14.691932,
        48.16479,
        240.75
      ],
      [
        14.690741,
        48.164833,
        240.5
      ],
      [
        14.68964,
        48.164865,
        240.25
      ],
      [
        14.689082,
        48.16487,
        240.75
      ],
      [
        14.688296,
        48.164866,
        240.75
      ],
      [
        14.687013,
        48.164851,
        241.0
      ],
      [
        14.683245,
        48.164621,
        240.5
      ],
      [
        14.679385,
        48.164208,
        241.5
      ],
      [
        14.676916,
        48.164067,
        240.5
      ],
      [
        14.675364,
        48.164024,
        241.0
      ],
      [
        14.673571,
        48.164038,
        240.75
      ],
      [
        14.671753,
        48.164099,
        241.0
      ],
      [
        14.670949,
        48.164134,
        241.0
      ],
      [
        14.670236,
        48.164189,
        240.75
      ],
      [
        14.669193,
        48.1643,
        240.5
      ],
      [
        14.668009,
        48.164441,
        240.75
      ],
      [
        14.667429,
        48.164511,
        240.75
      ],
      [
        14.665981,
        48.164727,
        240.75
      ],
      [
        14.662823,
        48.165363,
        240.5
      ],
      [
        14.661454,
        48.165699,
        240.25
      ],
      [
        14.660127,
        48.166057,
        240.25
      ],
      [
        14.658174,
        48.166667,
        240.75
      ],
      [
        14.656642,
        48.167195,
        240.25
      ],
      [
        14.654923,
        48.167804,
        240.25
      ],
      [
        14.653345,
        48.168402,
        240.0
      ],
      [
        14.652476,
        48.168761,
        239.25
      ],
      [
        14.649993,
        48.169785,
        240.5
      ],
      [
        14.647692,
        48.17075,
        239.25
      ],
      [
        14.646886,
        48.171124,
        240.5
      ],
      [
        14.646063,
        48.171549,
        239.25
      ],
      [
        14.645007,
        48.172135,
        239.0
      ],
      [
        14.640836,
        48.174776,
        240.75
      ],
      [
        14.640336,
        48.174875,
        236.75
      ],
      [
        14.640237,
        48.174871,
        236.0
      ],
      [
        14.640185,
        48.174848,
        235.25
      ],
      [
        14.640019,
        48.174733,
        234.0
      ],
      [
        14.639851,
        48.174619,
        234.5
      ],
      [
        14.639785,
        48.174553,
        235.25
      ],
      [
        14.639777,
        48.1745,
        235.75
      ],
      [
        14.639796,
        48.174446,
        236.0
      ],
      [
        14.640019,
        48.174161,
        238.5
      ],
      [
        14.640142,
        48.174031,
        236.75
      ],
      [
        14.640201,
        48.173942,
        237.0
      ],
      [
        14.640226,
        48.173876,
        237.5
      ],
      [
        14.640228,
        48.173803,
        237.0
      ],
      [
        14.640197,
        48.173758,
        236.75
      ],
      [
        14.639855,
        48.173531,
        236.0
      ],
      [
        14.639644,
        48.173379,
        236.0
      ],
      [
        14.639461,
        48.17317,
        236.0
      ],
      [
        14.638867,
        48.172399,
        236.0
      ],
      [
        14.638647,
        48.172041,
        235.75
      ],
      [
        14.638584,
        48.171983,
        236.0
      ],
      [
        14.638483,
        48.171912,
        236.0
      ],
      [
        14.637846,
        48.171613,
        236.0
      ],
      [
        14.637658,
        48.171548,
        236.0
      ],
      [
        14.637547,
        48.171528,
        236.0
      ],
      [
        14.637405,
        48.171524,
        236.0
      ],
      [
        14.636941,
        48.171573,
        236.0
      ],
      [
        14.636754,
        48.171601,
        236.0
      ],
      [
        14.636461,
        48.171625,
        236.0
      ],
      [
        14.635744,
        48.171626,
        236.0
      ],
      [
        14.635409,
        48.171635,
        236.0
      ],
      [
        14.635292,
        48.171622,
        236.0
      ],
      [
        14.635212,
        48.171598,
        236.0
      ],
      [
        14.634857,
        48.171448,
        236.0
      ],
      [
        14.634655,
        48.171393,
        236.0
      ],
      [
        14.634519,
        48.171381,
        235.75
      ],
      [
        14.634409,
        48.1714,
        236.0
      ],
      [
        14.634041,
        48.171545,
        236.25
      ],
      [
        14.633867,
        48.171609,
        236.5
      ],
      [
        14.632224,
        48.172259,
        236.0
      ],
      [
        14.631654,
        48.17249,
        236.75
      ],
      [
        14.631484,
        48.17255,
        236.25
      ],
      [
        14.630723,
        48.172777,
        236.75
      ],
      [
        14.63042,
        48.172856,
        236.75
      ],
      [
        14.630233,
        48.172878,
        236.75
      ],
      [
        14.630129,
        48.172879,
        236.5
      ],
      [
        14.629925,
        48.172842,
        236.0
      ],
      [
        14.629814,
        48.172842,
        236.0
      ],
      [
        14.629385,
        48.172888,
        235.75
      ],
      [
        14.629035,
        48.172908,
        235.25
      ],
      [
        14.62826,
        48.172928,
        235.5
      ],
      [
        14.627919,
        48.172954,
        236.0
      ],
      [
        14.627668,
        48.173004,
        236.0
      ],
      [
        14.627364,
        48.173092,
        236.0
      ],
      [
        14.627049,
        48.173215,
        236.0
      ],
      [
        14.626679,
        48.173403,
        236.0
      ],
      [
        14.625895,
        48.173863,
        236.0
      ],
      [
        14.625156,
        48.174265,
        236.0
      ],
      [
        14.624797,
        48.174432,
        236.0
      ],
      [
        14.62452,
        48.174561,
        236.0
      ],
      [
        14.623645,
        48.175037,
        236.0
      ],
      [
        14.623492,
        48.175096,
        236.0
      ],
      [
        14.623248,
        48.175173,
        236.0
      ],
      [
        14.622264,
        48.175438,
        236.0
      ],
      [
        14.621965,
        48.175585,
        236.0
      ],
      [
        14.621523,
        48.175926,
        235.75
      ],
      [
        14.62124,
        48.176208,
        235.5
      ],
      [
        14.620933,
        48.176853,
        236.5
      ],
      [
        14.620783,
        48.177007,
        236.75
      ],
      [
        14.620035,
        48.177511,
        236.75
      ],
      [
        14.619489,
        48.177858,
        236.25
      ],
      [
        14.6193,
        48.177959,
        236.5
      ],
      [
        14.618345,
        48.178269,
        236.0
      ],
      [
        14.617898,
        48.178474,
        236.0
      ],
      [
        14.61699,
        48.178968,
        237.0
      ],
      [
        14.616754,
        48.179101,
        236.75
      ],
      [
        14.616566,
        48.179242,
        236.5
      ],
      [
        14.616489,
        48.179315,
        236.5
      ],
      [
        14.615968,
        48.179899,
        236.25
      ],
      [
        14.615796,
        48.180177,
        235.75
      ],
      [
        14.615695,
        48.180297,
        236.0
      ],
      [
        14.615831,
        48.180417,
        236.5
      ],
      [
        14.6159,
        48.180567,
        236.75
      ],
      [
        14.615922,
        48.180864,
        237.0
      ],
      [
        14.615958,
        48.181135,
        237.0
      ],
      [
        14.615996,
        48.18121,
        237.0
      ],
      [
        14.616037,
        48.181262,
        237.0
      ],
      [
        14.616755,
        48.181942,
        236.5
      ],
      [
        14.616953,
        48.182201,
        236.75
      ],
      [
        14.616989,
        48.182286,
        236.75
      ],
      [
        14.616988,
        48.182353,
        236.75
      ],
      [
        14.616912,
        48.182516,
        236.75
      ],
      [
        14.616685,
        48.182896,
        236.5
      ],
      [
        14.616618,
        48.182988,
        236.25
      ],
      [
        14.61654,
        48.183077,
        236.25
      ],
      [
        14.61635,
        48.183259,
        236.75
      ],
      [
        14.615784,
        48.183668,
        236.75
      ],
      [
        14.614907,
        48.184385,
        236.75
      ],
      [
        14.614808,
        48.184456,
        237.0
      ],
      [
        14.614606,
        48.184572,
        237.0
      ],
      [
        14.61401,
        48.184832,
        237.0
      ],
      [
        14.613181,
        48.185183,
        237.0
      ],
      [
        14.612445,
        48.185419,
        237.0
      ],
      [
        14.610953,
        48.185855,
        237.5
      ],
      [
        14.610748,
        48.18589,
        237.25
      ],
      [
        14.610552,
        48.185916,
        237.5
      ],
      [
        14.610249,
        48.185945,
        238.25
      ],
      [
        14.609211,
        48.186,
        237.5
      ],
      [
        14.609008,
        48.185987,
        237.5
      ],
      [
        14.608831,
        48.185961,
        237.5
      ],
      [
        14.60868,
        48.185918,
        237.5
      ],
      [
        14.608086,
        48.185678,
        237.25
      ],
      [
        14.607927,
        48.185622,
        237.75
      ],
      [
        14.607862,
        48.185605,
        237.75
      ],
      [
        14.607778,
        48.185601,
        237.75
      ],
      [
        14.607348,
        48.18565,
        237.0
      ],
      [
        14.607228,
        48.185647,
        237.0
      ],
      [
        14.607104,
        48.185627,
        237.0
      ],
      [
        14.607033,
        48.185599,
        237.0
      ],
      [
        14.606963,
        48.185562,
        237.0
      ],
      [
        14.60684,
        48.185475,
        237.25
      ],
      [
        14.606652,
        48.185276,
        237.0
      ],
      [
        14.606554,
        48.185125,
        237.5
      ],
      [
        14.606425,
        48.185135,
        237.25
      ],
      [
        14.606056,
        48.185145,
        237.5
      ],
      [
        14.605869,
        48.185137,
        237.75
      ],
      [
        14.605783,
        48.185121,
        238.0
      ],
      [
        14.60544,
        48.185003,
        238.0
      ],
      [
        14.60529,
        48.184936,
        238.0
      ],
      [
        14.605036,
        48.184804,
        237.25
      ],
      [
        14.604906,
        48.184753,
        237.25
      ],
      [
        14.604756,
        48.184728,
        237.75
      ],
      [
        14.604597,
        48.18471,
        238.0
      ],
      [
        14.604459,
        48.184678,
        238.0
      ],
      [
        14.603802,
        48.184408,
        238.25
      ],
      [
        14.603177,
        48.184227,
        238.0
      ],
      [
        14.602901,
        48.184131,
        238.25
      ],
      [
        14.602413,
        48.183921,
        238.25
      ],
      [
        14.602203,
        48.183858,
        237.75
      ],
      [
        14.601979,
        48.183819,
        237.5
      ],
      [
        14.601584,
        48.183805,
        237.5
      ],
      [
        14.60023,
        48.183781,
        238.0
      ],
      [
        14.60008,
        48.183759,
        238.0
      ],
      [
        14.599962,
        48.183716,
        237.75
      ],
      [
        14.599483,
        48.183967,
        238.5
      ],
      [
        14.599173,
        48.184077,
        237.5
      ],
      [
        14.599076,
        48.184095,
        237.75
      ],
      [
        14.598873,
        48.184118,
        238.5
      ],
      [
        14.598725,
        48.184123,
        238.5
      ],
      [
        14.59778,
        48.184083,
        238.5
      ],
      [
        14.597677,
        48.184085,
        238.5
      ],
      [
        14.597543,
        48.184098,
        238.75
      ],
      [
        14.597416,
        48.184129,
        238.75
      ],
      [
        14.597217,
        48.184215,
        238.75
      ],
      [
        14.597077,
        48.184295,
        238.75
      ],
      [
        14.596953,
        48.184381,
        238.75
      ],
      [
        14.596792,
        48.184466,
        238.75
      ],
      [
        14.596635,
        48.184533,
        238.5
      ],
      [
        14.596441,
        48.184599,
        238.75
      ],
      [
        14.596339,
        48.184619,
        239.0
      ],
      [
        14.59596,
        48.184646,
        239.0
      ],
      [
        14.595105,
        48.184637,
        239.5
      ],
      [
        14.594899,
        48.184653,
        240.0
      ],
      [
        14.594769,
        48.184687,
        240.0
      ],
      [
        14.594604,
        48.184779,
        239.75
      ],
      [
        14.594535,
        48.184839,
        240.0
      ],
      [
        14.594197,
        48.185222,
        239.0
      ],
      [
        14.593905,
        48.185578,
        239.75
      ],
      [
        14.593787,
        48.185676,
        239.25
      ],
      [
        14.593722,
        48.185729,
        239.0
      ],
      [
        14.593323,
        48.185955,
        239.0
      ],
      [
        14.59237,
        48.186341,
        239.25
      ],
      [
        14.591796,
        48.186609,
        239.25
      ],
      [
        14.591572,
        48.18672,
        239.5
      ],
      [
        14.59132,
        48.186916,
        240.0
      ],
      [
        14.591,
        48.187301,
        239.5
      ],
      [
        14.590941,
        48.187414,
        239.0
      ],
      [
        14.59075,
        48.187905,
        238.25
      ],
      [
        14.590689,
        48.188023,
        238.0
      ],
      [
        14.590449,
        48.188391,
        238.0
      ],
      [
        14.590347,
        48.188516,
        238.0
      ],
      [
        14.59012,
        48.188752,
        238.0
      ],
      [
        14.589571,
        48.189226,
        238.0
      ],
      [
        14.589429,
        48.189357,
        238.0
      ],
      [
        14.58935,
        48.189461,
        238.0
      ],
      [
        14.589286,
        48.18958,
        238.0
      ],
      [
        14.589242,
        48.189711,
        238.0
      ],
      [
        14.589162,
        48.190082,
        238.0
      ],
      [
        14.589106,
        48.190216,
        238.0
      ],
      [
        14.589046,
        48.190318,
        238.0
      ],
      [
        14.588621,
        48.190821,
        238.75
      ],
      [
        14.588536,
        48.19091,
        238.75
      ],
      [
        14.588356,
        48.191068,
        238.75
      ],
      [
        14.588228,
        48.19116,
        238.5
      ],
      [
        14.588015,
        48.19128,
        238.25
      ],
      [
        14.586175,
        48.191983,
        238.5
      ],
      [
        14.585967,
        48.192101,
        238.0
      ],
      [
        14.585757,
        48.192244,
        238.5
      ],
      [
        14.584791,
        48.192989,
        238.0
      ],
      [
        14.584567,
        48.193155,
        238.25
      ],
      [
        14.584392,
        48.193258,
        238.25
      ],
      [
        14.583795,
        48.193586,
        238.5
      ],
      [
        14.583398,
        48.193824,
        238.5
      ],
      [
        14.582753,
        48.194332,
        238.5
      ],
      [
        14.582099,
        48.194997,
        237.75
      ],
      [
        14.581646,
        48.195574,
        238.0
      ],
      [
        14.581256,
        48.196032,
        238.0
      ],
      [
        14.580828,
        48.196453,
        237.5
      ],
      [
        14.580698,
        48.196581,
        238.0
      ],
      [
        14.580297,
        48.197049,
        238.25
      ],
      [
        14.58013,
        48.197261,
        238.75
      ],
      [
        14.580034,
        48.197407,
        239.0
      ],
      [
        14.57964,
        48.198102,
        239.25
      ],
      [
        14.579587,
        48.198159,
        239.5
      ],
      [
        14.579468,
        48.198236,
        240.25
      ],
      [
        14.579029,
        48.198428,
        241.75
      ],
      [
        14.578752,
        48.198542,
        243.5
      ],
      [
        14.578247,
        48.198669,
        244.25
      ],
      [
        14.577842,
        48.198807,
        244.75
      ],
      [
        14.577634,
        48.198896,
        245.5
      ],
      [
        14.577466,
        48.198977,
        246.75
      ],
      [
        14.577158,
        48.199161,
        247.25
      ],
      [
        14.577068,
        48.199227,
        247.5
      ],
      [
        14.577004,
        48.199291,
        247.75
      ],
      [
        14.576917,
        48.199382,
        248.0
      ],
      [
        14.57683,
        48.199493,
        247.75
      ],
      [
        14.576455,
        48.200045,
        242.5
      ],
      [
        14.57637,
        48.200129,
        242.25
      ],
      [
        14.575646,
        48.200838,
        240.5
      ],
      [
        14.57547,
        48.200993,
        241.25
      ],
      [
        14.575063,
        48.201351,
        241.75
      ],
      [
        14.574576,
        48.201756,
        241.75
      ],
      [
        14.574523,
        48.201799,
        241.75
      ],
      [
        14.574263,
        48.202024,
        241.5
      ],
      [
        14.573977,
        48.202241,
        241.5
      ],
      [
        14.573596,
        48.20253,
        240.75
      ],
      [
        14.573,
        48.202989,
        241.0
      ],
      [
        14.572677,
        48.203267,
        240.5
      ],
      [
        14.572497,
        48.203445,
        240.5
      ],
      [
        14.572373,
        48.203599,
        240.25
      ],
      [
        14.572234,
        48.203836,
        240.75
      ],
      [
        14.572171,
        48.204044,
        240.25
      ],
      [
        14.57215,
        48.204183,
        240.0
      ],
      [
        14.572127,
        48.204375,
        240.0
      ],
      [
        14.57211,
        48.204519,
        239.5
      ],
      [
        14.572089,
        48.20475,
        239.0
      ],
      [
        14.572036,
        48.205233,
        239.5
      ],
      [
        14.571964,
        48.205452,
        239.75
      ],
      [
        14.571783,
        48.205999,
        240.25
      ],
      [
        14.571668,
        48.206243,
        240.75
      ],
      [
        14.571411,
        48.206786,
        240.75
      ],
      [
        14.571283,
        48.207164,
        240.5
      ],
      [
        14.57101,
        48.208284,
        240.25
      ],
      [
        14.57094,
        48.208486,
        240.5
      ],
      [
        14.570792,
        48.208759,
        242.0
      ],
      [
        14.570691,
        48.208925,
        241.75
      ],
      [
        14.570589,
        48.209042,
        241.75
      ],
      [
        14.570385,
        48.209229,
        242.0
      ],
      [
        14.570292,
        48.209298,
        242.0
      ],
      [
        14.570162,
        48.209344,
        242.0
      ],
      [
        14.569732,
        48.2094,
        241.0
      ],
      [
        14.569539,
        48.209431,
        241.0
      ],
      [
        14.569382,
        48.209472,
        241.0
      ],
      [
        14.569286,
        48.209511,
        241.0
      ],
      [
        14.569207,
        48.20957,
        241.0
      ],
      [
        14.569179,
        48.209642,
        241.0
      ],
      [
        14.569174,
        48.209786,
        240.75
      ],
      [
        14.569195,
        48.209979,
        240.75
      ],
      [
        14.569202,
        48.210043,
        240.75
      ],
      [
        14.569208,
        48.2101,
        240.75
      ],
      [
        14.569191,
        48.210187,
        240.75
      ],
      [
        14.569153,
        48.210282,
        240.75
      ],
      [
        14.569101,
        48.210372,
        240.5
      ],
      [
        14.569028,
        48.210468,
        240.0
      ],
      [
        14.568903,
        48.210559,
        240.0
      ],
      [
        14.568741,
        48.210666,
        240.0
      ],
      [
        14.568656,
        48.210755,
        240.0
      ],
      [
        14.568586,
        48.210847,
        240.0
      ],
      [
        14.568538,
        48.210964,
        240.5
      ],
      [
        14.568523,
        48.211098,
        240.75
      ],
      [
        14.568536,
        48.211257,
        240.25
      ],
      [
        14.568554,
        48.211302,
        240.25
      ],
      [
        14.568583,
        48.211372,
        240.0
      ],
      [
        14.568661,
        48.211563,
        240.5
      ],
      [
        14.568666,
        48.211632,
        240.75
      ],
      [
        14.569072,
        48.212006,
        240.25
      ],
      [
        14.569309,
        48.212299,
        240.5
      ],
      [
        14.569348,
        48.212347,
        240.5
      ],
      [
        14.569332,
        48.21256,
        241.0
      ],
      [
        14.569322,
        48.21312,
        242.0
      ],
      [
        14.569274,
        48.213517,
        242.5
      ],
      [
        14.569212,
        48.213816,
        242.75
      ],
      [
        14.56916,
        48.214047,
        242.75
      ],
      [
        14.56908,
        48.2143,
        242.75
      ],
      [
        14.568974,
        48.21496,
        242.75
      ],
      [
        14.568935,
        48.21521,
        242.75
      ],
      [
        14.568928,
        48.215307,
        242.75
      ],
      [
        14.568872,
        48.215626,
        242.5
      ],
      [
        14.568856,
        48.215788,
        242.0
      ],
      [
        14.568815,
        48.215977,
        242.5
      ],
      [
        14.568784,
        48.216144,
        242.75
      ],
      [
        14.568728,
        48.216351,
        242.5
      ],
      [
        14.568698,
        48.21646,
        242.5
      ],
      [
        14.568671,
        48.216577,
        242.75
      ],
      [
        14.568597,
        48.216815,
        242.25
      ],
      [
        14.568263,
        48.217888,
        242.0
      ],
      [
        14.568176,
        48.218088,
        242.5
      ],
      [
        14.568012,
        48.218367,
        242.75
      ],
      [
        14.567957,
        48.218581,
        242.25
      ],
      [
        14.567838,
        48.219162,
        242.75
      ],
      [
        14.567708,
        48.219672,
        242.0
      ],
      [
        14.567643,
        48.219832,
        241.5
      ],
      [
        14.567534,
        48.220015,
        241.5
      ],
      [
        14.567402,
        48.220182,
        241.0
      ],
      [
        14.566575,
        48.221044,
        241.25
      ],
      [
        14.566255,
        48.221424,
        241.75
      ],
      [
        14.565781,
        48.222037,
        241.5
      ],
      [
        14.565048,
        48.223007,
        241.75
      ],
      [
        14.564897,
        48.223175,
        241.5
      ],
      [
        14.56399,
        48.224059,
        241.5
      ],
      [
        14.563469,
        48.224543,
        242.0
      ],
      [
        14.562914,
        48.225122,
        242.5
      ],
      [
        14.562454,
        48.225574,
        243.0
      ],
      [
        14.562258,
        48.225767,
        243.0
      ],
      [
        14.562196,
        48.225842,
        242.75
      ],
      [
        14.561917,
        48.226103,
        242.0
      ],
      [
        14.561673,
        48.226356,
        241.75
      ],
      [
        14.561626,
        48.22641,
        242.0
      ],
      [
        14.561602,
        48.226476,
        242.0
      ],
      [
        14.561614,
        48.226528,
        242.0
      ],
      [
        14.561665,
        48.22658,
        242.0
      ],
      [
        14.561899,
        48.226776,
        241.25
      ],
      [
        14.562002,
        48.226875,
        241.75
      ],
      [
        14.562269,
        48.227238,
        241.75
      ],
      [
        14.562459,
        48.227561,
        241.0
      ],
      [
        14.562513,
        48.227637,
        241.0
      ],
      [
        14.56271,
        48.227831,
        241.75
      ],
      [
        14.562811,
        48.227983,
        242.0
      ],
      [
        14.562135,
        48.22826,
        242.0
      ],
      [
        14.562134,
        48.228313,
        242.5
      ],
      [
        14.562112,
        48.228379,
        242.5
      ],
      [
        14.561977,
        48.228491,
        242.5
      ],
      [
        14.561874,
        48.228591,
        243.0
      ],
      [
        14.561202,
        48.228835,
        243.0
      ],
      [
        14.560908,
        48.228931,
        243.5
      ],
      [
        14.560475,
        48.229041,
        241.5
      ],
      [
        14.559993,
        48.229127,
        243.5
      ],
      [
        14.559536,
        48.229189,
        243.75
      ],
      [
        14.559049,
        48.22922,
        243.0
      ],
      [
        14.555142,
        48.229263,
        242.75
      ],
      [
        14.554636,
        48.229243,
        242.75
      ],
      [
        14.554132,
        48.229197,
        244.25
      ],
      [
        14.553626,
        48.229129,
        244.75
      ],
      [
        14.552684,
        48.228998,
        244.0
      ],
      [
        14.552127,
        48.228901,
        244.75
      ],
      [
        14.551859,
        48.228839,
        244.5
      ],
      [
        14.55129,
        48.228685,
        244.25
      ],
      [
        14.550743,
        48.228546,
        244.75
      ],
      [
        14.550496,
        48.228495,
        244.25
      ],
      [
        14.549937,
        48.228406,
        244.0
      ],
      [
        14.548898,
        48.228295,
        244.75
      ],
      [
        14.548489,
        48.228271,
        244.0
      ],
      [
        14.547942,
        48.228254,
        244.0
      ],
      [
        14.547305,
        48.228271,
        244.5
      ],
      [
        14.547016,
        48.228295,
        244.75
      ],
      [
        14.546661,
        48.228345,
        244.75
      ],
      [
        14.546147,
        48.228438,
        244.5
      ],
      [
        14.54585,
        48.228501,
        244.0
      ],
      [
        14.545346,
        48.228613,
        244.75
      ],
      [
        14.545099,
        48.228679,
        244.25
      ],
      [
        14.544301,
        48.228912,
        244.75
      ],
      [
        14.543763,
        48.229059,
        244.25
      ],
      [
        14.543517,
        48.229118,
        244.25
      ],
      [
        14.543258,
        48.229162,
        245.0
      ],
      [
        14.543025,
        48.229185,
        244.75
      ],
      [
        14.542629,
        48.229213,
        244.75
      ],
      [
        14.542387,
        48.229244,
        244.5
      ],
      [
        14.542158,
        48.229285,
        244.5
      ],
      [
        14.541952,
        48.22933,
        244.25
      ],
      [
        14.541539,
        48.229456,
        244.75
      ],
      [
        14.540909,
        48.229685,
        244.5
      ],
      [
        14.540719,
        48.229745,
        244.25
      ],
      [
        14.540534,
        48.229794,
        243.5
      ],
      [
        14.540328,
        48.229836,
        243.5
      ],
      [
        14.540142,
        48.22986,
        243.5
      ],
      [
        14.539958,
        48.229876,
        243.25
      ],
      [
        14.539662,
        48.229875,
        243.25
      ],
      [
        14.539098,
        48.229848,
        243.0
      ],
      [
        14.538779,
        48.229817,
        243.5
      ],
      [
        14.538428,
        48.229773,
        244.0
      ],
      [
        14.538111,
        48.229722,
        245.0
      ],
      [
        14.537598,
        48.229609,
        242.5
      ],
      [
        14.537309,
        48.229527,
        243.5
      ],
      [
        14.53701,
        48.229435,
        244.75
      ],
      [
        14.536672,
        48.229312,
        243.75
      ],
      [
        14.536637,
        48.229352,
        243.5
      ],
      [
        14.536634,
        48.229355,
        243.5
      ],
      [
        14.536078,
        48.230046,
        243.25
      ],
      [
        14.536076,
        48.230049,
        243.25
      ],
      [
        14.536046,
        48.230098,
        243.25
      ],
      [
        14.535506,
        48.230167,
        245.0
      ],
      [
        14.535017,
        48.230262,
        245.0
      ],
      [
        14.534675,
        48.230343,
        244.75
      ],
      [
        14.533963,
        48.230544,
        244.5
      ],
      [
        14.5337,
        48.23062,
        244.5
      ],
      [
        14.533353,
        48.23074,
        244.75
      ],
      [
        14.532724,
        48.230972,
        245.0
      ],
      [
        14.531266,
        48.231543,
        245.5
      ],
      [
        14.531048,
        48.23162,
        246.0
      ],
      [
        14.530755,
        48.231714,
        245.75
      ],
      [
        14.530588,
        48.23178,
        245.75
      ],
      [
        14.530109,
        48.232005,
        245.75
      ],
      [
        14.530005,
        48.232036,
        245.75
      ],
      [
        14.529682,
        48.232097,
        246.75
      ],
      [
        14.529621,
        48.232108,
        246.5
      ],
      [
        14.52965,
        48.232195,
        246.0
      ],
      [
        14.529558,
        48.232217,
        246.0
      ],
      [
        14.529412,
        48.232253,
        245.75
      ],
      [
        14.529122,
        48.232314,
        245.25
      ],
      [
        14.527727,
        48.232723,
        245.25
      ],
      [
        14.527211,
        48.232859,
        245.25
      ],
      [
        14.526876,
        48.233004,
        245.0
      ],
      [
        14.526796,
        48.233022,
        245.0
      ],
      [
        14.526428,
        48.233028,
        244.0
      ],
      [
        14.526423,
        48.233112,
        243.5
      ],
      [
        14.526441,
        48.233389,
        242.0
      ],
      [
        14.526434,
        48.233496,
        242.0
      ],
      [
        14.526075,
        48.234393,
        242.0
      ],
      [
        14.525089,
        48.234207,
        242.0
      ],
      [
        14.524664,
        48.234116,
        242.75
      ],
      [
        14.524054,
        48.233975,
        242.0
      ],
      [
        14.523499,
        48.233835,
        242.0
      ],
      [
        14.521887,
        48.233356,
        243.75
      ],
      [
        14.521342,
        48.233181,
        244.0
      ],
      [
        14.520687,
        48.232957,
        244.0
      ],
      [
        14.520122,
        48.23275,
        244.75
      ],
      [
        14.519468,
        48.232494,
        244.75
      ],
      [
        14.518374,
        48.232042,
        244.25
      ],
      [
        14.517712,
        48.231751,
        244.25
      ],
      [
        14.517216,
        48.231509,
        244.0
      ],
      [
        14.516928,
        48.231359,
        245.0
      ],
      [
        14.516085,
        48.230901,
        245.25
      ],
      [
        14.51582,
        48.230739,
        245.5
      ],
      [
        14.51574,
        48.230685,
        245.75
      ],
      [
        14.515399,
        48.230447,
        246.25
      ],
      [
        14.51515,
        48.23025,
        246.0
      ],
      [
        14.514879,
        48.230006,
        246.0
      ],
      [
        14.514679,
        48.229797,
        246.0
      ],
      [
        14.514452,
        48.229533,
        244.5
      ],
      [
        14.514242,
        48.229225,
        244.0
      ],
      [
        14.514128,
        48.229037,
        244.25
      ],
      [
        14.5139,
        48.228605,
        246.75
      ],
      [
        14.513814,
        48.228352,
        247.0
      ],
      [
        14.513725,
        48.228036,
        247.0
      ],
      [
        14.513691,
        48.227885,
        247.0
      ],
      [
        14.513612,
        48.227288,
        245.25
      ],
      [
        14.513484,
        48.226183,
        245.0
      ],
      [
        14.513422,
        48.225776,
        245.0
      ],
      [
        14.513374,
        48.225609,
        245.0
      ],
      [
        14.513295,
        48.225424,
        245.0
      ],
      [
        14.513202,
        48.22524,
        245.0
      ],
      [
        14.513035,
        48.224996,
        245.0
      ],
      [
        14.512941,
        48.224882,
        245.0
      ],
      [
        14.512836,
        48.224768,
        245.0
      ],
      [
        14.512586,
        48.224535,
        245.0
      ],
      [
        14.512451,
        48.224422,
        245.0
      ],
      [
        14.512192,
        48.224244,
        245.0
      ],
      [
        14.512069,
        48.224189,
        245.0
      ],
      [
        14.511695,
        48.224085,
        245.5
      ],
      [
        14.51124,
        48.224001,
        245.0
      ],
      [
        14.510821,
        48.223957,
        245.0
      ],
      [
        14.510495,
        48.223944,
        245.0
      ],
      [
        14.509939,
        48.223951,
        246.0
      ],
      [
        14.509732,
        48.223974,
        246.75
      ],
      [
        14.509773,
        48.22392,
        246.75
      ],
      [
        14.510018,
        48.223592,
        246.75
      ],
      [
        14.510437,
        48.223019,
        247.0
      ],
      [
        14.510279,
        48.222964,
        247.0
      ],
      [
        14.51009,
        48.222898,
        246.5
      ],
      [
        14.509664,
        48.222751,
        246.75
      ],
      [
        14.509354,
        48.222644,
        246.25
      ],
      [
        14.508989,
        48.222517,
        246.75
      ],
      [
        14.508542,
        48.222363,
        247.25
      ],
      [
        14.50763,
        48.222047,
        247.75
      ],
      [
        14.507517,
        48.222008,
        247.75
      ],
      [
        14.506329,
        48.221596,
        248.0
      ],
      [
        14.50608,
        48.22151,
        248.0
      ],
      [
        14.505984,
        48.221477,
        248.0
      ],
      [
        14.505942,
        48.221462,
        248.0
      ],
      [
        14.505562,
        48.221331,
        248.0
      ],
      [
        14.505369,
        48.221264,
        248.0
      ],
      [
        14.504985,
        48.221131,
        247.75
      ],
      [
        14.504898,
        48.221102,
        248.0
      ],
      [
        14.504584,
        48.220993,
        248.0
      ],
      [
        14.50438,
        48.220922,
        248.0
      ],
      [
        14.503957,
        48.220776,
        248.0
      ],
      [
        14.503277,
        48.220541,
        248.75
      ],
      [
        14.502796,
        48.220375,
        248.25
      ],
      [
        14.502643,
        48.220321,
        248.5
      ],
      [
        14.502195,
        48.220167,
        248.25
      ],
      [
        14.501851,
        48.220048,
        248.5
      ],
      [
        14.501675,
        48.219987,
        248.75
      ],
      [
        14.501712,
        48.219945,
        248.75
      ],
      [
        14.501957,
        48.219665,
        248.75
      ],
      [
        14.502096,
        48.2195,
        248.5
      ],
      [
        14.502222,
        48.219345,
        248.5
      ],
      [
        14.502224,
        48.21923,
        248.0
      ],
      [
        14.502222,
        48.219184,
        248.0
      ],
      [
        14.502199,
        48.219117,
        248.0
      ],
      [
        14.502157,
        48.219068,
        248.25
      ],
      [
        14.502106,
        48.21903,
        248.25
      ],
      [
        14.50201,
        48.219023,
        248.5
      ],
      [
        14.501948,
        48.219005,
        248.5
      ],
      [
        14.501894,
        48.218978,
        248.5
      ],
      [
        14.501851,
        48.218943,
        248.5
      ],
      [
        14.501826,
        48.218909,
        248.5
      ],
      [
        14.501811,
        48.218872,
        248.25
      ],
      [
        14.501807,
        48.218837,
        248.25
      ],
      [
        14.501814,
        48.218803,
        248.25
      ],
      [
        14.501727,
        48.218714,
        248.0
      ],
      [
        14.501559,
        48.218586,
        248.25
      ],
      [
        14.5012,
        48.218414,
        248.25
      ],
      [
        14.500985,
        48.218336,
        248.0
      ],
      [
        14.500678,
        48.218254,
        248.5
      ],
      [
        14.500333,
        48.218176,
        248.75
      ],
      [
        14.500169,
        48.218133,
        248.75
      ],
      [
        14.500108,
        48.218117,
        248.75
      ],
      [
        14.500004,
        48.21809,
        248.75
      ],
      [
        14.499699,
        48.217991,
        249.5
      ],
      [
        14.498243,
        48.217507,
        249.75
      ],
      [
        14.497416,
        48.217265,
        249.75
      ],
      [
        14.496972,
        48.217145,
        249.25
      ],
      [
        14.496672,
        48.217068,
        249.5
      ],
      [
        14.495946,
        48.216891,
        247.75
      ],
      [
        14.49562,
        48.216802,
        250.25
      ],
      [
        14.495318,
        48.216703,
        248.0
      ],
      [
        14.495172,
        48.216649,
        247.5
      ],
      [
        14.494994,
        48.216578,
        248.5
      ],
      [
        14.49475,
        48.216469,
        249.25
      ],
      [
        14.494707,
        48.216446,
        249.0
      ],
      [
        14.494455,
        48.216306,
        250.25
      ],
      [
        14.493746,
        48.215889,
        251.0
      ],
      [
        14.493679,
        48.21585,
        251.0
      ],
      [
        14.493137,
        48.216227,
        250.75
      ],
      [
        14.492948,
        48.216344,
        250.75
      ],
      [
        14.492817,
        48.216403,
        250.75
      ],
      [
        14.492526,
        48.216463,
        250.5
      ],
      [
        14.492113,
        48.216582,
        250.25
      ],
      [
        14.491954,
        48.21661,
        250.75
      ],
      [
        14.491766,
        48.216616,
        250.25
      ],
      [
        14.491304,
        48.21666,
        248.5
      ],
      [
        14.491233,
        48.216674,
        248.25
      ],
      [
        14.491167,
        48.2167,
        248.0
      ],
      [
        14.490925,
        48.216462,
        248.0
      ],
      [
        14.490801,
        48.216329,
        248.25
      ],
      [
        14.490659,
        48.216147,
        248.75
      ],
      [
        14.490471,
        48.215924,
        248.75
      ],
      [
        14.490394,
        48.21585,
        248.75
      ],
      [
        14.489349,
        48.215034,
        249.5
      ],
      [
        14.48911,
        48.214944,
        248.75
      ],
      [
        14.488761,
        48.214703,
        249.0
      ],
      [
        14.488245,
        48.214274,
        248.75
      ],
      [
        14.488206,
        48.214249,
        248.75
      ],
      [
        14.488076,
        48.214169,
        248.75
      ],
      [
        14.487843,
        48.214046,
        248.5
      ],
      [
        14.487767,
        48.213998,
        248.5
      ],
      [
        14.487697,
        48.213941,
        248.5
      ],
      [
        14.487632,
        48.213876,
        248.25
      ],
      [
        14.487565,
        48.213793,
        248.25
      ],
      [
        14.487515,
        48.213709,
        248.5
      ],
      [
        14.48739,
        48.213447,
        248.25
      ],
      [
        14.487366,
        48.213324,
        248.5
      ],
      [
        14.487352,
        48.213169,
        249.75
      ],
      [
        14.487368,
        48.213037,
        250.75
      ],
      [
        14.487402,
        48.212935,
        250.5
      ],
      [
        14.487283,
        48.21295,
        250.5
      ],
      [
        14.486187,
        48.21309,
        250.75
      ],
      [
        14.485134,
        48.213221,
        251.0
      ],
      [
        14.485035,
        48.213237,
        251.0
      ],
      [
        14.484713,
        48.213257,
        249.5
      ],
      [
        14.484392,
        48.213266,
        249.5
      ],
      [
        14.484095,
        48.213247,
        249.0
      ],
      [
        14.483532,
        48.213184,
        250.75
      ],
      [
        14.483341,
        48.213182,
        252.25
      ],
      [
        14.483196,
        48.213165,
        252.0
      ],
      [
        14.482467,
        48.21305,
        251.5
      ],
      [
        14.481975,
        48.212998,
        250.0
      ],
      [
        14.481848,
        48.213004,
        250.0
      ],
      [
        14.4813,
        48.213117,
        253.75
      ],
      [
        14.481272,
        48.213197,
        254.75
      ],
      [
        14.481283,
        48.213298,
        255.5
      ],
      [
        14.481324,
        48.213377,
        256.0
      ],
      [
        14.481367,
        48.21344,
        256.5
      ],
      [
        14.481523,
        48.213594,
        257.0
      ],
      [
        14.481591,
        48.213673,
        257.0
      ],
      [
        14.481604,
        48.213726,
        257.25
      ],
      [
        14.481605,
        48.213775,
        257.75
      ],
      [
        14.481583,
        48.213907,
        259.75
      ],
      [
        14.481582,
        48.213991,
        261.0
      ],
      [
        14.481593,
        48.214031,
        261.25
      ],
      [
        14.481615,
        48.214064,
        261.5
      ],
      [
        14.481662,
        48.214106,
        261.75
      ],
      [
        14.482032,
        48.214274,
        257.5
      ],
      [
        14.482096,
        48.214316,
        257.5
      ],
      [
        14.482209,
        48.214432,
        259.5
      ],
      [
        14.482248,
        48.214488,
        259.5
      ],
      [
        14.482299,
        48.214589,
        259.5
      ],
      [
        14.482178,
        48.214658,
        263.5
      ],
      [
        14.482207,
        48.214715,
        264.0
      ],
      [
        14.482219,
        48.214771,
        264.5
      ],
      [
        14.48222,
        48.214894,
        265.75
      ],
      [
        14.482206,
        48.214946,
        267.0
      ],
      [
        14.482106,
        48.215121,
        272.25
      ],
      [
        14.482096,
        48.215148,
        272.5
      ],
      [
        14.482092,
        48.215221,
        273.0
      ],
      [
        14.482122,
        48.215342,
        272.75
      ],
      [
        14.482186,
        48.215448,
        273.5
      ],
      [
        14.4822,
        48.215484,
        274.0
      ],
      [
        14.482204,
        48.215538,
        275.5
      ],
      [
        14.482192,
        48.215559,
        276.0
      ],
      [
        14.482071,
        48.215619,
        276.5
      ],
      [
        14.481995,
        48.215667,
        276.5
      ],
      [
        14.481946,
        48.215708,
        276.25
      ],
      [
        14.481823,
        48.215838,
        276.25
      ],
      [
        14.481727,
        48.215931,
        276.0
      ],
      [
        14.481666,
        48.215978,
        275.25
      ],
      [
        14.481577,
        48.216029,
        274.5
      ],
      [
        14.481346,
        48.216137,
        271.5
      ],
      [
        14.481248,
        48.216173,
        271.0
      ],
      [
        14.481134,
        48.216203,
        270.25
      ],
      [
        14.480997,
        48.216229,
        269.75
      ],
      [
        14.480841,
        48.216235,
        269.5
      ],
      [
        14.480667,
        48.216259,
        268.75
      ],
      [
        14.480516,
        48.216037,
        270.75
      ],
      [
        14.480311,
        48.215765,
        273.25
      ],
      [
        14.480083,
        48.215458,
        275.5
      ],
      [
        14.479909,
        48.215188,
        277.25
      ],
      [
        14.479768,
        48.214954,
        278.0
      ],
      [
        14.479648,
        48.214706,
        279.0
      ],
      [
        14.479593,
        48.214598,
        279.0
      ],
      [
        14.479541,
        48.214497,
        279.25
      ],
      [
        14.47952,
        48.214457,
        279.25
      ],
      [
        14.479492,
        48.214403,
        279.25
      ],
      [
        14.479461,
        48.214366,
        279.25
      ],
      [
        14.479302,
        48.214237,
        279.5
      ],
      [
        14.479274,
        48.214198,
        279.75
      ],
      [
        14.479263,
        48.21417,
        280.0
      ]
    ]
  }
}
