{
  "type": "Feature",
  "properties": {
    "source": "BRouter trekking",
    "coordinateHash": "4ba0fd9f519bfd1d538b03b7d19a4f127a0102e9af93510d356261ba2240b9a1"
  },
  "geometry": {
    "type": "LineString",
    "coordinates": [
      [
        12.550043,
        47.466425,
        859.0
      ],
      [
        12.550006,
        47.466446,
        859.25
      ],
      [
        12.549955,
        47.466457,
        859.75
      ],
      [
        12.549935,
        47.466467,
        859.75
      ],
      [
        12.549929,
        47.466484,
        859.5
      ],
      [
        12.549938,
        47.466499,
        859.0
      ],
      [
        12.549981,
        47.466516,
        858.0
      ],
      [
        12.550005,
        47.466512,
        857.75
      ],
      [
        12.550123,
        47.466455,
        857.0
      ],
      [
        12.550147,
        47.466437,
        857.0
      ],
      [
        12.550219,
        47.466408,
        856.5
      ],
      [
        12.550253,
        47.466385,
        856.5
      ],
      [
        12.550283,
        47.466349,
        856.75
      ],
      [
        12.550338,
        47.466324,
        856.25
      ],
      [
        12.550512,
        47.466261,
        854.0
      ],
      [
        12.550573,
        47.466227,
        853.75
      ],
      [
        12.550652,
        47.46622,
        853.0
      ],
      [
        12.550698,
        47.466209,
        852.75
      ],
      [
        12.550794,
        47.466145,
        853.5
      ],
      [
        12.550846,
        47.466138,
        853.25
      ],
      [
        12.550873,
        47.466165,
        852.25
      ],
      [
        12.55086,
        47.466196,
        851.5
      ],
      [
        12.550775,
        47.466243,
        851.25
      ],
      [
        12.550701,
        47.466314,
        850.25
      ],
      [
        12.5506,
        47.466367,
        850.0
      ],
      [
        12.550584,
        47.466406,
        849.25
      ],
      [
        12.550556,
        47.466438,
        848.75
      ],
      [
        12.550466,
        47.466475,
        849.75
      ],
      [
        12.550414,
        47.466535,
        849.5
      ],
      [
        12.55039,
        47.466578,
        849.0
      ],
      [
        12.550359,
        47.466618,
        848.5
      ],
      [
        12.550216,
        47.466693,
        849.5
      ],
      [
        12.550199,
        47.466714,
        849.25
      ],
      [
        12.550204,
        47.466737,
        848.5
      ],
      [
        12.550232,
        47.466755,
        847.75
      ],
      [
        12.550269,
        47.466757,
        847.0
      ],
      [
        12.550403,
        47.466686,
        846.25
      ],
      [
        12.550481,
        47.466598,
        846.75
      ],
      [
        12.550507,
        47.466582,
        846.75
      ],
      [
        12.550638,
        47.466552,
        845.5
      ],
      [
        12.550663,
        47.466542,
        845.5
      ],
      [
        12.550681,
        47.466522,
        845.75
      ],
      [
        12.550723,
        47.466488,
        846.0
      ],
      [
        12.550747,
        47.466486,
        845.75
      ],
      [
        12.550778,
        47.466504,
        845.0
      ],
      [
        12.550767,
        47.466533,
        844.5
      ],
      [
        12.550665,
        47.466607,
        844.0
      ],
      [
        12.550528,
        47.466753,
        842.75
      ],
      [
        12.550473,
        47.46679,
        843.0
      ],
      [
        12.55039,
        47.466826,
        843.75
      ],
      [
        12.550347,
        47.466855,
        843.75
      ],
      [
        12.550343,
        47.466869,
        843.5
      ],
      [
        12.55035,
        47.466884,
        843.0
      ],
      [
        12.550367,
        47.466896,
        842.5
      ],
      [
        12.550388,
        47.4669,
        842.25
      ],
      [
        12.550411,
        47.466895,
        842.0
      ],
      [
        12.550475,
        47.466862,
        841.5
      ],
      [
        12.550551,
        47.466846,
        840.75
      ],
      [
        12.550615,
        47.466806,
        840.5
      ],
      [
        12.550645,
        47.466799,
        840.25
      ],
      [
        12.550668,
        47.466786,
        840.25
      ],
      [
        12.55073,
        47.466726,
        840.75
      ],
      [
        12.550747,
        47.466719,
        840.75
      ],
      [
        12.550769,
        47.466719,
        840.5
      ],
      [
        12.550787,
        47.466725,
        840.25
      ],
      [
        12.550797,
        47.466739,
        839.75
      ],
      [
        12.550788,
        47.466768,
        839.25
      ],
      [
        12.55076,
        47.466784,
        839.25
      ],
      [
        12.550687,
        47.466849,
        838.75
      ],
      [
        12.550642,
        47.466876,
        839.0
      ],
      [
        12.550579,
        47.466946,
        838.5
      ],
      [
        12.550485,
        47.466992,
        839.25
      ],
      [
        12.550475,
        47.467021,
        839.25
      ],
      [
        12.550484,
        47.467034,
        838.75
      ],
      [
        12.550502,
        47.467041,
        838.5
      ],
      [
        12.550544,
        47.467034,
        838.0
      ],
      [
        12.550656,
        47.466948,
        837.5
      ],
      [
        12.550782,
        47.466867,
        837.25
      ],
      [
        12.550851,
        47.466831,
        837.25
      ],
      [
        12.550891,
        47.466821,
        837.25
      ],
      [
        12.550911,
        47.466826,
        837.0
      ],
      [
        12.550927,
        47.466851,
        836.5
      ],
      [
        12.550923,
        47.466863,
        836.25
      ],
      [
        12.550867,
        47.466896,
        835.75
      ],
      [
        12.550845,
        47.466911,
        835.5
      ],
      [
        12.550758,
        47.467016,
        836.0
      ],
      [
        12.550762,
        47.467111,
        836.0
      ],
      [
        12.550756,
        47.467151,
        836.0
      ],
      [
        12.550736,
        47.467222,
        836.0
      ],
      [
        12.55072,
        47.467243,
        835.75
      ],
      [
        12.550756,
        47.467219,
        836.0
      ],
      [
        12.55078,
        47.467175,
        835.75
      ],
      [
        12.550806,
        47.467021,
        835.5
      ],
      [
        12.550827,
        47.466989,
        835.0
      ],
      [
        12.550877,
        47.466953,
        834.75
      ],
      [
        12.551062,
        47.46688,
        835.25
      ],
      [
        12.551176,
        47.466793,
        836.25
      ],
      [
        12.551208,
        47.466804,
        835.75
      ],
      [
        12.551254,
        47.466807,
        835.5
      ],
      [
        12.551269,
        47.466848,
        835.0
      ],
      [
        12.551373,
        47.46694,
        834.0
      ],
      [
        12.551418,
        47.466964,
        833.75
      ],
      [
        12.551466,
        47.467139,
        832.25
      ],
      [
        12.551685,
        47.467343,
        830.25
      ],
      [
        12.55164,
        47.467442,
        830.25
      ],
      [
        12.551572,
        47.467445,
        830.5
      ],
      [
        12.551488,
        47.467486,
        830.5
      ],
      [
        12.551274,
        47.467636,
        830.0
      ],
      [
        12.551109,
        47.46768,
        830.25
      ],
      [
        12.55103,
        47.467783,
        831.0
      ],
      [
        12.55088,
        47.46852,
        834.25
      ],
      [
        12.550824,
        47.468627,
        835.0
      ],
      [
        12.550646,
        47.46874,
        836.25
      ],
      [
        12.550493,
        47.468801,
        836.75
      ],
      [
        12.550344,
        47.468849,
        837.0
      ],
      [
        12.55023,
        47.468876,
        837.0
      ],
      [
        12.550092,
        47.4689,
        837.0
      ],
      [
        12.550077,
        47.46892,
        837.0
      ],
      [
        12.550063,
        47.46894,
        837.0
      ],
      [
        12.550288,
        47.469315,
        836.25
      ],
      [
        12.550465,
        47.469635,
        834.5
      ],
      [
        12.550294,
        47.469768,
        833.5
      ],
      [
        12.550004,
        47.469962,
        832.0
      ],
      [
        12.549921,
        47.469997,
        831.5
      ],
      [
        12.549746,
        47.470041,
        830.75
      ],
      [
        12.549667,
        47.470051,
        830.5
      ],
      [
        12.549567,
        47.470061,
        830.0
      ],
      [
        12.549393,
        47.47006,
        829.5
      ],
      [
        12.548997,
        47.470031,
        828.25
      ],
      [
        12.548657,
        47.469981,
        829.0
      ],
      [
        12.548624,
        47.470075,
        828.25
      ],
      [
        12.548557,
        47.470188,
        827.5
      ],
      [
        12.54825,
        47.470592,
        825.75
      ],
      [
        12.548172,
        47.470714,
        825.75
      ],
      [
        12.548162,
        47.470766,
        826.0
      ],
      [
        12.548137,
        47.471176,
        825.75
      ],
      [
        12.548103,
        47.471255,
        825.5
      ],
      [
        12.547956,
        47.47139,
        825.25
      ],
      [
        12.547653,
        47.471505,
        825.75
      ],
      [
        12.547517,
        47.471562,
        825.75
      ],
      [
        12.547473,
        47.471592,
        825.25
      ],
      [
        12.54743,
        47.471638,
        824.5
      ],
      [
        12.547402,
        47.471682,
        823.75
      ],
      [
        12.547369,
        47.471799,
        823.25
      ],
      [
        12.547344,
        47.471963,
        822.5
      ],
      [
        12.547323,
        47.47223,
        821.75
      ],
      [
        12.547293,
        47.472308,
        820.25
      ],
      [
        12.547253,
        47.47241,
        818.5
      ],
      [
        12.547209,
        47.472487,
        817.25
      ],
      [
        12.547162,
        47.472564,
        816.25
      ],
      [
        12.547099,
        47.472644,
        815.25
      ],
      [
        12.546937,
        47.4728,
        812.5
      ],
      [
        12.546762,
        47.472937,
        810.0
      ],
      [
        12.546709,
        47.472956,
        809.5
      ],
      [
        12.546645,
        47.47296,
        809.0
      ],
      [
        12.546465,
        47.472945,
        806.75
      ],
      [
        12.546331,
        47.472942,
        805.0
      ],
      [
        12.546228,
        47.472979,
        803.5
      ],
      [
        12.546122,
        47.473073,
        801.75
      ],
      [
        12.546098,
        47.473132,
        801.25
      ],
      [
        12.546082,
        47.473213,
        800.5
      ],
      [
        12.546084,
        47.473436,
        798.75
      ],
      [
        12.546067,
        47.473535,
        797.75
      ],
      [
        12.546062,
        47.473588,
        797.0
      ],
      [
        12.54607,
        47.473837,
        795.5
      ],
      [
        12.546125,
        47.47406,
        793.25
      ],
      [
        12.546135,
        47.474236,
        793.0
      ],
      [
        12.546047,
        47.474354,
        793.5
      ],
      [
        12.545988,
        47.474408,
        792.5
      ],
      [
        12.545622,
        47.474635,
        790.0
      ],
      [
        12.545333,
        47.474801,
        788.0
      ],
      [
        12.545018,
        47.475034,
        784.25
      ],
      [
        12.544723,
        47.47532,
        781.75
      ],
      [
        12.544518,
        47.475483,
        781.5
      ],
      [
        12.544438,
        47.475578,
        779.0
      ],
      [
        12.54442,
        47.475642,
        779.25
      ],
      [
        12.544417,
        47.475714,
        779.0
      ],
      [
        12.544434,
        47.475893,
        777.5
      ],
      [
        12.544468,
        47.475949,
        777.0
      ],
      [
        12.544561,
        47.476025,
        776.75
      ],
      [
        12.54467,
        47.47609,
        776.0
      ],
      [
        12.544748,
        47.476127,
        775.75
      ],
      [
        12.544808,
        47.476145,
        775.5
      ],
      [
        12.544887,
        47.476156,
        775.25
      ],
      [
        12.545005,
        47.476149,
        774.75
      ],
      [
        12.545556,
        47.476084,
        775.0
      ],
      [
        12.545649,
        47.476079,
        775.0
      ],
      [
        12.545714,
        47.476085,
        775.0
      ],
      [
        12.545755,
        47.476111,
        775.0
      ],
      [
        12.545824,
        47.476188,
        774.25
      ],
      [
        12.545966,
        47.47615,
        774.5
      ],
      [
        12.546095,
        47.476123,
        774.75
      ],
      [
        12.546465,
        47.476046,
        775.25
      ],
      [
        12.546733,
        47.475963,
        775.5
      ],
      [
        12.546786,
        47.476005,
        775.75
      ],
      [
        12.546887,
        47.476061,
        775.75
      ],
      [
        12.547043,
        47.476162,
        776.25
      ],
      [
        12.547088,
        47.476208,
        776.5
      ],
      [
        12.547188,
        47.476308,
        777.75
      ],
      [
        12.547198,
        47.476332,
        778.0
      ],
      [
        12.547128,
        47.476355,
        778.0
      ],
      [
        12.546879,
        47.47641,
        777.25
      ],
      [
        12.546814,
        47.476419,
        777.25
      ],
      [
        12.546541,
        47.476456,
        777.0
      ],
      [
        12.546186,
        47.476481,
        775.5
      ],
      [
        12.545846,
        47.476495,
        773.75
      ],
      [
        12.545581,
        47.47653,
        774.25
      ],
      [
        12.545416,
        47.47658,
        774.25
      ],
      [
        12.545301,
        47.476632,
        774.0
      ],
      [
        12.545167,
        47.47671,
        773.75
      ],
      [
        12.545063,
        47.476792,
        773.5
      ],
      [
        12.544763,
        47.477093,
        773.0
      ],
      [
        12.544444,
        47.47741,
        773.25
      ],
      [
        12.544251,
        47.477553,
        773.5
      ],
      [
        12.543965,
        47.477738,
        773.75
      ],
      [
        12.543719,
        47.477863,
        773.5
      ],
      [
        12.543468,
        47.477971,
        772.5
      ],
      [
        12.543437,
        47.477981,
        772.25
      ],
      [
        12.542752,
        47.4782,
        770.5
      ],
      [
        12.542533,
        47.478296,
        770.75
      ],
      [
        12.54241,
        47.478353,
        770.25
      ],
      [
        12.54227,
        47.47843,
        769.75
      ],
      [
        12.542145,
        47.478514,
        770.0
      ],
      [
        12.542035,
        47.478614,
        769.5
      ],
      [
        12.541935,
        47.47874,
        769.25
      ],
      [
        12.541816,
        47.478827,
        769.75
      ],
      [
        12.541717,
        47.4789,
        770.0
      ],
      [
        12.541509,
        47.479026,
        770.0
      ],
      [
        12.54132,
        47.479112,
        769.75
      ],
      [
        12.541187,
        47.479158,
        769.25
      ],
      [
        12.540827,
        47.479247,
        767.75
      ],
      [
        12.540296,
        47.479377,
        768.0
      ],
      [
        12.540143,
        47.479425,
        768.0
      ],
      [
        12.54002,
        47.479474,
        767.75
      ],
      [
        12.539816,
        47.479566,
        767.0
      ],
      [
        12.539335,
        47.479851,
        767.0
      ],
      [
        12.539157,
        47.480012,
        766.75
      ],
      [
        12.538906,
        47.480305,
        766.0
      ],
      [
        12.538586,
        47.480777,
        765.75
      ],
      [
        12.538363,
        47.480996,
        765.5
      ],
      [
        12.53825,
        47.481094,
        765.5
      ],
      [
        12.538207,
        47.481234,
        765.5
      ],
      [
        12.538114,
        47.481292,
        765.5
      ],
      [
        12.53781,
        47.481423,
        765.0
      ],
      [
        12.537765,
        47.481442,
        764.75
      ],
      [
        12.537649,
        47.481509,
        764.75
      ],
      [
        12.53759,
        47.481522,
        764.75
      ],
      [
        12.537513,
        47.481553,
        765.0
      ],
      [
        12.537423,
        47.481643,
        765.25
      ],
      [
        12.537366,
        47.481789,
        764.75
      ],
      [
        12.537364,
        47.48192,
        764.5
      ],
      [
        12.537349,
        47.481925,
        764.25
      ],
      [
        12.537178,
        47.481995,
        763.0
      ],
      [
        12.537152,
        47.481999,
        763.0
      ],
      [
        12.537144,
        47.482178,
        763.0
      ],
      [
        12.537088,
        47.48232,
        762.5
      ],
      [
        12.53692,
        47.482459,
        762.0
      ],
      [
        12.536824,
        47.482527,
        762.0
      ],
      [
        12.536708,
        47.482538,
        762.25
      ],
      [
        12.536521,
        47.482525,
        761.75
      ],
      [
        12.536219,
        47.482442,
        760.0
      ],
      [
        12.536,
        47.482356,
        759.75
      ],
      [
        12.535878,
        47.482371,
        759.25
      ],
      [
        12.535658,
        47.482384,
        759.5
      ],
      [
        12.535529,
        47.482382,
        759.75
      ],
      [
        12.535366,
        47.482371,
        759.75
      ],
      [
        12.535115,
        47.482333,
        759.5
      ],
      [
        12.534931,
        47.482339,
        759.0
      ],
      [
        12.534456,
        47.482374,
        758.25
      ],
      [
        12.534265,
        47.482394,
        757.5
      ],
      [
        12.534055,
        47.482426,
        757.5
      ],
      [
        12.534004,
        47.482436,
        757.75
      ],
      [
        12.533905,
        47.482469,
        758.0
      ],
      [
        12.533739,
        47.482558,
        759.75
      ],
      [
        12.533663,
        47.482622,
        759.75
      ],
      [
        12.533593,
        47.482717,
        759.0
      ],
      [
        12.533552,
        47.482819,
        759.75
      ],
      [
        12.533559,
        47.482899,
        759.5
      ],
      [
        12.533587,
        47.483002,
        758.25
      ],
      [
        12.533722,
        47.483287,
        759.25
      ],
      [
        12.533863,
        47.483513,
        756.0
      ],
      [
        12.533936,
        47.483674,
        755.5
      ],
      [
        12.533983,
        47.483829,
        755.0
      ],
      [
        12.534004,
        47.483956,
        754.75
      ],
      [
        12.533989,
        47.484053,
        755.25
      ],
      [
        12.533958,
        47.484298,
        755.75
      ],
      [
        12.533938,
        47.484365,
        755.75
      ],
      [
        12.533866,
        47.484535,
        755.5
      ],
      [
        12.533833,
        47.484608,
        755.25
      ],
      [
        12.533754,
        47.484738,
        753.75
      ],
      [
        12.533694,
        47.484804,
        754.0
      ],
      [
        12.533476,
        47.484974,
        754.25
      ],
      [
        12.533308,
        47.485065,
        754.75
      ],
      [
        12.532999,
        47.485187,
        754.75
      ],
      [
        12.532788,
        47.48523,
        754.0
      ],
      [
        12.532442,
        47.485281,
        753.0
      ],
      [
        12.53218,
        47.485308,
        754.25
      ],
      [
        12.531637,
        47.485387,
        754.75
      ],
      [
        12.531311,
        47.48546,
        754.25
      ],
      [
        12.531188,
        47.485515,
        752.75
      ],
      [
        12.531136,
        47.485554,
        750.75
      ],
      [
        12.531098,
        47.485594,
        751.0
      ],
      [
        12.530689,
        47.486253,
        751.25
      ],
      [
        12.530602,
        47.486338,
        750.75
      ],
      [
        12.530388,
        47.486503,
        749.5
      ],
      [
        12.530257,
        47.486559,
        748.5
      ],
      [
        12.529517,
        47.486831,
        747.25
      ],
      [
        12.528684,
        47.487146,
        748.75
      ],
      [
        12.528192,
        47.487463,
        752.25
      ],
      [
        12.528049,
        47.487571,
        754.0
      ],
      [
        12.527964,
        47.487669,
        751.0
      ],
      [
        12.527821,
        47.487888,
        746.75
      ],
      [
        12.527774,
        47.488024,
        746.0
      ],
      [
        12.527678,
        47.488519,
        744.75
      ],
      [
        12.527618,
        47.488701,
        744.75
      ],
      [
        12.527473,
        47.488945,
        744.5
      ],
      [
        12.527301,
        47.489135,
        744.25
      ],
      [
        12.527111,
        47.489287,
        743.75
      ],
      [
        12.527024,
        47.489334,
        743.5
      ],
      [
        12.526847,
        47.489409,
        743.25
      ],
      [
        12.526608,
        47.489478,
        744.0
      ],
      [
        12.526368,
        47.489519,
        743.75
      ],
      [
        12.525798,
        47.48961,
        742.0
      ],
      [
        12.525447,
        47.489674,
        741.75
      ],
      [
        12.52529,
        47.48971,
        742.75
      ],
      [
        12.524789,
        47.489831,
        742.0
      ],
      [
        12.524109,
        47.490051,
        741.5
      ],
      [
        12.523417,
        47.490292,
        741.25
      ],
      [
        12.523357,
        47.490116,
        741.75
      ],
      [
        12.523275,
        47.489991,
        741.75
      ],
      [
        12.523053,
        47.489841,
        741.0
      ],
      [
        12.522978,
        47.489877,
        741.0
      ],
      [
        12.522484,
        47.490046,
        741.0
      ],
      [
        12.522146,
        47.49017,
        740.75
      ],
      [
        12.521847,
        47.490302,
        740.0
      ],
      [
        12.521775,
        47.490308,
        740.0
      ],
      [
        12.521187,
        47.490294,
        740.0
      ],
      [
        12.521088,
        47.490331,
        739.75
      ],
      [
        12.52031,
        47.490705,
        739.0
      ],
      [
        12.51978,
        47.490942,
        738.0
      ],
      [
        12.519613,
        47.491023,
        738.0
      ],
      [
        12.519432,
        47.491144,
        737.75
      ],
      [
        12.51927,
        47.491276,
        737.0
      ],
      [
        12.519221,
        47.491319,
        737.25
      ],
      [
        12.519101,
        47.491267,
        736.5
      ],
      [
        12.518213,
        47.490985,
        735.75
      ],
      [
        12.517945,
        47.490919,
        735.0
      ],
      [
        12.517757,
        47.490883,
        735.25
      ],
      [
        12.517625,
        47.490867,
        735.0
      ],
      [
        12.517397,
        47.490864,
        734.75
      ],
      [
        12.517266,
        47.490871,
        734.25
      ],
      [
        12.51687,
        47.490927,
        734.25
      ],
      [
        12.51661,
        47.490991,
        734.5
      ],
      [
        12.516408,
        47.491048,
        734.5
      ],
      [
        12.516213,
        47.491128,
        733.75
      ],
      [
        12.516104,
        47.491191,
        733.5
      ],
      [
        12.515871,
        47.491355,
        733.0
      ],
      [
        12.515707,
        47.491514,
        733.0
      ],
      [
        12.515644,
        47.491616,
        733.5
      ],
      [
        12.515585,
        47.491657,
        733.75
      ],
      [
        12.515481,
        47.491715,
        733.25
      ],
      [
        12.51517,
        47.491862,
        733.0
      ],
      [
        12.514931,
        47.491942,
        732.5
      ],
      [
        12.514743,
        47.49199,
        731.25
      ],
      [
        12.514647,
        47.492005,
        731.0
      ],
      [
        12.514545,
        47.492013,
        731.0
      ],
      [
        12.514333,
        47.491995,
        730.75
      ],
      [
        12.514089,
        47.491942,
        731.0
      ],
      [
        12.513706,
        47.491821,
        730.25
      ],
      [
        12.513432,
        47.49172,
        729.75
      ],
      [
        12.513242,
        47.491628,
        730.0
      ],
      [
        12.513051,
        47.491503,
        728.75
      ],
      [
        12.512664,
        47.491239,
        728.5
      ],
      [
        12.512467,
        47.491133,
        728.0
      ],
      [
        12.512286,
        47.491073,
        729.25
      ],
      [
        12.512111,
        47.491037,
        729.0
      ],
      [
        12.51197,
        47.491037,
        728.75
      ],
      [
        12.511772,
        47.491066,
        728.5
      ],
      [
        12.511428,
        47.491148,
        726.5
      ],
      [
        12.510147,
        47.491492,
        725.5
      ],
      [
        12.509621,
        47.491589,
        726.25
      ],
      [
        12.509049,
        47.491663,
        725.5
      ],
      [
        12.508875,
        47.491684,
        725.0
      ],
      [
        12.508656,
        47.491719,
        723.75
      ],
      [
        12.508228,
        47.491769,
        723.5
      ],
      [
        12.507644,
        47.4918,
        723.5
      ],
      [
        12.507428,
        47.491788,
        723.25
      ],
      [
        12.506994,
        47.491746,
        722.5
      ],
      [
        12.506874,
        47.49174,
        722.5
      ],
      [
        12.506781,
        47.491739,
        722.5
      ],
      [
        12.506673,
        47.491754,
        722.5
      ],
      [
        12.506626,
        47.491771,
        722.5
      ],
      [
        12.506535,
        47.49182,
        722.5
      ],
      [
        12.506293,
        47.491932,
        722.5
      ],
      [
        12.506061,
        47.492052,
        722.0
      ],
      [
        12.505954,
        47.492142,
        721.5
      ],
      [
        12.50563,
        47.492442,
        721.75
      ],
      [
        12.505431,
        47.492605,
        721.5
      ],
      [
        12.505344,
        47.492664,
        721.5
      ],
      [
        12.505127,
        47.492779,
        720.75
      ],
      [
        12.504817,
        47.49293,
        721.25
      ],
      [
        12.504698,
        47.492998,
        721.25
      ],
      [
        12.504633,
        47.493027,
        721.25
      ],
      [
        12.504529,
        47.493062,
        720.5
      ],
      [
        12.504189,
        47.493164,
        720.0
      ],
      [
        12.503718,
        47.49332,
        720.25
      ],
      [
        12.502803,
        47.493551,
        720.0
      ],
      [
        12.502364,
        47.493683,
        718.5
      ],
      [
        12.501924,
        47.493832,
        719.75
      ],
      [
        12.50145,
        47.49397,
        717.5
      ],
      [
        12.501211,
        47.494059,
        718.25
      ],
      [
        12.501098,
        47.494117,
        718.5
      ],
      [
        12.500469,
        47.49454,
        717.25
      ],
      [
        12.500359,
        47.494607,
        717.25
      ],
      [
        12.500154,
        47.494716,
        717.0
      ],
      [
        12.500072,
        47.494774,
        716.75
      ],
      [
        12.500011,
        47.494838,
        716.75
      ],
      [
        12.49999,
        47.494845,
        716.75
      ],
      [
        12.499583,
        47.495002,
        716.0
      ],
      [
        12.499072,
        47.495146,
        715.5
      ],
      [
        12.498818,
        47.495209,
        715.75
      ],
      [
        12.498467,
        47.495289,
        715.5
      ],
      [
        12.497999,
        47.495378,
        714.5
      ],
      [
        12.497277,
        47.495487,
        714.75
      ],
      [
        12.496701,
        47.495609,
        713.25
      ],
      [
        12.49643,
        47.495679,
        713.25
      ],
      [
        12.495722,
        47.49588,
        712.75
      ],
      [
        12.495478,
        47.495933,
        712.25
      ],
      [
        12.495045,
        47.496,
        712.0
      ],
      [
        12.494894,
        47.496006,
        712.0
      ],
      [
        12.494733,
        47.495996,
        711.75
      ],
      [
        12.494064,
        47.495861,
        710.75
      ],
      [
        12.493802,
        47.49579,
        711.25
      ],
      [
        12.493566,
        47.49574,
        710.25
      ],
      [
        12.493226,
        47.495696,
        710.0
      ],
      [
        12.493028,
        47.495663,
        709.75
      ],
      [
        12.492869,
        47.495658,
        709.5
      ],
      [
        12.492674,
        47.495665,
        709.5
      ],
      [
        12.492476,
        47.495682,
        709.25
      ],
      [
        12.492371,
        47.495699,
        709.75
      ],
      [
        12.49204,
        47.495808,
        710.25
      ],
      [
        12.491917,
        47.495861,
        709.5
      ],
      [
        12.491711,
        47.495975,
        708.75
      ],
      [
        12.491554,
        47.49607,
        709.0
      ],
      [
        12.49133,
        47.496228,
        708.5
      ],
      [
        12.491006,
        47.496489,
        708.25
      ],
      [
        12.490921,
        47.496576,
        708.5
      ],
      [
        12.490899,
        47.496623,
        708.75
      ],
      [
        12.490668,
        47.496661,
        707.75
      ],
      [
        12.490496,
        47.496707,
        707.5
      ],
      [
        12.490343,
        47.496769,
        708.5
      ],
      [
        12.490196,
        47.496841,
        708.5
      ],
      [
        12.489853,
        47.497092,
        707.25
      ],
      [
        12.489783,
        47.497151,
        707.5
      ],
      [
        12.489493,
        47.497476,
        707.5
      ],
      [
        12.489368,
        47.497596,
        707.0
      ],
      [
        12.488975,
        47.498042,
        706.25
      ],
      [
        12.488552,
        47.49855,
        706.0
      ],
      [
        12.48784,
        47.49933,
        705.0
      ],
      [
        12.487777,
        47.499388,
        705.0
      ],
      [
        12.487689,
        47.499433,
        705.0
      ],
      [
        12.487621,
        47.499492,
        704.75
      ],
      [
        12.487472,
        47.499698,
        704.0
      ],
      [
        12.487383,
        47.499799,
        703.75
      ],
      [
        12.487101,
        47.500052,
        703.5
      ],
      [
        12.486785,
        47.500299,
        703.25
      ],
      [
        12.486489,
        47.500498,
        703.25
      ],
      [
        12.486224,
        47.500649,
        703.25
      ],
      [
        12.485441,
        47.501067,
        702.5
      ],
      [
        12.485155,
        47.501242,
        702.0
      ],
      [
        12.484786,
        47.501514,
        701.25
      ],
      [
        12.484479,
        47.501765,
        700.75
      ],
      [
        12.484231,
        47.502057,
        700.75
      ],
      [
        12.483967,
        47.502389,
        700.25
      ],
      [
        12.483772,
        47.502584,
        699.75
      ],
      [
        12.483582,
        47.502697,
        699.75
      ],
      [
        12.483508,
        47.502762,
        699.5
      ],
      [
        12.483269,
        47.502893,
        698.0
      ],
      [
        12.483048,
        47.502986,
        699.0
      ],
      [
        12.48287,
        47.503052,
        699.0
      ],
      [
        12.482505,
        47.503167,
        697.75
      ],
      [
        12.482263,
        47.503226,
        697.75
      ],
      [
        12.481649,
        47.50339,
        697.25
      ],
      [
        12.481426,
        47.503442,
        696.75
      ],
      [
        12.480335,
        47.50364,
        696.75
      ],
      [
        12.480227,
        47.503653,
        696.5
      ],
      [
        12.480151,
        47.503653,
        696.75
      ],
      [
        12.480068,
        47.503673,
        696.5
      ],
      [
        12.479927,
        47.503719,
        696.5
      ],
      [
        12.479779,
        47.503751,
        696.75
      ],
      [
        12.479651,
        47.503789,
        697.0
      ],
      [
        12.479618,
        47.503808,
        697.0
      ],
      [
        12.479582,
        47.503849,
        697.0
      ],
      [
        12.479426,
        47.503926,
        696.5
      ],
      [
        12.478582,
        47.504276,
        695.75
      ],
      [
        12.478219,
        47.504449,
        695.75
      ],
      [
        12.477934,
        47.504575,
        695.25
      ],
      [
        12.477662,
        47.504683,
        695.0
      ],
      [
        12.477169,
        47.504852,
        694.0
      ],
      [
        12.47691,
        47.504934,
        694.0
      ],
      [
        12.474652,
        47.505533,
        692.5
      ],
      [
        12.473913,
        47.505752,
        691.5
      ],
      [
        12.473309,
        47.505986,
        691.0
      ],
      [
        12.473091,
        47.506084,
        691.75
      ],
      [
        12.472665,
        47.506285,
        690.25
      ],
      [
        12.471647,
        47.506819,
        689.75
      ],
      [
        12.47131,
        47.506979,
        689.25
      ],
      [
        12.471011,
        47.507109,
        689.0
      ],
      [
        12.470788,
        47.507192,
        689.5
      ],
      [
        12.470685,
        47.507224,
        689.25
      ],
      [
        12.470363,
        47.507267,
        689.0
      ],
      [
        12.470211,
        47.507312,
        689.25
      ],
      [
        12.470059,
        47.507373,
        689.75
      ],
      [
        12.469988,
        47.507385,
        689.75
      ],
      [
        12.469879,
        47.507388,
        689.5
      ],
      [
        12.469762,
        47.507405,
        689.25
      ],
      [
        12.469666,
        47.507435,
        689.0
      ],
      [
        12.469552,
        47.507494,
        688.25
      ],
      [
        12.469419,
        47.507522,
        688.0
      ],
      [
        12.469331,
        47.507542,
        688.25
      ],
      [
        12.469349,
        47.507615,
        688.0
      ],
      [
        12.46937,
        47.507683,
        688.0
      ],
      [
        12.469173,
        47.507709,
        688.0
      ],
      [
        12.468989,
        47.507742,
        688.0
      ],
      [
        12.468083,
        47.50793,
        687.0
      ],
      [
        12.467309,
        47.508094,
        686.75
      ],
      [
        12.467203,
        47.508128,
        686.5
      ],
      [
        12.467087,
        47.508203,
        686.25
      ],
      [
        12.467037,
        47.508228,
        686.25
      ],
      [
        12.466709,
        47.508334,
        686.0
      ],
      [
        12.466647,
        47.50836,
        685.75
      ],
      [
        12.466572,
        47.508386,
        685.75
      ],
      [
        12.466499,
        47.508387,
        685.75
      ],
      [
        12.466389,
        47.50837,
        685.75
      ],
      [
        12.465173,
        47.508695,
        685.0
      ],
      [
        12.464062,
        47.50902,
        684.0
      ],
      [
        12.463754,
        47.509115,
        683.5
      ],
      [
        12.462263,
        47.50957,
        683.0
      ],
      [
        12.46204,
        47.509647,
        683.0
      ],
      [
        12.461668,
        47.509804,
        682.5
      ],
      [
        12.461482,
        47.509875,
        682.75
      ],
      [
        12.46091,
        47.510065,
        682.5
      ],
      [
        12.460543,
        47.510203,
        681.0
      ],
      [
        12.460235,
        47.510362,
        681.0
      ],
      [
        12.459945,
        47.510552,
        680.75
      ],
      [
        12.459497,
        47.510917,
        681.0
      ],
      [
        12.459324,
        47.511025,
        680.75
      ],
      [
        12.458819,
        47.511286,
        680.5
      ],
      [
        12.458494,
        47.511451,
        680.5
      ],
      [
        12.45838,
        47.51151,
        680.0
      ],
      [
        12.458141,
        47.511606,
        680.0
      ],
      [
        12.457882,
        47.511683,
        679.75
      ],
      [
        12.457733,
        47.511716,
        679.75
      ],
      [
        12.457445,
        47.511763,
        680.25
      ],
      [
        12.457321,
        47.511776,
        680.25
      ],
      [
        12.457019,
        47.511795,
        680.5
      ],
      [
        12.456942,
        47.511805,
        680.5
      ],
      [
        12.45686,
        47.511824,
        681.0
      ],
      [
        12.456766,
        47.511867,
        681.5
      ],
      [
        12.456707,
        47.511906,
        681.75
      ],
      [
        12.456647,
        47.511961,
        682.0
      ],
      [
        12.456585,
        47.512035,
        682.25
      ],
      [
        12.456563,
        47.512077,
        682.5
      ],
      [
        12.456559,
        47.512107,
        682.5
      ],
      [
        12.456564,
        47.512142,
        682.25
      ],
      [
        12.456587,
        47.512177,
        682.25
      ],
      [
        12.457024,
        47.51244,
        680.5
      ],
      [
        12.457317,
        47.512626,
        680.0
      ],
      [
        12.457336,
        47.512647,
        680.0
      ],
      [
        12.457343,
        47.512676,
        680.0
      ],
      [
        12.457297,
        47.51277,
        680.0
      ],
      [
        12.457332,
        47.51282,
        679.5
      ],
      [
        12.457336,
        47.512839,
        679.5
      ],
      [
        12.457322,
        47.512855,
        679.5
      ],
      [
        12.457262,
        47.512897,
        679.25
      ],
      [
        12.457247,
        47.512903,
        679.25
      ],
      [
        12.457235,
        47.512904,
        679.5
      ],
      [
        12.457084,
        47.512873,
        679.75
      ],
      [
        12.457034,
        47.512872,
        679.75
      ],
      [
        12.456986,
        47.512882,
        679.75
      ],
      [
        12.45677,
        47.513033,
        679.25
      ],
      [
        12.456482,
        47.513262,
        678.75
      ],
      [
        12.456354,
        47.513375,
        678.25
      ],
      [
        12.456072,
        47.51363,
        677.25
      ],
      [
        12.455794,
        47.513841,
        677.75
      ],
      [
        12.455551,
        47.514014,
        677.25
      ],
      [
        12.454998,
        47.514408,
        676.0
      ],
      [
        12.454859,
        47.514495,
        676.25
      ],
      [
        12.454792,
        47.514532,
        676.5
      ],
      [
        12.454623,
        47.514589,
        677.0
      ],
      [
        12.454586,
        47.514617,
        677.0
      ],
      [
        12.454406,
        47.514811,
        677.5
      ],
      [
        12.454432,
        47.514823,
        677.75
      ],
      [
        12.454572,
        47.514882,
        678.0
      ],
      [
        12.454626,
        47.514905,
        678.0
      ],
      [
        12.454805,
        47.514983,
        677.0
      ],
      [
        12.454836,
        47.514997,
        676.75
      ],
      [
        12.455078,
        47.515083,
        675.5
      ],
      [
        12.455103,
        47.515093,
        675.75
      ],
      [
        12.455078,
        47.515112,
        675.5
      ],
      [
        12.454711,
        47.515376,
        675.0
      ],
      [
        12.453812,
        47.515997,
        674.5
      ],
      [
        12.452935,
        47.516622,
        673.5
      ],
      [
        12.452233,
        47.517063,
        673.0
      ],
      [
        12.451868,
        47.517248,
        673.25
      ],
      [
        12.451596,
        47.517376,
        672.5
      ],
      [
        12.451135,
        47.517561,
        672.0
      ],
      [
        12.450631,
        47.517731,
        672.5
      ],
      [
        12.450442,
        47.517785,
        672.75
      ],
      [
        12.449978,
        47.517895,
        671.25
      ],
      [
        12.449608,
        47.517949,
        671.5
      ],
      [
        12.448548,
        47.518071,
        671.75
      ],
      [
        12.446512,
        47.518386,
        669.75
      ],
      [
        12.446001,
        47.518468,
        668.75
      ],
      [
        12.444848,
        47.518651,
        668.75
      ],
      [
        12.444318,
        47.518756,
        667.75
      ],
      [
        12.443523,
        47.518949,
        668.0
      ],
      [
        12.443024,
        47.519092,
        667.75
      ],
      [
        12.442895,
        47.519135,
        668.25
      ],
      [
        12.442719,
        47.519215,
        668.25
      ],
      [
        12.442497,
        47.519296,
        667.0
      ],
      [
        12.44209,
        47.519429,
        667.25
      ],
      [
        12.4418,
        47.519529,
        667.0
      ],
      [
        12.441732,
        47.51955,
        666.75
      ],
      [
        12.440226,
        47.520022,
        665.75
      ],
      [
        12.43939,
        47.520288,
        665.75
      ],
      [
        12.438969,
        47.520429,
        664.5
      ],
      [
        12.438628,
        47.520556,
        664.75
      ],
      [
        12.438208,
        47.520741,
        663.75
      ],
      [
        12.437748,
        47.520954,
        664.0
      ],
      [
        12.437299,
        47.521171,
        664.25
      ],
      [
        12.436527,
        47.52155,
        663.0
      ],
      [
        12.435932,
        47.521816,
        663.0
      ],
      [
        12.435747,
        47.521891,
        663.25
      ],
      [
        12.435462,
        47.52199,
        663.25
      ],
      [
        12.435333,
        47.522042,
        662.75
      ],
      [
        12.43525,
        47.522093,
        662.25
      ],
      [
        12.435203,
        47.522123,
        662.25
      ],
      [
        12.435094,
        47.522212,
        662.0
      ],
      [
        12.435048,
        47.52224,
        661.75
      ],
      [
        12.434992,
        47.522252,
        661.75
      ],
      [
        12.434796,
        47.522273,
        661.25
      ],
      [
        12.434732,
        47.522287,
        661.25
      ],
      [
        12.434591,
        47.522332,
        660.75
      ],
      [
        12.43433,
        47.522439,
        661.25
      ],
      [
        12.433838,
        47.522656,
        660.5
      ],
      [
        12.433305,
        47.522913,
        660.0
      ],
      [
        12.432447,
        47.523349,
        660.25
      ],
      [
        12.432396,
        47.523379,
        659.75
      ],
      [
        12.432377,
        47.523399,
        659.5
      ],
      [
        12.432362,
        47.523435,
        659.5
      ],
      [
        12.432355,
        47.52349,
        659.25
      ],
      [
        12.432402,
        47.523618,
        659.25
      ],
      [
        12.432391,
        47.52368,
        659.25
      ],
      [
        12.432361,
        47.52372,
        659.25
      ],
      [
        12.432099,
        47.523902,
        658.75
      ],
      [
        12.431969,
        47.523986,
        658.5
      ],
      [
        12.4316,
        47.524129,
        659.75
      ],
      [
        12.431402,
        47.523949,
        659.0
      ],
      [
        12.431215,
        47.523769,
        659.5
      ],
      [
        12.431171,
        47.523794,
        659.25
      ],
      [
        12.431142,
        47.523808,
        659.25
      ],
      [
        12.431017,
        47.523703,
        659.75
      ],
      [
        12.43095,
        47.523666,
        659.75
      ],
      [
        12.430872,
        47.523624,
        659.75
      ],
      [
        12.43078,
        47.523632,
        659.75
      ],
      [
        12.43067,
        47.523641,
        659.25
      ],
      [
        12.430588,
        47.523641,
        659.0
      ],
      [
        12.430446,
        47.523627,
        659.0
      ],
      [
        12.430368,
        47.523609,
        659.0
      ],
      [
        12.43029,
        47.523591,
        659.0
      ],
      [
        12.43015,
        47.523534,
        659.0
      ],
      [
        12.430029,
        47.523469,
        659.0
      ],
      [
        12.42995,
        47.523408,
        659.0
      ],
      [
        12.429896,
        47.523353,
        659.0
      ],
      [
        12.429882,
        47.523278,
        659.0
      ],
      [
        12.429898,
        47.523253,
        659.0
      ],
      [
        12.429747,
        47.523193,
        659.0
      ],
      [
        12.429408,
        47.522966,
        658.0
      ],
      [
        12.429383,
        47.522953,
        658.0
      ],
      [
        12.429341,
        47.522953,
        658.0
      ],
      [
        12.429325,
        47.522939,
        658.0
      ],
      [
        12.429118,
        47.522807,
        658.0
      ],
      [
        12.429097,
        47.522791,
        658.0
      ],
      [
        12.428811,
        47.522592,
        658.0
      ],
      [
        12.42879,
        47.522575,
        658.0
      ],
      [
        12.428742,
        47.522538,
        658.0
      ],
      [
        12.428406,
        47.522278,
        657.75
      ],
      [
        12.428306,
        47.522255,
        658.0
      ],
      [
        12.42822,
        47.522247,
        658.0
      ],
      [
        12.427924,
        47.522307,
        658.25
      ],
      [
        12.427815,
        47.522312,
        658.25
      ],
      [
        12.427687,
        47.522306,
        658.25
      ],
      [
        12.427571,
        47.522288,
        658.0
      ],
      [
        12.427536,
        47.522282,
        658.0
      ],
      [
        12.427432,
        47.522255,
        658.0
      ],
      [
        12.427154,
        47.522172,
        658.0
      ],
      [
        12.42703,
        47.522148,
        658.25
      ],
      [
        12.426768,
        47.522141,
        658.25
      ],
      [
        12.426641,
        47.52214,
        658.25
      ],
      [
        12.426582,
        47.522123,
        658.5
      ],
      [
        12.42656,
        47.522132,
        658.5
      ],
      [
        12.426451,
        47.522152,
        658.75
      ],
      [
        12.426364,
        47.522182,
        659.0
      ],
      [
        12.426291,
        47.522228,
        658.75
      ],
      [
        12.426204,
        47.522293,
        659.0
      ],
      [
        12.426045,
        47.522406,
        659.0
      ],
      [
        12.42595,
        47.522458,
        659.0
      ],
      [
        12.425792,
        47.522529,
        659.0
      ],
      [
        12.425667,
        47.522576,
        659.25
      ],
      [
        12.425615,
        47.522591,
        659.5
      ],
      [
        12.425472,
        47.522634,
        659.5
      ],
      [
        12.425321,
        47.522673,
        659.75
      ],
      [
        12.425279,
        47.522683,
        659.75
      ],
      [
        12.425141,
        47.522707,
        658.75
      ],
      [
        12.425028,
        47.522723,
        657.75
      ],
      [
        12.424692,
        47.522768,
        659.0
      ],
      [
        12.424667,
        47.522772,
        659.25
      ],
      [
        12.424632,
        47.522778,
        659.5
      ],
      [
        12.424499,
        47.5228,
        660.5
      ],
      [
        12.424367,
        47.522824,
        660.5
      ],
      [
        12.42424,
        47.522847,
        660.0
      ],
      [
        12.42404,
        47.522873,
        660.0
      ],
      [
        12.424025,
        47.522874,
        660.0
      ],
      [
        12.423753,
        47.522898,
        660.0
      ],
      [
        12.423504,
        47.522916,
        660.0
      ],
      [
        12.423467,
        47.522919,
        660.0
      ],
      [
        12.423328,
        47.52293,
        660.0
      ],
      [
        12.423204,
        47.522935,
        660.0
      ],
      [
        12.423018,
        47.522941,
        660.0
      ],
      [
        12.422886,
        47.522945,
        660.0
      ],
      [
        12.422588,
        47.522966,
        660.0
      ],
      [
        12.422542,
        47.522969,
        660.0
      ],
      [
        12.422371,
        47.522979,
        660.0
      ],
      [
        12.422063,
        47.522998,
        660.0
      ],
      [
        12.421834,
        47.523006,
        660.0
      ],
      [
        12.421738,
        47.52301,
        660.0
      ],
      [
        12.421544,
        47.523016,
        660.0
      ],
      [
        12.421487,
        47.522977,
        660.0
      ],
      [
        12.421417,
        47.52295,
        660.0
      ],
      [
        12.421339,
        47.522903,
        660.0
      ],
      [
        12.421311,
        47.522904,
        660.0
      ],
      [
        12.42124,
        47.522928,
        660.0
      ],
      [
        12.421213,
        47.52294,
        660.0
      ],
      [
        12.421189,
        47.522967,
        660.0
      ],
      [
        12.421165,
        47.52298,
        660.0
      ],
      [
        12.421106,
        47.523008,
        660.0
      ],
      [
        12.421019,
        47.523036,
        660.0
      ],
      [
        12.420919,
        47.523032,
        660.0
      ],
      [
        12.420837,
        47.523015,
        660.0
      ],
      [
        12.420564,
        47.522975,
        660.0
      ],
      [
        12.420348,
        47.522964,
        660.0
      ],
      [
        12.420138,
        47.522963,
        660.0
      ],
      [
        12.419977,
        47.522926,
        660.0
      ],
      [
        12.419935,
        47.522934,
        660.0
      ],
      [
        12.419881,
        47.522945,
        660.25
      ],
      [
        12.419843,
        47.522977,
        660.25
      ],
      [
        12.419792,
        47.523003,
        660.5
      ],
      [
        12.41965,
        47.523033,
        660.5
      ],
      [
        12.419459,
        47.523075,
        660.0
      ],
      [
        12.419025,
        47.523198,
        660.0
      ],
      [
        12.41839,
        47.523397,
        660.75
      ],
      [
        12.418299,
        47.523421,
        660.5
      ],
      [
        12.417892,
        47.523509,
        661.0
      ],
      [
        12.417578,
        47.523571,
        661.75
      ],
      [
        12.41727,
        47.523609,
        661.75
      ],
      [
        12.417077,
        47.52364,
        663.0
      ],
      [
        12.416852,
        47.523661,
        664.0
      ],
      [
        12.416381,
        47.523687,
        664.25
      ],
      [
        12.415835,
        47.523685,
        665.0
      ],
      [
        12.415567,
        47.523676,
        665.5
      ],
      [
        12.415338,
        47.523657,
        665.75
      ],
      [
        12.41494,
        47.523608,
        666.0
      ],
      [
        12.414537,
        47.523536,
        666.0
      ],
      [
        12.414218,
        47.523475,
        666.0
      ],
      [
        12.413925,
        47.523422,
        666.5
      ],
      [
        12.413066,
        47.523269,
        667.0
      ],
      [
        12.413021,
        47.523262,
        667.25
      ],
      [
        12.412452,
        47.523161,
        667.5
      ],
      [
        12.412174,
        47.523111,
        667.75
      ],
      [
        12.411829,
        47.523058,
        668.0
      ],
      [
        12.411677,
        47.523042,
        668.0
      ],
      [
        12.41132,
        47.523026,
        668.0
      ],
      [
        12.411047,
        47.523015,
        668.0
      ],
      [
        12.409527,
        47.522984,
        668.5
      ],
      [
        12.409028,
        47.52297,
        669.0
      ],
      [
        12.408465,
        47.522955,
        669.25
      ],
      [
        12.408066,
        47.522946,
        669.75
      ],
      [
        12.407508,
        47.522938,
        670.5
      ],
      [
        12.407255,
        47.522922,
        670.5
      ],
      [
        12.407113,
        47.522913,
        670.5
      ],
      [
        12.406916,
        47.522877,
        671.0
      ],
      [
        12.406846,
        47.522864,
        671.25
      ],
      [
        12.406703,
        47.522851,
        671.75
      ],
      [
        12.406435,
        47.522849,
        672.0
      ],
      [
        12.406293,
        47.52283,
        671.75
      ],
      [
        12.40604,
        47.522789,
        672.0
      ],
      [
        12.406005,
        47.52278,
        672.25
      ],
      [
        12.405675,
        47.522689,
        672.5
      ],
      [
        12.405224,
        47.522583,
        672.0
      ],
      [
        12.404881,
        47.522513,
        673.25
      ],
      [
        12.40435,
        47.522436,
        674.0
      ],
      [
        12.404053,
        47.522407,
        674.25
      ],
      [
        12.403578,
        47.522371,
        674.5
      ],
      [
        12.402899,
        47.522336,
        675.25
      ],
      [
        12.402315,
        47.522324,
        675.75
      ],
      [
        12.402319,
        47.522305,
        675.75
      ],
      [
        12.402343,
        47.522189,
        675.25
      ],
      [
        12.402363,
        47.522137,
        675.0
      ],
      [
        12.402448,
        47.521922,
        674.0
      ],
      [
        12.402626,
        47.521515,
        673.25
      ],
      [
        12.402722,
        47.521258,
        673.75
      ],
      [
        12.402788,
        47.521118,
        673.75
      ],
      [
        12.402823,
        47.521013,
        673.75
      ],
      [
        12.402882,
        47.520774,
        673.5
      ],
      [
        12.402904,
        47.520415,
        673.25
      ],
      [
        12.402901,
        47.520357,
        673.25
      ],
      [
        12.402882,
        47.520049,
        673.0
      ],
      [
        12.402863,
        47.519975,
        673.5
      ],
      [
        12.402802,
        47.519815,
        675.5
      ],
      [
        12.402672,
        47.519568,
        673.75
      ],
      [
        12.402361,
        47.519007,
        673.5
      ],
      [
        12.402214,
        47.518736,
        674.25
      ],
      [
        12.402071,
        47.51842,
        672.5
      ],
      [
        12.401924,
        47.518018,
        671.75
      ],
      [
        12.401845,
        47.517839,
        671.25
      ],
      [
        12.40179,
        47.517764,
        671.5
      ],
      [
        12.401693,
        47.517662,
        671.5
      ],
      [
        12.401609,
        47.517587,
        671.0
      ],
      [
        12.401506,
        47.517516,
        671.0
      ],
      [
        12.401144,
        47.517307,
        671.0
      ],
      [
        12.400984,
        47.517228,
        671.0
      ],
      [
        12.400809,
        47.517154,
        671.0
      ],
      [
        12.400589,
        47.517074,
        671.0
      ],
      [
        12.400148,
        47.516927,
        671.0
      ],
      [
        12.399732,
        47.516782,
        671.0
      ],
      [
        12.399517,
        47.51667,
        671.5
      ],
      [
        12.39936,
        47.516541,
        671.5
      ],
      [
        12.399302,
        47.516474,
        671.5
      ],
      [
        12.399279,
        47.51643,
        671.5
      ],
      [
        12.399252,
        47.516368,
        671.5
      ],
      [
        12.39915,
        47.516021,
        671.5
      ],
      [
        12.399113,
        47.515986,
        671.5
      ],
      [
        12.399077,
        47.515967,
        671.25
      ],
      [
        12.399016,
        47.51595,
        671.5
      ],
      [
        12.398755,
        47.515906,
        671.5
      ],
      [
        12.398617,
        47.515869,
        671.75
      ],
      [
        12.398494,
        47.515822,
        672.25
      ],
      [
        12.398399,
        47.515767,
        672.25
      ],
      [
        12.398308,
        47.515688,
        671.75
      ],
      [
        12.398287,
        47.515661,
        671.75
      ],
      [
        12.398061,
        47.515385,
        671.75
      ],
      [
        12.397838,
        47.51523,
        672.0
      ],
      [
        12.397601,
        47.515063,
        672.25
      ],
      [
        12.397519,
        47.514992,
        672.0
      ],
      [
        12.397493,
        47.514944,
        672.0
      ],
      [
        12.39745,
        47.514908,
        672.25
      ],
      [
        12.397393,
        47.514881,
        672.5
      ],
      [
        12.397105,
        47.514801,
        672.5
      ],
      [
        12.396925,
        47.51474,
        672.0
      ],
      [
        12.396674,
        47.514653,
        672.75
      ],
      [
        12.396537,
        47.514577,
        673.0
      ],
      [
        12.396507,
        47.514548,
        673.0
      ],
      [
        12.396488,
        47.514485,
        673.0
      ],
      [
        12.396499,
        47.51439,
        673.0
      ],
      [
        12.396522,
        47.514301,
        673.0
      ],
      [
        12.396596,
        47.51413,
        673.0
      ],
      [
        12.396673,
        47.513989,
        673.0
      ],
      [
        12.396757,
        47.51381,
        673.0
      ],
      [
        12.396789,
        47.51371,
        673.0
      ],
      [
        12.396815,
        47.513577,
        673.0
      ],
      [
        12.396811,
        47.513329,
        673.0
      ],
      [
        12.396799,
        47.513226,
        673.0
      ],
      [
        12.396742,
        47.512928,
        673.0
      ],
      [
        12.396601,
        47.512561,
        673.0
      ],
      [
        12.396544,
        47.512444,
        673.0
      ],
      [
        12.396454,
        47.51231,
        673.5
      ],
      [
        12.395581,
        47.511142,
        674.75
      ],
      [
        12.395411,
        47.510868,
        675.0
      ],
      [
        12.395033,
        47.510242,
        675.0
      ],
      [
        12.394246,
        47.509057,
        677.0
      ],
      [
        12.393801,
        47.508286,
        677.25
      ],
      [
        12.393631,
        47.50809,
        677.75
      ],
      [
        12.393297,
        47.507749,
        677.75
      ],
      [
        12.393192,
        47.507634,
        677.5
      ],
      [
        12.393139,
        47.507563,
        677.75
      ],
      [
        12.392916,
        47.507135,
        678.0
      ],
      [
        12.392776,
        47.506896,
        678.75
      ],
      [
        12.392622,
        47.506578,
        678.5
      ],
      [
        12.392366,
        47.50596,
        679.0
      ],
      [
        12.392241,
        47.505745,
        679.25
      ],
      [
        12.392021,
        47.505852,
        679.0
      ],
      [
        12.391715,
        47.505972,
        679.75
      ],
      [
        12.391353,
        47.506099,
        679.75
      ],
      [
        12.391221,
        47.506154,
        680.0
      ],
      [
        12.391087,
        47.506226,
        680.0
      ],
      [
        12.390897,
        47.506357,
        680.0
      ],
      [
        12.390754,
        47.506442,
        680.0
      ],
      [
        12.390041,
        47.506755,
        680.0
      ],
      [
        12.38789,
        47.507669,
        680.0
      ],
      [
        12.387715,
        47.507733,
        680.0
      ],
      [
        12.387494,
        47.507794,
        680.75
      ],
      [
        12.387398,
        47.507815,
        680.75
      ],
      [
        12.387192,
        47.507836,
        680.75
      ],
      [
        12.387046,
        47.507834,
        681.5
      ],
      [
        12.386953,
        47.50782,
        681.75
      ],
      [
        12.386897,
        47.507803,
        682.0
      ],
      [
        12.386833,
        47.507771,
        682.25
      ],
      [
        12.386492,
        47.507539,
        683.25
      ],
      [
        12.386379,
        47.507476,
        683.75
      ],
      [
        12.386291,
        47.507438,
        684.5
      ],
      [
        12.386197,
        47.507403,
        685.0
      ],
      [
        12.386103,
        47.507378,
        685.75
      ],
      [
        12.385663,
        47.507283,
        688.0
      ],
      [
        12.385541,
        47.507247,
        688.25
      ],
      [
        12.384566,
        47.506845,
        693.0
      ],
      [
        12.384274,
        47.506724,
        694.0
      ],
      [
        12.384238,
        47.506709,
        694.0
      ],
      [
        12.384175,
        47.506684,
        694.0
      ],
      [
        12.383987,
        47.506612,
        694.25
      ],
      [
        12.383849,
        47.506542,
        694.5
      ],
      [
        12.383733,
        47.506487,
        694.75
      ],
      [
        12.38367,
        47.506439,
        694.75
      ],
      [
        12.38361,
        47.506383,
        695.0
      ],
      [
        12.3835,
        47.506249,
        695.5
      ],
      [
        12.383449,
        47.506156,
        696.25
      ],
      [
        12.383373,
        47.506053,
        697.0
      ],
      [
        12.383041,
        47.50584,
        698.0
      ],
      [
        12.382682,
        47.505651,
        700.0
      ],
      [
        12.382651,
        47.505644,
        700.0
      ],
      [
        12.382501,
        47.50558,
        701.0
      ],
      [
        12.382127,
        47.50539,
        703.75
      ],
      [
        12.381475,
        47.505171,
        708.75
      ],
      [
        12.381219,
        47.505114,
        709.5
      ],
      [
        12.381113,
        47.505024,
        708.25
      ],
      [
        12.380661,
        47.504834,
        707.5
      ],
      [
        12.379978,
        47.504507,
        706.25
      ],
      [
        12.379718,
        47.504506,
        709.0
      ],
      [
        12.379437,
        47.504466,
        710.0
      ],
      [
        12.379304,
        47.504427,
        710.75
      ],
      [
        12.378972,
        47.504333,
        713.5
      ],
      [
        12.378847,
        47.50431,
        713.5
      ],
      [
        12.378282,
        47.504206,
        715.5
      ],
      [
        12.377739,
        47.504129,
        716.25
      ],
      [
        12.377603,
        47.504104,
        716.5
      ],
      [
        12.377163,
        47.503951,
        718.0
      ],
      [
        12.376898,
        47.503875,
        719.25
      ],
      [
        12.376498,
        47.503812,
        721.5
      ],
      [
        12.376232,
        47.503761,
        723.25
      ],
      [
        12.375851,
        47.503633,
        727.75
      ],
      [
        12.375766,
        47.503611,
        728.25
      ],
      [
        12.375625,
        47.503583,
        729.25
      ],
      [
        12.37547,
        47.503579,
        730.5
      ],
      [
        12.375435,
        47.503592,
        730.75
      ],
      [
        12.375073,
        47.503635,
        732.75
      ],
      [
        12.37475,
        47.503698,
        734.75
      ],
      [
        12.374664,
        47.503708,
        735.0
      ],
      [
        12.374163,
        47.503698,
        735.5
      ],
      [
        12.373926,
        47.503712,
        737.0
      ],
      [
        12.373482,
        47.50376,
        739.25
      ],
      [
        12.37312,
        47.503777,
        740.25
      ],
      [
        12.372776,
        47.503765,
        740.25
      ],
      [
        12.372433,
        47.503729,
        744.25
      ],
      [
        12.37175,
        47.503604,
        743.0
      ],
      [
        12.371483,
        47.503528,
        745.75
      ],
      [
        12.370928,
        47.503335,
        746.25
      ],
      [
        12.370762,
        47.503316,
        746.25
      ],
      [
        12.370659,
        47.50332,
        746.75
      ],
      [
        12.37056,
        47.503337,
        746.75
      ],
      [
        12.370435,
        47.503369,
        747.0
      ],
      [
        12.370308,
        47.503429,
        747.25
      ],
      [
        12.37011,
        47.503617,
        748.0
      ],
      [
        12.36984,
        47.503716,
        748.5
      ],
      [
        12.369433,
        47.503842,
        748.75
      ],
      [
        12.369213,
        47.503946,
        748.0
      ],
      [
        12.368984,
        47.504067,
        748.25
      ],
      [
        12.368651,
        47.504192,
        747.75
      ],
      [
        12.368492,
        47.504238,
        747.5
      ],
      [
        12.368308,
        47.504266,
        747.0
      ],
      [
        12.367979,
        47.504267,
        746.25
      ],
      [
        12.367266,
        47.504209,
        742.75
      ],
      [
        12.366555,
        47.504163,
        739.5
      ],
      [
        12.36622,
        47.504152,
        738.5
      ],
      [
        12.365815,
        47.504169,
        736.75
      ],
      [
        12.36564,
        47.504194,
        736.25
      ],
      [
        12.365444,
        47.504207,
        735.5
      ],
      [
        12.365296,
        47.504198,
        735.0
      ],
      [
        12.36509,
        47.504168,
        733.5
      ],
      [
        12.364965,
        47.504159,
        733.0
      ],
      [
        12.364026,
        47.504149,
        730.25
      ],
      [
        12.36363,
        47.504114,
        730.75
      ],
      [
        12.363338,
        47.504073,
        730.5
      ],
      [
        12.363146,
        47.504061,
        729.75
      ],
      [
        12.362934,
        47.504063,
        729.75
      ],
      [
        12.362448,
        47.504096,
        728.25
      ],
      [
        12.362065,
        47.50419,
        725.25
      ],
      [
        12.361856,
        47.504284,
        727.5
      ],
      [
        12.361699,
        47.504301,
        727.5
      ],
      [
        12.361558,
        47.504288,
        726.75
      ],
      [
        12.361388,
        47.504222,
        723.5
      ],
      [
        12.361032,
        47.504108,
        720.0
      ],
      [
        12.360705,
        47.504055,
        719.0
      ],
      [
        12.360501,
        47.504052,
        717.25
      ],
      [
        12.36035,
        47.504061,
        716.5
      ],
      [
        12.360185,
        47.504092,
        715.75
      ],
      [
        12.360155,
        47.504106,
        715.5
      ],
      [
        12.360156,
        47.50416,
        715.5
      ],
      [
        12.360143,
        47.504192,
        715.25
      ],
      [
        12.360119,
        47.504235,
        715.0
      ],
      [
        12.360087,
        47.504269,
        714.75
      ],
      [
        12.360008,
        47.504323,
        714.25
      ],
      [
        12.359727,
        47.50446,
        713.75
      ],
      [
        12.359646,
        47.504511,
        713.5
      ],
      [
        12.359549,
        47.504597,
        713.5
      ],
      [
        12.35952,
        47.504637,
        713.5
      ],
      [
        12.35949,
        47.504684,
        713.5
      ],
      [
        12.359377,
        47.50499,
        712.75
      ],
      [
        12.359219,
        47.505519,
        713.0
      ],
      [
        12.359208,
        47.505558,
        712.75
      ],
      [
        12.359129,
        47.505694,
        712.25
      ],
      [
        12.359014,
        47.505826,
        711.75
      ],
      [
        12.358704,
        47.506093,
        709.5
      ],
      [
        12.358623,
        47.506204,
        709.75
      ],
      [
        12.358577,
        47.506292,
        710.0
      ],
      [
        12.358508,
        47.506557,
        709.75
      ],
      [
        12.358484,
        47.506723,
        709.0
      ],
      [
        12.358439,
        47.506882,
        709.0
      ],
      [
        12.358266,
        47.507388,
        707.75
      ],
      [
        12.357924,
        47.508341,
        707.25
      ],
      [
        12.357733,
        47.509056,
        706.5
      ],
      [
        12.357683,
        47.509213,
        706.25
      ],
      [
        12.357555,
        47.509524,
        707.0
      ],
      [
        12.357382,
        47.509885,
        706.75
      ],
      [
        12.35726,
        47.510179,
        707.25
      ],
      [
        12.357125,
        47.510565,
        704.25
      ],
      [
        12.357068,
        47.51066,
        705.0
      ],
      [
        12.357004,
        47.510755,
        706.0
      ],
      [
        12.356941,
        47.510701,
        707.0
      ],
      [
        12.356761,
        47.510917,
        706.75
      ],
      [
        12.356639,
        47.511032,
        706.75
      ],
      [
        12.356489,
        47.511157,
        706.75
      ],
      [
        12.35581,
        47.511567,
        708.75
      ],
      [
        12.354187,
        47.512489,
        718.25
      ],
      [
        12.354044,
        47.512564,
        719.25
      ],
      [
        12.353927,
        47.512617,
        719.75
      ],
      [
        12.353796,
        47.512662,
        721.75
      ],
      [
        12.353707,
        47.512679,
        723.25
      ],
      [
        12.3536,
        47.512685,
        725.0
      ],
      [
        12.353514,
        47.512677,
        725.5
      ],
      [
        12.353191,
        47.512594,
        727.0
      ],
      [
        12.353096,
        47.512582,
        727.0
      ],
      [
        12.352987,
        47.51258,
        727.75
      ],
      [
        12.352877,
        47.512588,
        728.5
      ],
      [
        12.352777,
        47.512601,
        729.25
      ],
      [
        12.3526,
        47.512638,
        729.25
      ],
      [
        12.35252,
        47.512662,
        729.5
      ],
      [
        12.352418,
        47.512702,
        730.0
      ],
      [
        12.352341,
        47.512747,
        730.25
      ],
      [
        12.3523,
        47.512779,
        730.5
      ],
      [
        12.352209,
        47.5129,
        731.0
      ],
      [
        12.352103,
        47.513065,
        731.25
      ],
      [
        12.35203,
        47.513149,
        731.25
      ],
      [
        12.351962,
        47.513204,
        731.25
      ],
      [
        12.351893,
        47.513255,
        731.25
      ],
      [
        12.351751,
        47.513345,
        731.5
      ],
      [
        12.351468,
        47.513482,
        731.0
      ],
      [
        12.351192,
        47.513593,
        731.0
      ],
      [
        12.351105,
        47.513622,
        730.75
      ],
      [
        12.350584,
        47.513792,
        731.0
      ],
      [
        12.349847,
        47.514009,
        730.5
      ],
      [
        12.349013,
        47.514242,
        730.0
      ],
      [
        12.348732,
        47.51432,
        729.25
      ],
      [
        12.348467,
        47.514391,
        728.25
      ],
      [
        12.348304,
        47.514447,
        728.0
      ],
      [
        12.348099,
        47.51454,
        727.75
      ],
      [
        12.347981,
        47.514601,
        727.25
      ],
      [
        12.347864,
        47.514646,
        726.75
      ],
      [
        12.347694,
        47.514679,
        726.5
      ],
      [
        12.3475,
        47.514708,
        726.0
      ],
      [
        12.347179,
        47.514734,
        725.75
      ],
      [
        12.347057,
        47.514749,
        726.0
      ],
      [
        12.346933,
        47.514772,
        725.75
      ],
      [
        12.346798,
        47.51482,
        725.25
      ],
      [
        12.346743,
        47.514795,
        725.75
      ],
      [
        12.346633,
        47.514762,
        726.25
      ],
      [
        12.346187,
        47.51471,
        727.75
      ],
      [
        12.345442,
        47.514603,
        733.0
      ],
      [
        12.34489,
        47.514542,
        730.5
      ],
      [
        12.344252,
        47.514339,
        736.0
      ],
      [
        12.343478,
        47.514371,
        734.0
      ],
      [
        12.343285,
        47.514385,
        733.25
      ],
      [
        12.342843,
        47.514318,
        734.0
      ],
      [
        12.342509,
        47.514245,
        733.5
      ],
      [
        12.342274,
        47.514167,
        731.25
      ],
      [
        12.342151,
        47.514115,
        732.25
      ],
      [
        12.341675,
        47.51389,
        733.0
      ],
      [
        12.341439,
        47.513753,
        736.5
      ],
      [
        12.341303,
        47.513705,
        737.0
      ],
      [
        12.340759,
        47.513583,
        736.0
      ],
      [
        12.340473,
        47.513543,
        736.25
      ],
      [
        12.3403,
        47.513559,
        736.25
      ],
      [
        12.34011,
        47.51361,
        735.5
      ],
      [
        12.339858,
        47.513627,
        736.75
      ],
      [
        12.339522,
        47.513632,
        737.75
      ],
      [
        12.339346,
        47.513627,
        737.75
      ],
      [
        12.338986,
        47.513647,
        739.0
      ],
      [
        12.338546,
        47.513694,
        740.25
      ],
      [
        12.336464,
        47.513581,
        747.25
      ],
      [
        12.336266,
        47.513603,
        746.75
      ],
      [
        12.336129,
        47.513659,
        746.5
      ],
      [
        12.336059,
        47.513759,
        746.25
      ],
      [
        12.335944,
        47.513891,
        745.0
      ],
      [
        12.3358,
        47.513979,
        745.0
      ],
      [
        12.335393,
        47.514075,
        745.5
      ],
      [
        12.335017,
        47.514111,
        746.5
      ],
      [
        12.334538,
        47.514105,
        749.0
      ],
      [
        12.334222,
        47.514092,
        750.0
      ],
      [
        12.333819,
        47.514103,
        752.75
      ],
      [
        12.333826,
        47.514228,
        752.5
      ],
      [
        12.333851,
        47.514312,
        752.25
      ],
      [
        12.333871,
        47.514369,
        752.25
      ],
      [
        12.333924,
        47.514428,
        752.0
      ],
      [
        12.333972,
        47.514542,
        752.25
      ],
      [
        12.333983,
        47.51457,
        752.25
      ],
      [
        12.332975,
        47.514646,
        753.75
      ],
      [
        12.332543,
        47.514655,
        755.0
      ],
      [
        12.331772,
        47.514657,
        756.0
      ],
      [
        12.33062,
        47.514701,
        758.0
      ],
      [
        12.330355,
        47.514682,
        758.75
      ],
      [
        12.330063,
        47.514635,
        759.5
      ],
      [
        12.329927,
        47.514608,
        759.5
      ],
      [
        12.329585,
        47.514555,
        759.75
      ],
      [
        12.32946,
        47.514537,
        759.75
      ],
      [
        12.329299,
        47.514533,
        760.5
      ],
      [
        12.329149,
        47.514533,
        761.25
      ],
      [
        12.329025,
        47.514548,
        761.5
      ],
      [
        12.328913,
        47.51458,
        761.5
      ],
      [
        12.328805,
        47.514603,
        761.5
      ],
      [
        12.328622,
        47.514616,
        762.25
      ],
      [
        12.32853,
        47.514616,
        762.5
      ],
      [
        12.328366,
        47.514584,
        763.25
      ],
      [
        12.328231,
        47.514545,
        763.5
      ],
      [
        12.327787,
        47.514372,
        763.5
      ],
      [
        12.32767,
        47.514336,
        763.75
      ],
      [
        12.327584,
        47.514321,
        763.75
      ],
      [
        12.327531,
        47.514272,
        764.0
      ],
      [
        12.327423,
        47.514208,
        764.5
      ],
      [
        12.327357,
        47.514192,
        764.75
      ],
      [
        12.326929,
        47.514166,
        767.0
      ],
      [
        12.326739,
        47.514155,
        767.75
      ],
      [
        12.326565,
        47.514127,
        767.75
      ],
      [
        12.326224,
        47.514043,
        767.0
      ],
      [
        12.325902,
        47.513945,
        767.0
      ],
      [
        12.325694,
        47.513896,
        766.75
      ],
      [
        12.325518,
        47.513874,
        767.0
      ],
      [
        12.325306,
        47.513874,
        767.0
      ],
      [
        12.325128,
        47.513884,
        767.0
      ],
      [
        12.324718,
        47.513914,
        768.0
      ],
      [
        12.324352,
        47.513927,
        770.0
      ],
      [
        12.323473,
        47.513926,
        774.5
      ],
      [
        12.32281,
        47.513948,
        777.5
      ],
      [
        12.322574,
        47.513956,
        777.75
      ],
      [
        12.322259,
        47.513938,
        778.25
      ],
      [
        12.321922,
        47.51391,
        779.5
      ],
      [
        12.321676,
        47.513877,
        781.0
      ],
      [
        12.321421,
        47.513842,
        782.75
      ],
      [
        12.319631,
        47.513542,
        793.75
      ],
      [
        12.319397,
        47.513503,
        795.0
      ],
      [
        12.319153,
        47.513476,
        796.75
      ],
      [
        12.318129,
        47.513391,
        800.5
      ],
      [
        12.317629,
        47.51338,
        803.0
      ],
      [
        12.31738,
        47.513375,
        803.5
      ],
      [
        12.31688,
        47.513392,
        804.25
      ],
      [
        12.316519,
        47.513394,
        804.75
      ],
      [
        12.315955,
        47.513406,
        804.5
      ],
      [
        12.315773,
        47.513415,
        804.25
      ],
      [
        12.315723,
        47.51342,
        804.25
      ],
      [
        12.315711,
        47.513421,
        804.25
      ],
      [
        12.315598,
        47.513428,
        804.5
      ],
      [
        12.315103,
        47.513457,
        804.5
      ],
      [
        12.314543,
        47.513509,
        805.0
      ],
      [
        12.313776,
        47.513513,
        806.25
      ],
      [
        12.313414,
        47.513479,
        806.5
      ],
      [
        12.312788,
        47.513434,
        806.75
      ],
      [
        12.312638,
        47.51344,
        806.75
      ],
      [
        12.312501,
        47.513458,
        806.5
      ],
      [
        12.312328,
        47.513489,
        806.25
      ],
      [
        12.312069,
        47.513567,
        805.25
      ],
      [
        12.311879,
        47.513616,
        804.75
      ],
      [
        12.311769,
        47.513641,
        804.5
      ],
      [
        12.31167,
        47.513656,
        804.5
      ],
      [
        12.311446,
        47.513662,
        803.75
      ],
      [
        12.311167,
        47.513656,
        803.5
      ],
      [
        12.309119,
        47.513552,
        798.25
      ],
      [
        12.308849,
        47.513544,
        797.25
      ],
      [
        12.308425,
        47.513513,
        797.0
      ],
      [
        12.30767,
        47.513429,
        794.5
      ],
      [
        12.307175,
        47.513371,
        794.5
      ],
      [
        12.306874,
        47.513353,
        793.75
      ],
      [
        12.306696,
        47.513357,
        793.75
      ],
      [
        12.306566,
        47.513374,
        794.0
      ],
      [
        12.306401,
        47.513412,
        794.25
      ],
      [
        12.305591,
        47.513629,
        794.75
      ],
      [
        12.305402,
        47.51367,
        795.25
      ],
      [
        12.304903,
        47.513638,
        796.25
      ],
      [
        12.304647,
        47.513622,
        797.0
      ],
      [
        12.304089,
        47.513586,
        798.5
      ],
      [
        12.303918,
        47.513569,
        799.0
      ],
      [
        12.303393,
        47.51351,
        799.0
      ],
      [
        12.303134,
        47.513484,
        799.25
      ],
      [
        12.303032,
        47.513494,
        799.25
      ],
      [
        12.302891,
        47.513522,
        798.75
      ],
      [
        12.302778,
        47.513562,
        798.5
      ],
      [
        12.302686,
        47.513582,
        798.25
      ],
      [
        12.302594,
        47.513592,
        798.0
      ],
      [
        12.302394,
        47.513596,
        798.0
      ],
      [
        12.301753,
        47.513548,
        799.25
      ],
      [
        12.301685,
        47.513545,
        799.25
      ],
      [
        12.301654,
        47.5136,
        799.0
      ],
      [
        12.301609,
        47.513638,
        798.75
      ],
      [
        12.301206,
        47.513879,
        797.25
      ],
      [
        12.301043,
        47.513994,
        796.5
      ],
      [
        12.300888,
        47.514103,
        795.5
      ],
      [
        12.30067,
        47.51426,
        794.5
      ],
      [
        12.300427,
        47.514439,
        793.5
      ],
      [
        12.300256,
        47.514546,
        792.5
      ],
      [
        12.299945,
        47.514698,
        792.0
      ],
      [
        12.299625,
        47.514855,
        791.0
      ],
      [
        12.299401,
        47.514898,
        790.75
      ],
      [
        12.298397,
        47.515306,
        788.75
      ],
      [
        12.298218,
        47.515396,
        789.0
      ],
      [
        12.298204,
        47.515452,
        789.0
      ],
      [
        12.297811,
        47.515455,
        787.5
      ],
      [
        12.297205,
        47.515461,
        788.5
      ],
      [
        12.297116,
        47.515462,
        788.5
      ],
      [
        12.29694,
        47.51551,
        788.0
      ],
      [
        12.296895,
        47.51553,
        788.0
      ],
      [
        12.296777,
        47.515582,
        787.75
      ],
      [
        12.296703,
        47.515629,
        787.5
      ],
      [
        12.29663,
        47.515692,
        787.5
      ],
      [
        12.296392,
        47.51599,
        786.25
      ],
      [
        12.296334,
        47.516038,
        786.25
      ],
      [
        12.296234,
        47.516098,
        786.0
      ],
      [
        12.295747,
        47.516294,
        785.25
      ],
      [
        12.295726,
        47.516337,
        785.0
      ],
      [
        12.295676,
        47.516386,
        785.0
      ],
      [
        12.295195,
        47.516655,
        784.0
      ],
      [
        12.294887,
        47.51679,
        783.25
      ],
      [
        12.294388,
        47.517039,
        782.0
      ],
      [
        12.292858,
        47.517714,
        778.25
      ],
      [
        12.290951,
        47.518545,
        771.5
      ],
      [
        12.290627,
        47.518601,
        771.0
      ],
      [
        12.29035,
        47.518636,
        770.25
      ],
      [
        12.29015,
        47.518664,
        769.5
      ],
      [
        12.289595,
        47.518727,
        766.75
      ],
      [
        12.289427,
        47.518763,
        766.25
      ],
      [
        12.288953,
        47.518896,
        764.25
      ],
      [
        12.288729,
        47.51897,
        764.0
      ],
      [
        12.288664,
        47.518999,
        764.0
      ],
      [
        12.288601,
        47.519034,
        763.75
      ],
      [
        12.288341,
        47.519204,
        762.75
      ],
      [
        12.288181,
        47.519277,
        762.25
      ],
      [
        12.287875,
        47.519394,
        761.25
      ],
      [
        12.287586,
        47.519476,
        760.75
      ],
      [
        12.287439,
        47.519508,
        760.5
      ],
      [
        12.287385,
        47.51952,
        760.25
      ],
      [
        12.287195,
        47.519535,
        759.75
      ],
      [
        12.28708,
        47.519565,
        759.25
      ],
      [
        12.286976,
        47.519604,
        758.5
      ],
      [
        12.28666,
        47.519761,
        758.0
      ],
      [
        12.286309,
        47.519889,
        757.25
      ],
      [
        12.286077,
        47.519951,
        756.75
      ],
      [
        12.28576,
        47.520029,
        755.25
      ],
      [
        12.285599,
        47.520087,
        755.5
      ],
      [
        12.285458,
        47.520149,
        755.5
      ],
      [
        12.285377,
        47.520231,
        755.0
      ],
      [
        12.285176,
        47.520384,
        753.75
      ],
      [
        12.284699,
        47.520676,
        752.5
      ],
      [
        12.284498,
        47.520832,
        750.75
      ],
      [
        12.284302,
        47.521003,
        751.0
      ],
      [
        12.283967,
        47.521243,
        749.0
      ],
      [
        12.283822,
        47.521329,
        748.5
      ],
      [
        12.283749,
        47.521403,
        748.5
      ],
      [
        12.283605,
        47.521452,
        748.0
      ],
      [
        12.283506,
        47.521518,
        747.75
      ],
      [
        12.283249,
        47.521377,
        747.5
      ],
      [
        12.28318,
        47.521352,
        747.5
      ],
      [
        12.283106,
        47.521339,
        747.25
      ],
      [
        12.282713,
        47.521321,
        746.75
      ],
      [
        12.282631,
        47.521302,
        746.5
      ],
      [
        12.282552,
        47.521269,
        746.5
      ],
      [
        12.282481,
        47.521218,
        746.5
      ],
      [
        12.282354,
        47.52109,
        746.25
      ],
      [
        12.282279,
        47.52104,
        746.0
      ],
      [
        12.281995,
        47.520935,
        745.0
      ],
      [
        12.281928,
        47.520913,
        745.0
      ],
      [
        12.281727,
        47.520852,
        745.5
      ],
      [
        12.281523,
        47.520821,
        745.5
      ],
      [
        12.281266,
        47.520839,
        744.75
      ],
      [
        12.280412,
        47.52095,
        744.5
      ],
      [
        12.280259,
        47.520954,
        744.5
      ],
      [
        12.279712,
        47.520901,
        742.0
      ],
      [
        12.279326,
        47.520906,
        740.25
      ],
      [
        12.279171,
        47.520884,
        740.25
      ],
      [
        12.279001,
        47.520835,
        740.25
      ],
      [
        12.278733,
        47.520711,
        741.0
      ],
      [
        12.278677,
        47.52076,
        740.5
      ],
      [
        12.278619,
        47.520783,
        740.25
      ],
      [
        12.278532,
        47.520785,
        740.0
      ],
      [
        12.277665,
        47.520667,
        737.5
      ],
      [
        12.277473,
        47.520651,
        736.75
      ],
      [
        12.277268,
        47.520646,
        736.75
      ],
      [
        12.276572,
        47.520659,
        732.25
      ],
      [
        12.276066,
        47.520648,
        731.25
      ],
      [
        12.276006,
        47.520666,
        731.0
      ],
      [
        12.275819,
        47.520675,
        730.75
      ],
      [
        12.275531,
        47.520647,
        729.75
      ],
      [
        12.275236,
        47.520655,
        728.25
      ],
      [
        12.27479,
        47.520727,
        726.75
      ],
      [
        12.274348,
        47.520865,
        726.0
      ],
      [
        12.274242,
        47.52089,
        725.75
      ],
      [
        12.274019,
        47.520926,
        725.5
      ],
      [
        12.273725,
        47.520995,
        724.75
      ],
      [
        12.27359,
        47.52101,
        724.25
      ],
      [
        12.273453,
        47.521011,
        724.25
      ],
      [
        12.273385,
        47.521003,
        724.25
      ],
      [
        12.273208,
        47.521016,
        723.75
      ],
      [
        12.273035,
        47.520999,
        723.25
      ],
      [
        12.272691,
        47.520936,
        724.25
      ],
      [
        12.27238,
        47.520855,
        724.0
      ],
      [
        12.272286,
        47.520845,
        723.25
      ],
      [
        12.272167,
        47.520857,
        722.75
      ],
      [
        12.271988,
        47.52082,
        722.25
      ],
      [
        12.271616,
        47.520792,
        720.5
      ],
      [
        12.27089,
        47.520825,
        720.0
      ],
      [
        12.270493,
        47.520815,
        717.75
      ],
      [
        12.270489,
        47.52085,
        717.75
      ],
      [
        12.270477,
        47.520948,
        718.5
      ],
      [
        12.270452,
        47.520966,
        718.75
      ],
      [
        12.270217,
        47.520957,
        718.0
      ],
      [
        12.270081,
        47.520886,
        717.25
      ],
      [
        12.269835,
        47.520785,
        717.5
      ],
      [
        12.269448,
        47.520667,
        715.5
      ],
      [
        12.269309,
        47.52065,
        715.25
      ],
      [
        12.269137,
        47.520666,
        715.5
      ],
      [
        12.268869,
        47.520768,
        716.75
      ],
      [
        12.268646,
        47.520877,
        715.5
      ],
      [
        12.268254,
        47.520994,
        714.5
      ],
      [
        12.267992,
        47.521052,
        714.75
      ],
      [
        12.26779,
        47.521068,
        714.5
      ],
      [
        12.266544,
        47.521128,
        713.0
      ],
      [
        12.26617,
        47.52117,
        712.5
      ],
      [
        12.266079,
        47.521137,
        712.0
      ],
      [
        12.265816,
        47.521089,
        711.0
      ],
      [
        12.265612,
        47.52104,
        711.0
      ],
      [
        12.265364,
        47.520943,
        710.5
      ],
      [
        12.265256,
        47.520915,
        711.0
      ],
      [
        12.263295,
        47.520926,
        708.25
      ],
      [
        12.262946,
        47.520929,
        707.75
      ],
      [
        12.262743,
        47.520945,
        707.0
      ],
      [
        12.262535,
        47.520982,
        707.25
      ],
      [
        12.262354,
        47.521015,
        707.0
      ],
      [
        12.261967,
        47.521126,
        705.0
      ],
      [
        12.261418,
        47.521282,
        704.25
      ],
      [
        12.260916,
        47.521404,
        702.75
      ],
      [
        12.26083,
        47.521419,
        702.75
      ],
      [
        12.260537,
        47.521439,
        702.0
      ],
      [
        12.26006,
        47.521452,
        702.0
      ],
      [
        12.259821,
        47.521452,
        701.25
      ],
      [
        12.258949,
        47.521444,
        699.0
      ],
      [
        12.25873,
        47.52144,
        698.75
      ],
      [
        12.258286,
        47.521466,
        698.0
      ],
      [
        12.257935,
        47.521511,
        697.75
      ],
      [
        12.257643,
        47.521557,
        697.0
      ],
      [
        12.257268,
        47.521605,
        696.25
      ],
      [
        12.256868,
        47.521644,
        694.75
      ],
      [
        12.255938,
        47.52172,
        693.0
      ],
      [
        12.255683,
        47.521872,
        693.0
      ],
      [
        12.255608,
        47.521936,
        693.0
      ],
      [
        12.25542,
        47.522069,
        693.25
      ],
      [
        12.255312,
        47.522114,
        693.5
      ],
      [
        12.255191,
        47.522136,
        693.75
      ],
      [
        12.255023,
        47.522143,
        693.75
      ],
      [
        12.254892,
        47.522133,
        694.0
      ],
      [
        12.254302,
        47.522035,
        692.25
      ],
      [
        12.25369,
        47.521913,
        690.5
      ],
      [
        12.253412,
        47.521844,
        689.5
      ],
      [
        12.253176,
        47.521776,
        690.0
      ],
      [
        12.252973,
        47.52171,
        690.25
      ],
      [
        12.25274,
        47.521629,
        689.75
      ],
      [
        12.252346,
        47.521495,
        689.0
      ],
      [
        12.252275,
        47.521566,
        689.0
      ],
      [
        12.251568,
        47.521687,
        687.0
      ],
      [
        12.250868,
        47.521793,
        686.0
      ],
      [
        12.250489,
        47.521846,
        685.25
      ],
      [
        12.250215,
        47.521858,
        684.75
      ],
      [
        12.249897,
        47.521837,
        683.75
      ],
      [
        12.249615,
        47.521797,
        683.75
      ],
      [
        12.24927,
        47.521715,
        683.75
      ],
      [
        12.249209,
        47.5217,
        683.75
      ],
      [
        12.248949,
        47.521613,
        682.75
      ],
      [
        12.248777,
        47.521549,
        683.25
      ],
      [
        12.248546,
        47.521444,
        683.25
      ],
      [
        12.247983,
        47.521168,
        681.75
      ],
      [
        12.247416,
        47.520958,
        681.5
      ],
      [
        12.247121,
        47.520872,
        681.5
      ],
      [
        12.246952,
        47.520848,
        682.0
      ],
      [
        12.246688,
        47.520823,
        682.0
      ],
      [
        12.245991,
        47.520752,
        679.75
      ],
      [
        12.245628,
        47.520742,
        677.5
      ],
      [
        12.245407,
        47.520774,
        676.0
      ],
      [
        12.244952,
        47.520875,
        674.0
      ],
      [
        12.24493,
        47.52088,
        674.0
      ],
      [
        12.244738,
        47.520905,
        673.75
      ],
      [
        12.244589,
        47.520907,
        673.25
      ],
      [
        12.24447,
        47.520894,
        673.0
      ],
      [
        12.244371,
        47.520866,
        672.5
      ],
      [
        12.244191,
        47.520798,
        671.25
      ],
      [
        12.244065,
        47.520751,
        671.5
      ],
      [
        12.243878,
        47.520708,
        671.75
      ],
      [
        12.243595,
        47.520669,
        671.0
      ],
      [
        12.243147,
        47.520642,
        670.75
      ],
      [
        12.243002,
        47.520642,
        670.5
      ],
      [
        12.24285,
        47.520658,
        670.5
      ],
      [
        12.2426,
        47.520696,
        670.0
      ],
      [
        12.242185,
        47.520764,
        668.5
      ],
      [
        12.241807,
        47.520817,
        669.0
      ],
      [
        12.241401,
        47.520863,
        669.5
      ],
      [
        12.241078,
        47.520876,
        669.5
      ],
      [
        12.240975,
        47.520877,
        670.25
      ],
      [
        12.240921,
        47.520946,
        669.5
      ],
      [
        12.240549,
        47.521118,
        668.75
      ],
      [
        12.240449,
        47.521154,
        668.5
      ],
      [
        12.23979,
        47.521327,
        666.75
      ],
      [
        12.239526,
        47.521387,
        666.0
      ],
      [
        12.239291,
        47.52142,
        665.5
      ],
      [
        12.239066,
        47.521432,
        665.0
      ],
      [
        12.238736,
        47.521426,
        664.0
      ],
      [
        12.238273,
        47.521382,
        662.75
      ],
      [
        12.237921,
        47.521355,
        662.0
      ],
      [
        12.237541,
        47.52134,
        662.0
      ],
      [
        12.237136,
        47.5213,
        661.0
      ],
      [
        12.235375,
        47.521173,
        658.0
      ],
      [
        12.235047,
        47.521135,
        657.75
      ],
      [
        12.234959,
        47.521111,
        658.0
      ],
      [
        12.234286,
        47.52087,
        656.75
      ],
      [
        12.233454,
        47.520553,
        654.25
      ],
      [
        12.233058,
        47.520429,
        653.0
      ],
      [
        12.232887,
        47.520384,
        653.0
      ],
      [
        12.232711,
        47.520355,
        652.75
      ],
      [
        12.231923,
        47.520264,
        651.75
      ],
      [
        12.231706,
        47.520219,
        650.75
      ],
      [
        12.231547,
        47.520172,
        650.25
      ],
      [
        12.230312,
        47.519748,
        648.0
      ],
      [
        12.230004,
        47.519607,
        646.75
      ],
      [
        12.22959,
        47.519446,
        646.5
      ],
      [
        12.229134,
        47.519329,
        645.25
      ],
      [
        12.228874,
        47.519249,
        645.5
      ],
      [
        12.227509,
        47.518797,
        644.25
      ],
      [
        12.227138,
        47.518634,
        644.5
      ],
      [
        12.226856,
        47.518481,
        645.5
      ],
      [
        12.226622,
        47.518404,
        643.5
      ],
      [
        12.225082,
        47.518012,
        641.75
      ],
      [
        12.223867,
        47.517642,
        640.0
      ],
      [
        12.223437,
        47.517554,
        640.0
      ],
      [
        12.222973,
        47.517495,
        638.75
      ],
      [
        12.222651,
        47.517462,
        638.25
      ],
      [
        12.221832,
        47.51743,
        637.5
      ],
      [
        12.22126,
        47.517426,
        638.0
      ],
      [
        12.220155,
        47.517452,
        635.5
      ],
      [
        12.218961,
        47.517513,
        633.75
      ],
      [
        12.218781,
        47.517532,
        633.5
      ],
      [
        12.218611,
        47.517562,
        632.75
      ],
      [
        12.218402,
        47.517617,
        632.5
      ],
      [
        12.217844,
        47.517793,
        631.75
      ],
      [
        12.217212,
        47.517913,
        631.5
      ],
      [
        12.217047,
        47.517931,
        631.75
      ],
      [
        12.216877,
        47.517929,
        632.0
      ],
      [
        12.216698,
        47.517917,
        632.75
      ],
      [
        12.216514,
        47.517888,
        633.5
      ],
      [
        12.216357,
        47.517843,
        634.5
      ],
      [
        12.216067,
        47.51772,
        633.0
      ],
      [
        12.215942,
        47.517687,
        633.25
      ],
      [
        12.2156,
        47.517639,
        635.25
      ],
      [
        12.215385,
        47.517623,
        636.25
      ],
      [
        12.215193,
        47.517577,
        636.25
      ],
      [
        12.215009,
        47.517504,
        635.0
      ],
      [
        12.214871,
        47.517425,
        633.5
      ],
      [
        12.214708,
        47.517285,
        632.0
      ],
      [
        12.214544,
        47.517121,
        631.0
      ],
      [
        12.214426,
        47.517043,
        629.0
      ],
      [
        12.214177,
        47.516938,
        629.75
      ],
      [
        12.213993,
        47.516878,
        628.75
      ],
      [
        12.213624,
        47.5168,
        629.0
      ],
      [
        12.21336,
        47.51673,
        630.0
      ],
      [
        12.213075,
        47.516626,
        631.25
      ],
      [
        12.213007,
        47.516602,
        631.25
      ],
      [
        12.212964,
        47.516595,
        631.0
      ],
      [
        12.212758,
        47.516604,
        630.25
      ],
      [
        12.212449,
        47.51659,
        628.5
      ],
      [
        12.21195,
        47.516549,
        626.25
      ],
      [
        12.211011,
        47.516395,
        623.75
      ],
      [
        12.210402,
        47.516305,
        624.0
      ],
      [
        12.210103,
        47.516293,
        623.75
      ],
      [
        12.209821,
        47.516321,
        622.75
      ],
      [
        12.209475,
        47.516405,
        622.75
      ],
      [
        12.208717,
        47.516608,
        622.5
      ],
      [
        12.208445,
        47.516664,
        623.0
      ],
      [
        12.208215,
        47.516672,
        622.75
      ],
      [
        12.207927,
        47.516633,
        623.0
      ],
      [
        12.207463,
        47.51662,
        623.0
      ],
      [
        12.207406,
        47.516614,
        623.0
      ],
      [
        12.20735,
        47.516601,
        623.0
      ],
      [
        12.207294,
        47.516574,
        623.0
      ],
      [
        12.20724,
        47.516532,
        623.0
      ],
      [
        12.207221,
        47.516497,
        622.75
      ],
      [
        12.207215,
        47.51646,
        622.75
      ],
      [
        12.207235,
        47.516288,
        623.0
      ],
      [
        12.207308,
        47.516199,
        623.25
      ],
      [
        12.207385,
        47.516122,
        623.5
      ],
      [
        12.207767,
        47.515822,
        624.75
      ],
      [
        12.207917,
        47.515665,
        625.0
      ],
      [
        12.20804,
        47.515507,
        625.75
      ],
      [
        12.208119,
        47.515361,
        625.5
      ],
      [
        12.208154,
        47.515276,
        625.5
      ],
      [
        12.208166,
        47.515169,
        626.0
      ],
      [
        12.208148,
        47.515068,
        626.25
      ],
      [
        12.208034,
        47.514636,
        629.25
      ],
      [
        12.208052,
        47.514331,
        630.25
      ],
      [
        12.208015,
        47.514206,
        630.75
      ],
      [
        12.207962,
        47.514151,
        631.5
      ],
      [
        12.20794,
        47.51409,
        633.0
      ],
      [
        12.207899,
        47.513901,
        636.5
      ],
      [
        12.207882,
        47.513822,
        635.5
      ],
      [
        12.207899,
        47.513703,
        634.0
      ],
      [
        12.207834,
        47.513614,
        632.25
      ],
      [
        12.207653,
        47.513418,
        633.0
      ],
      [
        12.2074,
        47.513082,
        633.75
      ],
      [
        12.207226,
        47.512819,
        634.5
      ],
      [
        12.207082,
        47.512497,
        635.0
      ],
      [
        12.206995,
        47.512271,
        635.75
      ],
      [
        12.206762,
        47.511834,
        638.0
      ],
      [
        12.206669,
        47.511603,
        639.25
      ],
      [
        12.206664,
        47.511475,
        640.25
      ],
      [
        12.2068,
        47.511309,
        642.25
      ],
      [
        12.206928,
        47.511089,
        644.25
      ],
      [
        12.20703,
        47.510984,
        646.0
      ],
      [
        12.207252,
        47.510816,
        645.25
      ],
      [
        12.207378,
        47.510624,
        647.0
      ],
      [
        12.207481,
        47.510364,
        646.75
      ],
      [
        12.207533,
        47.510084,
        648.75
      ],
      [
        12.20748,
        47.509842,
        647.75
      ],
      [
        12.207386,
        47.509627,
        648.25
      ],
      [
        12.207307,
        47.509518,
        648.5
      ],
      [
        12.207207,
        47.509415,
        649.0
      ],
      [
        12.207032,
        47.509279,
        649.75
      ],
      [
        12.206945,
        47.509233,
        650.25
      ],
      [
        12.206678,
        47.509123,
        652.5
      ],
      [
        12.206487,
        47.509071,
        655.25
      ],
      [
        12.205915,
        47.509,
        656.75
      ],
      [
        12.205614,
        47.508936,
        655.5
      ],
      [
        12.20546,
        47.508896,
        654.25
      ],
      [
        12.205332,
        47.508801,
        656.0
      ],
      [
        12.20523,
        47.508674,
        656.5
      ],
      [
        12.205175,
        47.508523,
        658.75
      ],
      [
        12.205162,
        47.508123,
        661.75
      ],
      [
        12.205086,
        47.508,
        661.25
      ],
      [
        12.204977,
        47.507886,
        662.0
      ],
      [
        12.204891,
        47.507759,
        663.25
      ],
      [
        12.204835,
        47.507636,
        663.25
      ],
      [
        12.204808,
        47.507517,
        663.5
      ],
      [
        12.204781,
        47.507414,
        665.25
      ],
      [
        12.204711,
        47.507325,
        665.0
      ],
      [
        12.204574,
        47.507216,
        664.5
      ],
      [
        12.204435,
        47.507147,
        665.0
      ],
      [
        12.204342,
        47.50707,
        668.75
      ],
      [
        12.204227,
        47.506942,
        668.75
      ],
      [
        12.204139,
        47.506811,
        669.0
      ],
      [
        12.20408,
        47.50665,
        670.75
      ],
      [
        12.20404,
        47.506556,
        670.0
      ],
      [
        12.204031,
        47.506443,
        670.25
      ],
      [
        12.204074,
        47.506325,
        670.75
      ],
      [
        12.204145,
        47.50625,
        671.25
      ],
      [
        12.203897,
        47.5061,
        672.0
      ],
      [
        12.20381,
        47.506059,
        671.75
      ],
      [
        12.203443,
        47.505884,
        671.25
      ],
      [
        12.20291,
        47.505696,
        672.0
      ],
      [
        12.202174,
        47.505469,
        674.5
      ],
      [
        12.201229,
        47.505241,
        678.75
      ],
      [
        12.201144,
        47.505229,
        678.25
      ],
      [
        12.200977,
        47.505191,
        678.75
      ],
      [
        12.200822,
        47.50515,
        679.75
      ],
      [
        12.200467,
        47.505002,
        680.75
      ],
      [
        12.20017,
        47.504846,
        681.25
      ],
      [
        12.199991,
        47.504762,
        681.5
      ],
      [
        12.19983,
        47.50472,
        682.0
      ],
      [
        12.199627,
        47.504664,
        682.25
      ],
      [
        12.199529,
        47.504646,
        682.5
      ],
      [
        12.199225,
        47.504642,
        683.0
      ],
      [
        12.198842,
        47.504649,
        684.25
      ],
      [
        12.198428,
        47.504641,
        684.0
      ],
      [
        12.198141,
        47.50461,
        683.5
      ],
      [
        12.198086,
        47.504604,
        683.5
      ],
      [
        12.1975,
        47.504529,
        684.5
      ],
      [
        12.196703,
        47.504414,
        685.75
      ],
      [
        12.196657,
        47.504438,
        686.0
      ],
      [
        12.196594,
        47.504471,
        685.75
      ],
      [
        12.196413,
        47.504399,
        686.75
      ],
      [
        12.196224,
        47.504314,
        687.0
      ],
      [
        12.196122,
        47.504257,
        687.0
      ],
      [
        12.195939,
        47.504139,
        687.5
      ],
      [
        12.195643,
        47.503934,
        687.75
      ],
      [
        12.195166,
        47.503609,
        688.75
      ],
      [
        12.194297,
        47.50302,
        690.25
      ],
      [
        12.19396,
        47.50279,
        691.25
      ],
      [
        12.19363,
        47.502567,
        692.5
      ],
      [
        12.193034,
        47.502147,
        693.25
      ],
      [
        12.19298,
        47.502112,
        693.25
      ],
      [
        12.192903,
        47.502062,
        693.5
      ],
      [
        12.192615,
        47.501857,
        693.75
      ],
      [
        12.192368,
        47.501675,
        693.75
      ],
      [
        12.190902,
        47.500668,
        692.75
      ],
      [
        12.190795,
        47.500616,
        692.5
      ],
      [
        12.190652,
        47.500569,
        691.5
      ],
      [
        12.19048,
        47.500547,
        690.75
      ],
      [
        12.190374,
        47.500548,
        690.25
      ],
      [
        12.190286,
        47.500558,
        690.0
      ],
      [
        12.190169,
        47.50059,
        690.0
      ],
      [
        12.190148,
        47.500556,
        690.0
      ],
      [
        12.189908,
        47.50018,
        690.0
      ],
      [
        12.189897,
        47.500123,
        690.75
      ],
      [
        12.1899,
        47.500069,
        691.25
      ],
      [
        12.189956,
        47.49984,
        690.5
      ],
      [
        12.189952,
        47.499785,
        690.0
      ],
      [
        12.189924,
        47.499732,
        689.5
      ],
      [
        12.189885,
        47.499698,
        690.0
      ],
      [
        12.189785,
        47.499641,
        691.0
      ],
      [
        12.189111,
        47.499358,
        691.25
      ],
      [
        12.188773,
        47.49924,
        692.0
      ],
      [
        12.188385,
        47.499076,
        691.5
      ],
      [
        12.187879,
        47.498877,
        692.0
      ],
      [
        12.187808,
        47.498837,
        692.0
      ],
      [
        12.187656,
        47.498715,
        692.5
      ],
      [
        12.187584,
        47.498674,
        692.75
      ],
      [
        12.18746,
        47.498626,
        692.75
      ],
      [
        12.187135,
        47.49854,
        694.0
      ],
      [
        12.186764,
        47.498463,
        694.25
      ],
      [
        12.186538,
        47.498429,
        694.75
      ],
      [
        12.186294,
        47.498413,
        695.25
      ],
      [
        12.18605,
        47.498426,
        695.25
      ],
      [
        12.185913,
        47.498428,
        695.5
      ],
      [
        12.185529,
        47.498376,
        697.0
      ],
      [
        12.18434,
        47.498277,
        698.0
      ],
      [
        12.183956,
        47.498265,
        697.75
      ],
      [
        12.182673,
        47.498153,
        699.0
      ],
      [
        12.181149,
        47.498037,
        700.75
      ],
      [
        12.180017,
        47.497943,
        704.75
      ],
      [
        12.178769,
        47.497829,
        704.75
      ],
      [
        12.178287,
        47.497801,
        703.75
      ],
      [
        12.177501,
        47.497737,
        705.25
      ],
      [
        12.177296,
        47.497676,
        706.75
      ],
      [
        12.177135,
        47.497615,
        706.75
      ],
      [
        12.176184,
        47.497325,
        707.25
      ],
      [
        12.175728,
        47.4972,
        706.0
      ],
      [
        12.175518,
        47.497146,
        705.5
      ],
      [
        12.175283,
        47.497129,
        705.25
      ],
      [
        12.175176,
        47.49711,
        705.25
      ],
      [
        12.174987,
        47.497037,
        705.5
      ],
      [
        12.173978,
        47.496514,
        704.25
      ],
      [
        12.173626,
        47.496833,
        704.0
      ],
      [
        12.17352,
        47.496814,
        704.0
      ],
      [
        12.173433,
        47.496783,
        704.0
      ],
      [
        12.173025,
        47.496535,
        703.75
      ],
      [
        12.172887,
        47.496433,
        703.75
      ],
      [
        12.172621,
        47.496213,
        704.0
      ],
      [
        12.172559,
        47.49613,
        704.0
      ],
      [
        12.172538,
        47.496085,
        704.0
      ],
      [
        12.172525,
        47.495991,
        704.25
      ],
      [
        12.172503,
        47.495948,
        704.5
      ],
      [
        12.17242,
        47.495881,
        704.75
      ],
      [
        12.172317,
        47.495904,
        704.75
      ],
      [
        12.172151,
        47.495982,
        704.5
      ],
      [
        12.172072,
        47.496021,
        704.25
      ],
      [
        12.171647,
        47.495597,
        703.5
      ],
      [
        12.170809,
        47.494605,
        699.25
      ],
      [
        12.170621,
        47.494407,
        698.25
      ],
      [
        12.170438,
        47.494229,
        697.0
      ],
      [
        12.170357,
        47.494174,
        696.5
      ],
      [
        12.170225,
        47.494101,
        695.5
      ],
      [
        12.170084,
        47.493973,
        695.0
      ],
      [
        12.169997,
        47.493896,
        694.75
      ],
      [
        12.169824,
        47.493819,
        693.0
      ],
      [
        12.169229,
        47.493662,
        688.5
      ],
      [
        12.168343,
        47.493375,
        684.0
      ],
      [
        12.168118,
        47.493288,
        682.5
      ],
      [
        12.167617,
        47.493107,
        680.75
      ],
      [
        12.167028,
        47.492884,
        678.75
      ],
      [
        12.166639,
        47.492758,
        677.0
      ],
      [
        12.166292,
        47.492645,
        675.25
      ],
      [
        12.166167,
        47.492579,
        674.25
      ],
      [
        12.166049,
        47.492484,
        673.25
      ],
      [
        12.165997,
        47.492431,
        672.75
      ],
      [
        12.165916,
        47.492308,
        671.75
      ],
      [
        12.165887,
        47.49226,
        671.5
      ],
      [
        12.165699,
        47.491948,
        669.0
      ],
      [
        12.165609,
        47.491798,
        667.75
      ],
      [
        12.165482,
        47.491587,
        666.5
      ],
      [
        12.165264,
        47.491234,
        664.75
      ],
      [
        12.165177,
        47.491095,
        664.5
      ],
      [
        12.16498,
        47.490871,
        662.0
      ],
      [
        12.164894,
        47.490774,
        661.5
      ],
      [
        12.164267,
        47.490022,
        658.0
      ],
      [
        12.164189,
        47.489908,
        657.25
      ],
      [
        12.164123,
        47.489773,
        656.0
      ],
      [
        12.164072,
        47.489641,
        655.25
      ],
      [
        12.164031,
        47.48946,
        655.0
      ],
      [
        12.16401,
        47.489319,
        654.5
      ],
      [
        12.163966,
        47.488753,
        652.25
      ],
      [
        12.163903,
        47.488376,
        651.0
      ],
      [
        12.163743,
        47.487913,
        650.25
      ],
      [
        12.163622,
        47.487779,
        648.25
      ],
      [
        12.163493,
        47.487676,
        650.0
      ],
      [
        12.163192,
        47.487503,
        649.25
      ],
      [
        12.162793,
        47.487296,
        647.5
      ],
      [
        12.162842,
        47.487193,
        649.5
      ],
      [
        12.162846,
        47.487123,
        650.5
      ],
      [
        12.162824,
        47.487041,
        650.75
      ],
      [
        12.162782,
        47.486983,
        649.75
      ],
      [
        12.16272,
        47.486933,
        650.5
      ],
      [
        12.162543,
        47.486842,
        652.0
      ],
      [
        12.162278,
        47.48678,
        651.0
      ],
      [
        12.162172,
        47.486741,
        650.75
      ],
      [
        12.162015,
        47.486655,
        651.0
      ],
      [
        12.161927,
        47.486623,
        651.25
      ],
      [
        12.161807,
        47.486596,
        651.0
      ],
      [
        12.16167,
        47.486582,
        650.5
      ],
      [
        12.161419,
        47.486459,
        650.0
      ],
      [
        12.161222,
        47.486356,
        650.0
      ],
      [
        12.161108,
        47.486308,
        650.5
      ],
      [
        12.160666,
        47.486123,
        649.75
      ],
      [
        12.160495,
        47.486059,
        649.75
      ],
      [
        12.160439,
        47.486151,
        649.25
      ],
      [
        12.160406,
        47.486188,
        649.0
      ],
      [
        12.160125,
        47.486415,
        646.25
      ],
      [
        12.160004,
        47.486508,
        645.0
      ],
      [
        12.159741,
        47.486685,
        642.0
      ],
      [
        12.159509,
        47.486871,
        639.75
      ],
      [
        12.159366,
        47.486958,
        638.25
      ],
      [
        12.1592,
        47.487028,
        636.5
      ],
      [
        12.158994,
        47.487152,
        635.0
      ],
      [
        12.158597,
        47.487048,
        634.5
      ],
      [
        12.158444,
        47.486999,
        634.0
      ],
      [
        12.158335,
        47.486943,
        633.0
      ],
      [
        12.158146,
        47.486807,
        633.5
      ],
      [
        12.157992,
        47.486707,
        632.75
      ],
      [
        12.15784,
        47.486634,
        631.75
      ],
      [
        12.157241,
        47.486415,
        631.0
      ],
      [
        12.157151,
        47.486389,
        630.25
      ],
      [
        12.156953,
        47.486348,
        629.0
      ],
      [
        12.156725,
        47.486321,
        628.25
      ],
      [
        12.156579,
        47.486281,
        628.25
      ],
      [
        12.156492,
        47.486248,
        628.25
      ],
      [
        12.156279,
        47.48614,
        627.5
      ],
      [
        12.156192,
        47.486109,
        627.25
      ],
      [
        12.156048,
        47.486074,
        627.0
      ],
      [
        12.155989,
        47.486053,
        627.0
      ],
      [
        12.15572,
        47.485919,
        627.0
      ],
      [
        12.155375,
        47.485794,
        626.5
      ],
      [
        12.155258,
        47.48574,
        626.5
      ],
      [
        12.15514,
        47.485644,
        626.5
      ],
      [
        12.155215,
        47.485554,
        627.5
      ],
      [
        12.155254,
        47.48549,
        628.25
      ],
      [
        12.155282,
        47.485421,
        628.75
      ],
      [
        12.155288,
        47.485342,
        629.5
      ],
      [
        12.155268,
        47.485262,
        629.75
      ],
      [
        12.155209,
        47.485181,
        629.75
      ],
      [
        12.154237,
        47.484485,
        626.75
      ],
      [
        12.154147,
        47.484362,
        626.5
      ],
      [
        12.15396,
        47.484364,
        625.75
      ],
      [
        12.153662,
        47.484366,
        624.75
      ],
      [
        12.153456,
        47.484358,
        623.25
      ],
      [
        12.153239,
        47.48433,
        621.75
      ],
      [
        12.153049,
        47.484284,
        620.75
      ],
      [
        12.152966,
        47.48426,
        620.0
      ],
      [
        12.152854,
        47.484236,
        619.0
      ],
      [
        12.152777,
        47.484224,
        618.5
      ],
      [
        12.152493,
        47.48419,
        616.75
      ],
      [
        12.152158,
        47.484158,
        614.5
      ],
      [
        12.152069,
        47.484141,
        613.75
      ],
      [
        12.151987,
        47.484118,
        613.25
      ],
      [
        12.151899,
        47.484081,
        612.5
      ],
      [
        12.151431,
        47.483811,
        610.5
      ],
      [
        12.151094,
        47.483649,
        607.75
      ],
      [
        12.150589,
        47.483404,
        605.25
      ],
      [
        12.150231,
        47.483239,
        603.75
      ],
      [
        12.150073,
        47.48319,
        603.5
      ],
      [
        12.149933,
        47.483158,
        602.75
      ],
      [
        12.149855,
        47.483136,
        602.25
      ],
      [
        12.149619,
        47.483075,
        601.0
      ],
      [
        12.149287,
        47.483022,
        600.25
      ],
      [
        12.149043,
        47.483006,
        599.75
      ],
      [
        12.148883,
        47.482995,
        599.75
      ],
      [
        12.148623,
        47.482985,
        599.5
      ],
      [
        12.14784,
        47.48293,
        597.5
      ],
      [
        12.146961,
        47.482788,
        595.0
      ],
      [
        12.145319,
        47.482615,
        591.0
      ],
      [
        12.145071,
        47.482572,
        591.25
      ],
      [
        12.144035,
        47.482745,
        587.75
      ],
      [
        12.143373,
        47.482832,
        588.0
      ],
      [
        12.143035,
        47.482855,
        587.5
      ],
      [
        12.142558,
        47.482856,
        586.25
      ],
      [
        12.142216,
        47.48287,
        585.5
      ],
      [
        12.141787,
        47.482855,
        583.0
      ],
      [
        12.141557,
        47.482838,
        581.75
      ],
      [
        12.140938,
        47.482763,
        579.0
      ],
      [
        12.14014,
        47.48263,
        576.0
      ],
      [
        12.140097,
        47.482667,
        576.0
      ],
      [
        12.140021,
        47.482697,
        576.0
      ],
      [
        12.139922,
        47.482725,
        575.75
      ],
      [
        12.139577,
        47.482785,
        576.0
      ],
      [
        12.139446,
        47.482819,
        576.0
      ],
      [
        12.139002,
        47.482966,
        575.75
      ],
      [
        12.138597,
        47.48308,
        575.25
      ],
      [
        12.138352,
        47.48316,
        576.0
      ],
      [
        12.137964,
        47.483271,
        576.75
      ],
      [
        12.137588,
        47.483347,
        577.75
      ],
      [
        12.137154,
        47.483415,
        581.25
      ],
      [
        12.137035,
        47.483452,
        582.25
      ],
      [
        12.136735,
        47.483492,
        583.5
      ],
      [
        12.136604,
        47.483464,
        583.5
      ],
      [
        12.136212,
        47.483448,
        584.75
      ],
      [
        12.135781,
        47.48346,
        585.75
      ],
      [
        12.135564,
        47.483448,
        586.0
      ],
      [
        12.135369,
        47.483427,
        586.0
      ],
      [
        12.135009,
        47.483376,
        586.5
      ],
      [
        12.134819,
        47.483361,
        587.0
      ],
      [
        12.134655,
        47.483375,
        587.5
      ],
      [
        12.134004,
        47.483511,
        586.75
      ],
      [
        12.133861,
        47.483556,
        586.75
      ],
      [
        12.133674,
        47.483644,
        586.75
      ],
      [
        12.133418,
        47.483793,
        586.75
      ],
      [
        12.133371,
        47.483809,
        586.5
      ],
      [
        12.133305,
        47.483832,
        586.0
      ],
      [
        12.133131,
        47.483884,
        586.0
      ],
      [
        12.133,
        47.483907,
        586.0
      ],
      [
        12.132828,
        47.483927,
        586.0
      ],
      [
        12.131573,
        47.483927,
        587.0
      ],
      [
        12.131438,
        47.483939,
        587.25
      ],
      [
        12.1313,
        47.483959,
        587.5
      ],
      [
        12.131129,
        47.483995,
        587.25
      ],
      [
        12.130583,
        47.484161,
        589.0
      ],
      [
        12.130142,
        47.484257,
        590.25
      ],
      [
        12.130007,
        47.484296,
        590.75
      ],
      [
        12.129859,
        47.484357,
        591.25
      ],
      [
        12.129709,
        47.484447,
        592.0
      ],
      [
        12.129623,
        47.484509,
        593.25
      ],
      [
        12.129564,
        47.484547,
        594.0
      ],
      [
        12.129426,
        47.484594,
        594.5
      ],
      [
        12.129301,
        47.484674,
        595.0
      ],
      [
        12.128759,
        47.484842,
        595.25
      ],
      [
        12.128301,
        47.485073,
        593.25
      ],
      [
        12.127721,
        47.48453,
        582.5
      ],
      [
        12.127586,
        47.48444,
        580.0
      ],
      [
        12.12743,
        47.484364,
        578.75
      ],
      [
        12.127157,
        47.484268,
        576.0
      ],
      [
        12.126817,
        47.484144,
        571.0
      ],
      [
        12.126725,
        47.484095,
        570.0
      ],
      [
        12.126643,
        47.484039,
        569.0
      ],
      [
        12.12628,
        47.483673,
        562.5
      ],
      [
        12.126204,
        47.483622,
        560.75
      ],
      [
        12.126007,
        47.483525,
        557.75
      ],
      [
        12.125407,
        47.483113,
        550.75
      ],
      [
        12.125267,
        47.483142,
        550.0
      ],
      [
        12.125096,
        47.483194,
        548.75
      ],
      [
        12.124902,
        47.483278,
        547.75
      ],
      [
        12.124645,
        47.483389,
        546.0
      ],
      [
        12.124485,
        47.483443,
        544.75
      ],
      [
        12.124114,
        47.483521,
        543.5
      ],
      [
        12.124049,
        47.483525,
        543.25
      ],
      [
        12.124004,
        47.48351,
        543.5
      ],
      [
        12.123895,
        47.483443,
        543.5
      ],
      [
        12.123837,
        47.483408,
        543.25
      ],
      [
        12.122743,
        47.484002,
        541.25
      ],
      [
        12.122258,
        47.484254,
        541.0
      ],
      [
        12.121762,
        47.484501,
        541.25
      ],
      [
        12.121725,
        47.484519,
        541.0
      ],
      [
        12.121433,
        47.484201,
        540.0
      ],
      [
        12.121398,
        47.484184,
        540.0
      ],
      [
        12.121356,
        47.484176,
        539.5
      ],
      [
        12.121306,
        47.484177,
        538.75
      ],
      [
        12.120796,
        47.484376,
        538.25
      ],
      [
        12.120566,
        47.484459,
        538.0
      ],
      [
        12.120271,
        47.48453,
        536.5
      ],
      [
        12.119564,
        47.484655,
        537.5
      ],
      [
        12.11887,
        47.484734,
        537.0
      ],
      [
        12.118532,
        47.484783,
        536.0
      ],
      [
        12.118258,
        47.484835,
        536.0
      ],
      [
        12.117843,
        47.484927,
        536.5
      ],
      [
        12.117419,
        47.485054,
        535.5
      ],
      [
        12.116497,
        47.485371,
        535.25
      ],
      [
        12.115823,
        47.485589,
        535.0
      ],
      [
        12.115259,
        47.485753,
        535.0
      ],
      [
        12.114712,
        47.485866,
        534.0
      ],
      [
        12.11428,
        47.485935,
        533.75
      ],
      [
        12.113957,
        47.485975,
        534.0
      ],
      [
        12.112896,
        47.486133,
        533.5
      ],
      [
        12.1126,
        47.486193,
        532.75
      ],
      [
        12.111868,
        47.486386,
        533.25
      ],
      [
        12.111637,
        47.486461,
        532.25
      ],
      [
        12.111311,
        47.486563,
        532.75
      ],
      [
        12.111014,
        47.486677,
        532.75
      ],
      [
        12.110847,
        47.486748,
        531.75
      ],
      [
        12.110617,
        47.486833,
        532.75
      ],
      [
        12.110599,
        47.486804,
        532.25
      ],
      [
        12.110465,
        47.486623,
        532.25
      ],
      [
        12.11044,
        47.486595,
        532.75
      ],
      [
        12.110402,
        47.486575,
        533.25
      ],
      [
        12.110349,
        47.486575,
        533.75
      ],
      [
        12.110272,
        47.486589,
        534.25
      ],
      [
        12.109599,
        47.48681,
        532.5
      ],
      [
        12.109498,
        47.486828,
        532.5
      ],
      [
        12.109447,
        47.48683,
        532.75
      ],
      [
        12.109363,
        47.486813,
        532.75
      ],
      [
        12.109324,
        47.486794,
        532.75
      ],
      [
        12.109296,
        47.486767,
        532.75
      ],
      [
        12.10927,
        47.486736,
        532.75
      ],
      [
        12.109259,
        47.486704,
        532.75
      ],
      [
        12.109257,
        47.486632,
        532.75
      ],
      [
        12.109285,
        47.4866,
        533.0
      ],
      [
        12.109333,
        47.486568,
        533.25
      ],
      [
        12.109422,
        47.486535,
        533.75
      ],
      [
        12.110001,
        47.486413,
        533.75
      ],
      [
        12.110153,
        47.486379,
        534.5
      ],
      [
        12.110266,
        47.486338,
        534.75
      ],
      [
        12.110314,
        47.48629,
        535.0
      ],
      [
        12.110313,
        47.486253,
        535.0
      ],
      [
        12.110289,
        47.486223,
        535.0
      ],
      [
        12.110256,
        47.486195,
        535.0
      ],
      [
        12.110009,
        47.486283,
        534.75
      ],
      [
        12.109941,
        47.486304,
        534.5
      ],
      [
        12.109652,
        47.486385,
        534.0
      ],
      [
        12.109254,
        47.486463,
        533.5
      ],
      [
        12.109093,
        47.486496,
        533.5
      ],
      [
        12.10893,
        47.486537,
        534.0
      ],
      [
        12.108862,
        47.48656,
        534.25
      ],
      [
        12.108267,
        47.486762,
        534.0
      ],
      [
        12.108216,
        47.486779,
        534.0
      ],
      [
        12.108113,
        47.486814,
        534.0
      ],
      [
        12.108082,
        47.486825,
        534.0
      ],
      [
        12.107623,
        47.486983,
        534.25
      ],
      [
        12.107297,
        47.487088,
        533.75
      ],
      [
        12.107192,
        47.487105,
        533.75
      ],
      [
        12.107087,
        47.487131,
        534.25
      ],
      [
        12.106848,
        47.487216,
        534.25
      ],
      [
        12.106403,
        47.48742,
        534.5
      ],
      [
        12.105434,
        47.48794,
        534.0
      ],
      [
        12.103829,
        47.488722,
        532.5
      ],
      [
        12.103675,
        47.4888,
        532.75
      ],
      [
        12.102908,
        47.489188,
        531.25
      ],
      [
        12.102862,
        47.489207,
        531.0
      ],
      [
        12.102822,
        47.489224,
        530.5
      ],
      [
        12.102781,
        47.48924,
        530.25
      ],
      [
        12.102421,
        47.489344,
        528.5
      ],
      [
        12.101193,
        47.489677,
        527.5
      ],
      [
        12.100975,
        47.489714,
        527.75
      ],
      [
        12.100732,
        47.489715,
        527.75
      ],
      [
        12.10057,
        47.489686,
        527.75
      ],
      [
        12.100446,
        47.489643,
        527.75
      ],
      [
        12.100184,
        47.489526,
        528.0
      ],
      [
        12.099814,
        47.489321,
        528.0
      ],
      [
        12.099647,
        47.489216,
        527.75
      ],
      [
        12.099449,
        47.489085,
        528.25
      ],
      [
        12.09914,
        47.488863,
        528.75
      ],
      [
        12.098961,
        47.48873,
        528.5
      ],
      [
        12.098509,
        47.488374,
        528.75
      ],
      [
        12.09827,
        47.488213,
        528.75
      ],
      [
        12.098178,
        47.488169,
        529.0
      ],
      [
        12.098055,
        47.488129,
        529.25
      ],
      [
        12.097925,
        47.488098,
        529.5
      ],
      [
        12.097278,
        47.487993,
        530.25
      ],
      [
        12.097223,
        47.487983,
        530.5
      ],
      [
        12.097108,
        47.487966,
        530.0
      ],
      [
        12.096804,
        47.487925,
        529.75
      ],
      [
        12.096625,
        47.487911,
        530.0
      ],
      [
        12.096438,
        47.487903,
        529.5
      ],
      [
        12.09623,
        47.487902,
        530.0
      ],
      [
        12.09594,
        47.487927,
        530.5
      ],
      [
        12.094583,
        47.488073,
        529.75
      ],
      [
        12.092788,
        47.488277,
        528.0
      ],
      [
        12.092358,
        47.488319,
        528.0
      ],
      [
        12.090709,
        47.48842,
        526.0
      ],
      [
        12.090708,
        47.488389,
        526.25
      ],
      [
        12.0907,
        47.487401,
        529.0
      ],
      [
        12.090769,
        47.487032,
        532.0
      ],
      [
        12.090721,
        47.48703,
        532.0
      ],
      [
        12.090634,
        47.487025,
        532.0
      ],
      [
        12.090059,
        47.487105,
        532.25
      ],
      [
        12.089649,
        47.487148,
        532.25
      ],
      [
        12.08942,
        47.487153,
        532.25
      ],
      [
        12.089243,
        47.487133,
        532.5
      ],
      [
        12.088668,
        47.486981,
        531.25
      ],
      [
        12.088273,
        47.486857,
        531.0
      ],
      [
        12.088027,
        47.486784,
        530.75
      ],
      [
        12.087933,
        47.486731,
        530.5
      ],
      [
        12.087653,
        47.486637,
        530.0
      ],
      [
        12.087389,
        47.486536,
        530.0
      ],
      [
        12.087206,
        47.486466,
        530.25
      ],
      [
        12.087033,
        47.486436,
        530.0
      ],
      [
        12.086973,
        47.486434,
        530.0
      ],
      [
        12.086685,
        47.486458,
        529.0
      ],
      [
        12.086267,
        47.486485,
        529.0
      ],
      [
        12.085949,
        47.486505,
        528.5
      ],
      [
        12.085652,
        47.486524,
        528.25
      ],
      [
        12.08535,
        47.48654,
        528.0
      ],
      [
        12.084728,
        47.486404,
        527.0
      ],
      [
        12.084463,
        47.486346,
        527.0
      ],
      [
        12.084118,
        47.486268,
        526.75
      ],
      [
        12.083858,
        47.486203,
        526.25
      ],
      [
        12.082873,
        47.485915,
        525.0
      ],
      [
        12.082822,
        47.485906,
        525.0
      ],
      [
        12.082627,
        47.485864,
        524.75
      ],
      [
        12.08242,
        47.48578,
        525.0
      ],
      [
        12.082372,
        47.485754,
        525.0
      ],
      [
        12.082316,
        47.485711,
        525.0
      ],
      [
        12.082269,
        47.485683,
        525.0
      ],
      [
        12.082139,
        47.485632,
        524.5
      ],
      [
        12.082071,
        47.485618,
        524.25
      ],
      [
        12.081972,
        47.485607,
        524.0
      ],
      [
        12.081328,
        47.485621,
        523.75
      ],
      [
        12.08105,
        47.485628,
        523.0
      ],
      [
        12.080933,
        47.485612,
        523.0
      ],
      [
        12.080829,
        47.485588,
        522.75
      ],
      [
        12.079358,
        47.485074,
        522.0
      ],
      [
        12.079016,
        47.485076,
        521.25
      ],
      [
        12.077099,
        47.485195,
        518.5
      ],
      [
        12.077063,
        47.485198,
        518.5
      ],
      [
        12.075891,
        47.485282,
        516.75
      ],
      [
        12.075831,
        47.485286,
        517.0
      ],
      [
        12.075569,
        47.485317,
        517.5
      ],
      [
        12.075517,
        47.485322,
        517.5
      ],
      [
        12.074727,
        47.485402,
        516.75
      ],
      [
        12.074639,
        47.485411,
        517.0
      ],
      [
        12.074076,
        47.485481,
        517.0
      ],
      [
        12.073956,
        47.485494,
        517.0
      ],
      [
        12.072875,
        47.485636,
        517.0
      ],
      [
        12.072536,
        47.485694,
        517.0
      ],
      [
        12.072229,
        47.48577,
        517.0
      ],
      [
        12.072126,
        47.485798,
        517.0
      ],
      [
        12.072059,
        47.485816,
        517.0
      ],
      [
        12.072039,
        47.485785,
        517.0
      ],
      [
        12.072006,
        47.48576,
        517.0
      ],
      [
        12.07174,
        47.485605,
        516.75
      ],
      [
        12.071156,
        47.485301,
        517.0
      ],
      [
        12.071096,
        47.485269,
        517.0
      ],
      [
        12.070534,
        47.484968,
        517.75
      ],
      [
        12.070398,
        47.484895,
        517.5
      ],
      [
        12.069775,
        47.484551,
        518.25
      ],
      [
        12.069098,
        47.484173,
        518.75
      ],
      [
        12.068731,
        47.483982,
        519.5
      ],
      [
        12.068427,
        47.483816,
        519.5
      ],
      [
        12.068114,
        47.483656,
        519.0
      ],
      [
        12.067968,
        47.483538,
        518.75
      ],
      [
        12.067937,
        47.483506,
        518.5
      ],
      [
        12.067913,
        47.483481,
        518.5
      ],
      [
        12.067661,
        47.483287,
        518.5
      ],
      [
        12.067624,
        47.483259,
        518.25
      ],
      [
        12.067557,
        47.483273,
        518.0
      ],
      [
        12.067404,
        47.483291,
        517.75
      ],
      [
        12.066916,
        47.483313,
        517.75
      ],
      [
        12.06674,
        47.483332,
        517.25
      ],
      [
        12.066671,
        47.483344,
        516.5
      ],
      [
        12.066577,
        47.483362,
        516.5
      ],
      [
        12.066385,
        47.483424,
        515.75
      ],
      [
        12.066295,
        47.483461,
        515.75
      ],
      [
        12.066108,
        47.483562,
        515.75
      ],
      [
        12.065829,
        47.483734,
        514.75
      ],
      [
        12.065692,
        47.48382,
        514.75
      ],
      [
        12.065622,
        47.483862,
        514.75
      ],
      [
        12.065487,
        47.483777,
        514.5
      ],
      [
        12.065384,
        47.483723,
        514.5
      ],
      [
        12.06531,
        47.483687,
        514.5
      ],
      [
        12.065222,
        47.483645,
        514.75
      ],
      [
        12.065017,
        47.483868,
        514.0
      ],
      [
        12.064928,
        47.483942,
        513.75
      ],
      [
        12.064706,
        47.484041,
        513.25
      ],
      [
        12.064576,
        47.484063,
        513.25
      ],
      [
        12.064478,
        47.484069,
        513.25
      ],
      [
        12.064409,
        47.484074,
        513.25
      ],
      [
        12.064225,
        47.484105,
        513.0
      ],
      [
        12.064136,
        47.484136,
        513.0
      ],
      [
        12.063752,
        47.483975,
        513.0
      ],
      [
        12.063634,
        47.483933,
        513.0
      ],
      [
        12.063255,
        47.483866,
        513.0
      ],
      [
        12.062994,
        47.483807,
        513.0
      ],
      [
        12.062329,
        47.483519,
        512.5
      ],
      [
        12.062254,
        47.483486,
        512.5
      ],
      [
        12.061263,
        47.483043,
        512.5
      ],
      [
        12.060808,
        47.482775,
        510.75
      ],
      [
        12.059993,
        47.482455,
        510.25
      ],
      [
        12.059827,
        47.482641,
        510.25
      ],
      [
        12.059801,
        47.482631,
        510.25
      ],
      [
        12.059675,
        47.482578,
        510.25
      ],
      [
        12.059569,
        47.482533,
        510.0
      ],
      [
        12.05953,
        47.482467,
        510.0
      ],
      [
        12.059491,
        47.482436,
        510.0
      ],
      [
        12.059444,
        47.482414,
        510.25
      ],
      [
        12.059387,
        47.482395,
        510.25
      ],
      [
        12.059317,
        47.482388,
        510.25
      ],
      [
        12.059231,
        47.482393,
        510.25
      ],
      [
        12.059218,
        47.482393,
        510.25
      ],
      [
        12.05873,
        47.482195,
        510.25
      ],
      [
        12.058517,
        47.482108,
        509.75
      ],
      [
        12.058595,
        47.48202,
        509.75
      ],
      [
        12.058766,
        47.481827,
        510.5
      ],
      [
        12.05873,
        47.481808,
        510.25
      ],
      [
        12.058218,
        47.481609,
        510.0
      ],
      [
        12.058064,
        47.481551,
        510.0
      ],
      [
        12.057509,
        47.481341,
        510.0
      ],
      [
        12.057066,
        47.481175,
        510.75
      ],
      [
        12.056545,
        47.480973,
        511.25
      ],
      [
        12.05638,
        47.480911,
        510.75
      ],
      [
        12.05592,
        47.480734,
        511.0
      ],
      [
        12.055251,
        47.480476,
        511.25
      ],
      [
        12.055434,
        47.480267,
        512.0
      ],
      [
        12.055717,
        47.480048,
        512.75
      ],
      [
        12.056057,
        47.479833,
        514.5
      ],
      [
        12.05514,
        47.479481,
        514.75
      ],
      [
        12.055027,
        47.479628,
        514.0
      ],
      [
        12.054919,
        47.479807,
        513.5
      ],
      [
        12.05481,
        47.480108,
        512.5
      ],
      [
        12.054744,
        47.480217,
        512.0
      ],
      [
        12.054203,
        47.480807,
        509.0
      ],
      [
        12.053993,
        47.481072,
        509.0
      ],
      [
        12.05374,
        47.481015,
        508.5
      ],
      [
        12.053713,
        47.481041,
        508.5
      ],
      [
        12.053568,
        47.481183,
        507.5
      ],
      [
        12.053469,
        47.481268,
        507.25
      ],
      [
        12.053347,
        47.481435,
        506.75
      ],
      [
        12.053041,
        47.481835,
        505.25
      ],
      [
        12.052882,
        47.482078,
        504.5
      ],
      [
        12.052752,
        47.48227,
        503.75
      ],
      [
        12.05272,
        47.482316,
        503.75
      ],
      [
        12.05262,
        47.48246,
        503.0
      ],
      [
        12.052577,
        47.482521,
        502.75
      ],
      [
        12.052424,
        47.482695,
        502.5
      ],
      [
        12.052315,
        47.482818,
        502.25
      ],
      [
        12.05226,
        47.482879,
        502.0
      ],
      [
        12.051934,
        47.483242,
        500.5
      ],
      [
        12.051643,
        47.483567,
        501.0
      ],
      [
        12.05143,
        47.483804,
        500.5
      ],
      [
        12.051394,
        47.483858,
        500.0
      ],
      [
        12.051375,
        47.483888,
        500.0
      ],
      [
        12.050905,
        47.483813,
        501.75
      ],
      [
        12.050764,
        47.483764,
        502.0
      ],
      [
        12.050677,
        47.483728,
        502.0
      ],
      [
        12.05065,
        47.483717,
        502.0
      ],
      [
        12.050283,
        47.483569,
        501.0
      ],
      [
        12.050237,
        47.483527,
        500.75
      ],
      [
        12.050087,
        47.483657,
        500.25
      ],
      [
        12.049895,
        47.483889,
        500.0
      ],
      [
        12.049808,
        47.483948,
        499.5
      ],
      [
        12.049731,
        47.483982,
        499.0
      ],
      [
        12.049646,
        47.484007,
        499.0
      ],
      [
        12.049562,
        47.484023,
        499.0
      ],
      [
        12.0478,
        47.484173,
        499.75
      ],
      [
        12.047661,
        47.484115,
        499.75
      ],
      [
        12.046272,
        47.483773,
        499.75
      ],
      [
        12.045658,
        47.48371,
        499.75
      ],
      [
        12.045303,
        47.483637,
        500.0
      ],
      [
        12.044403,
        47.483434,
        499.5
      ],
      [
        12.044157,
        47.483386,
        500.0
      ],
      [
        12.043082,
        47.483243,
        499.0
      ],
      [
        12.042711,
        47.483184,
        499.25
      ],
      [
        12.042546,
        47.483142,
        500.0
      ],
      [
        12.04229,
        47.483007,
        500.0
      ],
      [
        12.042187,
        47.482982,
        500.0
      ],
      [
        12.04152,
        47.483021,
        500.0
      ],
      [
        12.041268,
        47.483011,
        499.5
      ],
      [
        12.041026,
        47.482986,
        499.25
      ],
      [
        12.040493,
        47.482914,
        499.5
      ],
      [
        12.039794,
        47.48287,
        500.5
      ],
      [
        12.038264,
        47.482709,
        499.25
      ],
      [
        12.037073,
        47.482517,
        500.5
      ],
      [
        12.036928,
        47.482471,
        500.75
      ],
      [
        12.036566,
        47.482471,
        500.0
      ],
      [
        12.036188,
        47.482488,
        500.0
      ],
      [
        12.036101,
        47.482486,
        499.75
      ],
      [
        12.035265,
        47.4824,
        499.25
      ],
      [
        12.035137,
        47.482376,
        499.5
      ],
      [
        12.034289,
        47.482296,
        500.5
      ],
      [
        12.033208,
        47.482179,
        500.0
      ],
      [
        12.032876,
        47.482154,
        500.0
      ],
      [
        12.032208,
        47.482076,
        500.25
      ],
      [
        12.031532,
        47.482011,
        501.0
      ],
      [
        12.031349,
        47.481987,
        500.25
      ],
      [
        12.03096,
        47.481912,
        500.0
      ],
      [
        12.030728,
        47.481842,
        500.0
      ],
      [
        12.030166,
        47.48173,
        500.5
      ],
      [
        12.029836,
        47.481682,
        501.0
      ],
      [
        12.028925,
        47.481588,
        500.25
      ],
      [
        12.028726,
        47.481518,
        500.5
      ],
      [
        12.028655,
        47.481506,
        500.5
      ],
      [
        12.028561,
        47.481513,
        500.75
      ],
      [
        12.028371,
        47.481537,
        502.0
      ],
      [
        12.028118,
        47.481611,
        502.5
      ],
      [
        12.028,
        47.481621,
        502.5
      ],
      [
        12.027874,
        47.48162,
        502.0
      ],
      [
        12.027793,
        47.481608,
        502.0
      ],
      [
        12.027716,
        47.481578,
        502.25
      ],
      [
        12.02754,
        47.481461,
        501.75
      ],
      [
        12.027417,
        47.481429,
        500.75
      ],
      [
        12.027228,
        47.481408,
        500.0
      ],
      [
        12.026874,
        47.481405,
        500.75
      ],
      [
        12.026827,
        47.481393,
        500.5
      ],
      [
        12.026799,
        47.481375,
        500.5
      ],
      [
        12.026783,
        47.481353,
        500.25
      ],
      [
        12.026777,
        47.481321,
        500.5
      ],
      [
        12.026856,
        47.480851,
        501.0
      ],
      [
        12.026821,
        47.480723,
        501.0
      ],
      [
        12.026811,
        47.480543,
        501.5
      ],
      [
        12.0268,
        47.480507,
        501.5
      ],
      [
        12.026779,
        47.480484,
        501.75
      ],
      [
        12.026689,
        47.48045,
        502.25
      ],
      [
        12.026641,
        47.480426,
        502.25
      ],
      [
        12.026623,
        47.480406,
        502.25
      ],
      [
        12.026623,
        47.480355,
        502.5
      ],
      [
        12.026646,
        47.480278,
        502.75
      ],
      [
        12.026649,
        47.480212,
        502.5
      ],
      [
        12.026626,
        47.480172,
        502.5
      ],
      [
        12.026595,
        47.480141,
        502.25
      ],
      [
        12.026533,
        47.48011,
        502.0
      ],
      [
        12.026449,
        47.480094,
        502.0
      ],
      [
        12.026028,
        47.480069,
        501.75
      ],
      [
        12.024914,
        47.479893,
        501.0
      ],
      [
        12.024378,
        47.479749,
        501.0
      ],
      [
        12.024013,
        47.47969,
        501.0
      ],
      [
        12.023966,
        47.479683,
        501.0
      ],
      [
        12.02379,
        47.47966,
        501.0
      ],
      [
        12.023215,
        47.479469,
        501.0
      ],
      [
        12.022897,
        47.479394,
        501.0
      ],
      [
        12.022733,
        47.479371,
        501.0
      ],
      [
        12.022564,
        47.47936,
        501.0
      ],
      [
        12.022294,
        47.479354,
        501.0
      ],
      [
        12.021887,
        47.479357,
        501.0
      ],
      [
        12.02173,
        47.479373,
        501.0
      ],
      [
        12.021452,
        47.479421,
        501.0
      ],
      [
        12.021182,
        47.479479,
        501.0
      ],
      [
        12.020992,
        47.479537,
        501.0
      ],
      [
        12.020807,
        47.479608,
        501.0
      ],
      [
        12.020449,
        47.479703,
        501.5
      ],
      [
        12.020198,
        47.479741,
        501.0
      ],
      [
        12.019544,
        47.479787,
        501.25
      ],
      [
        12.018414,
        47.479832,
        501.0
      ],
      [
        12.018223,
        47.47985,
        501.0
      ],
      [
        12.017773,
        47.47992,
        501.25
      ],
      [
        12.016723,
        47.48004,
        501.75
      ],
      [
        12.01648,
        47.480044,
        501.75
      ],
      [
        12.016265,
        47.480014,
        501.75
      ],
      [
        12.015971,
        47.479947,
        501.5
      ],
      [
        12.015461,
        47.479777,
        501.75
      ],
      [
        12.015383,
        47.47976,
        501.75
      ],
      [
        12.015299,
        47.47975,
        501.75
      ],
      [
        12.015115,
        47.479748,
        501.75
      ],
      [
        12.014832,
        47.479784,
        501.75
      ],
      [
        12.014639,
        47.479798,
        501.5
      ],
      [
        12.014579,
        47.479928,
        501.25
      ],
      [
        12.014517,
        47.480036,
        501.0
      ],
      [
        12.014482,
        47.480082,
        501.0
      ],
      [
        12.014433,
        47.480122,
        501.0
      ],
      [
        12.014378,
        47.480173,
        501.25
      ],
      [
        12.014356,
        47.480208,
        501.25
      ],
      [
        12.014324,
        47.480338,
        501.75
      ],
      [
        12.014283,
        47.480501,
        501.5
      ],
      [
        12.014265,
        47.480565,
        501.25
      ],
      [
        12.01366,
        47.480488,
        502.25
      ],
      [
        12.008299,
        47.479915,
        503.5
      ],
      [
        12.002687,
        47.479324,
        504.5
      ],
      [
        12.00263,
        47.479316,
        504.75
      ],
      [
        11.995961,
        47.478612,
        505.25
      ],
      [
        11.995978,
        47.478541,
        505.75
      ],
      [
        11.996017,
        47.478374,
        506.0
      ],
      [
        11.996032,
        47.478297,
        506.0
      ],
      [
        11.995983,
        47.478036,
        506.0
      ],
      [
        11.995874,
        47.478045,
        506.0
      ],
      [
        11.995275,
        47.478088,
        507.0
      ],
      [
        11.994964,
        47.478082,
        507.0
      ],
      [
        11.994424,
        47.478094,
        506.5
      ],
      [
        11.994161,
        47.478089,
        506.25
      ],
      [
        11.993421,
        47.478016,
        507.5
      ],
      [
        11.992824,
        47.477932,
        508.25
      ],
      [
        11.992517,
        47.477862,
        508.5
      ],
      [
        11.992251,
        47.477768,
        508.0
      ],
      [
        11.992051,
        47.477715,
        508.0
      ],
      [
        11.991918,
        47.477687,
        508.0
      ],
      [
        11.991478,
        47.477644,
        508.25
      ],
      [
        11.991204,
        47.477627,
        508.25
      ],
      [
        11.990719,
        47.477629,
        509.0
      ],
      [
        11.990502,
        47.47765,
        509.0
      ],
      [
        11.990253,
        47.477695,
        509.75
      ],
      [
        11.990161,
        47.477706,
        509.75
      ],
      [
        11.990101,
        47.4777,
        509.5
      ],
      [
        11.990051,
        47.477684,
        509.5
      ],
      [
        11.990017,
        47.477655,
        509.75
      ],
      [
        11.989993,
        47.477615,
        510.0
      ],
      [
        11.989923,
        47.477351,
        509.75
      ],
      [
        11.989749,
        47.476785,
        511.5
      ],
      [
        11.989743,
        47.476765,
        511.5
      ],
      [
        11.989666,
        47.476496,
        511.5
      ],
      [
        11.989407,
        47.475703,
        512.75
      ],
      [
        11.989327,
        47.475476,
        512.5
      ],
      [
        11.989079,
        47.474746,
        513.5
      ],
      [
        11.988944,
        47.474301,
        515.0
      ],
      [
        11.988859,
        47.474002,
        516.25
      ],
      [
        11.988722,
        47.473536,
        516.0
      ],
      [
        11.988657,
        47.473344,
        516.75
      ],
      [
        11.988615,
        47.473197,
        517.25
      ],
      [
        11.988607,
        47.473166,
        517.5
      ],
      [
        11.988531,
        47.472978,
        517.25
      ],
      [
        11.988459,
        47.47275,
        517.0
      ],
      [
        11.988305,
        47.472274,
        518.5
      ],
      [
        11.988294,
        47.472235,
        518.75
      ],
      [
        11.988229,
        47.472017,
        519.0
      ],
      [
        11.988205,
        47.471896,
        519.0
      ],
      [
        11.988166,
        47.471534,
        519.25
      ],
      [
        11.988179,
        47.471191,
        519.75
      ],
      [
        11.988232,
        47.470872,
        521.0
      ],
      [
        11.988373,
        47.470348,
        522.0
      ],
      [
        11.988444,
        47.470149,
        521.75
      ],
      [
        11.98846,
        47.470116,
        521.75
      ],
      [
        11.988392,
        47.470099,
        521.5
      ],
      [
        11.988189,
        47.470048,
        522.0
      ],
      [
        11.988129,
        47.470033,
        522.25
      ],
      [
        11.988047,
        47.47001,
        522.75
      ],
      [
        11.987924,
        47.46998,
        522.5
      ],
      [
        11.987639,
        47.469915,
        521.5
      ],
      [
        11.987403,
        47.469862,
        521.25
      ],
      [
        11.987323,
        47.46985,
        521.5
      ],
      [
        11.987158,
        47.469847,
        521.5
      ],
      [
        11.98707,
        47.469857,
        521.5
      ],
      [
        11.98688,
        47.469896,
        521.25
      ],
      [
        11.986682,
        47.46993,
        521.25
      ],
      [
        11.986509,
        47.469949,
        521.0
      ],
      [
        11.986307,
        47.469963,
        521.0
      ],
      [
        11.986192,
        47.469964,
        521.0
      ],
      [
        11.986104,
        47.469955,
        521.0
      ],
      [
        11.986016,
        47.469941,
        521.0
      ],
      [
        11.985913,
        47.469916,
        521.0
      ],
      [
        11.985695,
        47.469848,
        520.75
      ],
      [
        11.985547,
        47.469794,
        520.5
      ],
      [
        11.985334,
        47.469701,
        521.0
      ],
      [
        11.985131,
        47.469588,
        521.25
      ],
      [
        11.985018,
        47.469514,
        521.5
      ],
      [
        11.984972,
        47.469478,
        521.75
      ],
      [
        11.984871,
        47.46939,
        522.0
      ],
      [
        11.984769,
        47.469262,
        522.5
      ],
      [
        11.984665,
        47.469105,
        523.0
      ],
      [
        11.984654,
        47.469089,
        523.0
      ],
      [
        11.984593,
        47.468983,
        523.25
      ],
      [
        11.984562,
        47.468885,
        523.5
      ],
      [
        11.98452,
        47.468714,
        524.25
      ],
      [
        11.984498,
        47.468653,
        524.5
      ],
      [
        11.984462,
        47.468587,
        524.75
      ],
      [
        11.984369,
        47.468511,
        525.25
      ],
      [
        11.984286,
        47.468462,
        525.75
      ],
      [
        11.984194,
        47.46842,
        526.0
      ],
      [
        11.9841,
        47.468389,
        526.0
      ],
      [
        11.984003,
        47.468372,
        526.0
      ],
      [
        11.983896,
        47.468366,
        526.0
      ],
      [
        11.983737,
        47.468376,
        525.75
      ],
      [
        11.983615,
        47.468384,
        525.75
      ],
      [
        11.98355,
        47.468379,
        525.5
      ],
      [
        11.983319,
        47.468321,
        525.0
      ],
      [
        11.983209,
        47.46829,
        525.0
      ],
      [
        11.983223,
        47.468233,
        525.25
      ],
      [
        11.983252,
        47.467857,
        526.0
      ],
      [
        11.983267,
        47.467783,
        526.0
      ],
      [
        11.983349,
        47.46752,
        526.75
      ],
      [
        11.983362,
        47.467462,
        527.0
      ],
      [
        11.983368,
        47.467397,
        527.0
      ],
      [
        11.983357,
        47.467168,
        527.0
      ],
      [
        11.983317,
        47.467166,
        527.0
      ],
      [
        11.983232,
        47.467157,
        527.0
      ],
      [
        11.983,
        47.467061,
        527.5
      ],
      [
        11.982266,
        47.466735,
        528.0
      ],
      [
        11.981708,
        47.466511,
        527.25
      ],
      [
        11.981351,
        47.466377,
        527.75
      ],
      [
        11.980953,
        47.466267,
        526.0
      ],
      [
        11.980795,
        47.466224,
        525.5
      ],
      [
        11.980143,
        47.466048,
        525.25
      ],
      [
        11.979914,
        47.465986,
        524.5
      ],
      [
        11.978465,
        47.465589,
        523.5
      ],
      [
        11.978411,
        47.465574,
        523.25
      ],
      [
        11.978357,
        47.465559,
        523.0
      ],
      [
        11.978019,
        47.465893,
        522.75
      ],
      [
        11.977568,
        47.466354,
        522.0
      ],
      [
        11.977516,
        47.466409,
        522.0
      ],
      [
        11.977201,
        47.466735,
        521.5
      ],
      [
        11.977144,
        47.466795,
        521.25
      ],
      [
        11.976698,
        47.467256,
        520.0
      ],
      [
        11.976337,
        47.46763,
        519.75
      ],
      [
        11.975155,
        47.467262,
        517.5
      ],
      [
        11.974161,
        47.46695,
        512.75
      ],
      [
        11.973997,
        47.466921,
        511.75
      ],
      [
        11.973895,
        47.466922,
        510.75
      ],
      [
        11.973538,
        47.466964,
        508.25
      ],
      [
        11.973051,
        47.467019,
        506.25
      ],
      [
        11.972821,
        47.467065,
        506.25
      ],
      [
        11.97259,
        47.467131,
        506.5
      ],
      [
        11.971912,
        47.467385,
        506.5
      ],
      [
        11.971402,
        47.46754,
        505.75
      ],
      [
        11.971336,
        47.467558,
        505.75
      ],
      [
        11.971217,
        47.467591,
        505.75
      ],
      [
        11.971167,
        47.467605,
        505.75
      ],
      [
        11.97022,
        47.467879,
        506.0
      ],
      [
        11.967695,
        47.468943,
        506.0
      ],
      [
        11.967372,
        47.469077,
        506.75
      ],
      [
        11.967283,
        47.469129,
        506.75
      ],
      [
        11.967148,
        47.469227,
        507.75
      ],
      [
        11.966934,
        47.469448,
        506.0
      ],
      [
        11.96678,
        47.469567,
        506.5
      ],
      [
        11.966545,
        47.469702,
        506.75
      ],
      [
        11.965749,
        47.470092,
        506.0
      ],
      [
        11.965698,
        47.470115,
        505.75
      ],
      [
        11.965577,
        47.47017,
        505.5
      ],
      [
        11.965519,
        47.470197,
        505.75
      ],
      [
        11.965461,
        47.470137,
        505.75
      ],
      [
        11.96541,
        47.470077,
        506.0
      ],
      [
        11.964701,
        47.469022,
        506.25
      ],
      [
        11.963563,
        47.468518,
        506.75
      ],
      [
        11.955707,
        47.465018,
        507.0
      ],
      [
        11.953371,
        47.463997,
        506.25
      ],
      [
        11.951588,
        47.463205,
        507.5
      ],
      [
        11.950545,
        47.462753,
        507.75
      ],
      [
        11.947211,
        47.461268,
        507.5
      ],
      [
        11.946927,
        47.461158,
        507.0
      ],
      [
        11.946657,
        47.461068,
        507.75
      ],
      [
        11.94594,
        47.460859,
        508.0
      ],
      [
        11.93817,
        47.458769,
        508.75
      ],
      [
        11.937979,
        47.458733,
        508.75
      ],
      [
        11.937853,
        47.458696,
        509.5
      ],
      [
        11.937714,
        47.458657,
        509.75
      ],
      [
        11.936919,
        47.458431,
        508.75
      ],
      [
        11.929436,
        47.456411,
        509.0
      ],
      [
        11.929113,
        47.456305,
        509.0
      ],
      [
        11.928691,
        47.456104,
        509.0
      ],
      [
        11.928522,
        47.455984,
        509.0
      ],
      [
        11.928142,
        47.455644,
        509.0
      ],
      [
        11.926941,
        47.456063,
        510.0
      ],
      [
        11.926646,
        47.456158,
        510.0
      ],
      [
        11.926455,
        47.456188,
        510.0
      ],
      [
        11.926291,
        47.456201,
        510.0
      ],
      [
        11.925983,
        47.456199,
        510.0
      ],
      [
        11.925727,
        47.456163,
        510.0
      ],
      [
        11.924741,
        47.455956,
        510.0
      ],
      [
        11.923414,
        47.455654,
        510.0
      ],
      [
        11.923114,
        47.455539,
        510.5
      ],
      [
        11.921433,
        47.454665,
        510.0
      ],
      [
        11.919983,
        47.453918,
        510.0
      ],
      [
        11.913343,
        47.451382,
        511.0
      ],
      [
        11.913105,
        47.451292,
        511.75
      ],
      [
        11.913026,
        47.451261,
        512.0
      ],
      [
        11.912365,
        47.450978,
        511.75
      ],
      [
        11.911881,
        47.450783,
        512.0
      ],
      [
        11.911649,
        47.450688,
        512.0
      ],
      [
        11.910687,
        47.450288,
        512.0
      ],
      [
        11.909711,
        47.449882,
        512.0
      ],
      [
        11.909421,
        47.449766,
        512.0
      ],
      [
        11.90909,
        47.449624,
        512.0
      ],
      [
        11.908811,
        47.449507,
        512.5
      ],
      [
        11.908311,
        47.449227,
        512.0
      ],
      [
        11.907972,
        47.449016,
        512.0
      ],
      [
        11.90676,
        47.448315,
        512.0
      ],
      [
        11.906223,
        47.448004,
        512.25
      ],
      [
        11.906134,
        47.447939,
        512.0
      ],
      [
        11.906065,
        47.447866,
        512.0
      ],
      [
        11.90551,
        47.447592,
        512.0
      ],
      [
        11.905271,
        47.447446,
        512.0
      ],
      [
        11.904979,
        47.447273,
        512.0
      ],
      [
        11.904929,
        47.447244,
        512.0
      ],
      [
        11.904368,
        47.446978,
        513.0
      ],
      [
        11.904289,
        47.446934,
        512.75
      ],
      [
        11.904001,
        47.44676,
        512.5
      ],
      [
        11.903956,
        47.446732,
        512.75
      ],
      [
        11.903591,
        47.446493,
        513.0
      ],
      [
        11.903009,
        47.446106,
        512.75
      ],
      [
        11.902812,
        47.445965,
        512.5
      ],
      [
        11.902736,
        47.445894,
        512.75
      ],
      [
        11.902634,
        47.44587,
        512.75
      ],
      [
        11.902432,
        47.4458,
        513.0
      ],
      [
        11.902327,
        47.445761,
        513.0
      ],
      [
        11.902073,
        47.445655,
        513.0
      ],
      [
        11.901703,
        47.445512,
        512.0
      ],
      [
        11.901232,
        47.445358,
        513.0
      ],
      [
        11.900886,
        47.445263,
        512.75
      ],
      [
        11.900755,
        47.445226,
        513.0
      ],
      [
        11.900652,
        47.445199,
        513.0
      ],
      [
        11.900588,
        47.445182,
        513.0
      ],
      [
        11.900297,
        47.4451,
        513.0
      ],
      [
        11.900246,
        47.445081,
        513.0
      ],
      [
        11.900044,
        47.445,
        513.0
      ],
      [
        11.899838,
        47.444917,
        513.0
      ],
      [
        11.899037,
        47.444549,
        513.0
      ],
      [
        11.898804,
        47.444465,
        513.0
      ],
      [
        11.898604,
        47.444406,
        513.0
      ],
      [
        11.898166,
        47.444284,
        513.25
      ],
      [
        11.8978,
        47.444131,
        513.75
      ],
      [
        11.897282,
        47.443854,
        513.75
      ],
      [
        11.897062,
        47.443739,
        514.0
      ],
      [
        11.896922,
        47.443676,
        514.0
      ],
      [
        11.896477,
        47.443473,
        514.0
      ],
      [
        11.896305,
        47.443383,
        514.0
      ],
      [
        11.895825,
        47.4431,
        513.75
      ],
      [
        11.8957,
        47.44301,
        513.0
      ],
      [
        11.895551,
        47.442875,
        513.25
      ],
      [
        11.894848,
        47.442053,
        513.25
      ],
      [
        11.894713,
        47.441865,
        513.75
      ],
      [
        11.894582,
        47.441656,
        514.5
      ],
      [
        11.894489,
        47.441567,
        515.0
      ],
      [
        11.894439,
        47.441531,
        515.25
      ],
      [
        11.894377,
        47.441493,
        515.25
      ],
      [
        11.894313,
        47.441466,
        515.0
      ],
      [
        11.894256,
        47.441446,
        515.0
      ],
      [
        11.89431,
        47.44136,
        515.75
      ],
      [
        11.894342,
        47.441219,
        515.25
      ],
      [
        11.894337,
        47.441151,
        515.0
      ],
      [
        11.894311,
        47.441044,
        514.75
      ],
      [
        11.89427,
        47.440934,
        514.25
      ],
      [
        11.894225,
        47.440837,
        514.0
      ],
      [
        11.894071,
        47.440675,
        514.0
      ],
      [
        11.894036,
        47.440608,
        514.0
      ],
      [
        11.894019,
        47.440541,
        513.75
      ],
      [
        11.894014,
        47.440506,
        513.75
      ],
      [
        11.894024,
        47.44045,
        513.75
      ],
      [
        11.894047,
        47.440397,
        513.5
      ],
      [
        11.894262,
        47.440059,
        513.75
      ],
      [
        11.894355,
        47.439929,
        514.0
      ],
      [
        11.894331,
        47.439921,
        514.0
      ],
      [
        11.894133,
        47.439852,
        513.75
      ],
      [
        11.894001,
        47.439806,
        513.75
      ],
      [
        11.89381,
        47.439751,
        513.0
      ],
      [
        11.893704,
        47.43972,
        513.0
      ],
      [
        11.893648,
        47.43979,
        513.0
      ],
      [
        11.893519,
        47.439964,
        513.75
      ],
      [
        11.893375,
        47.440073,
        514.0
      ],
      [
        11.893179,
        47.440164,
        514.0
      ],
      [
        11.893017,
        47.440213,
        513.5
      ],
      [
        11.892938,
        47.440247,
        512.75
      ],
      [
        11.892924,
        47.440255,
        512.5
      ],
      [
        11.892917,
        47.440258,
        512.5
      ],
      [
        11.892763,
        47.4401,
        513.25
      ],
      [
        11.892047,
        47.439398,
        512.25
      ],
      [
        11.891543,
        47.43892,
        513.75
      ],
      [
        11.89128,
        47.43873,
        514.25
      ],
      [
        11.891204,
        47.43869,
        514.75
      ],
      [
        11.891058,
        47.438615,
        515.25
      ],
      [
        11.890549,
        47.438388,
        515.0
      ],
      [
        11.890172,
        47.438258,
        514.25
      ],
      [
        11.889847,
        47.43816,
        514.25
      ],
      [
        11.889556,
        47.438085,
        515.5
      ],
      [
        11.88931,
        47.438045,
        515.5
      ],
      [
        11.888782,
        47.437976,
        513.75
      ],
      [
        11.888432,
        47.437955,
        514.0
      ],
      [
        11.888103,
        47.437946,
        514.0
      ],
      [
        11.886917,
        47.438021,
        515.0
      ],
      [
        11.885791,
        47.438105,
        515.25
      ],
      [
        11.885046,
        47.438151,
        514.5
      ],
      [
        11.88432,
        47.438154,
        514.5
      ],
      [
        11.883721,
        47.438139,
        514.75
      ],
      [
        11.883143,
        47.438087,
        516.25
      ],
      [
        11.882819,
        47.438116,
        516.5
      ],
      [
        11.882533,
        47.438065,
        515.0
      ],
      [
        11.882438,
        47.438005,
        514.75
      ],
      [
        11.881718,
        47.437861,
        514.75
      ],
      [
        11.881146,
        47.437717,
        515.25
      ],
      [
        11.880595,
        47.43755,
        515.25
      ],
      [
        11.880142,
        47.437379,
        514.75
      ],
      [
        11.879861,
        47.437264,
        515.75
      ],
      [
        11.879378,
        47.437042,
        515.0
      ],
      [
        11.878595,
        47.436605,
        515.75
      ],
      [
        11.878031,
        47.436228,
        516.5
      ],
      [
        11.877293,
        47.435667,
        517.75
      ],
      [
        11.876886,
        47.435231,
        520.0
      ],
      [
        11.876537,
        47.43492,
        519.75
      ],
      [
        11.876269,
        47.434635,
        520.25
      ],
      [
        11.875987,
        47.434335,
        519.75
      ],
      [
        11.875883,
        47.434202,
        519.75
      ],
      [
        11.875853,
        47.434077,
        521.0
      ],
      [
        11.87561,
        47.433879,
        519.75
      ],
      [
        11.875356,
        47.433591,
        519.5
      ],
      [
        11.875314,
        47.433493,
        519.25
      ],
      [
        11.875265,
        47.433377,
        519.5
      ],
      [
        11.874592,
        47.432674,
        518.0
      ],
      [
        11.874466,
        47.432559,
        517.75
      ],
      [
        11.874353,
        47.432487,
        518.0
      ],
      [
        11.874283,
        47.432479,
        518.0
      ],
      [
        11.874196,
        47.432454,
        518.0
      ],
      [
        11.874137,
        47.432407,
        517.75
      ],
      [
        11.873866,
        47.432089,
        517.75
      ],
      [
        11.873557,
        47.431802,
        517.5
      ],
      [
        11.873214,
        47.431437,
        517.25
      ],
      [
        11.87294,
        47.43113,
        517.0
      ],
      [
        11.872713,
        47.430813,
        518.0
      ],
      [
        11.872601,
        47.430593,
        517.5
      ],
      [
        11.872572,
        47.430492,
        517.5
      ],
      [
        11.872547,
        47.430234,
        518.5
      ],
      [
        11.872497,
        47.43002,
        519.75
      ],
      [
        11.87245,
        47.42988,
        519.25
      ],
      [
        11.872313,
        47.429657,
        518.5
      ],
      [
        11.872244,
        47.429431,
        518.0
      ],
      [
        11.872166,
        47.429316,
        518.0
      ],
      [
        11.872157,
        47.429303,
        518.0
      ],
      [
        11.872088,
        47.429131,
        518.5
      ],
      [
        11.871924,
        47.428864,
        518.75
      ],
      [
        11.871882,
        47.428826,
        518.25
      ],
      [
        11.871823,
        47.428796,
        517.75
      ],
      [
        11.8718,
        47.428775,
        517.75
      ],
      [
        11.871791,
        47.428748,
        517.75
      ],
      [
        11.871799,
        47.428703,
        518.0
      ],
      [
        11.87177,
        47.42861,
        518.25
      ],
      [
        11.871606,
        47.428492,
        518.5
      ],
      [
        11.871346,
        47.428175,
        518.5
      ],
      [
        11.871202,
        47.427989,
        518.75
      ],
      [
        11.870909,
        47.427679,
        519.25
      ],
      [
        11.870628,
        47.427417,
        519.0
      ],
      [
        11.870465,
        47.427295,
        519.25
      ],
      [
        11.870323,
        47.427208,
        519.25
      ],
      [
        11.870158,
        47.42712,
        517.75
      ],
      [
        11.869764,
        47.42691,
        518.75
      ],
      [
        11.869544,
        47.426817,
        517.75
      ],
      [
        11.867774,
        47.426186,
        518.0
      ],
      [
        11.867155,
        47.426003,
        517.75
      ],
      [
        11.86582,
        47.425642,
        518.5
      ],
      [
        11.865207,
        47.42547,
        518.25
      ],
      [
        11.86493,
        47.425394,
        518.0
      ],
      [
        11.864333,
        47.425232,
        519.0
      ],
      [
        11.863293,
        47.424929,
        518.5
      ],
      [
        11.862935,
        47.424797,
        518.5
      ],
      [
        11.861822,
        47.424303,
        518.0
      ],
      [
        11.861037,
        47.423895,
        519.5
      ],
      [
        11.860739,
        47.423753,
        518.75
      ],
      [
        11.860417,
        47.423607,
        519.75
      ],
      [
        11.859952,
        47.423382,
        519.25
      ],
      [
        11.859484,
        47.423131,
        519.25
      ],
      [
        11.859025,
        47.422863,
        519.0
      ],
      [
        11.858604,
        47.422585,
        519.5
      ],
      [
        11.85813,
        47.422255,
        519.5
      ],
      [
        11.857684,
        47.421887,
        519.25
      ],
      [
        11.857291,
        47.421541,
        519.25
      ],
      [
        11.856933,
        47.421189,
        519.5
      ],
      [
        11.856726,
        47.42096,
        519.0
      ],
      [
        11.856407,
        47.420585,
        519.5
      ],
      [
        11.856084,
        47.420202,
        519.75
      ],
      [
        11.85597,
        47.420039,
        519.75
      ],
      [
        11.855716,
        47.419576,
        519.25
      ],
      [
        11.855329,
        47.41894,
        520.5
      ],
      [
        11.855148,
        47.418687,
        519.5
      ],
      [
        11.854844,
        47.418299,
        519.75
      ],
      [
        11.854292,
        47.417686,
        519.5
      ],
      [
        11.853811,
        47.417201,
        520.5
      ],
      [
        11.853265,
        47.416683,
        519.25
      ],
      [
        11.852558,
        47.416038,
        519.25
      ],
      [
        11.852131,
        47.415687,
        519.75
      ],
      [
        11.850819,
        47.414696,
        520.5
      ],
      [
        11.847661,
        47.412454,
        520.0
      ],
      [
        11.847629,
        47.412432,
        519.75
      ],
      [
        11.845563,
        47.410972,
        520.0
      ],
      [
        11.845072,
        47.410645,
        520.75
      ],
      [
        11.844934,
        47.410556,
        521.25
      ],
      [
        11.844573,
        47.410398,
        523.5
      ],
      [
        11.844166,
        47.41013,
        526.75
      ],
      [
        11.843923,
        47.409983,
        523.75
      ],
      [
        11.84372,
        47.409885,
        524.25
      ],
      [
        11.843547,
        47.4098,
        522.75
      ],
      [
        11.843456,
        47.409748,
        522.5
      ],
      [
        11.843361,
        47.409661,
        522.25
      ],
      [
        11.843287,
        47.409571,
        522.0
      ],
      [
        11.843197,
        47.409438,
        522.5
      ],
      [
        11.843164,
        47.409389,
        522.75
      ],
      [
        11.843088,
        47.409233,
        522.75
      ],
      [
        11.842995,
        47.409096,
        522.75
      ],
      [
        11.842858,
        47.409061,
        521.75
      ],
      [
        11.842759,
        47.408979,
        521.0
      ],
      [
        11.842525,
        47.409062,
        521.0
      ],
      [
        11.842359,
        47.40911,
        521.25
      ],
      [
        11.842217,
        47.409125,
        521.75
      ],
      [
        11.842133,
        47.409119,
        521.0
      ],
      [
        11.842054,
        47.409099,
        520.25
      ],
      [
        11.840018,
        47.408163,
        520.25
      ],
      [
        11.83992,
        47.408095,
        521.0
      ],
      [
        11.839809,
        47.407985,
        521.25
      ],
      [
        11.839753,
        47.407895,
        521.5
      ],
      [
        11.839589,
        47.407554,
        521.0
      ],
      [
        11.839485,
        47.407368,
        521.25
      ],
      [
        11.839228,
        47.407076,
        521.5
      ],
      [
        11.839112,
        47.40695,
        521.75
      ],
      [
        11.838824,
        47.406666,
        521.75
      ],
      [
        11.838011,
        47.405905,
        522.5
      ],
      [
        11.837189,
        47.405156,
        521.75
      ],
      [
        11.837133,
        47.405097,
        521.75
      ],
      [
        11.836947,
        47.404897,
        522.25
      ],
      [
        11.836894,
        47.404808,
        522.0
      ],
      [
        11.836865,
        47.404739,
        522.0
      ],
      [
        11.836858,
        47.404646,
        522.0
      ],
      [
        11.836881,
        47.404395,
        522.25
      ],
      [
        11.836928,
        47.404186,
        522.75
      ],
      [
        11.836993,
        47.403979,
        522.25
      ],
      [
        11.837522,
        47.402796,
        521.75
      ],
      [
        11.837697,
        47.402369,
        521.75
      ],
      [
        11.837742,
        47.40231,
        522.25
      ],
      [
        11.837888,
        47.40218,
        522.75
      ],
      [
        11.837979,
        47.40211,
        522.25
      ],
      [
        11.838041,
        47.402003,
        522.0
      ],
      [
        11.838053,
        47.40194,
        522.0
      ],
      [
        11.838181,
        47.401975,
        522.0
      ],
      [
        11.838499,
        47.402174,
        524.25
      ],
      [
        11.83865,
        47.402229,
        524.75
      ],
      [
        11.83861,
        47.402257,
        524.5
      ],
      [
        11.838532,
        47.402244,
        524.75
      ],
      [
        11.838168,
        47.402083,
        522.75
      ],
      [
        11.836843,
        47.401422,
        524.75
      ],
      [
        11.836763,
        47.401374,
        525.5
      ],
      [
        11.836589,
        47.40122,
        523.75
      ],
      [
        11.836369,
        47.401063,
        522.75
      ],
      [
        11.836535,
        47.401115,
        522.5
      ],
      [
        11.836785,
        47.401234,
        523.5
      ],
      [
        11.83706,
        47.401389,
        523.5
      ],
      [
        11.836871,
        47.401689,
        522.5
      ],
      [
        11.836843,
        47.401889,
        522.5
      ],
      [
        11.836293,
        47.402861,
        522.5
      ],
      [
        11.836193,
        47.403117,
        522.25
      ],
      [
        11.836042,
        47.4036,
        522.0
      ],
      [
        11.835946,
        47.40418,
        522.0
      ],
      [
        11.835925,
        47.40456,
        522.0
      ],
      [
        11.835925,
        47.404608,
        522.0
      ],
      [
        11.836002,
        47.405161,
        522.0
      ],
      [
        11.835995,
        47.4052,
        522.25
      ],
      [
        11.835967,
        47.405242,
        522.25
      ],
      [
        11.83592,
        47.405276,
        522.5
      ],
      [
        11.835837,
        47.405305,
        522.75
      ],
      [
        11.835326,
        47.405349,
        520.25
      ],
      [
        11.835187,
        47.405357,
        520.5
      ],
      [
        11.835113,
        47.405367,
        521.25
      ],
      [
        11.83505,
        47.405394,
        521.75
      ],
      [
        11.834829,
        47.405567,
        522.75
      ],
      [
        11.834762,
        47.405589,
        522.5
      ],
      [
        11.834698,
        47.405591,
        522.25
      ],
      [
        11.834599,
        47.405567,
        522.25
      ],
      [
        11.83352,
        47.405166,
        521.75
      ],
      [
        11.832517,
        47.404831,
        522.0
      ],
      [
        11.83086,
        47.404313,
        522.0
      ],
      [
        11.83012,
        47.404119,
        522.75
      ],
      [
        11.828896,
        47.403834,
        522.0
      ],
      [
        11.828256,
        47.403673,
        521.5
      ],
      [
        11.827423,
        47.40343,
        521.5
      ],
      [
        11.826564,
        47.403168,
        521.5
      ],
      [
        11.824759,
        47.402605,
        521.5
      ],
      [
        11.82449,
        47.402526,
        523.25
      ],
      [
        11.821517,
        47.401602,
        523.0
      ],
      [
        11.821175,
        47.401504,
        522.5
      ],
      [
        11.820821,
        47.401413,
        523.5
      ],
      [
        11.820403,
        47.401317,
        523.25
      ],
      [
        11.819815,
        47.401223,
        523.0
      ],
      [
        11.81939,
        47.40117,
        522.75
      ],
      [
        11.818603,
        47.401128,
        523.75
      ],
      [
        11.817995,
        47.401117,
        523.75
      ],
      [
        11.812607,
        47.401155,
        523.5
      ],
      [
        11.812433,
        47.401158,
        523.5
      ],
      [
        11.810618,
        47.401168,
        523.5
      ],
      [
        11.809208,
        47.401147,
        523.5
      ],
      [
        11.808984,
        47.401129,
        523.75
      ],
      [
        11.808783,
        47.401117,
        524.25
      ],
      [
        11.808169,
        47.401037,
        523.25
      ],
      [
        11.807855,
        47.400982,
        522.5
      ],
      [
        11.807581,
        47.400923,
        523.0
      ],
      [
        11.807026,
        47.400789,
        524.0
      ],
      [
        11.80582,
        47.400482,
        523.75
      ],
      [
        11.80537,
        47.400343,
        523.75
      ],
      [
        11.805111,
        47.400249,
        524.5
      ],
      [
        11.804971,
        47.400186,
        525.0
      ],
      [
        11.804823,
        47.400134,
        524.75
      ],
      [
        11.804627,
        47.400056,
        524.75
      ],
      [
        11.804273,
        47.399912,
        524.25
      ],
      [
        11.803776,
        47.399685,
        524.5
      ],
      [
        11.803474,
        47.399531,
        524.25
      ],
      [
        11.803084,
        47.399309,
        524.0
      ],
      [
        11.802735,
        47.399091,
        524.25
      ],
      [
        11.802433,
        47.39888,
        524.5
      ],
      [
        11.802046,
        47.398579,
        524.75
      ],
      [
        11.801667,
        47.398237,
        524.75
      ],
      [
        11.801301,
        47.397866,
        524.75
      ],
      [
        11.800896,
        47.397381,
        525.0
      ],
      [
        11.800525,
        47.396803,
        524.75
      ],
      [
        11.800271,
        47.396199,
        525.25
      ],
      [
        11.799894,
        47.395354,
        525.0
      ],
      [
        11.799718,
        47.395053,
        525.75
      ],
      [
        11.799545,
        47.394846,
        525.5
      ],
      [
        11.799454,
        47.394706,
        525.75
      ],
      [
        11.799365,
        47.394592,
        525.5
      ],
      [
        11.798868,
        47.394068,
        525.75
      ],
      [
        11.797726,
        47.392967,
        525.0
      ],
      [
        11.796673,
        47.392009,
        524.5
      ],
      [
        11.796454,
        47.391858,
        524.0
      ],
      [
        11.796311,
        47.391696,
        524.25
      ],
      [
        11.796219,
        47.391601,
        524.25
      ],
      [
        11.796099,
        47.391514,
        525.0
      ],
      [
        11.796061,
        47.391471,
        525.25
      ],
      [
        11.796053,
        47.391449,
        525.5
      ],
      [
        11.796055,
        47.39142,
        526.0
      ],
      [
        11.796101,
        47.391386,
        526.75
      ],
      [
        11.795996,
        47.39128,
        526.0
      ],
      [
        11.795906,
        47.391213,
        526.0
      ],
      [
        11.795791,
        47.391106,
        526.5
      ],
      [
        11.795746,
        47.391073,
        526.0
      ],
      [
        11.795703,
        47.391062,
        525.75
      ],
      [
        11.795655,
        47.391065,
        525.25
      ],
      [
        11.795611,
        47.391052,
        525.0
      ],
      [
        11.795417,
        47.390959,
        525.25
      ],
      [
        11.795257,
        47.390861,
        526.25
      ],
      [
        11.795215,
        47.390834,
        526.0
      ],
      [
        11.795049,
        47.390726,
        524.5
      ],
      [
        11.795031,
        47.390685,
        524.75
      ],
      [
        11.79504,
        47.39064,
        525.25
      ],
      [
        11.795087,
        47.390573,
        526.25
      ],
      [
        11.795083,
        47.390518,
        527.0
      ],
      [
        11.795044,
        47.390357,
        528.25
      ],
      [
        11.795001,
        47.390295,
        528.75
      ],
      [
        11.794821,
        47.390117,
        529.75
      ],
      [
        11.794626,
        47.390034,
        529.5
      ],
      [
        11.794527,
        47.390086,
        529.0
      ],
      [
        11.794492,
        47.39009,
        529.0
      ],
      [
        11.794433,
        47.390076,
        529.0
      ],
      [
        11.794406,
        47.390044,
        529.0
      ],
      [
        11.7943,
        47.390051,
        527.75
      ],
      [
        11.794165,
        47.390123,
        525.0
      ],
      [
        11.793169,
        47.390689,
        525.0
      ],
      [
        11.793043,
        47.390747,
        526.0
      ],
      [
        11.792831,
        47.390679,
        526.0
      ],
      [
        11.792684,
        47.390613,
        526.25
      ],
      [
        11.791731,
        47.390067,
        524.75
      ],
      [
        11.791536,
        47.389968,
        525.0
      ],
      [
        11.791279,
        47.38986,
        524.5
      ],
      [
        11.790515,
        47.389627,
        525.0
      ],
      [
        11.789476,
        47.389322,
        525.25
      ],
      [
        11.788026,
        47.388919,
        526.75
      ],
      [
        11.786446,
        47.388497,
        525.75
      ],
      [
        11.785975,
        47.388401,
        527.25
      ],
      [
        11.785406,
        47.388308,
        528.5
      ],
      [
        11.784679,
        47.38796,
        527.25
      ],
      [
        11.784257,
        47.387778,
        527.25
      ],
      [
        11.783846,
        47.387578,
        527.0
      ],
      [
        11.782691,
        47.386915,
        527.25
      ],
      [
        11.782266,
        47.38673,
        526.75
      ],
      [
        11.781872,
        47.386321,
        527.25
      ],
      [
        11.781289,
        47.385815,
        526.75
      ],
      [
        11.780693,
        47.385408,
        527.5
      ],
      [
        11.780445,
        47.385201,
        528.0
      ],
      [
        11.780155,
        47.384913,
        527.0
      ],
      [
        11.779986,
        47.38479,
        528.0
      ],
      [
        11.779689,
        47.384671,
        527.75
      ],
      [
        11.779334,
        47.384487,
        528.0
      ],
      [
        11.779146,
        47.384335,
        526.75
      ],
      [
        11.778896,
        47.384222,
        527.0
      ],
      [
        11.778221,
        47.3841,
        527.0
      ],
      [
        11.777691,
        47.384059,
        526.75
      ],
      [
        11.777155,
        47.384057,
        526.75
      ],
      [
        11.776627,
        47.384099,
        527.75
      ],
      [
        11.776277,
        47.384164,
        528.5
      ],
      [
        11.776016,
        47.384232,
        527.5
      ],
      [
        11.7759,
        47.384277,
        527.25
      ],
      [
        11.775745,
        47.384346,
        527.5
      ],
      [
        11.775574,
        47.384454,
        529.0
      ],
      [
        11.775449,
        47.384534,
        529.0
      ],
      [
        11.774874,
        47.384874,
        531.5
      ],
      [
        11.774655,
        47.384992,
        535.5
      ],
      [
        11.774601,
        47.385029,
        535.5
      ],
      [
        11.774567,
        47.385066,
        535.5
      ],
      [
        11.774511,
        47.385146,
        536.0
      ],
      [
        11.774484,
        47.385182,
        536.5
      ],
      [
        11.77451,
        47.385202,
        536.25
      ],
      [
        11.774526,
        47.385226,
        536.25
      ],
      [
        11.774531,
        47.385253,
        536.25
      ],
      [
        11.774524,
        47.385279,
        536.5
      ],
      [
        11.774506,
        47.385303,
        536.5
      ],
      [
        11.774522,
        47.385356,
        535.5
      ],
      [
        11.774559,
        47.385457,
        533.75
      ],
      [
        11.774591,
        47.385512,
        533.75
      ],
      [
        11.774702,
        47.385719,
        534.25
      ],
      [
        11.774769,
        47.385888,
        534.5
      ],
      [
        11.774826,
        47.386088,
        535.0
      ],
      [
        11.774847,
        47.386192,
        535.0
      ],
      [
        11.774872,
        47.386339,
        534.75
      ],
      [
        11.774901,
        47.386594,
        534.75
      ],
      [
        11.774902,
        47.386777,
        534.5
      ],
      [
        11.774894,
        47.386855,
        534.5
      ],
      [
        11.774872,
        47.387088,
        534.5
      ],
      [
        11.774798,
        47.387396,
        534.25
      ],
      [
        11.77468,
        47.387721,
        534.0
      ],
      [
        11.774503,
        47.388068,
        533.75
      ],
      [
        11.774405,
        47.3882,
        534.0
      ],
      [
        11.774288,
        47.388355,
        535.25
      ],
      [
        11.774247,
        47.3884,
        535.25
      ],
      [
        11.774202,
        47.388436,
        535.25
      ],
      [
        11.774132,
        47.388486,
        535.5
      ],
      [
        11.774106,
        47.388505,
        535.5
      ],
      [
        11.774123,
        47.38853,
        535.5
      ],
      [
        11.774127,
        47.388557,
        535.75
      ],
      [
        11.774117,
        47.388584,
        535.75
      ],
      [
        11.774095,
        47.388607,
        535.75
      ],
      [
        11.774063,
        47.388624,
        536.0
      ],
      [
        11.774034,
        47.388632,
        536.0
      ],
      [
        11.773972,
        47.388631,
        536.0
      ],
      [
        11.773956,
        47.388669,
        536.25
      ],
      [
        11.77392,
        47.388745,
        537.0
      ],
      [
        11.77372,
        47.388991,
        538.5
      ],
      [
        11.77362,
        47.389129,
        539.5
      ],
      [
        11.773586,
        47.389201,
        540.25
      ],
      [
        11.773566,
        47.389274,
        540.75
      ],
      [
        11.77356,
        47.389332,
        541.25
      ],
      [
        11.773574,
        47.389374,
        541.5
      ],
      [
        11.773615,
        47.389456,
        542.0
      ],
      [
        11.773632,
        47.389604,
        542.5
      ],
      [
        11.773641,
        47.389772,
        543.25
      ],
      [
        11.773638,
        47.389845,
        543.75
      ],
      [
        11.773627,
        47.389889,
        544.0
      ],
      [
        11.773604,
        47.389933,
        544.5
      ],
      [
        11.773542,
        47.390005,
        545.0
      ],
      [
        11.773508,
        47.390037,
        545.0
      ],
      [
        11.773479,
        47.390052,
        545.0
      ],
      [
        11.77341,
        47.390069,
        545.0
      ],
      [
        11.773367,
        47.39007,
        545.0
      ],
      [
        11.773327,
        47.390063,
        545.25
      ],
      [
        11.773276,
        47.39004,
        545.5
      ],
      [
        11.77322,
        47.39,
        545.75
      ],
      [
        11.773098,
        47.389892,
        547.0
      ],
      [
        11.773027,
        47.38984,
        547.75
      ],
      [
        11.772982,
        47.389821,
        548.25
      ],
      [
        11.772925,
        47.389812,
        548.5
      ],
      [
        11.772873,
        47.389815,
        549.0
      ],
      [
        11.772815,
        47.389833,
        549.5
      ],
      [
        11.772766,
        47.389864,
        549.5
      ],
      [
        11.772725,
        47.389909,
        551.0
      ],
      [
        11.772668,
        47.390032,
        553.5
      ],
      [
        11.772603,
        47.390188,
        555.0
      ],
      [
        11.772568,
        47.39027,
        555.75
      ],
      [
        11.772542,
        47.390329,
        556.0
      ],
      [
        11.772417,
        47.390572,
        557.25
      ],
      [
        11.772318,
        47.390748,
        558.25
      ],
      [
        11.772289,
        47.390816,
        558.5
      ],
      [
        11.772275,
        47.39085,
        558.75
      ],
      [
        11.772221,
        47.39098,
        559.5
      ],
      [
        11.772162,
        47.391056,
        559.75
      ],
      [
        11.772072,
        47.391106,
        560.5
      ],
      [
        11.771903,
        47.391164,
        561.5
      ],
      [
        11.771637,
        47.391269,
        563.0
      ],
      [
        11.771525,
        47.391329,
        563.0
      ],
      [
        11.771368,
        47.39148,
        563.5
      ],
      [
        11.771336,
        47.391517,
        563.75
      ],
      [
        11.771384,
        47.391545,
        564.0
      ],
      [
        11.771445,
        47.39157,
        564.0
      ],
      [
        11.77163,
        47.391621,
        564.0
      ],
      [
        11.771676,
        47.391556,
        564.0
      ],
      [
        11.771693,
        47.391525,
        563.75
      ],
      [
        11.771725,
        47.39147,
        563.75
      ],
      [
        11.771611,
        47.391442,
        563.75
      ],
      [
        11.771598,
        47.391423,
        563.75
      ],
      [
        11.77157,
        47.391377,
        563.5
      ],
      [
        11.771525,
        47.391329,
        563.0
      ],
      [
        11.771637,
        47.391269,
        563.0
      ],
      [
        11.771903,
        47.391164,
        561.5
      ],
      [
        11.772072,
        47.391106,
        560.5
      ],
      [
        11.772162,
        47.391056,
        559.75
      ],
      [
        11.772221,
        47.39098,
        559.5
      ],
      [
        11.772275,
        47.39085,
        558.75
      ],
      [
        11.772289,
        47.390816,
        558.5
      ],
      [
        11.772318,
        47.390748,
        558.25
      ],
      [
        11.772417,
        47.390572,
        557.25
      ],
      [
        11.772542,
        47.390329,
        556.0
      ],
      [
        11.772568,
        47.39027,
        555.75
      ],
      [
        11.772603,
        47.390188,
        555.0
      ],
      [
        11.772668,
        47.390032,
        553.5
      ],
      [
        11.772725,
        47.389909,
        551.0
      ],
      [
        11.772766,
        47.389864,
        549.5
      ],
      [
        11.772815,
        47.389833,
        548.75
      ],
      [
        11.772873,
        47.389815,
        548.25
      ],
      [
        11.772925,
        47.389812,
        547.75
      ],
      [
        11.772982,
        47.389821,
        547.25
      ],
      [
        11.773027,
        47.38984,
        546.75
      ],
      [
        11.773098,
        47.389892,
        545.75
      ],
      [
        11.77322,
        47.39,
        545.75
      ],
      [
        11.773276,
        47.39004,
        545.5
      ],
      [
        11.773327,
        47.390063,
        545.25
      ],
      [
        11.773367,
        47.39007,
        545.0
      ],
      [
        11.77341,
        47.390069,
        545.0
      ],
      [
        11.773479,
        47.390052,
        545.0
      ],
      [
        11.773508,
        47.390037,
        545.0
      ],
      [
        11.773542,
        47.390005,
        545.0
      ],
      [
        11.773604,
        47.389933,
        544.5
      ],
      [
        11.773627,
        47.389889,
        544.0
      ],
      [
        11.773638,
        47.389845,
        543.75
      ],
      [
        11.773641,
        47.389772,
        543.25
      ],
      [
        11.773632,
        47.389604,
        542.5
      ],
      [
        11.773615,
        47.389456,
        542.0
      ],
      [
        11.773574,
        47.389374,
        541.5
      ],
      [
        11.77356,
        47.389332,
        541.25
      ],
      [
        11.773566,
        47.389274,
        540.75
      ],
      [
        11.773586,
        47.389201,
        540.25
      ],
      [
        11.77362,
        47.389129,
        539.5
      ],
      [
        11.77372,
        47.388991,
        538.5
      ],
      [
        11.77392,
        47.388745,
        537.0
      ],
      [
        11.773956,
        47.388669,
        536.25
      ],
      [
        11.773972,
        47.388631,
        536.0
      ],
      [
        11.773934,
        47.388619,
        536.0
      ],
      [
        11.773904,
        47.388599,
        535.75
      ],
      [
        11.773887,
        47.388573,
        535.75
      ],
      [
        11.773883,
        47.388544,
        535.75
      ],
      [
        11.773893,
        47.388517,
        535.5
      ],
      [
        11.773917,
        47.388494,
        535.5
      ],
      [
        11.773963,
        47.388474,
        535.5
      ],
      [
        11.774003,
        47.388469,
        535.25
      ],
      [
        11.774043,
        47.388473,
        535.5
      ],
      [
        11.774078,
        47.388485,
        535.5
      ],
      [
        11.774106,
        47.388505,
        535.5
      ],
      [
        11.774132,
        47.388486,
        535.5
      ],
      [
        11.774202,
        47.388436,
        535.25
      ],
      [
        11.774247,
        47.3884,
        535.25
      ],
      [
        11.774288,
        47.388355,
        535.25
      ],
      [
        11.774405,
        47.3882,
        534.0
      ],
      [
        11.774503,
        47.388068,
        534.0
      ],
      [
        11.77468,
        47.387721,
        534.25
      ],
      [
        11.774798,
        47.387396,
        534.25
      ],
      [
        11.774872,
        47.387088,
        534.5
      ],
      [
        11.774894,
        47.386855,
        534.5
      ],
      [
        11.774902,
        47.386777,
        534.75
      ],
      [
        11.774901,
        47.386594,
        534.75
      ],
      [
        11.774872,
        47.386339,
        535.0
      ],
      [
        11.774847,
        47.386192,
        535.0
      ],
      [
        11.774826,
        47.386088,
        534.75
      ],
      [
        11.774769,
        47.385888,
        534.25
      ],
      [
        11.774702,
        47.385719,
        534.0
      ],
      [
        11.774591,
        47.385512,
        533.75
      ],
      [
        11.774559,
        47.385457,
        533.75
      ],
      [
        11.77446,
        47.385373,
        536.0
      ],
      [
        11.774413,
        47.385339,
        536.5
      ],
      [
        11.77434,
        47.38533,
        536.25
      ],
      [
        11.774309,
        47.385316,
        536.25
      ],
      [
        11.774286,
        47.385296,
        536.5
      ],
      [
        11.77427,
        47.385268,
        536.5
      ],
      [
        11.774269,
        47.385239,
        536.25
      ],
      [
        11.774282,
        47.38521,
        536.0
      ],
      [
        11.774308,
        47.385186,
        536.0
      ],
      [
        11.774344,
        47.38517,
        536.25
      ],
      [
        11.774386,
        47.385162,
        536.25
      ],
      [
        11.774421,
        47.385162,
        536.5
      ],
      [
        11.774484,
        47.385182,
        536.5
      ],
      [
        11.774511,
        47.385146,
        536.0
      ],
      [
        11.774567,
        47.385066,
        535.5
      ],
      [
        11.774601,
        47.385029,
        535.5
      ],
      [
        11.774655,
        47.384992,
        535.5
      ],
      [
        11.774874,
        47.384874,
        531.5
      ],
      [
        11.775449,
        47.384534,
        529.0
      ],
      [
        11.775366,
        47.384483,
        528.5
      ],
      [
        11.77529,
        47.384479,
        528.25
      ],
      [
        11.775131,
        47.384537,
        527.75
      ],
      [
        11.774491,
        47.384813,
        529.25
      ],
      [
        11.773623,
        47.385138,
        528.0
      ],
      [
        11.772969,
        47.385332,
        528.75
      ],
      [
        11.772382,
        47.385473,
        528.75
      ],
      [
        11.771634,
        47.385625,
        528.5
      ],
      [
        11.770536,
        47.385775,
        529.75
      ],
      [
        11.770097,
        47.385812,
        530.25
      ],
      [
        11.769523,
        47.385844,
        530.0
      ],
      [
        11.768605,
        47.385857,
        530.0
      ],
      [
        11.767813,
        47.385839,
        530.0
      ],
      [
        11.767242,
        47.385801,
        530.0
      ],
      [
        11.766824,
        47.385764,
        529.75
      ],
      [
        11.76569,
        47.385613,
        529.25
      ],
      [
        11.764908,
        47.385474,
        529.75
      ],
      [
        11.764249,
        47.385322,
        530.5
      ],
      [
        11.763702,
        47.385179,
        529.75
      ],
      [
        11.761799,
        47.384604,
        528.5
      ],
      [
        11.761674,
        47.384593,
        529.0
      ],
      [
        11.761376,
        47.384647,
        531.0
      ],
      [
        11.761272,
        47.38463,
        531.5
      ],
      [
        11.761078,
        47.384433,
        529.75
      ],
      [
        11.761014,
        47.384379,
        529.25
      ],
      [
        11.760933,
        47.384333,
        528.75
      ],
      [
        11.760781,
        47.384276,
        528.5
      ],
      [
        11.759611,
        47.383922,
        530.0
      ],
      [
        11.759117,
        47.383749,
        530.5
      ],
      [
        11.758439,
        47.383478,
        531.5
      ],
      [
        11.756924,
        47.382775,
        531.0
      ],
      [
        11.756492,
        47.382544,
        531.0
      ],
      [
        11.756281,
        47.382357,
        530.25
      ],
      [
        11.755879,
        47.382145,
        530.0
      ],
      [
        11.754698,
        47.381386,
        530.0
      ],
      [
        11.753726,
        47.380729,
        530.75
      ],
      [
        11.752708,
        47.379958,
        530.0
      ],
      [
        11.751618,
        47.379099,
        530.5
      ],
      [
        11.751332,
        47.378886,
        530.75
      ],
      [
        11.751162,
        47.378727,
        530.25
      ],
      [
        11.750856,
        47.378484,
        529.75
      ],
      [
        11.750525,
        47.378287,
        530.5
      ],
      [
        11.750471,
        47.378241,
        530.5
      ],
      [
        11.750435,
        47.378197,
        530.25
      ],
      [
        11.750407,
        47.378144,
        530.25
      ],
      [
        11.750391,
        47.378067,
        530.0
      ],
      [
        11.750362,
        47.37802,
        530.0
      ],
      [
        11.749909,
        47.377689,
        531.0
      ],
      [
        11.749397,
        47.37729,
        530.75
      ],
      [
        11.749027,
        47.377039,
        531.5
      ],
      [
        11.748838,
        47.37693,
        531.25
      ],
      [
        11.74864,
        47.376835,
        531.75
      ],
      [
        11.748193,
        47.376678,
        531.0
      ],
      [
        11.747686,
        47.376537,
        532.0
      ],
      [
        11.747584,
        47.376494,
        531.75
      ],
      [
        11.747365,
        47.376371,
        531.75
      ],
      [
        11.747058,
        47.376184,
        531.75
      ],
      [
        11.746567,
        47.375854,
        531.75
      ],
      [
        11.74605,
        47.375526,
        531.75
      ],
      [
        11.745297,
        47.375014,
        531.75
      ],
      [
        11.744609,
        47.374566,
        531.75
      ],
      [
        11.744259,
        47.374355,
        531.75
      ],
      [
        11.743832,
        47.374029,
        531.5
      ],
      [
        11.74301,
        47.373508,
        531.5
      ],
      [
        11.741411,
        47.37255,
        531.25
      ],
      [
        11.737985,
        47.370527,
        532.0
      ],
      [
        11.73725,
        47.370082,
        531.5
      ],
      [
        11.736943,
        47.369908,
        531.5
      ],
      [
        11.736429,
        47.369679,
        532.75
      ],
      [
        11.736231,
        47.369579,
        532.5
      ],
      [
        11.73583,
        47.369328,
        532.25
      ],
      [
        11.734465,
        47.368531,
        532.75
      ],
      [
        11.733934,
        47.368213,
        532.25
      ],
      [
        11.73233,
        47.367279,
        533.25
      ],
      [
        11.731376,
        47.366735,
        533.5
      ],
      [
        11.731068,
        47.366605,
        533.5
      ],
      [
        11.730387,
        47.366254,
        533.5
      ],
      [
        11.729753,
        47.365963,
        534.25
      ],
      [
        11.72912,
        47.365686,
        534.25
      ],
      [
        11.728392,
        47.365357,
        533.75
      ],
      [
        11.727756,
        47.365092,
        534.25
      ],
      [
        11.727169,
        47.364897,
        533.75
      ],
      [
        11.726634,
        47.364757,
        533.75
      ],
      [
        11.725817,
        47.364615,
        536.0
      ],
      [
        11.725701,
        47.364583,
        535.75
      ],
      [
        11.725531,
        47.364523,
        534.75
      ],
      [
        11.725158,
        47.364416,
        533.75
      ],
      [
        11.724152,
        47.364212,
        535.25
      ],
      [
        11.723635,
        47.36412,
        534.5
      ],
      [
        11.723373,
        47.364045,
        533.75
      ],
      [
        11.723338,
        47.364034,
        533.75
      ],
      [
        11.723538,
        47.363854,
        533.25
      ],
      [
        11.723549,
        47.363823,
        533.25
      ],
      [
        11.72354,
        47.36379,
        533.25
      ],
      [
        11.723506,
        47.363761,
        533.5
      ],
      [
        11.722304,
        47.363368,
        533.5
      ],
      [
        11.7222,
        47.363352,
        533.25
      ],
      [
        11.722116,
        47.363302,
        533.75
      ],
      [
        11.720733,
        47.362333,
        534.5
      ],
      [
        11.719818,
        47.361669,
        534.5
      ],
      [
        11.719531,
        47.361501,
        533.75
      ],
      [
        11.719204,
        47.361332,
        534.0
      ],
      [
        11.718247,
        47.360839,
        534.0
      ],
      [
        11.717511,
        47.36049,
        533.25
      ],
      [
        11.715895,
        47.359517,
        534.25
      ],
      [
        11.712349,
        47.357943,
        535.0
      ],
      [
        11.711935,
        47.357711,
        535.5
      ],
      [
        11.710286,
        47.356685,
        535.75
      ],
      [
        11.710213,
        47.356618,
        535.25
      ],
      [
        11.710131,
        47.356543,
        534.5
      ],
      [
        11.708085,
        47.355487,
        534.75
      ],
      [
        11.70722,
        47.35503,
        536.0
      ],
      [
        11.706606,
        47.354614,
        534.75
      ],
      [
        11.706149,
        47.354279,
        535.5
      ],
      [
        11.705654,
        47.353856,
        535.5
      ],
      [
        11.705528,
        47.353799,
        535.75
      ],
      [
        11.70504,
        47.353262,
        536.5
      ],
      [
        11.704838,
        47.352984,
        536.25
      ],
      [
        11.704441,
        47.352266,
        536.0
      ],
      [
        11.70416,
        47.351806,
        536.0
      ],
      [
        11.704125,
        47.351749,
        536.0
      ],
      [
        11.704095,
        47.35168,
        536.0
      ],
      [
        11.704099,
        47.351636,
        536.0
      ],
      [
        11.704132,
        47.351551,
        536.0
      ],
      [
        11.70415,
        47.351505,
        536.0
      ],
      [
        11.704161,
        47.351415,
        536.0
      ],
      [
        11.704152,
        47.351309,
        536.0
      ],
      [
        11.704151,
        47.351292,
        536.0
      ],
      [
        11.704131,
        47.350982,
        536.0
      ],
      [
        11.704119,
        47.350779,
        536.0
      ],
      [
        11.70413,
        47.350439,
        536.0
      ],
      [
        11.704185,
        47.350093,
        535.75
      ],
      [
        11.70432,
        47.34965,
        534.5
      ],
      [
        11.704688,
        47.348395,
        537.25
      ],
      [
        11.704741,
        47.34829,
        537.5
      ],
      [
        11.70476,
        47.348244,
        537.0
      ],
      [
        11.704957,
        47.347732,
        534.75
      ],
      [
        11.704954,
        47.347597,
        536.0
      ],
      [
        11.704924,
        47.347433,
        537.0
      ],
      [
        11.705627,
        47.345982,
        535.5
      ],
      [
        11.705725,
        47.345524,
        535.75
      ],
      [
        11.705691,
        47.345108,
        537.75
      ],
      [
        11.705688,
        47.345069,
        538.0
      ],
      [
        11.705822,
        47.345063,
        538.25
      ],
      [
        11.705824,
        47.345023,
        538.5
      ],
      [
        11.70583,
        47.344679,
        538.0
      ],
      [
        11.705862,
        47.344292,
        537.5
      ],
      [
        11.705887,
        47.34404,
        537.0
      ],
      [
        11.705897,
        47.343921,
        537.0
      ],
      [
        11.705914,
        47.34376,
        536.75
      ],
      [
        11.705918,
        47.343557,
        536.75
      ],
      [
        11.705911,
        47.343422,
        536.75
      ],
      [
        11.705871,
        47.343145,
        537.25
      ],
      [
        11.70586,
        47.343064,
        537.5
      ],
      [
        11.705788,
        47.342789,
        537.0
      ],
      [
        11.705754,
        47.342653,
        536.5
      ],
      [
        11.705651,
        47.342281,
        536.5
      ],
      [
        11.705424,
        47.3415,
        536.25
      ],
      [
        11.705106,
        47.340507,
        536.25
      ],
      [
        11.705056,
        47.340416,
        536.75
      ],
      [
        11.704955,
        47.340326,
        537.5
      ],
      [
        11.70458,
        47.340176,
        537.25
      ],
      [
        11.703948,
        47.339934,
        537.0
      ],
      [
        11.703753,
        47.340031,
        537.5
      ],
      [
        11.703665,
        47.340064,
        537.75
      ],
      [
        11.703192,
        47.340238,
        539.0
      ],
      [
        11.703146,
        47.340255,
        539.0
      ],
      [
        11.702456,
        47.339279,
        539.0
      ],
      [
        11.702322,
        47.339106,
        539.0
      ],
      [
        11.702151,
        47.338928,
        539.0
      ],
      [
        11.702061,
        47.338847,
        538.75
      ],
      [
        11.701813,
        47.338615,
        538.75
      ],
      [
        11.701528,
        47.338373,
        539.75
      ],
      [
        11.701503,
        47.338352,
        539.75
      ],
      [
        11.701011,
        47.337937,
        540.0
      ],
      [
        11.700914,
        47.337841,
        540.0
      ],
      [
        11.700723,
        47.337651,
        540.0
      ],
      [
        11.700392,
        47.337352,
        540.0
      ],
      [
        11.700241,
        47.337211,
        540.0
      ],
      [
        11.699993,
        47.337199,
        540.0
      ],
      [
        11.699859,
        47.337183,
        540.5
      ],
      [
        11.699726,
        47.337149,
        540.5
      ],
      [
        11.699657,
        47.337115,
        540.5
      ],
      [
        11.699593,
        47.337071,
        540.5
      ],
      [
        11.699409,
        47.336905,
        541.0
      ],
      [
        11.698386,
        47.335895,
        541.5
      ],
      [
        11.698322,
        47.335845,
        541.75
      ],
      [
        11.698205,
        47.335781,
        541.5
      ],
      [
        11.697582,
        47.335477,
        541.0
      ],
      [
        11.696787,
        47.335105,
        541.0
      ],
      [
        11.696447,
        47.33491,
        541.0
      ],
      [
        11.695903,
        47.334587,
        540.5
      ],
      [
        11.69514,
        47.334102,
        541.0
      ],
      [
        11.694682,
        47.333767,
        540.5
      ],
      [
        11.694493,
        47.333609,
        540.75
      ],
      [
        11.694408,
        47.333592,
        541.0
      ],
      [
        11.69434,
        47.333616,
        541.0
      ],
      [
        11.69389,
        47.333905,
        541.0
      ],
      [
        11.69114,
        47.33097,
        540.75
      ],
      [
        11.691081,
        47.330922,
        541.0
      ],
      [
        11.690493,
        47.33047,
        541.0
      ],
      [
        11.690024,
        47.33013,
        541.0
      ],
      [
        11.689575,
        47.32983,
        540.75
      ],
      [
        11.689154,
        47.329564,
        541.0
      ],
      [
        11.688622,
        47.329248,
        541.0
      ],
      [
        11.688156,
        47.328992,
        541.0
      ],
      [
        11.687005,
        47.328384,
        541.75
      ],
      [
        11.685634,
        47.327642,
        542.75
      ],
      [
        11.685523,
        47.327615,
        543.0
      ],
      [
        11.685395,
        47.327613,
        543.0
      ],
      [
        11.685289,
        47.327618,
        543.0
      ],
      [
        11.685203,
        47.327648,
        543.0
      ],
      [
        11.684963,
        47.327784,
        543.0
      ],
      [
        11.684501,
        47.328076,
        543.75
      ],
      [
        11.684264,
        47.328211,
        544.0
      ],
      [
        11.684118,
        47.32813,
        544.0
      ],
      [
        11.683817,
        47.327961,
        544.25
      ],
      [
        11.683611,
        47.327864,
        545.0
      ],
      [
        11.683485,
        47.327811,
        545.0
      ],
      [
        11.683381,
        47.327775,
        545.0
      ],
      [
        11.682748,
        47.327479,
        547.0
      ],
      [
        11.682488,
        47.327378,
        547.0
      ],
      [
        11.682032,
        47.327208,
        547.5
      ],
      [
        11.681849,
        47.327148,
        547.25
      ],
      [
        11.681391,
        47.326963,
        547.0
      ],
      [
        11.681209,
        47.326888,
        547.0
      ],
      [
        11.680915,
        47.326728,
        547.0
      ],
      [
        11.680576,
        47.326515,
        547.0
      ],
      [
        11.68046,
        47.326428,
        547.0
      ],
      [
        11.680297,
        47.326287,
        547.0
      ],
      [
        11.680317,
        47.326205,
        547.0
      ],
      [
        11.680377,
        47.326031,
        547.0
      ],
      [
        11.68038,
        47.325915,
        547.0
      ],
      [
        11.680191,
        47.325663,
        547.0
      ],
      [
        11.679884,
        47.325255,
        547.0
      ],
      [
        11.679833,
        47.325186,
        546.5
      ],
      [
        11.67972,
        47.325086,
        545.0
      ],
      [
        11.679628,
        47.325058,
        545.0
      ],
      [
        11.679505,
        47.325049,
        545.25
      ],
      [
        11.679368,
        47.325051,
        545.5
      ],
      [
        11.678842,
        47.325159,
        545.0
      ],
      [
        11.678765,
        47.325172,
        545.0
      ],
      [
        11.678606,
        47.325131,
        543.75
      ],
      [
        11.678489,
        47.325081,
        543.5
      ],
      [
        11.678406,
        47.325029,
        543.25
      ],
      [
        11.678133,
        47.324731,
        542.75
      ],
      [
        11.678167,
        47.324697,
        542.75
      ],
      [
        11.678157,
        47.324655,
        542.5
      ],
      [
        11.677966,
        47.32445,
        542.75
      ],
      [
        11.677882,
        47.324359,
        543.0
      ],
      [
        11.677706,
        47.324254,
        543.0
      ],
      [
        11.677672,
        47.324226,
        543.0
      ],
      [
        11.677653,
        47.324211,
        543.0
      ],
      [
        11.677086,
        47.323733,
        545.0
      ],
      [
        11.676586,
        47.323407,
        546.0
      ],
      [
        11.676238,
        47.323205,
        546.0
      ],
      [
        11.675597,
        47.322893,
        545.5
      ],
      [
        11.674678,
        47.32252,
        544.5
      ],
      [
        11.673762,
        47.32219,
        543.0
      ],
      [
        11.67296,
        47.321979,
        542.5
      ],
      [
        11.672021,
        47.321813,
        543.25
      ],
      [
        11.670892,
        47.321699,
        545.0
      ],
      [
        11.669257,
        47.32165,
        543.5
      ],
      [
        11.6677,
        47.321731,
        544.25
      ],
      [
        11.666317,
        47.321852,
        543.25
      ],
      [
        11.665464,
        47.321927,
        543.75
      ],
      [
        11.664283,
        47.32204,
        548.0
      ],
      [
        11.664121,
        47.322051,
        547.25
      ],
      [
        11.663932,
        47.322053,
        545.25
      ],
      [
        11.662466,
        47.322164,
        543.5
      ],
      [
        11.661982,
        47.322182,
        543.5
      ],
      [
        11.661825,
        47.322143,
        543.5
      ],
      [
        11.661299,
        47.322124,
        543.25
      ],
      [
        11.659975,
        47.322003,
        542.5
      ],
      [
        11.658667,
        47.321842,
        544.0
      ],
      [
        11.658063,
        47.32173,
        543.0
      ],
      [
        11.657423,
        47.321622,
        543.75
      ],
      [
        11.65702,
        47.321503,
        543.75
      ],
      [
        11.655958,
        47.32129,
        543.75
      ],
      [
        11.654883,
        47.321091,
        543.25
      ],
      [
        11.652466,
        47.32068,
        543.75
      ],
      [
        11.646074,
        47.319468,
        544.0
      ],
      [
        11.645337,
        47.319338,
        545.5
      ],
      [
        11.644515,
        47.319154,
        545.5
      ],
      [
        11.643896,
        47.319088,
        546.0
      ],
      [
        11.643829,
        47.319069,
        545.75
      ],
      [
        11.643772,
        47.319042,
        545.25
      ],
      [
        11.643722,
        47.319,
        544.75
      ],
      [
        11.643698,
        47.318957,
        544.5
      ],
      [
        11.643655,
        47.318779,
        544.0
      ],
      [
        11.64362,
        47.31873,
        544.0
      ],
      [
        11.643551,
        47.318691,
        544.0
      ],
      [
        11.643473,
        47.318667,
        544.25
      ],
      [
        11.643455,
        47.318639,
        544.5
      ],
      [
        11.643412,
        47.318611,
        544.5
      ],
      [
        11.643359,
        47.31859,
        544.75
      ],
      [
        11.643144,
        47.31855,
        545.0
      ],
      [
        11.643068,
        47.318554,
        545.0
      ],
      [
        11.642975,
        47.318586,
        545.0
      ],
      [
        11.642788,
        47.318682,
        545.0
      ],
      [
        11.642697,
        47.318713,
        545.25
      ],
      [
        11.642596,
        47.318731,
        545.25
      ],
      [
        11.642517,
        47.318737,
        545.25
      ],
      [
        11.642388,
        47.318722,
        545.25
      ],
      [
        11.64182,
        47.318609,
        544.25
      ],
      [
        11.641145,
        47.318454,
        545.25
      ],
      [
        11.640818,
        47.318373,
        544.0
      ],
      [
        11.640194,
        47.318203,
        545.0
      ],
      [
        11.63947,
        47.317989,
        544.75
      ],
      [
        11.638841,
        47.31777,
        545.0
      ],
      [
        11.638613,
        47.317675,
        545.5
      ],
      [
        11.638466,
        47.3176,
        545.5
      ],
      [
        11.638383,
        47.317555,
        545.25
      ],
      [
        11.638365,
        47.317539,
        545.25
      ],
      [
        11.638365,
        47.317503,
        545.0
      ],
      [
        11.638623,
        47.317201,
        545.0
      ],
      [
        11.638751,
        47.317006,
        544.75
      ],
      [
        11.639143,
        47.316534,
        545.0
      ],
      [
        11.639326,
        47.316326,
        545.0
      ],
      [
        11.639332,
        47.316295,
        545.0
      ],
      [
        11.639315,
        47.316272,
        545.0
      ],
      [
        11.639266,
        47.316248,
        545.0
      ],
      [
        11.638466,
        47.315887,
        544.25
      ],
      [
        11.638258,
        47.315801,
        544.75
      ],
      [
        11.638077,
        47.315742,
        544.75
      ],
      [
        11.637947,
        47.315677,
        544.75
      ],
      [
        11.637743,
        47.315557,
        546.0
      ],
      [
        11.637437,
        47.315417,
        545.0
      ],
      [
        11.637331,
        47.315348,
        544.75
      ],
      [
        11.637244,
        47.315252,
        544.5
      ],
      [
        11.63718,
        47.315207,
        544.25
      ],
      [
        11.636733,
        47.314942,
        544.5
      ],
      [
        11.63659,
        47.314867,
        544.5
      ],
      [
        11.636527,
        47.314845,
        544.5
      ],
      [
        11.636336,
        47.314805,
        545.0
      ],
      [
        11.636291,
        47.314784,
        545.0
      ],
      [
        11.635982,
        47.314573,
        544.25
      ],
      [
        11.63588,
        47.314485,
        544.5
      ],
      [
        11.635761,
        47.314406,
        545.0
      ],
      [
        11.635356,
        47.31417,
        547.75
      ],
      [
        11.635095,
        47.314051,
        546.5
      ],
      [
        11.634713,
        47.313865,
        545.75
      ],
      [
        11.634643,
        47.313844,
        545.75
      ],
      [
        11.634467,
        47.313816,
        546.25
      ],
      [
        11.634395,
        47.313795,
        546.25
      ],
      [
        11.634346,
        47.313762,
        546.0
      ],
      [
        11.633942,
        47.313436,
        546.0
      ],
      [
        11.633895,
        47.31338,
        546.0
      ],
      [
        11.633801,
        47.313204,
        544.75
      ],
      [
        11.633751,
        47.313156,
        544.75
      ],
      [
        11.633434,
        47.312943,
        544.75
      ],
      [
        11.633225,
        47.312739,
        545.0
      ],
      [
        11.633173,
        47.312706,
        545.0
      ],
      [
        11.633104,
        47.312691,
        545.25
      ],
      [
        11.633037,
        47.312694,
        545.75
      ],
      [
        11.632979,
        47.312712,
        546.5
      ],
      [
        11.632633,
        47.312938,
        547.0
      ],
      [
        11.63257,
        47.312948,
        547.0
      ],
      [
        11.632518,
        47.312943,
        547.25
      ],
      [
        11.632441,
        47.312908,
        547.5
      ],
      [
        11.632956,
        47.312529,
        547.0
      ],
      [
        11.633773,
        47.311906,
        546.5
      ],
      [
        11.633886,
        47.311796,
        546.25
      ],
      [
        11.633956,
        47.311701,
        546.5
      ],
      [
        11.634017,
        47.311566,
        547.5
      ],
      [
        11.634032,
        47.311487,
        547.75
      ],
      [
        11.634034,
        47.311408,
        548.0
      ],
      [
        11.634021,
        47.310977,
        550.0
      ],
      [
        11.634035,
        47.310901,
        549.25
      ],
      [
        11.634094,
        47.310754,
        547.5
      ],
      [
        11.633992,
        47.310689,
        548.0
      ],
      [
        11.633137,
        47.310268,
        547.5
      ],
      [
        11.633101,
        47.310248,
        547.5
      ],
      [
        11.633055,
        47.310222,
        547.5
      ],
      [
        11.632768,
        47.310052,
        547.5
      ],
      [
        11.632638,
        47.309988,
        546.75
      ],
      [
        11.632309,
        47.309837,
        547.75
      ],
      [
        11.631357,
        47.30947,
        546.75
      ],
      [
        11.630405,
        47.309143,
        546.25
      ],
      [
        11.629203,
        47.308799,
        547.75
      ],
      [
        11.629114,
        47.308766,
        547.75
      ],
      [
        11.629126,
        47.308695,
        547.0
      ],
      [
        11.629234,
        47.308484,
        546.0
      ],
      [
        11.629403,
        47.308211,
        546.25
      ],
      [
        11.630179,
        47.306886,
        545.5
      ],
      [
        11.63031,
        47.306668,
        545.75
      ],
      [
        11.630391,
        47.306556,
        546.0
      ],
      [
        11.630569,
        47.306364,
        546.75
      ],
      [
        11.631413,
        47.305692,
        547.0
      ],
      [
        11.631502,
        47.305612,
        547.0
      ],
      [
        11.63168,
        47.305423,
        547.0
      ],
      [
        11.631764,
        47.30531,
        547.0
      ],
      [
        11.631842,
        47.305175,
        547.0
      ],
      [
        11.632202,
        47.304495,
        547.75
      ],
      [
        11.632279,
        47.304332,
        548.0
      ],
      [
        11.630715,
        47.3038,
        546.0
      ],
      [
        11.628584,
        47.303044,
        547.75
      ],
      [
        11.628847,
        47.302738,
        547.0
      ],
      [
        11.628767,
        47.302668,
        547.0
      ],
      [
        11.628639,
        47.30273,
        547.5
      ],
      [
        11.628298,
        47.302876,
        546.5
      ],
      [
        11.627799,
        47.30298,
        546.75
      ],
      [
        11.627471,
        47.303056,
        547.0
      ],
      [
        11.627139,
        47.303134,
        546.75
      ],
      [
        11.626937,
        47.303182,
        546.25
      ],
      [
        11.626916,
        47.303185,
        546.25
      ],
      [
        11.626748,
        47.303207,
        546.0
      ],
      [
        11.626621,
        47.30324,
        545.75
      ],
      [
        11.626249,
        47.303203,
        545.5
      ],
      [
        11.626029,
        47.30316,
        546.0
      ],
      [
        11.623937,
        47.302655,
        546.0
      ],
      [
        11.621392,
        47.30204,
        546.75
      ],
      [
        11.617842,
        47.301179,
        546.75
      ],
      [
        11.617768,
        47.301299,
        547.0
      ],
      [
        11.616587,
        47.303394,
        547.0
      ],
      [
        11.616546,
        47.303453,
        547.0
      ],
      [
        11.616465,
        47.303487,
        547.0
      ],
      [
        11.616405,
        47.3035,
        547.0
      ],
      [
        11.61634,
        47.303493,
        547.0
      ],
      [
        11.610146,
        47.301261,
        547.0
      ],
      [
        11.609388,
        47.300994,
        547.25
      ],
      [
        11.608505,
        47.300671,
        547.5
      ],
      [
        11.608266,
        47.300552,
        548.0
      ],
      [
        11.607828,
        47.300308,
        548.0
      ],
      [
        11.606705,
        47.299664,
        547.75
      ],
      [
        11.605191,
        47.298805,
        548.0
      ],
      [
        11.604835,
        47.298596,
        548.0
      ],
      [
        11.60447,
        47.298428,
        548.0
      ],
      [
        11.604415,
        47.29841,
        548.0
      ],
      [
        11.604314,
        47.29839,
        548.0
      ],
      [
        11.603952,
        47.298346,
        548.0
      ],
      [
        11.603842,
        47.298331,
        548.0
      ],
      [
        11.603756,
        47.298361,
        548.0
      ],
      [
        11.603713,
        47.298395,
        548.0
      ],
      [
        11.60359,
        47.298722,
        548.0
      ],
      [
        11.603491,
        47.298932,
        548.0
      ],
      [
        11.603242,
        47.29939,
        548.75
      ],
      [
        11.603137,
        47.299462,
        549.25
      ],
      [
        11.603022,
        47.299498,
        549.75
      ],
      [
        11.60295,
        47.299507,
        550.0
      ],
      [
        11.602858,
        47.2995,
        549.75
      ],
      [
        11.601579,
        47.299235,
        550.25
      ],
      [
        11.600316,
        47.299068,
        551.25
      ],
      [
        11.599341,
        47.298987,
        551.75
      ],
      [
        11.598356,
        47.298944,
        549.75
      ],
      [
        11.597309,
        47.29897,
        551.0
      ],
      [
        11.59594,
        47.299084,
        551.25
      ],
      [
        11.595458,
        47.299149,
        550.0
      ],
      [
        11.594115,
        47.29937,
        551.5
      ],
      [
        11.594097,
        47.299321,
        551.25
      ],
      [
        11.594081,
        47.299272,
        551.0
      ],
      [
        11.594281,
        47.29923,
        551.0
      ],
      [
        11.594367,
        47.299132,
        550.0
      ],
      [
        11.594352,
        47.299029,
        550.0
      ],
      [
        11.594245,
        47.29852,
        550.0
      ],
      [
        11.594141,
        47.297982,
        550.0
      ],
      [
        11.593061,
        47.298069,
        550.0
      ],
      [
        11.59269,
        47.298058,
        549.75
      ],
      [
        11.591901,
        47.298007,
        550.0
      ],
      [
        11.591402,
        47.29794,
        551.0
      ],
      [
        11.591225,
        47.297868,
        551.25
      ],
      [
        11.591092,
        47.297773,
        552.0
      ],
      [
        11.590977,
        47.297847,
        551.75
      ],
      [
        11.590889,
        47.297831,
        551.75
      ],
      [
        11.590505,
        47.297791,
        551.0
      ],
      [
        11.59048,
        47.297788,
        551.0
      ],
      [
        11.590232,
        47.297753,
        551.0
      ],
      [
        11.589646,
        47.297674,
        551.25
      ],
      [
        11.589403,
        47.29764,
        551.0
      ],
      [
        11.589364,
        47.297636,
        551.0
      ],
      [
        11.588622,
        47.297529,
        551.0
      ],
      [
        11.58856,
        47.29752,
        551.0
      ],
      [
        11.588524,
        47.297654,
        551.0
      ],
      [
        11.588507,
        47.297712,
        551.0
      ],
      [
        11.588463,
        47.29783,
        551.0
      ],
      [
        11.588424,
        47.297917,
        551.0
      ],
      [
        11.588399,
        47.297973,
        551.0
      ],
      [
        11.588369,
        47.298035,
        551.0
      ],
      [
        11.588217,
        47.298016,
        551.0
      ],
      [
        11.588005,
        47.297988,
        551.0
      ],
      [
        11.587789,
        47.297973,
        550.5
      ],
      [
        11.587221,
        47.297936,
        550.0
      ],
      [
        11.587106,
        47.297927,
        550.0
      ],
      [
        11.58703,
        47.297922,
        550.0
      ],
      [
        11.586727,
        47.297898,
        550.0
      ],
      [
        11.586405,
        47.297879,
        550.0
      ],
      [
        11.586384,
        47.297878,
        550.0
      ],
      [
        11.586333,
        47.297874,
        550.0
      ],
      [
        11.586281,
        47.297871,
        550.0
      ],
      [
        11.585558,
        47.297828,
        550.75
      ],
      [
        11.585087,
        47.297759,
        551.25
      ],
      [
        11.584929,
        47.297728,
        551.5
      ],
      [
        11.58469,
        47.297682,
        550.5
      ],
      [
        11.584084,
        47.297521,
        550.75
      ],
      [
        11.584041,
        47.29751,
        550.75
      ],
      [
        11.582501,
        47.297113,
        550.75
      ],
      [
        11.582649,
        47.296859,
        550.25
      ],
      [
        11.582786,
        47.296622,
        550.0
      ],
      [
        11.582815,
        47.296524,
        550.5
      ],
      [
        11.582688,
        47.2965,
        550.5
      ],
      [
        11.581429,
        47.296373,
        550.0
      ],
      [
        11.581077,
        47.296336,
        551.0
      ],
      [
        11.580701,
        47.296301,
        551.0
      ],
      [
        11.58032,
        47.296264,
        551.0
      ],
      [
        11.580031,
        47.296236,
        551.0
      ],
      [
        11.579933,
        47.296213,
        551.0
      ],
      [
        11.578982,
        47.295872,
        551.0
      ],
      [
        11.577316,
        47.295263,
        551.0
      ],
      [
        11.57535,
        47.294702,
        551.0
      ],
      [
        11.57328,
        47.294099,
        551.5
      ],
      [
        11.56978,
        47.293101,
        552.0
      ],
      [
        11.569685,
        47.293064,
        552.0
      ],
      [
        11.565402,
        47.290922,
        553.0
      ],
      [
        11.565314,
        47.290896,
        553.0
      ],
      [
        11.565292,
        47.290868,
        553.0
      ],
      [
        11.565241,
        47.29083,
        553.0
      ],
      [
        11.565207,
        47.290794,
        553.0
      ],
      [
        11.565178,
        47.290743,
        553.0
      ],
      [
        11.565117,
        47.290541,
        553.0
      ],
      [
        11.565106,
        47.290496,
        553.0
      ],
      [
        11.564977,
        47.290516,
        553.0
      ],
      [
        11.564881,
        47.290519,
        553.0
      ],
      [
        11.564688,
        47.290508,
        553.0
      ],
      [
        11.564477,
        47.290464,
        553.25
      ],
      [
        11.564363,
        47.290423,
        553.25
      ],
      [
        11.564265,
        47.290377,
        553.5
      ],
      [
        11.564177,
        47.290319,
        553.75
      ],
      [
        11.564099,
        47.290254,
        553.75
      ],
      [
        11.564026,
        47.290189,
        553.5
      ],
      [
        11.563939,
        47.290059,
        553.75
      ],
      [
        11.563764,
        47.289735,
        554.75
      ],
      [
        11.56368,
        47.289633,
        555.0
      ],
      [
        11.56354,
        47.289512,
        554.75
      ],
      [
        11.563427,
        47.289432,
        555.0
      ],
      [
        11.563007,
        47.289198,
        555.5
      ],
      [
        11.562802,
        47.289159,
        555.0
      ],
      [
        11.562649,
        47.289149,
        554.75
      ],
      [
        11.562473,
        47.289152,
        554.75
      ],
      [
        11.562346,
        47.289147,
        554.75
      ],
      [
        11.56212,
        47.289096,
        554.75
      ],
      [
        11.561988,
        47.289055,
        554.75
      ],
      [
        11.561768,
        47.288954,
        555.0
      ],
      [
        11.561348,
        47.288721,
        554.0
      ],
      [
        11.561011,
        47.288923,
        554.5
      ],
      [
        11.56087,
        47.289001,
        554.75
      ],
      [
        11.560728,
        47.289062,
        556.0
      ],
      [
        11.560369,
        47.289222,
        556.0
      ],
      [
        11.560304,
        47.289267,
        554.75
      ],
      [
        11.560278,
        47.289241,
        554.75
      ],
      [
        11.560231,
        47.289193,
        554.75
      ],
      [
        11.559454,
        47.288338,
        555.0
      ],
      [
        11.558544,
        47.287385,
        554.25
      ],
      [
        11.557771,
        47.286673,
        554.75
      ],
      [
        11.557442,
        47.286383,
        554.0
      ],
      [
        11.55696,
        47.285973,
        554.0
      ],
      [
        11.556394,
        47.28552,
        554.25
      ],
      [
        11.555972,
        47.285194,
        553.75
      ],
      [
        11.555537,
        47.28487,
        554.25
      ],
      [
        11.554629,
        47.284236,
        554.25
      ],
      [
        11.554381,
        47.284071,
        554.0
      ],
      [
        11.553604,
        47.283589,
        554.75
      ],
      [
        11.553138,
        47.283328,
        554.5
      ],
      [
        11.552656,
        47.283078,
        554.75
      ],
      [
        11.552258,
        47.282889,
        554.0
      ],
      [
        11.551852,
        47.282706,
        554.5
      ],
      [
        11.551294,
        47.282478,
        555.0
      ],
      [
        11.550755,
        47.282281,
        554.75
      ],
      [
        11.550203,
        47.282091,
        554.0
      ],
      [
        11.549842,
        47.281977,
        555.25
      ],
      [
        11.549441,
        47.281863,
        554.75
      ],
      [
        11.549031,
        47.281755,
        554.5
      ],
      [
        11.548639,
        47.281662,
        555.0
      ],
      [
        11.548245,
        47.281572,
        554.25
      ],
      [
        11.547584,
        47.281435,
        555.0
      ],
      [
        11.547513,
        47.281422,
        555.25
      ],
      [
        11.54734,
        47.281391,
        555.75
      ],
      [
        11.546746,
        47.281308,
        553.75
      ],
      [
        11.546146,
        47.281237,
        554.0
      ],
      [
        11.54534,
        47.281158,
        555.25
      ],
      [
        11.544005,
        47.281043,
        555.0
      ],
      [
        11.543241,
        47.280998,
        554.0
      ],
      [
        11.543075,
        47.281004,
        554.0
      ],
      [
        11.542805,
        47.280977,
        553.75
      ],
      [
        11.542004,
        47.280831,
        556.0
      ],
      [
        11.54185,
        47.280809,
        555.5
      ],
      [
        11.541653,
        47.280792,
        555.0
      ],
      [
        11.541506,
        47.280772,
        554.75
      ],
      [
        11.540837,
        47.280628,
        554.75
      ],
      [
        11.540676,
        47.280584,
        555.5
      ],
      [
        11.54061,
        47.280546,
        556.0
      ],
      [
        11.540588,
        47.280518,
        556.0
      ],
      [
        11.540584,
        47.280483,
        556.0
      ],
      [
        11.540789,
        47.27985,
        557.5
      ],
      [
        11.540716,
        47.279818,
        557.5
      ],
      [
        11.540513,
        47.279762,
        557.25
      ],
      [
        11.540217,
        47.279692,
        556.25
      ],
      [
        11.539366,
        47.279526,
        557.5
      ],
      [
        11.538926,
        47.27943,
        556.25
      ],
      [
        11.537601,
        47.279164,
        556.25
      ],
      [
        11.536416,
        47.278898,
        558.0
      ],
      [
        11.535651,
        47.278746,
        559.5
      ],
      [
        11.535565,
        47.278737,
        559.5
      ],
      [
        11.53552,
        47.27874,
        559.25
      ],
      [
        11.535448,
        47.27876,
        558.75
      ],
      [
        11.535412,
        47.278781,
        558.25
      ],
      [
        11.535318,
        47.278814,
        557.25
      ],
      [
        11.535287,
        47.27882,
        557.0
      ],
      [
        11.535217,
        47.278815,
        556.5
      ],
      [
        11.534548,
        47.278636,
        557.5
      ],
      [
        11.533862,
        47.278465,
        557.0
      ],
      [
        11.53318,
        47.278306,
        557.25
      ],
      [
        11.532487,
        47.27816,
        558.25
      ],
      [
        11.531228,
        47.277924,
        557.25
      ],
      [
        11.529959,
        47.277711,
        557.5
      ],
      [
        11.529023,
        47.27758,
        558.5
      ],
      [
        11.52852,
        47.277516,
        558.5
      ],
      [
        11.528279,
        47.277492,
        558.5
      ],
      [
        11.528176,
        47.277483,
        558.0
      ],
      [
        11.52799,
        47.277488,
        557.25
      ],
      [
        11.52794,
        47.277498,
        557.25
      ],
      [
        11.527812,
        47.27754,
        557.25
      ],
      [
        11.527723,
        47.277559,
        557.0
      ],
      [
        11.526786,
        47.277509,
        556.75
      ],
      [
        11.525698,
        47.277323,
        558.25
      ],
      [
        11.523512,
        47.276813,
        560.0
      ],
      [
        11.522245,
        47.276494,
        560.5
      ],
      [
        11.521112,
        47.276394,
        557.75
      ],
      [
        11.520747,
        47.276345,
        558.25
      ],
      [
        11.520243,
        47.276297,
        559.75
      ],
      [
        11.518919,
        47.2762,
        558.75
      ],
      [
        11.518349,
        47.276184,
        558.25
      ],
      [
        11.51762,
        47.276114,
        558.75
      ],
      [
        11.515987,
        47.276054,
        560.75
      ],
      [
        11.513578,
        47.276159,
        560.75
      ],
      [
        11.510074,
        47.276476,
        557.5
      ],
      [
        11.50939,
        47.276471,
        557.75
      ],
      [
        11.509178,
        47.276445,
        558.75
      ],
      [
        11.509096,
        47.276434,
        559.0
      ],
      [
        11.508764,
        47.276339,
        560.5
      ],
      [
        11.508719,
        47.276342,
        560.5
      ],
      [
        11.508701,
        47.276378,
        560.0
      ],
      [
        11.508454,
        47.277203,
        559.25
      ],
      [
        11.508429,
        47.277262,
        560.0
      ],
      [
        11.508328,
        47.27751,
        560.75
      ],
      [
        11.508197,
        47.27777,
        560.75
      ],
      [
        11.508271,
        47.27778,
        561.0
      ],
      [
        11.50826,
        47.277822,
        561.0
      ],
      [
        11.508628,
        47.277872,
        560.5
      ],
      [
        11.508567,
        47.278036,
        560.0
      ],
      [
        11.50848,
        47.278241,
        560.25
      ],
      [
        11.508016,
        47.27806,
        561.0
      ],
      [
        11.50794,
        47.278132,
        561.0
      ],
      [
        11.507729,
        47.27849,
        560.25
      ],
      [
        11.507617,
        47.278648,
        560.0
      ],
      [
        11.507545,
        47.278764,
        560.25
      ],
      [
        11.507528,
        47.278934,
        560.5
      ],
      [
        11.507449,
        47.279117,
        560.25
      ],
      [
        11.507447,
        47.279159,
        560.0
      ],
      [
        11.507443,
        47.279278,
        560.0
      ],
      [
        11.507441,
        47.279337,
        560.0
      ],
      [
        11.50744,
        47.279353,
        560.0
      ],
      [
        11.507434,
        47.279542,
        560.0
      ],
      [
        11.507515,
        47.279653,
        559.75
      ],
      [
        11.507736,
        47.27982,
        559.25
      ],
      [
        11.508078,
        47.280025,
        559.0
      ],
      [
        11.508186,
        47.280117,
        559.0
      ],
      [
        11.508216,
        47.280231,
        559.0
      ],
      [
        11.508199,
        47.280262,
        559.0
      ],
      [
        11.508146,
        47.280312,
        559.0
      ],
      [
        11.508088,
        47.280365,
        558.75
      ],
      [
        11.50806,
        47.280406,
        559.0
      ],
      [
        11.508037,
        47.280469,
        559.0
      ],
      [
        11.508038,
        47.28051,
        559.0
      ],
      [
        11.507762,
        47.280518,
        559.0
      ],
      [
        11.507759,
        47.28061,
        559.75
      ],
      [
        11.507758,
        47.280625,
        560.0
      ],
      [
        11.507752,
        47.280708,
        561.0
      ],
      [
        11.507707,
        47.280732,
        561.25
      ],
      [
        11.507514,
        47.280751,
        560.75
      ],
      [
        11.507164,
        47.280841,
        560.75
      ],
      [
        11.507017,
        47.280942,
        560.75
      ],
      [
        11.506717,
        47.280986,
        560.5
      ],
      [
        11.50634,
        47.281027,
        560.75
      ],
      [
        11.506109,
        47.28104,
        561.25
      ],
      [
        11.505821,
        47.281072,
        561.5
      ],
      [
        11.505544,
        47.281133,
        562.25
      ],
      [
        11.505278,
        47.2812,
        563.25
      ],
      [
        11.505095,
        47.28126,
        563.75
      ],
      [
        11.504857,
        47.28139,
        564.5
      ],
      [
        11.504742,
        47.281443,
        565.25
      ],
      [
        11.504665,
        47.281499,
        566.25
      ],
      [
        11.504452,
        47.281533,
        565.5
      ],
      [
        11.504379,
        47.281544,
        565.25
      ],
      [
        11.50436,
        47.281589,
        565.5
      ],
      [
        11.504319,
        47.281617,
        565.5
      ],
      [
        11.504292,
        47.281625,
        565.5
      ],
      [
        11.504233,
        47.281629,
        565.25
      ],
      [
        11.50419,
        47.281619,
        564.75
      ],
      [
        11.504175,
        47.281658,
        565.0
      ],
      [
        11.504155,
        47.281705,
        565.5
      ],
      [
        11.504111,
        47.281788,
        566.75
      ],
      [
        11.504019,
        47.281877,
        567.0
      ],
      [
        11.503816,
        47.282024,
        567.5
      ],
      [
        11.502989,
        47.282683,
        570.0
      ],
      [
        11.502913,
        47.28275,
        570.0
      ],
      [
        11.502854,
        47.282823,
        569.75
      ],
      [
        11.502806,
        47.282903,
        569.75
      ],
      [
        11.502765,
        47.282996,
        570.25
      ],
      [
        11.502724,
        47.283158,
        571.0
      ],
      [
        11.502622,
        47.283161,
        570.25
      ],
      [
        11.502305,
        47.283171,
        569.25
      ],
      [
        11.502232,
        47.283176,
        569.25
      ],
      [
        11.500787,
        47.283268,
        567.5
      ],
      [
        11.500794,
        47.283206,
        567.25
      ],
      [
        11.500826,
        47.283049,
        566.75
      ],
      [
        11.500832,
        47.283025,
        566.75
      ],
      [
        11.500088,
        47.282945,
        564.5
      ],
      [
        11.500832,
        47.283025,
        566.75
      ],
      [
        11.500826,
        47.283049,
        566.75
      ],
      [
        11.500794,
        47.283206,
        567.25
      ],
      [
        11.500787,
        47.283268,
        567.5
      ],
      [
        11.500803,
        47.28392,
        570.0
      ],
      [
        11.500804,
        47.284009,
        570.25
      ],
      [
        11.500595,
        47.284038,
        569.5
      ],
      [
        11.500374,
        47.284066,
        569.0
      ],
      [
        11.49996,
        47.284118,
        567.75
      ],
      [
        11.499192,
        47.284214,
        566.0
      ],
      [
        11.498263,
        47.284328,
        564.5
      ],
      [
        11.497915,
        47.284339,
        564.0
      ],
      [
        11.497557,
        47.284313,
        564.0
      ],
      [
        11.497241,
        47.284291,
        563.0
      ],
      [
        11.497058,
        47.284249,
        563.0
      ],
      [
        11.496839,
        47.284196,
        562.75
      ],
      [
        11.49649,
        47.284109,
        562.25
      ],
      [
        11.496388,
        47.284076,
        562.0
      ],
      [
        11.496115,
        47.283999,
        562.0
      ],
      [
        11.495781,
        47.283908,
        562.0
      ],
      [
        11.495622,
        47.283864,
        562.0
      ],
      [
        11.49522,
        47.283755,
        561.5
      ],
      [
        11.494408,
        47.283538,
        561.5
      ],
      [
        11.494184,
        47.283481,
        561.0
      ],
      [
        11.49336,
        47.283245,
        561.25
      ],
      [
        11.493327,
        47.283235,
        561.25
      ],
      [
        11.492469,
        47.28299,
        561.0
      ],
      [
        11.491192,
        47.282668,
        561.0
      ],
      [
        11.490944,
        47.282576,
        561.25
      ],
      [
        11.490216,
        47.28218,
        562.0
      ],
      [
        11.490166,
        47.282152,
        562.0
      ],
      [
        11.489193,
        47.281622,
        562.75
      ],
      [
        11.489113,
        47.281513,
        563.0
      ],
      [
        11.48912,
        47.281403,
        563.0
      ],
      [
        11.489397,
        47.280465,
        562.0
      ],
      [
        11.489409,
        47.280355,
        561.75
      ],
      [
        11.489443,
        47.280025,
        561.75
      ],
      [
        11.489481,
        47.279659,
        561.0
      ],
      [
        11.489513,
        47.279243,
        561.75
      ],
      [
        11.489584,
        47.27831,
        561.5
      ],
      [
        11.489612,
        47.277954,
        561.5
      ],
      [
        11.489629,
        47.277677,
        561.5
      ],
      [
        11.489568,
        47.277669,
        561.5
      ],
      [
        11.488104,
        47.277475,
        562.0
      ],
      [
        11.486533,
        47.277255,
        561.5
      ],
      [
        11.486449,
        47.27719,
        561.75
      ],
      [
        11.486403,
        47.277185,
        561.75
      ],
      [
        11.486359,
        47.27717,
        561.75
      ],
      [
        11.486326,
        47.27715,
        561.75
      ],
      [
        11.486302,
        47.277125,
        561.75
      ],
      [
        11.486249,
        47.277138,
        561.5
      ],
      [
        11.486137,
        47.277166,
        561.25
      ],
      [
        11.485959,
        47.277183,
        561.0
      ],
      [
        11.485603,
        47.277163,
        562.0
      ],
      [
        11.485221,
        47.277155,
        562.25
      ],
      [
        11.485149,
        47.277157,
        562.0
      ],
      [
        11.48515,
        47.277137,
        562.25
      ],
      [
        11.485155,
        47.277059,
        562.75
      ],
      [
        11.485142,
        47.276894,
        563.5
      ],
      [
        11.48515,
        47.276774,
        562.25
      ],
      [
        11.485603,
        47.27684,
        562.5
      ],
      [
        11.485503,
        47.276883,
        562.75
      ],
      [
        11.485381,
        47.276911,
        563.25
      ],
      [
        11.485209,
        47.276927,
        563.75
      ],
      [
        11.484811,
        47.276918,
        564.25
      ],
      [
        11.484448,
        47.276899,
        565.25
      ],
      [
        11.484113,
        47.276869,
        565.5
      ],
      [
        11.483762,
        47.276829,
        564.75
      ],
      [
        11.483241,
        47.276735,
        563.0
      ],
      [
        11.482067,
        47.276511,
        563.0
      ],
      [
        11.48182,
        47.276463,
        563.75
      ],
      [
        11.481353,
        47.27639,
        566.75
      ],
      [
        11.480922,
        47.276344,
        565.75
      ],
      [
        11.480404,
        47.276309,
        564.25
      ],
      [
        11.479853,
        47.276294,
        563.0
      ],
      [
        11.479631,
        47.276296,
        562.75
      ],
      [
        11.479344,
        47.276301,
        563.0
      ],
      [
        11.477829,
        47.276393,
        562.75
      ],
      [
        11.476753,
        47.276464,
        562.25
      ],
      [
        11.475979,
        47.276516,
        563.0
      ],
      [
        11.475793,
        47.276532,
        563.0
      ],
      [
        11.475543,
        47.276502,
        563.5
      ],
      [
        11.474691,
        47.276558,
        563.25
      ],
      [
        11.47445,
        47.276584,
        563.0
      ],
      [
        11.472887,
        47.276677,
        563.75
      ],
      [
        11.471271,
        47.276841,
        563.25
      ],
      [
        11.470614,
        47.276895,
        563.0
      ],
      [
        11.470228,
        47.276912,
        563.0
      ],
      [
        11.468862,
        47.276971,
        563.0
      ],
      [
        11.467998,
        47.277026,
        562.75
      ],
      [
        11.467604,
        47.277075,
        563.75
      ],
      [
        11.463723,
        47.277288,
        564.0
      ],
      [
        11.460165,
        47.27747,
        564.75
      ],
      [
        11.459619,
        47.277449,
        564.5
      ],
      [
        11.458505,
        47.277443,
        564.25
      ],
      [
        11.458423,
        47.277446,
        564.5
      ],
      [
        11.458368,
        47.277457,
        564.75
      ],
      [
        11.458325,
        47.277467,
        565.0
      ],
      [
        11.458281,
        47.277477,
        565.0
      ],
      [
        11.45799,
        47.277488,
        565.0
      ],
      [
        11.457604,
        47.277509,
        565.0
      ],
      [
        11.45729,
        47.277524,
        565.0
      ],
      [
        11.457154,
        47.277549,
        565.0
      ],
      [
        11.457103,
        47.277557,
        565.0
      ],
      [
        11.456946,
        47.277565,
        565.0
      ],
      [
        11.456882,
        47.277566,
        565.0
      ],
      [
        11.456807,
        47.277571,
        565.0
      ],
      [
        11.456742,
        47.277575,
        565.0
      ],
      [
        11.456717,
        47.277577,
        565.0
      ],
      [
        11.45669,
        47.277579,
        565.0
      ],
      [
        11.456652,
        47.277268,
        565.0
      ],
      [
        11.4566,
        47.276952,
        565.0
      ],
      [
        11.456593,
        47.276916,
        565.0
      ],
      [
        11.456541,
        47.276895,
        565.0
      ],
      [
        11.456389,
        47.276882,
        565.0
      ],
      [
        11.456236,
        47.276868,
        565.0
      ],
      [
        11.455669,
        47.276873,
        565.0
      ],
      [
        11.455512,
        47.276939,
        565.0
      ],
      [
        11.454818,
        47.277346,
        564.75
      ],
      [
        11.454664,
        47.277383,
        565.0
      ],
      [
        11.454361,
        47.277416,
        565.0
      ],
      [
        11.453961,
        47.27746,
        565.0
      ],
      [
        11.453895,
        47.277467,
        565.0
      ],
      [
        11.453796,
        47.277479,
        565.0
      ],
      [
        11.453766,
        47.277483,
        565.0
      ],
      [
        11.453638,
        47.277495,
        565.0
      ],
      [
        11.45363,
        47.277495,
        565.0
      ],
      [
        11.453515,
        47.277494,
        565.0
      ],
      [
        11.453452,
        47.277493,
        565.0
      ],
      [
        11.452603,
        47.277477,
        565.0
      ],
      [
        11.452279,
        47.277457,
        565.0
      ],
      [
        11.451849,
        47.277381,
        565.0
      ],
      [
        11.451532,
        47.277341,
        565.0
      ],
      [
        11.45133,
        47.277336,
        565.0
      ],
      [
        11.451102,
        47.277333,
        565.0
      ],
      [
        11.450882,
        47.277326,
        565.0
      ],
      [
        11.450661,
        47.277314,
        565.0
      ],
      [
        11.450402,
        47.277284,
        564.75
      ],
      [
        11.450342,
        47.277276,
        564.75
      ],
      [
        11.450264,
        47.277265,
        564.75
      ],
      [
        11.449946,
        47.277191,
        565.0
      ],
      [
        11.449817,
        47.277145,
        565.0
      ],
      [
        11.449719,
        47.277111,
        565.0
      ],
      [
        11.449627,
        47.277078,
        565.0
      ],
      [
        11.449209,
        47.276907,
        565.0
      ],
      [
        11.449055,
        47.276844,
        565.25
      ],
      [
        11.448901,
        47.276781,
        565.5
      ],
      [
        11.448594,
        47.276655,
        565.0
      ],
      [
        11.448445,
        47.276594,
        565.0
      ],
      [
        11.448321,
        47.276543,
        565.25
      ],
      [
        11.448244,
        47.276511,
        565.5
      ],
      [
        11.447912,
        47.276376,
        565.5
      ],
      [
        11.447589,
        47.276248,
        565.5
      ],
      [
        11.447515,
        47.276233,
        565.25
      ],
      [
        11.447081,
        47.276147,
        565.75
      ],
      [
        11.446466,
        47.276042,
        566.0
      ],
      [
        11.446032,
        47.275965,
        566.0
      ],
      [
        11.445733,
        47.275911,
        566.0
      ],
      [
        11.445535,
        47.27588,
        566.0
      ],
      [
        11.445311,
        47.275841,
        566.0
      ],
      [
        11.445229,
        47.275824,
        566.0
      ],
      [
        11.445202,
        47.275818,
        566.0
      ],
      [
        11.445123,
        47.275801,
        566.0
      ],
      [
        11.445066,
        47.275789,
        566.0
      ],
      [
        11.445054,
        47.275787,
        566.0
      ],
      [
        11.445039,
        47.275784,
        566.0
      ],
      [
        11.444995,
        47.275775,
        566.0
      ],
      [
        11.444491,
        47.275674,
        566.0
      ],
      [
        11.444325,
        47.275646,
        566.0
      ],
      [
        11.443574,
        47.275521,
        566.0
      ],
      [
        11.443443,
        47.275499,
        566.0
      ],
      [
        11.442882,
        47.275412,
        565.25
      ],
      [
        11.442366,
        47.275332,
        566.25
      ],
      [
        11.441519,
        47.275201,
        566.25
      ],
      [
        11.440219,
        47.275022,
        566.25
      ],
      [
        11.439563,
        47.274923,
        566.5
      ],
      [
        11.438958,
        47.274814,
        567.0
      ],
      [
        11.438864,
        47.274798,
        567.0
      ],
      [
        11.437675,
        47.274599,
        567.0
      ],
      [
        11.437592,
        47.274585,
        567.0
      ],
      [
        11.43759,
        47.274531,
        567.0
      ],
      [
        11.437497,
        47.274428,
        567.0
      ],
      [
        11.437472,
        47.274411,
        567.0
      ],
      [
        11.437347,
        47.274349,
        567.0
      ],
      [
        11.436856,
        47.274362,
        567.0
      ],
      [
        11.436651,
        47.274367,
        567.0
      ],
      [
        11.436283,
        47.274375,
        567.25
      ],
      [
        11.435947,
        47.274383,
        567.0
      ],
      [
        11.4359,
        47.274376,
        567.0
      ],
      [
        11.435826,
        47.274347,
        567.25
      ],
      [
        11.435785,
        47.274318,
        567.25
      ],
      [
        11.43578,
        47.274314,
        567.25
      ],
      [
        11.43575,
        47.274264,
        567.5
      ],
      [
        11.435736,
        47.274208,
        567.75
      ],
      [
        11.435739,
        47.274154,
        568.0
      ],
      [
        11.435718,
        47.274101,
        568.0
      ],
      [
        11.435669,
        47.274044,
        568.0
      ],
      [
        11.435607,
        47.273994,
        568.0
      ],
      [
        11.435465,
        47.273877,
        567.5
      ],
      [
        11.434543,
        47.273356,
        567.75
      ],
      [
        11.434344,
        47.273415,
        567.0
      ],
      [
        11.434265,
        47.273441,
        566.75
      ],
      [
        11.433607,
        47.273682,
        568.25
      ],
      [
        11.432907,
        47.273994,
        567.0
      ],
      [
        11.432598,
        47.274117,
        567.0
      ],
      [
        11.432204,
        47.274268,
        567.75
      ],
      [
        11.432038,
        47.274318,
        567.0
      ],
      [
        11.431913,
        47.274354,
        567.25
      ],
      [
        11.430984,
        47.274682,
        567.25
      ],
      [
        11.430824,
        47.274748,
        568.0
      ],
      [
        11.430571,
        47.274841,
        567.75
      ],
      [
        11.430333,
        47.274951,
        567.5
      ],
      [
        11.429288,
        47.275323,
        568.0
      ],
      [
        11.4287,
        47.275507,
        568.0
      ],
      [
        11.427882,
        47.275763,
        567.5
      ],
      [
        11.426333,
        47.276351,
        567.75
      ],
      [
        11.425587,
        47.276633,
        568.25
      ],
      [
        11.425089,
        47.27683,
        567.0
      ],
      [
        11.42277,
        47.277683,
        567.25
      ],
      [
        11.421967,
        47.277924,
        567.0
      ],
      [
        11.421362,
        47.278076,
        568.5
      ],
      [
        11.420488,
        47.278262,
        568.5
      ],
      [
        11.42043,
        47.278275,
        568.75
      ],
      [
        11.41988,
        47.278391,
        568.0
      ],
      [
        11.419814,
        47.278405,
        567.75
      ],
      [
        11.41679,
        47.279061,
        568.0
      ],
      [
        11.415983,
        47.27922,
        569.25
      ],
      [
        11.415889,
        47.279184,
        568.5
      ],
      [
        11.414076,
        47.279564,
        568.0
      ],
      [
        11.410383,
        47.280343,
        568.5
      ],
      [
        11.408925,
        47.28065,
        567.75
      ],
      [
        11.408803,
        47.280715,
        568.75
      ],
      [
        11.408695,
        47.280772,
        569.75
      ],
      [
        11.408496,
        47.280822,
        570.75
      ],
      [
        11.408372,
        47.280832,
        570.75
      ],
      [
        11.40793,
        47.280949,
        570.5
      ],
      [
        11.40786,
        47.280977,
        570.5
      ],
      [
        11.407729,
        47.281021,
        570.5
      ],
      [
        11.407538,
        47.281075,
        570.75
      ],
      [
        11.407001,
        47.281188,
        571.25
      ],
      [
        11.406796,
        47.281202,
        571.5
      ],
      [
        11.406649,
        47.281201,
        572.0
      ],
      [
        11.406493,
        47.281193,
        572.0
      ],
      [
        11.406344,
        47.281175,
        572.25
      ],
      [
        11.406108,
        47.281121,
        573.0
      ],
      [
        11.405927,
        47.281073,
        573.25
      ],
      [
        11.405875,
        47.281025,
        572.75
      ],
      [
        11.405795,
        47.280974,
        572.5
      ],
      [
        11.405548,
        47.280915,
        572.5
      ],
      [
        11.405433,
        47.28088,
        573.0
      ],
      [
        11.405396,
        47.280853,
        573.0
      ],
      [
        11.405331,
        47.280796,
        572.5
      ],
      [
        11.405292,
        47.280743,
        571.5
      ],
      [
        11.404701,
        47.279886,
        569.0
      ],
      [
        11.404337,
        47.279414,
        572.75
      ],
      [
        11.404326,
        47.279418,
        572.75
      ],
      [
        11.404288,
        47.279431,
        572.75
      ],
      [
        11.404234,
        47.27945,
        573.0
      ],
      [
        11.404199,
        47.279468,
        573.0
      ],
      [
        11.404159,
        47.279489,
        572.75
      ],
      [
        11.404116,
        47.279518,
        572.5
      ],
      [
        11.404101,
        47.279528,
        572.5
      ],
      [
        11.404077,
        47.279544,
        572.25
      ],
      [
        11.404025,
        47.279613,
        571.75
      ],
      [
        11.403945,
        47.279715,
        570.5
      ],
      [
        11.402705,
        47.279326,
        569.0
      ],
      [
        11.402085,
        47.279089,
        569.75
      ],
      [
        11.401404,
        47.278783,
        570.0
      ],
      [
        11.401347,
        47.278758,
        570.0
      ],
      [
        11.401282,
        47.278664,
        571.5
      ],
      [
        11.4012,
        47.278604,
        572.25
      ],
      [
        11.400919,
        47.278488,
        570.25
      ],
      [
        11.400675,
        47.278371,
        571.75
      ],
      [
        11.400464,
        47.278215,
        571.75
      ],
      [
        11.400358,
        47.27805,
        572.5
      ],
      [
        11.400224,
        47.277958,
        572.25
      ],
      [
        11.400186,
        47.277938,
        572.0
      ],
      [
        11.400003,
        47.277882,
        571.25
      ],
      [
        11.399899,
        47.277847,
        571.25
      ],
      [
        11.399838,
        47.277811,
        571.5
      ],
      [
        11.399272,
        47.277377,
        571.0
      ],
      [
        11.399202,
        47.277326,
        571.0
      ],
      [
        11.399122,
        47.277286,
        570.75
      ],
      [
        11.399069,
        47.277245,
        570.75
      ],
      [
        11.398499,
        47.276682,
        571.5
      ],
      [
        11.398459,
        47.276608,
        571.5
      ],
      [
        11.398416,
        47.27655,
        571.75
      ],
      [
        11.398148,
        47.276323,
        571.25
      ],
      [
        11.397893,
        47.27608,
        571.5
      ],
      [
        11.397834,
        47.276014,
        571.75
      ],
      [
        11.397785,
        47.275962,
        572.0
      ],
      [
        11.397745,
        47.27589,
        572.0
      ],
      [
        11.397705,
        47.27579,
        572.25
      ],
      [
        11.397644,
        47.275717,
        572.0
      ],
      [
        11.397579,
        47.27566,
        572.0
      ],
      [
        11.397547,
        47.275592,
        572.5
      ],
      [
        11.397532,
        47.275534,
        573.0
      ],
      [
        11.39743,
        47.275394,
        572.25
      ],
      [
        11.397409,
        47.27535,
        572.25
      ],
      [
        11.397237,
        47.275045,
        572.75
      ],
      [
        11.397194,
        47.274999,
        572.5
      ],
      [
        11.396975,
        47.274763,
        572.5
      ],
      [
        11.396683,
        47.274411,
        571.25
      ],
      [
        11.396297,
        47.273956,
        571.75
      ],
      [
        11.396112,
        47.273722,
        571.75
      ],
      [
        11.396078,
        47.273652,
        572.0
      ],
      [
        11.395704,
        47.27309,
        572.5
      ],
      [
        11.395693,
        47.273075,
        572.75
      ],
      [
        11.395662,
        47.273033,
        573.0
      ],
      [
        11.395612,
        47.272848,
        572.75
      ],
      [
        11.3956,
        47.27279,
        573.0
      ],
      [
        11.395609,
        47.272691,
        573.25
      ],
      [
        11.395612,
        47.272585,
        573.5
      ],
      [
        11.395604,
        47.272523,
        573.75
      ],
      [
        11.395449,
        47.271566,
        573.75
      ],
      [
        11.39543,
        47.271532,
        573.75
      ],
      [
        11.395385,
        47.271493,
        573.75
      ],
      [
        11.39534,
        47.271465,
        573.75
      ],
      [
        11.395283,
        47.271451,
        573.75
      ],
      [
        11.395226,
        47.27144,
        573.75
      ],
      [
        11.394996,
        47.271373,
        573.75
      ],
      [
        11.394805,
        47.271365,
        574.0
      ],
      [
        11.394653,
        47.271339,
        573.75
      ],
      [
        11.394331,
        47.271181,
        573.25
      ],
      [
        11.394082,
        47.271107,
        572.25
      ],
      [
        11.394025,
        47.271074,
        571.75
      ],
      [
        11.393942,
        47.270994,
        571.5
      ],
      [
        11.393126,
        47.270096,
        572.0
      ],
      [
        11.393108,
        47.270074,
        572.25
      ],
      [
        11.393153,
        47.270057,
        572.75
      ],
      [
        11.393172,
        47.270013,
        573.25
      ],
      [
        11.393095,
        47.269931,
        573.0
      ],
      [
        11.392861,
        47.269687,
        572.5
      ],
      [
        11.392469,
        47.26926,
        573.25
      ],
      [
        11.392537,
        47.269238,
        573.75
      ],
      [
        11.392552,
        47.269234,
        573.75
      ],
      [
        11.392583,
        47.26925,
        573.75
      ],
      [
        11.392809,
        47.269182,
        573.75
      ],
      [
        11.393117,
        47.269108,
        573.0
      ],
      [
        11.393459,
        47.269046,
        574.0
      ],
      [
        11.393462,
        47.269037,
        574.0
      ],
      [
        11.393468,
        47.26901,
        574.0
      ],
      [
        11.393443,
        47.268871,
        574.0
      ],
      [
        11.393424,
        47.268596,
        574.0
      ],
      [
        11.393413,
        47.268576,
        574.0
      ],
      [
        11.39342,
        47.268563,
        574.0
      ],
      [
        11.393209,
        47.268516,
        573.5
      ],
      [
        11.393271,
        47.268323,
        573.75
      ],
      [
        11.393209,
        47.268516,
        573.5
      ],
      [
        11.392571,
        47.268506,
        573.0
      ],
      [
        11.392482,
        47.268486,
        573.0
      ],
      [
        11.392271,
        47.268438,
        573.0
      ],
      [
        11.39201,
        47.268383,
        573.75
      ],
      [
        11.391877,
        47.2684,
        573.75
      ],
      [
        11.391825,
        47.268424,
        573.5
      ],
      [
        11.391803,
        47.268429,
        573.25
      ],
      [
        11.391787,
        47.268423,
        573.25
      ],
      [
        11.391627,
        47.26837,
        573.5
      ],
      [
        11.391492,
        47.268224,
        574.25
      ],
      [
        11.391405,
        47.268291,
        574.75
      ],
      [
        11.391311,
        47.26822,
        573.75
      ],
      [
        11.391272,
        47.268211,
        573.25
      ],
      [
        11.391262,
        47.268209,
        573.25
      ],
      [
        11.391142,
        47.268182,
        572.25
      ],
      [
        11.390979,
        47.268127,
        572.75
      ],
      [
        11.390812,
        47.268047,
        573.5
      ],
      [
        11.39057,
        47.267916,
        572.0
      ],
      [
        11.390114,
        47.267686,
        572.25
      ],
      [
        11.389992,
        47.267622,
        572.0
      ],
      [
        11.389884,
        47.267537,
        573.25
      ],
      [
        11.38951,
        47.267358,
        572.5
      ],
      [
        11.389135,
        47.267164,
        573.5
      ],
      [
        11.388757,
        47.26697,
        573.5
      ],
      [
        11.388643,
        47.266902,
        574.0
      ],
      [
        11.388515,
        47.266827,
        573.0
      ],
      [
        11.388348,
        47.26674,
        572.75
      ],
      [
        11.388055,
        47.266588,
        573.75
      ],
      [
        11.387909,
        47.266513,
        573.0
      ],
      [
        11.387582,
        47.266346,
        574.5
      ],
      [
        11.386904,
        47.266001,
        573.0
      ],
      [
        11.386634,
        47.265864,
        573.25
      ],
      [
        11.38605,
        47.265566,
        574.0
      ],
      [
        11.38565,
        47.265343,
        574.0
      ],
      [
        11.385602,
        47.265237,
        575.0
      ],
      [
        11.385258,
        47.265018,
        574.5
      ],
      [
        11.385033,
        47.264871,
        574.0
      ],
      [
        11.384813,
        47.264734,
        574.0
      ],
      [
        11.384748,
        47.264683,
        574.0
      ],
      [
        11.384734,
        47.264668,
        574.0
      ],
      [
        11.384687,
        47.264617,
        573.75
      ],
      [
        11.384632,
        47.264536,
        573.5
      ],
      [
        11.384556,
        47.264474,
        573.75
      ],
      [
        11.384466,
        47.264426,
        574.0
      ],
      [
        11.384237,
        47.264335,
        572.5
      ],
      [
        11.383905,
        47.264067,
        574.0
      ],
      [
        11.383825,
        47.263974,
        573.75
      ],
      [
        11.383608,
        47.263768,
        574.5
      ],
      [
        11.383001,
        47.263073,
        574.75
      ],
      [
        11.382948,
        47.263012,
        574.5
      ],
      [
        11.382905,
        47.262957,
        574.5
      ],
      [
        11.3826,
        47.262582,
        574.5
      ],
      [
        11.382352,
        47.262294,
        574.75
      ],
      [
        11.382269,
        47.262067,
        575.5
      ],
      [
        11.382153,
        47.261901,
        575.75
      ],
      [
        11.382037,
        47.261764,
        575.75
      ],
      [
        11.382013,
        47.261664,
        576.0
      ],
      [
        11.381936,
        47.261555,
        575.75
      ],
      [
        11.381808,
        47.261446,
        575.75
      ],
      [
        11.381101,
        47.260793,
        575.75
      ],
      [
        11.381019,
        47.260704,
        574.75
      ],
      [
        11.380657,
        47.260244,
        574.75
      ],
      [
        11.38046,
        47.260014,
        574.75
      ],
      [
        11.380207,
        47.259699,
        575.0
      ],
      [
        11.38002,
        47.259432,
        576.0
      ],
      [
        11.379896,
        47.25939,
        574.5
      ],
      [
        11.37968,
        47.259193,
        574.75
      ],
      [
        11.379622,
        47.259138,
        575.0
      ],
      [
        11.379544,
        47.259047,
        575.25
      ],
      [
        11.379396,
        47.258861,
        575.25
      ],
      [
        11.379364,
        47.258782,
        575.25
      ],
      [
        11.379299,
        47.258717,
        575.0
      ],
      [
        11.378624,
        47.258102,
        575.25
      ],
      [
        11.377942,
        47.257463,
        574.75
      ],
      [
        11.377842,
        47.257366,
        574.75
      ],
      [
        11.377682,
        47.257198,
        575.0
      ],
      [
        11.377579,
        47.257122,
        574.75
      ],
      [
        11.377298,
        47.25684,
        575.25
      ],
      [
        11.377267,
        47.256813,
        575.0
      ],
      [
        11.377216,
        47.256768,
        575.0
      ],
      [
        11.377059,
        47.256606,
        575.0
      ],
      [
        11.376937,
        47.256506,
        575.5
      ],
      [
        11.376829,
        47.256466,
        575.25
      ],
      [
        11.376665,
        47.256312,
        575.25
      ],
      [
        11.376296,
        47.255941,
        575.5
      ],
      [
        11.376215,
        47.255864,
        575.5
      ],
      [
        11.375079,
        47.254805,
        576.0
      ],
      [
        11.3748,
        47.254585,
        575.5
      ],
      [
        11.374179,
        47.254095,
        575.0
      ],
      [
        11.373867,
        47.25385,
        576.75
      ],
      [
        11.373363,
        47.253563,
        575.75
      ],
      [
        11.372802,
        47.253284,
        576.5
      ],
      [
        11.372227,
        47.253062,
        577.75
      ],
      [
        11.371687,
        47.252892,
        577.75
      ],
      [
        11.370382,
        47.252623,
        577.5
      ],
      [
        11.369692,
        47.25255,
        577.75
      ],
      [
        11.369278,
        47.252513,
        578.5
      ],
      [
        11.36854,
        47.252517,
        578.5
      ],
      [
        11.367554,
        47.252601,
        576.75
      ],
      [
        11.366494,
        47.252806,
        577.75
      ],
      [
        11.361787,
        47.253896,
        578.0
      ],
      [
        11.359442,
        47.254344,
        576.75
      ],
      [
        11.357139,
        47.254646,
        576.25
      ],
      [
        11.355755,
        47.254669,
        577.5
      ],
      [
        11.354418,
        47.254618,
        576.75
      ],
      [
        11.35274,
        47.2544,
        578.0
      ],
      [
        11.35266,
        47.25439,
        577.5
      ],
      [
        11.350641,
        47.253934,
        579.25
      ],
      [
        11.34815,
        47.253216,
        578.75
      ],
      [
        11.346829,
        47.252843,
        580.25
      ],
      [
        11.346147,
        47.252673,
        579.0
      ],
      [
        11.345514,
        47.252528,
        580.25
      ],
      [
        11.34457,
        47.252345,
        579.75
      ],
      [
        11.343963,
        47.252273,
        580.75
      ],
      [
        11.343457,
        47.252229,
        580.75
      ],
      [
        11.342649,
        47.252187,
        580.25
      ],
      [
        11.341981,
        47.252193,
        580.25
      ],
      [
        11.341345,
        47.252213,
        581.0
      ],
      [
        11.340702,
        47.252269,
        581.25
      ],
      [
        11.339994,
        47.252356,
        580.5
      ],
      [
        11.338943,
        47.252543,
        581.75
      ],
      [
        11.338057,
        47.252772,
        582.0
      ],
      [
        11.337617,
        47.252906,
        580.75
      ],
      [
        11.33696,
        47.253121,
        581.5
      ],
      [
        11.33575,
        47.2536,
        581.25
      ],
      [
        11.335019,
        47.253948,
        580.75
      ],
      [
        11.334923,
        47.25399,
        580.5
      ],
      [
        11.334551,
        47.254183,
        581.5
      ],
      [
        11.33442,
        47.254257,
        581.0
      ],
      [
        11.333467,
        47.254811,
        581.0
      ],
      [
        11.333427,
        47.254817,
        581.0
      ],
      [
        11.333062,
        47.254592,
        581.75
      ],
      [
        11.333002,
        47.254585,
        582.0
      ],
      [
        11.33293,
        47.254585,
        582.25
      ],
      [
        11.331835,
        47.254963,
        582.25
      ],
      [
        11.331664,
        47.254993,
        582.0
      ],
      [
        11.331573,
        47.255033,
        582.25
      ],
      [
        11.331397,
        47.255104,
        582.5
      ],
      [
        11.33133,
        47.25513,
        582.5
      ],
      [
        11.331206,
        47.255173,
        582.25
      ],
      [
        11.330096,
        47.255578,
        581.75
      ],
      [
        11.329477,
        47.255822,
        582.0
      ],
      [
        11.328943,
        47.256046,
        581.75
      ],
      [
        11.328612,
        47.256184,
        580.75
      ],
      [
        11.328309,
        47.256339,
        582.25
      ],
      [
        11.326942,
        47.257089,
        583.25
      ],
      [
        11.326094,
        47.25777,
        583.0
      ],
      [
        11.325524,
        47.258292,
        583.0
      ],
      [
        11.324965,
        47.258819,
        583.0
      ],
      [
        11.324505,
        47.259275,
        583.25
      ],
      [
        11.324473,
        47.259347,
        583.25
      ],
      [
        11.324476,
        47.259425,
        583.0
      ],
      [
        11.324533,
        47.259599,
        583.0
      ],
      [
        11.324899,
        47.260586,
        582.75
      ],
      [
        11.324958,
        47.260665,
        583.5
      ],
      [
        11.325003,
        47.260699,
        583.5
      ],
      [
        11.325084,
        47.260746,
        583.75
      ],
      [
        11.325223,
        47.260823,
        584.0
      ],
      [
        11.325362,
        47.260888,
        583.5
      ],
      [
        11.325421,
        47.260908,
        583.0
      ],
      [
        11.32511,
        47.2612,
        584.5
      ],
      [
        11.324998,
        47.261224,
        585.5
      ],
      [
        11.32457,
        47.261145,
        584.75
      ],
      [
        11.324417,
        47.261165,
        583.75
      ],
      [
        11.32427,
        47.261237,
        585.0
      ],
      [
        11.324201,
        47.261391,
        583.5
      ],
      [
        11.32405,
        47.261604,
        584.5
      ],
      [
        11.323754,
        47.261874,
        583.75
      ],
      [
        11.323396,
        47.262129,
        584.0
      ],
      [
        11.322955,
        47.262439,
        583.75
      ],
      [
        11.32274,
        47.26267,
        582.25
      ],
      [
        11.321706,
        47.263166,
        582.0
      ],
      [
        11.321407,
        47.263302,
        582.75
      ],
      [
        11.321142,
        47.26341,
        582.5
      ],
      [
        11.320767,
        47.263552,
        583.0
      ],
      [
        11.320006,
        47.263805,
        583.0
      ],
      [
        11.319212,
        47.264032,
        583.0
      ],
      [
        11.318768,
        47.264151,
        583.25
      ],
      [
        11.31836,
        47.264241,
        583.25
      ],
      [
        11.3174,
        47.264413,
        583.25
      ],
      [
        11.316897,
        47.264489,
        583.25
      ],
      [
        11.31602,
        47.264579,
        583.0
      ],
      [
        11.314915,
        47.264563,
        583.5
      ],
      [
        11.314063,
        47.264655,
        583.5
      ],
      [
        11.313528,
        47.26465,
        583.5
      ],
      [
        11.312689,
        47.264599,
        583.0
      ],
      [
        11.312115,
        47.26454,
        583.5
      ],
      [
        11.310304,
        47.264337,
        583.75
      ],
      [
        11.309061,
        47.264217,
        585.75
      ],
      [
        11.299045,
        47.263485,
        585.0
      ],
      [
        11.294335,
        47.26317,
        586.5
      ],
      [
        11.292883,
        47.263122,
        587.5
      ],
      [
        11.291797,
        47.26313,
        587.25
      ],
      [
        11.290937,
        47.263173,
        586.5
      ],
      [
        11.289582,
        47.263317,
        587.5
      ],
      [
        11.28868,
        47.263465,
        587.0
      ],
      [
        11.287972,
        47.26362,
        588.0
      ],
      [
        11.287107,
        47.26384,
        587.5
      ],
      [
        11.286539,
        47.26401,
        587.75
      ],
      [
        11.28597,
        47.2642,
        588.75
      ],
      [
        11.284871,
        47.264603,
        588.0
      ],
      [
        11.283351,
        47.265239,
        588.25
      ],
      [
        11.283053,
        47.265338,
        588.0
      ],
      [
        11.282853,
        47.265392,
        588.0
      ],
      [
        11.282708,
        47.265458,
        587.5
      ],
      [
        11.282512,
        47.265532,
        587.0
      ],
      [
        11.282355,
        47.265564,
        587.75
      ],
      [
        11.28159,
        47.265583,
        587.5
      ],
      [
        11.281392,
        47.265594,
        587.5
      ],
      [
        11.278937,
        47.265675,
        589.75
      ],
      [
        11.278366,
        47.265672,
        589.5
      ],
      [
        11.276105,
        47.26556,
        590.75
      ],
      [
        11.273815,
        47.265359,
        590.0
      ],
      [
        11.272592,
        47.265262,
        589.75
      ],
      [
        11.26975,
        47.26519,
        589.5
      ],
      [
        11.268819,
        47.265222,
        591.5
      ],
      [
        11.266165,
        47.265772,
        592.75
      ],
      [
        11.265947,
        47.265858,
        592.25
      ],
      [
        11.265828,
        47.265932,
        590.75
      ],
      [
        11.265602,
        47.266051,
        589.0
      ],
      [
        11.264061,
        47.266326,
        591.25
      ],
      [
        11.263866,
        47.266351,
        592.0
      ],
      [
        11.263608,
        47.266417,
        591.5
      ],
      [
        11.26343,
        47.266422,
        592.0
      ],
      [
        11.262833,
        47.266443,
        591.5
      ],
      [
        11.262442,
        47.266452,
        590.25
      ],
      [
        11.262136,
        47.266445,
        589.75
      ],
      [
        11.262071,
        47.266445,
        589.5
      ],
      [
        11.261926,
        47.266429,
        588.75
      ],
      [
        11.261858,
        47.266407,
        589.25
      ],
      [
        11.261253,
        47.266202,
        591.0
      ],
      [
        11.260651,
        47.265976,
        593.25
      ],
      [
        11.260569,
        47.265906,
        592.5
      ],
      [
        11.26049,
        47.26561,
        594.25
      ],
      [
        11.260366,
        47.265455,
        594.75
      ],
      [
        11.259981,
        47.265288,
        592.0
      ],
      [
        11.258363,
        47.265037,
        592.0
      ],
      [
        11.257917,
        47.264923,
        592.0
      ],
      [
        11.256895,
        47.264602,
        592.5
      ],
      [
        11.256718,
        47.264533,
        592.25
      ],
      [
        11.256315,
        47.264312,
        593.25
      ],
      [
        11.256076,
        47.264201,
        592.75
      ],
      [
        11.25578,
        47.264098,
        593.25
      ],
      [
        11.2556,
        47.264268,
        591.75
      ],
      [
        11.254797,
        47.265027,
        592.0
      ],
      [
        11.254759,
        47.265045,
        592.0
      ],
      [
        11.254685,
        47.265055,
        592.0
      ],
      [
        11.254601,
        47.265041,
        592.0
      ],
      [
        11.254452,
        47.265003,
        592.0
      ],
      [
        11.254381,
        47.264998,
        591.75
      ],
      [
        11.254339,
        47.265004,
        592.0
      ],
      [
        11.254306,
        47.26502,
        592.0
      ],
      [
        11.254269,
        47.265077,
        592.25
      ],
      [
        11.254258,
        47.265097,
        592.25
      ],
      [
        11.254205,
        47.26519,
        592.5
      ],
      [
        11.25417,
        47.265271,
        592.75
      ],
      [
        11.254103,
        47.265487,
        593.0
      ],
      [
        11.254056,
        47.265597,
        593.25
      ],
      [
        11.254006,
        47.265688,
        593.75
      ],
      [
        11.253929,
        47.265802,
        593.75
      ],
      [
        11.253858,
        47.265904,
        594.25
      ],
      [
        11.253742,
        47.26608,
        595.75
      ],
      [
        11.253736,
        47.266087,
        595.75
      ],
      [
        11.253623,
        47.266233,
        596.75
      ],
      [
        11.25348,
        47.26641,
        597.5
      ],
      [
        11.253362,
        47.266542,
        597.75
      ],
      [
        11.253226,
        47.266696,
        598.25
      ],
      [
        11.252991,
        47.266945,
        599.0
      ],
      [
        11.252975,
        47.266963,
        599.25
      ],
      [
        11.252805,
        47.267153,
        600.5
      ],
      [
        11.252734,
        47.267232,
        601.0
      ],
      [
        11.252621,
        47.267367,
        601.5
      ],
      [
        11.252592,
        47.267442,
        602.0
      ],
      [
        11.252567,
        47.26754,
        602.5
      ],
      [
        11.252495,
        47.267771,
        602.75
      ],
      [
        11.252398,
        47.267944,
        603.25
      ],
      [
        11.252303,
        47.26814,
        604.25
      ],
      [
        11.252254,
        47.268293,
        604.75
      ],
      [
        11.252228,
        47.268351,
        605.0
      ],
      [
        11.252158,
        47.268427,
        605.5
      ],
      [
        11.25195,
        47.268543,
        606.5
      ],
      [
        11.251815,
        47.268624,
        607.0
      ],
      [
        11.251726,
        47.26869,
        607.25
      ],
      [
        11.25163,
        47.268775,
        607.5
      ],
      [
        11.251469,
        47.268935,
        608.75
      ],
      [
        11.251253,
        47.269055,
        608.75
      ],
      [
        11.251139,
        47.269179,
        609.0
      ],
      [
        11.251087,
        47.269165,
        608.75
      ],
      [
        11.250944,
        47.269117,
        608.5
      ],
      [
        11.250855,
        47.269085,
        608.5
      ],
      [
        11.250701,
        47.269001,
        608.0
      ],
      [
        11.250353,
        47.268855,
        606.75
      ],
      [
        11.24997,
        47.268816,
        606.0
      ],
      [
        11.249872,
        47.268806,
        606.0
      ],
      [
        11.249644,
        47.268736,
        605.75
      ],
      [
        11.249536,
        47.268828,
        606.0
      ],
      [
        11.249413,
        47.268901,
        606.0
      ],
      [
        11.249285,
        47.268975,
        606.25
      ],
      [
        11.249147,
        47.269062,
        606.5
      ],
      [
        11.249023,
        47.269164,
        606.75
      ],
      [
        11.248744,
        47.269432,
        608.25
      ],
      [
        11.24861,
        47.269584,
        609.0
      ],
      [
        11.248379,
        47.26989,
        610.25
      ],
      [
        11.248262,
        47.270054,
        611.25
      ],
      [
        11.248097,
        47.27026,
        612.0
      ],
      [
        11.248053,
        47.270303,
        612.0
      ],
      [
        11.247882,
        47.27048,
        613.0
      ],
      [
        11.247765,
        47.270596,
        613.25
      ],
      [
        11.24759,
        47.270748,
        613.75
      ],
      [
        11.247334,
        47.270951,
        614.25
      ],
      [
        11.246962,
        47.271269,
        615.5
      ],
      [
        11.246817,
        47.271391,
        616.0
      ],
      [
        11.24676,
        47.271438,
        616.0
      ],
      [
        11.246537,
        47.271615,
        616.25
      ],
      [
        11.246288,
        47.271766,
        617.0
      ],
      [
        11.246014,
        47.271927,
        617.75
      ],
      [
        11.245521,
        47.272212,
        620.0
      ],
      [
        11.245711,
        47.272435,
        621.75
      ],
      [
        11.245743,
        47.272481,
        621.75
      ],
      [
        11.24501,
        47.272651,
        623.5
      ],
      [
        11.244944,
        47.272667,
        623.75
      ],
      [
        11.244812,
        47.272697,
        624.25
      ],
      [
        11.24474,
        47.272711,
        624.5
      ],
      [
        11.244627,
        47.272733,
        625.0
      ],
      [
        11.244152,
        47.272829,
        626.25
      ],
      [
        11.244141,
        47.272831,
        626.25
      ],
      [
        11.243746,
        47.272915,
        628.0
      ],
      [
        11.24318,
        47.273035,
        628.75
      ],
      [
        11.24311,
        47.273051,
        628.75
      ],
      [
        11.242325,
        47.273217,
        628.5
      ],
      [
        11.242217,
        47.27325,
        628.5
      ],
      [
        11.242057,
        47.273352,
        628.25
      ],
      [
        11.241964,
        47.273414,
        628.25
      ],
      [
        11.242078,
        47.273434,
        628.75
      ],
      [
        11.242237,
        47.273429,
        629.75
      ],
      [
        11.242078,
        47.273434,
        628.75
      ],
      [
        11.241964,
        47.273414,
        628.25
      ],
      [
        11.24173,
        47.273512,
        628.5
      ],
      [
        11.241534,
        47.273585,
        628.0
      ],
      [
        11.241468,
        47.273606,
        627.75
      ],
      [
        11.241379,
        47.273636,
        627.25
      ],
      [
        11.241341,
        47.273644,
        628.0
      ],
      [
        11.241171,
        47.273671,
        630.5
      ],
      [
        11.24111,
        47.27368,
        631.25
      ],
      [
        11.240378,
        47.273824,
        633.25
      ],
      [
        11.239732,
        47.273993,
        633.75
      ],
      [
        11.239601,
        47.274038,
        633.5
      ],
      [
        11.239248,
        47.274154,
        632.5
      ],
      [
        11.239078,
        47.274208,
        632.25
      ],
      [
        11.238728,
        47.274312,
        631.25
      ],
      [
        11.238721,
        47.274314,
        631.25
      ],
      [
        11.238654,
        47.274331,
        630.75
      ],
      [
        11.238348,
        47.274399,
        629.75
      ],
      [
        11.237987,
        47.274458,
        629.0
      ],
      [
        11.237933,
        47.274464,
        629.25
      ],
      [
        11.237416,
        47.274513,
        628.0
      ],
      [
        11.237364,
        47.274518,
        628.0
      ],
      [
        11.237066,
        47.274554,
        627.0
      ],
      [
        11.23691,
        47.274581,
        626.75
      ],
      [
        11.236575,
        47.274652,
        626.25
      ],
      [
        11.236373,
        47.274705,
        625.75
      ],
      [
        11.236135,
        47.274782,
        624.5
      ],
      [
        11.235956,
        47.274848,
        624.25
      ],
      [
        11.23567,
        47.274971,
        623.25
      ],
      [
        11.235361,
        47.275136,
        621.75
      ],
      [
        11.235213,
        47.275225,
        621.5
      ],
      [
        11.235023,
        47.275339,
        621.0
      ],
      [
        11.234751,
        47.275509,
        619.0
      ],
      [
        11.234647,
        47.275572,
        618.75
      ],
      [
        11.234287,
        47.275797,
        617.5
      ],
      [
        11.234107,
        47.275906,
        617.25
      ],
      [
        11.233904,
        47.276032,
        616.75
      ],
      [
        11.233609,
        47.276216,
        615.5
      ],
      [
        11.233469,
        47.276301,
        615.0
      ],
      [
        11.233382,
        47.276356,
        614.25
      ],
      [
        11.233092,
        47.276541,
        613.5
      ],
      [
        11.232751,
        47.276757,
        610.75
      ],
      [
        11.232455,
        47.276928,
        608.5
      ],
      [
        11.232395,
        47.276961,
        608.25
      ],
      [
        11.232138,
        47.277078,
        607.5
      ],
      [
        11.231968,
        47.277142,
        607.25
      ],
      [
        11.231702,
        47.277231,
        607.75
      ],
      [
        11.231415,
        47.277308,
        608.75
      ],
      [
        11.231166,
        47.277366,
        607.25
      ],
      [
        11.2311,
        47.277378,
        606.25
      ],
      [
        11.230403,
        47.27751,
        603.75
      ],
      [
        11.230351,
        47.27752,
        604.0
      ],
      [
        11.230212,
        47.277548,
        604.5
      ],
      [
        11.228897,
        47.277821,
        604.25
      ],
      [
        11.228338,
        47.277904,
        605.75
      ],
      [
        11.227379,
        47.277929,
        604.75
      ],
      [
        11.226934,
        47.277956,
        604.5
      ],
      [
        11.226046,
        47.278103,
        605.5
      ],
      [
        11.225164,
        47.278253,
        606.0
      ],
      [
        11.224787,
        47.278357,
        606.5
      ],
      [
        11.224039,
        47.278679,
        607.25
      ],
      [
        11.222717,
        47.279107,
        608.75
      ],
      [
        11.221415,
        47.279524,
        608.75
      ],
      [
        11.221089,
        47.279602,
        606.75
      ],
      [
        11.220655,
        47.279682,
        607.5
      ],
      [
        11.218198,
        47.279979,
        608.5
      ],
      [
        11.216789,
        47.280149,
        607.75
      ],
      [
        11.216208,
        47.280188,
        609.0
      ],
      [
        11.215639,
        47.280162,
        611.0
      ],
      [
        11.215446,
        47.280151,
        612.25
      ],
      [
        11.215141,
        47.280154,
        612.25
      ],
      [
        11.214884,
        47.28017,
        611.0
      ],
      [
        11.214631,
        47.280197,
        609.75
      ],
      [
        11.214324,
        47.280254,
        608.75
      ],
      [
        11.21403,
        47.280324,
        610.25
      ],
      [
        11.213589,
        47.280418,
        607.75
      ],
      [
        11.213183,
        47.280479,
        609.25
      ],
      [
        11.212819,
        47.280485,
        606.0
      ],
      [
        11.212461,
        47.280459,
        606.0
      ],
      [
        11.211666,
        47.280345,
        610.5
      ],
      [
        11.211576,
        47.280333,
        610.75
      ],
      [
        11.210099,
        47.280127,
        610.5
      ],
      [
        11.209576,
        47.280069,
        610.75
      ],
      [
        11.209084,
        47.280077,
        609.75
      ],
      [
        11.208613,
        47.280154,
        609.5
      ],
      [
        11.208537,
        47.280171,
        609.25
      ],
      [
        11.208288,
        47.280236,
        609.5
      ],
      [
        11.208106,
        47.2803,
        610.0
      ],
      [
        11.207182,
        47.28069,
        604.5
      ],
      [
        11.206414,
        47.281009,
        605.0
      ],
      [
        11.205942,
        47.281137,
        602.5
      ],
      [
        11.205523,
        47.281191,
        601.0
      ],
      [
        11.205209,
        47.281191,
        601.0
      ],
      [
        11.204984,
        47.281191,
        601.25
      ],
      [
        11.204928,
        47.28119,
        601.25
      ],
      [
        11.20477,
        47.281182,
        601.25
      ],
      [
        11.204084,
        47.281156,
        600.0
      ],
      [
        11.203602,
        47.281138,
        600.0
      ],
      [
        11.202905,
        47.281109,
        600.5
      ],
      [
        11.202648,
        47.281099,
        601.0
      ],
      [
        11.202272,
        47.281085,
        601.0
      ],
      [
        11.201941,
        47.281072,
        601.0
      ],
      [
        11.201433,
        47.281057,
        600.75
      ],
      [
        11.20134,
        47.281054,
        600.75
      ],
      [
        11.200845,
        47.281036,
        600.0
      ],
      [
        11.199701,
        47.280999,
        600.0
      ],
      [
        11.199156,
        47.281012,
        600.0
      ],
      [
        11.19859,
        47.281072,
        601.0
      ],
      [
        11.198246,
        47.281117,
        600.75
      ],
      [
        11.197138,
        47.281277,
        600.0
      ],
      [
        11.196696,
        47.281352,
        601.25
      ],
      [
        11.196315,
        47.281454,
        601.5
      ],
      [
        11.196017,
        47.281551,
        601.0
      ],
      [
        11.194821,
        47.282023,
        600.75
      ],
      [
        11.194047,
        47.282341,
        601.25
      ],
      [
        11.193291,
        47.282653,
        601.25
      ],
      [
        11.191909,
        47.283243,
        602.75
      ],
      [
        11.190913,
        47.283693,
        603.5
      ],
      [
        11.190769,
        47.283772,
        603.5
      ],
      [
        11.190599,
        47.283871,
        603.75
      ],
      [
        11.190349,
        47.28405,
        604.0
      ],
      [
        11.190173,
        47.28422,
        604.0
      ],
      [
        11.190029,
        47.284406,
        604.0
      ],
      [
        11.18976,
        47.284315,
        603.0
      ],
      [
        11.18965,
        47.284289,
        603.0
      ],
      [
        11.189478,
        47.284273,
        603.0
      ],
      [
        11.189363,
        47.284282,
        603.5
      ],
      [
        11.189291,
        47.284319,
        603.5
      ],
      [
        11.189241,
        47.284344,
        603.75
      ],
      [
        11.189105,
        47.284412,
        604.25
      ],
      [
        11.187797,
        47.285003,
        603.0
      ],
      [
        11.186728,
        47.285409,
        604.0
      ],
      [
        11.185879,
        47.285666,
        604.5
      ],
      [
        11.185007,
        47.285884,
        603.75
      ],
      [
        11.184109,
        47.286067,
        603.75
      ],
      [
        11.183194,
        47.2862,
        604.5
      ],
      [
        11.18197,
        47.286324,
        604.25
      ],
      [
        11.180781,
        47.286365,
        603.5
      ],
      [
        11.18024,
        47.286356,
        604.5
      ],
      [
        11.179649,
        47.286326,
        605.0
      ],
      [
        11.178558,
        47.286251,
        605.25
      ],
      [
        11.177492,
        47.286139,
        603.75
      ],
      [
        11.176418,
        47.286003,
        605.25
      ],
      [
        11.17433,
        47.2857,
        605.5
      ],
      [
        11.172063,
        47.285433,
        605.5
      ],
      [
        11.171031,
        47.28535,
        604.5
      ],
      [
        11.169537,
        47.28527,
        604.0
      ],
      [
        11.169337,
        47.285265,
        604.75
      ],
      [
        11.169312,
        47.285422,
        605.0
      ],
      [
        11.169223,
        47.28583,
        605.5
      ],
      [
        11.168907,
        47.287146,
        603.5
      ],
      [
        11.168782,
        47.287125,
        603.75
      ],
      [
        11.169021,
        47.285332,
        609.5
      ],
      [
        11.169078,
        47.285019,
        610.5
      ],
      [
        11.16916,
        47.284693,
        611.75
      ],
      [
        11.169204,
        47.284536,
        611.75
      ],
      [
        11.169234,
        47.28444,
        612.5
      ],
      [
        11.169186,
        47.284438,
        613.5
      ],
      [
        11.169137,
        47.284455,
        613.25
      ],
      [
        11.169095,
        47.28445,
        612.5
      ],
      [
        11.169078,
        47.284416,
        612.0
      ],
      [
        11.169076,
        47.284363,
        611.5
      ],
      [
        11.169095,
        47.284202,
        610.5
      ],
      [
        11.169052,
        47.284135,
        608.75
      ],
      [
        11.168998,
        47.284089,
        607.5
      ],
      [
        11.168922,
        47.284054,
        606.25
      ],
      [
        11.168712,
        47.283994,
        605.25
      ],
      [
        11.168462,
        47.283929,
        605.5
      ],
      [
        11.168038,
        47.283837,
        605.25
      ],
      [
        11.167797,
        47.283801,
        605.0
      ],
      [
        11.167263,
        47.283734,
        604.75
      ],
      [
        11.166979,
        47.283713,
        605.25
      ],
      [
        11.166661,
        47.283701,
        605.25
      ],
      [
        11.166453,
        47.2837,
        605.25
      ],
      [
        11.166213,
        47.283725,
        605.25
      ],
      [
        11.166026,
        47.283737,
        605.0
      ],
      [
        11.164926,
        47.283904,
        606.0
      ],
      [
        11.164718,
        47.283935,
        606.5
      ],
      [
        11.164413,
        47.284018,
        605.0
      ],
      [
        11.163898,
        47.284184,
        606.0
      ],
      [
        11.162951,
        47.284531,
        605.0
      ],
      [
        11.162529,
        47.284696,
        606.25
      ],
      [
        11.16186,
        47.284975,
        606.25
      ],
      [
        11.160334,
        47.285579,
        606.5
      ],
      [
        11.159966,
        47.285742,
        605.5
      ],
      [
        11.159286,
        47.28608,
        606.5
      ],
      [
        11.15882,
        47.286347,
        607.0
      ],
      [
        11.158663,
        47.286418,
        607.5
      ],
      [
        11.156762,
        47.287121,
        607.25
      ],
      [
        11.156022,
        47.28743,
        607.75
      ],
      [
        11.153737,
        47.288425,
        607.75
      ],
      [
        11.150661,
        47.289782,
        607.75
      ],
      [
        11.149054,
        47.290458,
        608.0
      ],
      [
        11.147181,
        47.291256,
        607.75
      ],
      [
        11.146389,
        47.291565,
        608.5
      ],
      [
        11.145574,
        47.291872,
        607.75
      ],
      [
        11.144468,
        47.292307,
        607.75
      ],
      [
        11.143231,
        47.292847,
        608.5
      ],
      [
        11.140385,
        47.294063,
        608.75
      ],
      [
        11.139618,
        47.294384,
        609.25
      ],
      [
        11.13839,
        47.294873,
        609.0
      ],
      [
        11.137306,
        47.295316,
        609.25
      ],
      [
        11.136247,
        47.295758,
        609.25
      ],
      [
        11.135645,
        47.296054,
        610.0
      ],
      [
        11.135093,
        47.296334,
        609.5
      ],
      [
        11.13331,
        47.297169,
        610.0
      ],
      [
        11.132237,
        47.297653,
        610.25
      ],
      [
        11.131096,
        47.298139,
        610.75
      ],
      [
        11.130456,
        47.298398,
        611.0
      ],
      [
        11.129213,
        47.298951,
        610.75
      ],
      [
        11.127502,
        47.299691,
        612.5
      ],
      [
        11.126743,
        47.300044,
        612.0
      ],
      [
        11.126373,
        47.300239,
        612.5
      ],
      [
        11.125997,
        47.300456,
        613.25
      ],
      [
        11.125478,
        47.30078,
        613.25
      ],
      [
        11.124986,
        47.30112,
        612.75
      ],
      [
        11.124885,
        47.301193,
        612.5
      ],
      [
        11.124798,
        47.301255,
        612.5
      ],
      [
        11.124252,
        47.301675,
        612.5
      ],
      [
        11.123883,
        47.302007,
        613.5
      ],
      [
        11.123491,
        47.302401,
        613.75
      ],
      [
        11.123148,
        47.302777,
        613.75
      ],
      [
        11.122799,
        47.30323,
        613.75
      ],
      [
        11.12241,
        47.30384,
        613.25
      ],
      [
        11.121857,
        47.304765,
        613.0
      ],
      [
        11.121749,
        47.304998,
        613.0
      ],
      [
        11.121627,
        47.305354,
        613.5
      ],
      [
        11.121361,
        47.305816,
        613.25
      ],
      [
        11.121101,
        47.306325,
        614.25
      ],
      [
        11.12098,
        47.30654,
        614.0
      ],
      [
        11.120842,
        47.306758,
        614.5
      ],
      [
        11.120551,
        47.307163,
        614.5
      ],
      [
        11.120192,
        47.307618,
        614.0
      ],
      [
        11.119784,
        47.308055,
        615.0
      ],
      [
        11.119529,
        47.308283,
        614.5
      ],
      [
        11.11925,
        47.308508,
        614.0
      ],
      [
        11.118743,
        47.308892,
        614.75
      ],
      [
        11.118077,
        47.309332,
        614.75
      ],
      [
        11.117602,
        47.309608,
        614.5
      ],
      [
        11.11711,
        47.309876,
        615.0
      ],
      [
        11.11669,
        47.31008,
        614.75
      ],
      [
        11.116255,
        47.310276,
        615.25
      ],
      [
        11.115521,
        47.310561,
        615.75
      ],
      [
        11.114762,
        47.310823,
        615.75
      ],
      [
        11.113547,
        47.311131,
        616.0
      ],
      [
        11.112869,
        47.311266,
        616.75
      ],
      [
        11.112195,
        47.311364,
        615.5
      ],
      [
        11.111665,
        47.311426,
        616.5
      ],
      [
        11.111122,
        47.311477,
        616.75
      ],
      [
        11.110386,
        47.311523,
        617.25
      ],
      [
        11.109649,
        47.31154,
        617.5
      ],
      [
        11.109152,
        47.311532,
        616.0
      ],
      [
        11.108746,
        47.311504,
        616.25
      ],
      [
        11.108449,
        47.31146,
        616.5
      ],
      [
        11.108153,
        47.311393,
        616.0
      ],
      [
        11.107842,
        47.311304,
        616.75
      ],
      [
        11.107543,
        47.311178,
        616.5
      ],
      [
        11.10727,
        47.311052,
        616.75
      ],
      [
        11.106998,
        47.310883,
        617.0
      ],
      [
        11.106324,
        47.310367,
        616.75
      ],
      [
        11.106109,
        47.310219,
        616.0
      ],
      [
        11.105815,
        47.310096,
        617.0
      ],
      [
        11.105492,
        47.30999,
        616.75
      ],
      [
        11.104896,
        47.309876,
        617.0
      ],
      [
        11.104721,
        47.309864,
        617.5
      ],
      [
        11.104342,
        47.30987,
        618.25
      ],
      [
        11.104153,
        47.309887,
        618.25
      ],
      [
        11.103983,
        47.30992,
        617.5
      ],
      [
        11.103705,
        47.309997,
        617.0
      ],
      [
        11.10346,
        47.310085,
        618.75
      ],
      [
        11.103289,
        47.310178,
        618.5
      ],
      [
        11.103028,
        47.310341,
        617.25
      ],
      [
        11.102969,
        47.310357,
        617.25
      ],
      [
        11.102895,
        47.31036,
        617.25
      ],
      [
        11.1028,
        47.310345,
        617.25
      ],
      [
        11.101137,
        47.309853,
        617.75
      ],
      [
        11.100321,
        47.309597,
        617.5
      ],
      [
        11.098271,
        47.308914,
        617.25
      ],
      [
        11.097885,
        47.308771,
        618.25
      ],
      [
        11.097731,
        47.308699,
        618.0
      ],
      [
        11.097617,
        47.30861,
        617.25
      ],
      [
        11.097587,
        47.308596,
        617.25
      ],
      [
        11.097504,
        47.308554,
        617.0
      ],
      [
        11.097325,
        47.308511,
        616.75
      ],
      [
        11.097132,
        47.308448,
        617.5
      ],
      [
        11.096076,
        47.30807,
        618.0
      ],
      [
        11.094858,
        47.307604,
        618.25
      ],
      [
        11.093931,
        47.30722,
        618.75
      ],
      [
        11.090463,
        47.305832,
        618.5
      ],
      [
        11.089779,
        47.305618,
        619.0
      ],
      [
        11.088294,
        47.305036,
        619.25
      ],
      [
        11.087671,
        47.304777,
        619.5
      ],
      [
        11.087361,
        47.304598,
        618.75
      ],
      [
        11.086881,
        47.304462,
        619.25
      ],
      [
        11.086639,
        47.304366,
        619.0
      ],
      [
        11.085565,
        47.30384,
        620.0
      ],
      [
        11.085049,
        47.303614,
        619.5
      ],
      [
        11.084039,
        47.303221,
        618.75
      ],
      [
        11.083915,
        47.303179,
        618.0
      ],
      [
        11.083306,
        47.303027,
        620.25
      ],
      [
        11.081771,
        47.302759,
        620.75
      ],
      [
        11.080332,
        47.302605,
        622.75
      ],
      [
        11.078634,
        47.302327,
        622.75
      ],
      [
        11.078108,
        47.302259,
        621.5
      ],
      [
        11.077555,
        47.302192,
        621.25
      ],
      [
        11.077105,
        47.302087,
        620.5
      ],
      [
        11.076758,
        47.302042,
        619.5
      ],
      [
        11.076421,
        47.302022,
        620.5
      ],
      [
        11.074657,
        47.301942,
        622.75
      ],
      [
        11.073974,
        47.301927,
        622.5
      ],
      [
        11.073968,
        47.301992,
        623.25
      ],
      [
        11.073936,
        47.302265,
        624.5
      ],
      [
        11.073857,
        47.302376,
        623.25
      ],
      [
        11.073443,
        47.303038,
        622.0
      ],
      [
        11.07335,
        47.303201,
        622.0
      ],
      [
        11.073136,
        47.303574,
        622.0
      ],
      [
        11.073056,
        47.303719,
        621.75
      ],
      [
        11.072904,
        47.303996,
        621.75
      ],
      [
        11.072542,
        47.304631,
        622.0
      ],
      [
        11.07252,
        47.304671,
        622.0
      ],
      [
        11.072464,
        47.304771,
        622.0
      ],
      [
        11.072341,
        47.304731,
        622.0
      ],
      [
        11.072299,
        47.304717,
        622.0
      ],
      [
        11.07228,
        47.304711,
        622.0
      ],
      [
        11.072216,
        47.304748,
        622.0
      ],
      [
        11.072101,
        47.30478,
        622.0
      ],
      [
        11.071606,
        47.30485,
        622.25
      ],
      [
        11.071574,
        47.304854,
        622.0
      ],
      [
        11.071606,
        47.30485,
        622.25
      ],
      [
        11.072101,
        47.30478,
        622.0
      ],
      [
        11.072216,
        47.304748,
        622.0
      ],
      [
        11.07228,
        47.304711,
        622.0
      ],
      [
        11.072299,
        47.304717,
        622.0
      ],
      [
        11.072341,
        47.304731,
        622.0
      ],
      [
        11.072464,
        47.304771,
        622.0
      ],
      [
        11.07252,
        47.304671,
        622.0
      ],
      [
        11.072542,
        47.304631,
        622.0
      ],
      [
        11.072904,
        47.303996,
        621.75
      ],
      [
        11.073056,
        47.303719,
        621.75
      ],
      [
        11.073136,
        47.303574,
        622.0
      ],
      [
        11.07335,
        47.303201,
        622.0
      ],
      [
        11.073443,
        47.303038,
        622.0
      ],
      [
        11.073857,
        47.302376,
        623.25
      ],
      [
        11.073936,
        47.302265,
        624.5
      ],
      [
        11.073968,
        47.301992,
        623.25
      ],
      [
        11.073974,
        47.301927,
        622.5
      ],
      [
        11.073979,
        47.301883,
        621.5
      ],
      [
        11.074054,
        47.301044,
        620.25
      ],
      [
        11.074076,
        47.300722,
        622.25
      ],
      [
        11.073685,
        47.300716,
        622.25
      ],
      [
        11.073098,
        47.300666,
        622.0
      ],
      [
        11.072996,
        47.300659,
        622.0
      ],
      [
        11.072926,
        47.300648,
        622.0
      ],
      [
        11.072758,
        47.300602,
        621.75
      ],
      [
        11.072666,
        47.300588,
        621.75
      ],
      [
        11.07246,
        47.300579,
        621.75
      ],
      [
        11.07183,
        47.300526,
        621.5
      ],
      [
        11.071199,
        47.30046,
        622.25
      ],
      [
        11.070209,
        47.300307,
        622.5
      ],
      [
        11.069456,
        47.300201,
        622.25
      ],
      [
        11.068932,
        47.300116,
        621.75
      ],
      [
        11.067909,
        47.299931,
        622.25
      ],
      [
        11.067403,
        47.299831,
        623.25
      ],
      [
        11.066666,
        47.299664,
        622.0
      ],
      [
        11.065937,
        47.299485,
        623.0
      ],
      [
        11.065321,
        47.29932,
        623.25
      ],
      [
        11.064929,
        47.299207,
        623.5
      ],
      [
        11.064559,
        47.299089,
        623.25
      ],
      [
        11.063793,
        47.298831,
        623.25
      ],
      [
        11.063736,
        47.298825,
        623.25
      ],
      [
        11.063349,
        47.298819,
        623.5
      ],
      [
        11.063258,
        47.298801,
        623.25
      ],
      [
        11.063133,
        47.29875,
        623.25
      ],
      [
        11.062976,
        47.298671,
        623.75
      ],
      [
        11.062832,
        47.298594,
        624.25
      ],
      [
        11.062558,
        47.29843,
        624.25
      ],
      [
        11.061998,
        47.298107,
        624.5
      ],
      [
        11.061309,
        47.297782,
        624.5
      ],
      [
        11.060618,
        47.297432,
        624.5
      ],
      [
        11.059502,
        47.296835,
        624.75
      ],
      [
        11.059439,
        47.2968,
        625.0
      ],
      [
        11.05937,
        47.296766,
        625.0
      ],
      [
        11.058946,
        47.29657,
        624.75
      ],
      [
        11.058459,
        47.29638,
        624.25
      ],
      [
        11.058081,
        47.296193,
        625.25
      ],
      [
        11.057798,
        47.296067,
        624.25
      ],
      [
        11.057168,
        47.295801,
        623.75
      ],
      [
        11.056312,
        47.295482,
        624.25
      ],
      [
        11.055441,
        47.295187,
        624.5
      ],
      [
        11.054385,
        47.294886,
        624.75
      ],
      [
        11.053858,
        47.294745,
        625.5
      ],
      [
        11.053319,
        47.294617,
        626.5
      ],
      [
        11.051886,
        47.294313,
        626.0
      ],
      [
        11.049773,
        47.293914,
        625.75
      ],
      [
        11.047871,
        47.293589,
        625.75
      ],
      [
        11.046043,
        47.293341,
        626.75
      ],
      [
        11.045954,
        47.293334,
        626.75
      ],
      [
        11.045866,
        47.293353,
        626.75
      ],
      [
        11.045805,
        47.293388,
        626.5
      ],
      [
        11.045768,
        47.293447,
        626.25
      ],
      [
        11.045686,
        47.29381,
        626.0
      ],
      [
        11.045653,
        47.293878,
        626.0
      ],
      [
        11.045471,
        47.29385,
        626.0
      ],
      [
        11.045309,
        47.293797,
        626.0
      ],
      [
        11.045206,
        47.293753,
        626.0
      ],
      [
        11.045178,
        47.293711,
        626.0
      ],
      [
        11.045181,
        47.293654,
        626.0
      ],
      [
        11.045276,
        47.293317,
        626.0
      ],
      [
        11.045227,
        47.293246,
        626.0
      ],
      [
        11.045141,
        47.293216,
        626.0
      ],
      [
        11.043058,
        47.292961,
        626.0
      ],
      [
        11.042339,
        47.292901,
        626.75
      ],
      [
        11.041561,
        47.292861,
        627.5
      ],
      [
        11.039242,
        47.292773,
        627.75
      ],
      [
        11.039139,
        47.292781,
        627.75
      ],
      [
        11.039059,
        47.292808,
        627.75
      ],
      [
        11.03885,
        47.292937,
        627.25
      ],
      [
        11.038766,
        47.292961,
        627.25
      ],
      [
        11.038717,
        47.292963,
        627.25
      ],
      [
        11.038675,
        47.292949,
        627.25
      ],
      [
        11.038625,
        47.292915,
        627.5
      ],
      [
        11.03855,
        47.29281,
        627.75
      ],
      [
        11.03848,
        47.292766,
        627.75
      ],
      [
        11.038367,
        47.292752,
        627.75
      ],
      [
        11.03356,
        47.292608,
        629.75
      ],
      [
        11.029858,
        47.292508,
        629.75
      ],
      [
        11.028638,
        47.292491,
        631.0
      ],
      [
        11.028117,
        47.292494,
        629.25
      ],
      [
        11.027999,
        47.292501,
        629.0
      ],
      [
        11.028001,
        47.292398,
        629.75
      ],
      [
        11.028023,
        47.292116,
        630.5
      ],
      [
        11.028033,
        47.291972,
        631.0
      ],
      [
        11.027903,
        47.291972,
        631.5
      ],
      [
        11.027333,
        47.292035,
        634.0
      ],
      [
        11.027142,
        47.292039,
        634.5
      ],
      [
        11.027021,
        47.292018,
        634.75
      ],
      [
        11.026766,
        47.291934,
        636.25
      ],
      [
        11.026689,
        47.291899,
        636.75
      ],
      [
        11.026643,
        47.291861,
        637.25
      ],
      [
        11.026607,
        47.291805,
        637.5
      ],
      [
        11.026567,
        47.291503,
        638.75
      ],
      [
        11.026489,
        47.291363,
        639.75
      ],
      [
        11.026312,
        47.291515,
        639.25
      ],
      [
        11.026293,
        47.291532,
        639.0
      ],
      [
        11.02627,
        47.291551,
        638.75
      ],
      [
        11.026131,
        47.291682,
        638.0
      ],
      [
        11.026065,
        47.29178,
        637.5
      ],
      [
        11.026042,
        47.291845,
        637.25
      ],
      [
        11.025946,
        47.291805,
        637.5
      ],
      [
        11.025858,
        47.291927,
        637.0
      ],
      [
        11.02581,
        47.29193,
        637.0
      ],
      [
        11.025705,
        47.291913,
        637.0
      ],
      [
        11.025673,
        47.291909,
        637.0
      ],
      [
        11.025391,
        47.291846,
        637.0
      ],
      [
        11.025117,
        47.291807,
        636.5
      ],
      [
        11.024855,
        47.291788,
        636.0
      ],
      [
        11.024392,
        47.291723,
        635.0
      ],
      [
        11.023825,
        47.291628,
        634.0
      ],
      [
        11.023237,
        47.29153,
        633.5
      ],
      [
        11.022312,
        47.291364,
        633.0
      ],
      [
        11.021435,
        47.29119,
        631.25
      ],
      [
        11.020151,
        47.290961,
        634.75
      ],
      [
        11.017849,
        47.29051,
        635.25
      ],
      [
        11.017396,
        47.290401,
        635.5
      ],
      [
        11.016976,
        47.290263,
        636.25
      ],
      [
        11.016735,
        47.290177,
        635.25
      ],
      [
        11.016404,
        47.290037,
        636.25
      ],
      [
        11.016181,
        47.289935,
        635.75
      ],
      [
        11.015864,
        47.289778,
        636.0
      ],
      [
        11.015604,
        47.289607,
        635.25
      ],
      [
        11.015477,
        47.289508,
        636.25
      ],
      [
        11.015027,
        47.289074,
        637.25
      ],
      [
        11.014819,
        47.288886,
        637.0
      ],
      [
        11.014582,
        47.288709,
        636.75
      ],
      [
        11.014383,
        47.288585,
        635.75
      ],
      [
        11.013938,
        47.288324,
        634.0
      ],
      [
        11.013492,
        47.288124,
        632.5
      ],
      [
        11.013108,
        47.287999,
        633.25
      ],
      [
        11.012705,
        47.287901,
        634.75
      ],
      [
        11.012484,
        47.287857,
        634.25
      ],
      [
        11.012262,
        47.287823,
        633.0
      ],
      [
        11.011773,
        47.28777,
        632.0
      ],
      [
        11.011461,
        47.28772,
        634.0
      ],
      [
        11.011259,
        47.287678,
        634.25
      ],
      [
        11.01052,
        47.287499,
        632.25
      ],
      [
        11.010297,
        47.287454,
        633.5
      ],
      [
        11.008602,
        47.287063,
        633.0
      ],
      [
        11.008485,
        47.287042,
        633.0
      ],
      [
        11.007363,
        47.286777,
        633.0
      ],
      [
        11.007323,
        47.286838,
        633.0
      ],
      [
        11.007289,
        47.286872,
        633.0
      ],
      [
        11.007226,
        47.286871,
        633.0
      ],
      [
        11.006922,
        47.286797,
        633.0
      ],
      [
        11.006422,
        47.286701,
        633.75
      ],
      [
        11.006006,
        47.286609,
        633.0
      ],
      [
        11.004884,
        47.286334,
        633.25
      ],
      [
        11.003118,
        47.285866,
        633.75
      ],
      [
        11.001771,
        47.285479,
        633.75
      ],
      [
        11.000757,
        47.285206,
        634.0
      ],
      [
        10.998922,
        47.284759,
        634.75
      ],
      [
        10.998725,
        47.284709,
        634.75
      ],
      [
        10.99577,
        47.28399,
        635.5
      ],
      [
        10.995124,
        47.283838,
        635.0
      ],
      [
        10.99463,
        47.283713,
        635.5
      ],
      [
        10.992795,
        47.28328,
        635.0
      ],
      [
        10.992229,
        47.283162,
        635.5
      ],
      [
        10.991689,
        47.283075,
        635.75
      ],
      [
        10.990886,
        47.282967,
        635.75
      ],
      [
        10.990233,
        47.282873,
        636.5
      ],
      [
        10.989904,
        47.28282,
        636.75
      ],
      [
        10.989226,
        47.282688,
        636.0
      ],
      [
        10.98651,
        47.282086,
        636.75
      ],
      [
        10.986037,
        47.281996,
        637.5
      ],
      [
        10.985572,
        47.281892,
        636.75
      ],
      [
        10.985032,
        47.281761,
        637.5
      ],
      [
        10.984507,
        47.281613,
        636.75
      ],
      [
        10.98398,
        47.281422,
        637.75
      ],
      [
        10.983452,
        47.281221,
        637.25
      ],
      [
        10.983203,
        47.281129,
        637.75
      ],
      [
        10.983156,
        47.281125,
        637.75
      ],
      [
        10.983125,
        47.281143,
        637.75
      ],
      [
        10.983118,
        47.281174,
        637.75
      ],
      [
        10.983039,
        47.281167,
        637.75
      ],
      [
        10.982969,
        47.281162,
        637.75
      ],
      [
        10.982995,
        47.281219,
        637.75
      ],
      [
        10.982974,
        47.281338,
        637.75
      ],
      [
        10.98291,
        47.281736,
        637.25
      ],
      [
        10.982913,
        47.28195,
        637.0
      ],
      [
        10.98296,
        47.282391,
        637.0
      ],
      [
        10.982954,
        47.282613,
        637.0
      ],
      [
        10.982923,
        47.28276,
        637.0
      ],
      [
        10.982861,
        47.282909,
        637.0
      ],
      [
        10.982669,
        47.283343,
        637.0
      ],
      [
        10.982428,
        47.283286,
        637.0
      ],
      [
        10.981864,
        47.283125,
        637.0
      ],
      [
        10.981549,
        47.283043,
        637.0
      ],
      [
        10.981226,
        47.282983,
        637.0
      ],
      [
        10.980832,
        47.282934,
        637.0
      ],
      [
        10.980582,
        47.282921,
        637.75
      ],
      [
        10.979616,
        47.282889,
        637.25
      ],
      [
        10.97895,
        47.282867,
        637.75
      ],
      [
        10.978224,
        47.282834,
        638.0
      ],
      [
        10.977837,
        47.282803,
        638.0
      ],
      [
        10.977427,
        47.282731,
        638.0
      ],
      [
        10.976854,
        47.2826,
        638.0
      ],
      [
        10.976518,
        47.282499,
        638.0
      ],
      [
        10.976203,
        47.282388,
        638.0
      ],
      [
        10.975806,
        47.282228,
        638.0
      ],
      [
        10.973892,
        47.281434,
        638.75
      ],
      [
        10.972888,
        47.281031,
        639.0
      ],
      [
        10.972764,
        47.280965,
        639.0
      ],
      [
        10.972667,
        47.280936,
        639.0
      ],
      [
        10.972291,
        47.280771,
        639.0
      ],
      [
        10.972224,
        47.280735,
        639.0
      ],
      [
        10.972178,
        47.28071,
        639.0
      ],
      [
        10.972104,
        47.280641,
        639.0
      ],
      [
        10.972045,
        47.28054,
        639.0
      ],
      [
        10.97172,
        47.27984,
        639.5
      ],
      [
        10.971652,
        47.279771,
        639.75
      ],
      [
        10.971572,
        47.279724,
        639.75
      ],
      [
        10.971348,
        47.279626,
        640.25
      ],
      [
        10.971203,
        47.279554,
        640.25
      ],
      [
        10.971089,
        47.279509,
        640.25
      ],
      [
        10.970934,
        47.279466,
        640.25
      ],
      [
        10.970818,
        47.279442,
        639.75
      ],
      [
        10.970741,
        47.279421,
        639.5
      ],
      [
        10.970687,
        47.279395,
        639.5
      ],
      [
        10.970614,
        47.279347,
        639.75
      ],
      [
        10.970532,
        47.279315,
        639.75
      ],
      [
        10.966119,
        47.277851,
        636.25
      ],
      [
        10.965964,
        47.2778,
        638.5
      ],
      [
        10.965859,
        47.277769,
        640.5
      ],
      [
        10.96413,
        47.2772,
        640.0
      ],
      [
        10.963711,
        47.277053,
        641.25
      ],
      [
        10.962685,
        47.276657,
        642.75
      ],
      [
        10.962071,
        47.276408,
        642.75
      ],
      [
        10.961695,
        47.276241,
        642.5
      ],
      [
        10.960461,
        47.275635,
        643.0
      ],
      [
        10.960342,
        47.275564,
        643.0
      ],
      [
        10.960262,
        47.275529,
        642.75
      ],
      [
        10.960219,
        47.275533,
        642.25
      ],
      [
        10.960108,
        47.275575,
        641.0
      ],
      [
        10.960027,
        47.275622,
        640.5
      ],
      [
        10.959724,
        47.27592,
        641.5
      ],
      [
        10.959651,
        47.275955,
        642.0
      ],
      [
        10.959587,
        47.275954,
        642.0
      ],
      [
        10.959305,
        47.276217,
        643.25
      ],
      [
        10.959092,
        47.276326,
        642.5
      ],
      [
        10.959,
        47.276394,
        641.75
      ],
      [
        10.958693,
        47.275962,
        643.25
      ],
      [
        10.958593,
        47.275842,
        643.75
      ],
      [
        10.958552,
        47.275803,
        643.75
      ],
      [
        10.958494,
        47.275767,
        643.5
      ],
      [
        10.958419,
        47.275735,
        643.5
      ],
      [
        10.95836,
        47.275729,
        643.25
      ],
      [
        10.958306,
        47.275728,
        642.75
      ],
      [
        10.958195,
        47.275753,
        641.0
      ],
      [
        10.957047,
        47.276067,
        641.75
      ],
      [
        10.956986,
        47.276084,
        643.0
      ],
      [
        10.956804,
        47.276136,
        643.25
      ],
      [
        10.956693,
        47.27618,
        643.0
      ],
      [
        10.95659,
        47.276239,
        643.0
      ],
      [
        10.956504,
        47.27631,
        643.0
      ],
      [
        10.956458,
        47.276378,
        643.0
      ],
      [
        10.956431,
        47.276461,
        642.5
      ],
      [
        10.956438,
        47.27662,
        642.0
      ],
      [
        10.956493,
        47.277016,
        642.25
      ],
      [
        10.956529,
        47.277434,
        642.25
      ],
      [
        10.956613,
        47.278081,
        644.0
      ],
      [
        10.956642,
        47.278288,
        644.0
      ],
      [
        10.956657,
        47.27846,
        644.75
      ],
      [
        10.95669,
        47.278825,
        646.0
      ],
      [
        10.956703,
        47.278968,
        646.5
      ],
      [
        10.95672,
        47.279338,
        647.5
      ],
      [
        10.956716,
        47.279351,
        647.5
      ],
      [
        10.95654,
        47.279877,
        648.25
      ],
      [
        10.956512,
        47.27997,
        648.25
      ],
      [
        10.956265,
        47.280385,
        650.25
      ],
      [
        10.956018,
        47.28076,
        652.0
      ],
      [
        10.955566,
        47.281458,
        654.75
      ],
      [
        10.955539,
        47.281498,
        655.0
      ],
      [
        10.955494,
        47.281593,
        655.0
      ],
      [
        10.95539,
        47.281617,
        655.5
      ],
      [
        10.955219,
        47.281609,
        655.5
      ],
      [
        10.95539,
        47.281617,
        655.5
      ],
      [
        10.955494,
        47.281593,
        655.0
      ],
      [
        10.955539,
        47.281498,
        655.0
      ],
      [
        10.955566,
        47.281458,
        654.75
      ],
      [
        10.955273,
        47.281351,
        655.5
      ],
      [
        10.955207,
        47.281301,
        654.75
      ],
      [
        10.955121,
        47.281253,
        654.5
      ],
      [
        10.954891,
        47.281178,
        655.0
      ],
      [
        10.954728,
        47.281102,
        656.75
      ],
      [
        10.954492,
        47.28102,
        655.25
      ],
      [
        10.954424,
        47.280999,
        654.75
      ],
      [
        10.95436,
        47.28098,
        654.5
      ],
      [
        10.954303,
        47.280941,
        654.0
      ],
      [
        10.953963,
        47.280813,
        652.75
      ],
      [
        10.953726,
        47.280719,
        651.75
      ],
      [
        10.953115,
        47.28053,
        650.5
      ],
      [
        10.952824,
        47.28039,
        649.5
      ],
      [
        10.95271,
        47.280353,
        649.0
      ],
      [
        10.951999,
        47.280207,
        647.0
      ],
      [
        10.951895,
        47.280116,
        646.25
      ],
      [
        10.951853,
        47.279997,
        644.75
      ],
      [
        10.951838,
        47.279857,
        644.5
      ],
      [
        10.951871,
        47.279664,
        644.0
      ],
      [
        10.951874,
        47.279651,
        644.0
      ],
      [
        10.951885,
        47.279431,
        644.0
      ],
      [
        10.951449,
        47.277952,
        644.0
      ],
      [
        10.951373,
        47.277814,
        644.0
      ],
      [
        10.950826,
        47.277564,
        644.0
      ],
      [
        10.950347,
        47.277201,
        644.0
      ],
      [
        10.949808,
        47.27696,
        644.0
      ],
      [
        10.949431,
        47.276753,
        644.0
      ],
      [
        10.948828,
        47.2764,
        645.0
      ],
      [
        10.948508,
        47.276258,
        646.0
      ],
      [
        10.947734,
        47.275936,
        647.5
      ],
      [
        10.947287,
        47.275736,
        648.0
      ],
      [
        10.946569,
        47.275372,
        645.25
      ],
      [
        10.946496,
        47.275307,
        644.5
      ],
      [
        10.946272,
        47.275351,
        644.5
      ],
      [
        10.94584,
        47.275472,
        644.5
      ],
      [
        10.945369,
        47.275596,
        644.75
      ],
      [
        10.944902,
        47.275707,
        644.5
      ],
      [
        10.944667,
        47.275743,
        644.75
      ],
      [
        10.944433,
        47.275761,
        645.5
      ],
      [
        10.944187,
        47.275755,
        645.5
      ],
      [
        10.943901,
        47.275735,
        645.5
      ],
      [
        10.943784,
        47.275718,
        645.25
      ],
      [
        10.94367,
        47.275686,
        645.0
      ],
      [
        10.943553,
        47.275629,
        644.75
      ],
      [
        10.943195,
        47.275401,
        644.5
      ],
      [
        10.94303,
        47.275328,
        644.75
      ],
      [
        10.942856,
        47.275261,
        645.0
      ],
      [
        10.942644,
        47.275211,
        644.5
      ],
      [
        10.942422,
        47.275181,
        644.25
      ],
      [
        10.942227,
        47.275171,
        644.25
      ],
      [
        10.941774,
        47.275191,
        645.0
      ],
      [
        10.941546,
        47.275187,
        645.0
      ],
      [
        10.941286,
        47.275168,
        645.0
      ],
      [
        10.940978,
        47.275127,
        645.0
      ],
      [
        10.939984,
        47.274986,
        646.0
      ],
      [
        10.938977,
        47.274826,
        646.0
      ],
      [
        10.938477,
        47.274728,
        646.25
      ],
      [
        10.937981,
        47.274621,
        645.75
      ],
      [
        10.937119,
        47.274452,
        646.75
      ],
      [
        10.936653,
        47.274389,
        646.75
      ],
      [
        10.936073,
        47.274335,
        646.5
      ],
      [
        10.935619,
        47.274261,
        647.0
      ],
      [
        10.934744,
        47.274156,
        647.75
      ],
      [
        10.93446,
        47.274111,
        649.25
      ],
      [
        10.934211,
        47.274059,
        651.25
      ],
      [
        10.933694,
        47.273923,
        649.5
      ],
      [
        10.933458,
        47.273881,
        647.75
      ],
      [
        10.933244,
        47.273861,
        647.75
      ],
      [
        10.932828,
        47.27386,
        647.75
      ],
      [
        10.932629,
        47.273838,
        649.0
      ],
      [
        10.932111,
        47.273736,
        651.5
      ],
      [
        10.931061,
        47.273512,
        649.0
      ],
      [
        10.930325,
        47.273411,
        648.5
      ],
      [
        10.929782,
        47.273346,
        649.0
      ],
      [
        10.929151,
        47.273238,
        649.5
      ],
      [
        10.928958,
        47.273213,
        650.25
      ],
      [
        10.928821,
        47.273208,
        650.5
      ],
      [
        10.926538,
        47.273178,
        652.75
      ],
      [
        10.925145,
        47.273109,
        655.5
      ],
      [
        10.924689,
        47.273068,
        651.5
      ],
      [
        10.923882,
        47.273063,
        653.5
      ],
      [
        10.923686,
        47.273057,
        653.0
      ],
      [
        10.923263,
        47.273008,
        654.0
      ],
      [
        10.923158,
        47.273006,
        654.0
      ],
      [
        10.923064,
        47.273014,
        654.25
      ],
      [
        10.922996,
        47.273011,
        654.75
      ],
      [
        10.922754,
        47.272981,
        656.75
      ],
      [
        10.92223,
        47.272946,
        659.0
      ],
      [
        10.921128,
        47.272794,
        657.75
      ],
      [
        10.920996,
        47.272764,
        657.0
      ],
      [
        10.920874,
        47.272716,
        656.25
      ],
      [
        10.920802,
        47.272645,
        655.5
      ],
      [
        10.920715,
        47.272543,
        654.75
      ],
      [
        10.92034,
        47.271947,
        650.75
      ],
      [
        10.920232,
        47.271826,
        650.75
      ],
      [
        10.920147,
        47.27176,
        650.25
      ],
      [
        10.920052,
        47.271702,
        651.0
      ],
      [
        10.919954,
        47.27167,
        651.75
      ],
      [
        10.919844,
        47.271652,
        651.25
      ],
      [
        10.919656,
        47.271639,
        650.5
      ],
      [
        10.919414,
        47.271649,
        650.75
      ],
      [
        10.919104,
        47.271651,
        649.75
      ],
      [
        10.91882,
        47.271632,
        650.0
      ],
      [
        10.918644,
        47.27162,
        650.5
      ],
      [
        10.918471,
        47.271587,
        650.5
      ],
      [
        10.918356,
        47.27154,
        650.5
      ],
      [
        10.91827,
        47.271471,
        650.25
      ],
      [
        10.918187,
        47.271292,
        650.0
      ],
      [
        10.918113,
        47.271007,
        650.0
      ],
      [
        10.917968,
        47.271006,
        650.0
      ],
      [
        10.91781,
        47.270986,
        650.0
      ],
      [
        10.917612,
        47.270949,
        650.0
      ],
      [
        10.916497,
        47.270667,
        649.75
      ],
      [
        10.915379,
        47.270376,
        650.0
      ],
      [
        10.915058,
        47.270277,
        650.75
      ],
      [
        10.914734,
        47.270156,
        650.75
      ],
      [
        10.913962,
        47.269843,
        651.0
      ],
      [
        10.913538,
        47.269696,
        651.0
      ],
      [
        10.911344,
        47.269088,
        652.0
      ],
      [
        10.91064,
        47.268906,
        652.5
      ],
      [
        10.908612,
        47.268431,
        653.25
      ],
      [
        10.90793,
        47.268309,
        653.0
      ],
      [
        10.907554,
        47.268253,
        653.0
      ],
      [
        10.904293,
        47.267772,
        654.0
      ],
      [
        10.904125,
        47.267739,
        654.0
      ],
      [
        10.904006,
        47.267706,
        654.0
      ],
      [
        10.90381,
        47.267646,
        654.0
      ],
      [
        10.90368,
        47.267595,
        654.0
      ],
      [
        10.900918,
        47.266427,
        654.75
      ],
      [
        10.900693,
        47.266346,
        655.0
      ],
      [
        10.900481,
        47.266285,
        655.0
      ],
      [
        10.900229,
        47.266231,
        655.0
      ],
      [
        10.898065,
        47.265852,
        655.0
      ],
      [
        10.897489,
        47.26574,
        655.0
      ],
      [
        10.897289,
        47.265688,
        655.25
      ],
      [
        10.897224,
        47.265665,
        655.25
      ],
      [
        10.897783,
        47.264794,
        654.75
      ],
      [
        10.897788,
        47.264746,
        654.75
      ],
      [
        10.89775,
        47.264708,
        654.75
      ],
      [
        10.897122,
        47.26456,
        653.25
      ],
      [
        10.895857,
        47.264947,
        655.0
      ],
      [
        10.893526,
        47.26436,
        655.5
      ],
      [
        10.893368,
        47.264319,
        655.5
      ],
      [
        10.892638,
        47.264016,
        655.5
      ],
      [
        10.891619,
        47.263485,
        656.5
      ],
      [
        10.891364,
        47.263503,
        656.5
      ],
      [
        10.891308,
        47.263471,
        656.5
      ],
      [
        10.891003,
        47.263338,
        657.0
      ],
      [
        10.890019,
        47.263008,
        657.75
      ],
      [
        10.889341,
        47.26284,
        657.5
      ],
      [
        10.88868,
        47.262662,
        657.75
      ],
      [
        10.886205,
        47.262095,
        659.25
      ],
      [
        10.885912,
        47.262044,
        659.25
      ],
      [
        10.885596,
        47.262023,
        659.25
      ],
      [
        10.88415,
        47.261775,
        658.75
      ],
      [
        10.883678,
        47.261679,
        659.0
      ],
      [
        10.88281,
        47.26145,
        659.0
      ],
      [
        10.882569,
        47.261392,
        659.75
      ],
      [
        10.88233,
        47.261345,
        659.75
      ],
      [
        10.881805,
        47.261286,
        659.5
      ],
      [
        10.881647,
        47.261255,
        659.5
      ],
      [
        10.881511,
        47.261214,
        659.75
      ],
      [
        10.881397,
        47.261157,
        660.0
      ],
      [
        10.881296,
        47.261078,
        660.25
      ],
      [
        10.881115,
        47.260878,
        660.75
      ],
      [
        10.880989,
        47.260798,
        660.5
      ],
      [
        10.880835,
        47.260742,
        660.0
      ],
      [
        10.880544,
        47.260675,
        659.75
      ],
      [
        10.879739,
        47.260591,
        660.0
      ],
      [
        10.879291,
        47.260516,
        660.25
      ],
      [
        10.878751,
        47.260399,
        660.0
      ],
      [
        10.87821,
        47.260271,
        660.75
      ],
      [
        10.877763,
        47.260125,
        660.25
      ],
      [
        10.877427,
        47.259999,
        661.0
      ],
      [
        10.877402,
        47.25999,
        661.0
      ],
      [
        10.877075,
        47.259853,
        659.25
      ],
      [
        10.87523,
        47.259118,
        660.0
      ],
      [
        10.874973,
        47.259023,
        659.0
      ],
      [
        10.874808,
        47.258989,
        660.75
      ],
      [
        10.874753,
        47.258971,
        661.5
      ],
      [
        10.874653,
        47.259027,
        662.5
      ],
      [
        10.874469,
        47.259106,
        663.5
      ],
      [
        10.874288,
        47.259154,
        664.5
      ],
      [
        10.874092,
        47.259183,
        665.5
      ],
      [
        10.873852,
        47.259181,
        666.75
      ],
      [
        10.873679,
        47.259137,
        667.25
      ],
      [
        10.873574,
        47.25909,
        668.25
      ],
      [
        10.873537,
        47.259074,
        669.0
      ],
      [
        10.873222,
        47.258856,
        669.5
      ],
      [
        10.873141,
        47.2588,
        670.25
      ],
      [
        10.872527,
        47.258375,
        672.25
      ],
      [
        10.872081,
        47.258089,
        671.25
      ],
      [
        10.871771,
        47.2579,
        672.0
      ],
      [
        10.871602,
        47.257804,
        673.75
      ],
      [
        10.871439,
        47.257721,
        672.75
      ],
      [
        10.871178,
        47.257573,
        674.25
      ],
      [
        10.870963,
        47.257478,
        674.25
      ],
      [
        10.870719,
        47.257425,
        674.75
      ],
      [
        10.870526,
        47.257418,
        676.25
      ],
      [
        10.870386,
        47.257438,
        677.75
      ],
      [
        10.869942,
        47.257534,
        680.25
      ],
      [
        10.869722,
        47.257537,
        682.25
      ],
      [
        10.869548,
        47.257501,
        681.5
      ],
      [
        10.869402,
        47.257434,
        683.25
      ],
      [
        10.869301,
        47.257362,
        684.75
      ],
      [
        10.869225,
        47.257284,
        684.25
      ],
      [
        10.869075,
        47.257052,
        687.0
      ],
      [
        10.868934,
        47.256913,
        686.5
      ],
      [
        10.868784,
        47.256793,
        689.75
      ],
      [
        10.867183,
        47.255701,
        699.25
      ],
      [
        10.866501,
        47.255261,
        701.5
      ],
      [
        10.8658,
        47.254831,
        702.5
      ],
      [
        10.865519,
        47.254672,
        704.0
      ],
      [
        10.865123,
        47.254445,
        705.5
      ],
      [
        10.864427,
        47.25408,
        708.5
      ],
      [
        10.863591,
        47.253675,
        711.5
      ],
      [
        10.862743,
        47.253288,
        714.5
      ],
      [
        10.861429,
        47.252708,
        719.5
      ],
      [
        10.860965,
        47.252486,
        719.75
      ],
      [
        10.860373,
        47.252193,
        721.5
      ],
      [
        10.860068,
        47.252026,
        723.75
      ],
      [
        10.859395,
        47.251608,
        721.75
      ],
      [
        10.859035,
        47.251339,
        722.0
      ],
      [
        10.858798,
        47.251151,
        721.75
      ],
      [
        10.8582,
        47.250677,
        716.25
      ],
      [
        10.857907,
        47.250413,
        715.25
      ],
      [
        10.857839,
        47.250333,
        715.5
      ],
      [
        10.85769,
        47.250156,
        717.0
      ],
      [
        10.857602,
        47.249998,
        717.75
      ],
      [
        10.857457,
        47.249549,
        717.75
      ],
      [
        10.857351,
        47.249106,
        717.75
      ],
      [
        10.857295,
        47.248869,
        719.25
      ],
      [
        10.857239,
        47.248717,
        718.75
      ],
      [
        10.857166,
        47.248567,
        718.75
      ],
      [
        10.857056,
        47.248393,
        718.0
      ],
      [
        10.856911,
        47.248257,
        717.5
      ],
      [
        10.856639,
        47.248068,
        718.25
      ],
      [
        10.856407,
        47.247803,
        716.25
      ],
      [
        10.856216,
        47.247545,
        715.25
      ],
      [
        10.856039,
        47.24723,
        715.75
      ],
      [
        10.85586,
        47.246944,
        715.5
      ],
      [
        10.855511,
        47.246447,
        717.75
      ],
      [
        10.855129,
        47.245969,
        713.0
      ],
      [
        10.855062,
        47.245909,
        712.5
      ],
      [
        10.854588,
        47.245673,
        713.25
      ],
      [
        10.854361,
        47.245604,
        713.0
      ],
      [
        10.854132,
        47.245556,
        712.0
      ],
      [
        10.854103,
        47.245469,
        710.75
      ],
      [
        10.854018,
        47.24538,
        710.0
      ],
      [
        10.852117,
        47.244199,
        706.25
      ],
      [
        10.851847,
        47.243974,
        707.75
      ],
      [
        10.851564,
        47.243666,
        708.5
      ],
      [
        10.851257,
        47.243289,
        709.75
      ],
      [
        10.851009,
        47.242988,
        710.25
      ],
      [
        10.850431,
        47.242399,
        709.75
      ],
      [
        10.849751,
        47.241776,
        708.75
      ],
      [
        10.849598,
        47.24161,
        707.5
      ],
      [
        10.849181,
        47.241156,
        703.5
      ],
      [
        10.848973,
        47.240816,
        698.0
      ],
      [
        10.848904,
        47.240672,
        696.0
      ],
      [
        10.848846,
        47.240525,
        693.75
      ],
      [
        10.848829,
        47.240399,
        693.25
      ],
      [
        10.848792,
        47.240045,
        691.75
      ],
      [
        10.848815,
        47.239878,
        690.75
      ],
      [
        10.848804,
        47.239809,
        690.5
      ],
      [
        10.848772,
        47.239762,
        690.5
      ],
      [
        10.848653,
        47.239662,
        690.25
      ],
      [
        10.848581,
        47.239534,
        689.75
      ],
      [
        10.84851,
        47.239444,
        690.0
      ],
      [
        10.848486,
        47.239391,
        690.25
      ],
      [
        10.848484,
        47.239345,
        690.0
      ],
      [
        10.848501,
        47.239238,
        689.75
      ],
      [
        10.848487,
        47.239131,
        689.75
      ],
      [
        10.848405,
        47.238812,
        689.0
      ],
      [
        10.848355,
        47.23871,
        689.0
      ],
      [
        10.848271,
        47.238614,
        689.0
      ],
      [
        10.848226,
        47.238529,
        688.5
      ],
      [
        10.848192,
        47.2384,
        687.5
      ],
      [
        10.848145,
        47.238275,
        686.5
      ],
      [
        10.847986,
        47.238068,
        686.75
      ],
      [
        10.84792,
        47.237996,
        687.5
      ],
      [
        10.847819,
        47.237952,
        688.75
      ],
      [
        10.847699,
        47.237943,
        689.75
      ],
      [
        10.847481,
        47.237947,
        690.5
      ],
      [
        10.847376,
        47.23793,
        691.0
      ],
      [
        10.847233,
        47.237802,
        691.0
      ],
      [
        10.846295,
        47.236187,
        682.5
      ],
      [
        10.846081,
        47.235947,
        681.0
      ],
      [
        10.844643,
        47.235546,
        684.0
      ],
      [
        10.843538,
        47.235488,
        682.25
      ],
      [
        10.842848,
        47.235466,
        680.25
      ],
      [
        10.841982,
        47.235582,
        680.75
      ],
      [
        10.841139,
        47.235347,
        680.75
      ],
      [
        10.840838,
        47.235172,
        678.25
      ],
      [
        10.840526,
        47.234924,
        677.25
      ],
      [
        10.840266,
        47.23459,
        676.5
      ],
      [
        10.839026,
        47.233985,
        681.0
      ],
      [
        10.838868,
        47.233861,
        682.25
      ],
      [
        10.838821,
        47.233839,
        681.75
      ],
      [
        10.838687,
        47.233785,
        681.25
      ],
      [
        10.838638,
        47.233767,
        681.5
      ],
      [
        10.838437,
        47.233758,
        683.75
      ],
      [
        10.838141,
        47.233645,
        686.5
      ],
      [
        10.837787,
        47.23336,
        683.75
      ],
      [
        10.837605,
        47.232559,
        681.75
      ],
      [
        10.837305,
        47.231729,
        681.75
      ],
      [
        10.836811,
        47.231168,
        683.75
      ],
      [
        10.836567,
        47.231058,
        686.25
      ],
      [
        10.836395,
        47.230945,
        686.5
      ],
      [
        10.83619,
        47.230743,
        686.5
      ],
      [
        10.835599,
        47.230497,
        686.75
      ],
      [
        10.835309,
        47.230352,
        684.5
      ],
      [
        10.83503,
        47.2299,
        687.0
      ],
      [
        10.835204,
        47.22899,
        685.75
      ],
      [
        10.835197,
        47.228739,
        686.75
      ],
      [
        10.835134,
        47.228653,
        687.5
      ],
      [
        10.835014,
        47.228597,
        688.25
      ],
      [
        10.83445,
        47.228606,
        691.75
      ],
      [
        10.834238,
        47.228639,
        693.0
      ],
      [
        10.834008,
        47.228675,
        694.25
      ],
      [
        10.832659,
        47.228754,
        701.5
      ],
      [
        10.832305,
        47.228844,
        703.5
      ],
      [
        10.831672,
        47.228887,
        705.75
      ],
      [
        10.831303,
        47.228759,
        706.0
      ],
      [
        10.830614,
        47.22867,
        707.75
      ],
      [
        10.829871,
        47.228662,
        709.75
      ],
      [
        10.829798,
        47.228631,
        709.75
      ],
      [
        10.82963,
        47.228496,
        707.75
      ],
      [
        10.829419,
        47.228385,
        706.0
      ],
      [
        10.828983,
        47.22821,
        704.75
      ],
      [
        10.828219,
        47.228083,
        704.75
      ],
      [
        10.82725,
        47.228001,
        704.5
      ],
      [
        10.827148,
        47.227861,
        703.5
      ],
      [
        10.827477,
        47.226942,
        696.75
      ],
      [
        10.827348,
        47.226621,
        695.5
      ],
      [
        10.827184,
        47.226585,
        695.25
      ],
      [
        10.826745,
        47.226488,
        693.25
      ],
      [
        10.826395,
        47.226507,
        691.75
      ],
      [
        10.825975,
        47.2266,
        690.5
      ],
      [
        10.825606,
        47.226534,
        689.5
      ],
      [
        10.82528,
        47.226552,
        688.5
      ],
      [
        10.825125,
        47.226573,
        688.5
      ],
      [
        10.824788,
        47.226693,
        689.0
      ],
      [
        10.824553,
        47.226839,
        689.75
      ],
      [
        10.824195,
        47.226757,
        688.5
      ],
      [
        10.823673,
        47.226645,
        686.75
      ],
      [
        10.823427,
        47.226676,
        686.0
      ],
      [
        10.823379,
        47.226676,
        686.0
      ],
      [
        10.82331,
        47.226655,
        687.0
      ],
      [
        10.823197,
        47.22658,
        687.75
      ],
      [
        10.823192,
        47.226489,
        688.5
      ],
      [
        10.823222,
        47.226397,
        688.75
      ],
      [
        10.823392,
        47.226158,
        692.0
      ],
      [
        10.823644,
        47.225865,
        694.75
      ],
      [
        10.823698,
        47.225791,
        695.0
      ],
      [
        10.823733,
        47.225669,
        697.5
      ],
      [
        10.823762,
        47.225519,
        700.75
      ],
      [
        10.823894,
        47.225458,
        700.5
      ],
      [
        10.823934,
        47.225447,
        700.75
      ],
      [
        10.824107,
        47.225398,
        701.25
      ],
      [
        10.824136,
        47.225356,
        701.75
      ],
      [
        10.824108,
        47.225304,
        702.75
      ],
      [
        10.824128,
        47.225291,
        702.75
      ],
      [
        10.824142,
        47.225265,
        703.0
      ],
      [
        10.824116,
        47.225231,
        703.25
      ],
      [
        10.824159,
        47.22511,
        703.5
      ],
      [
        10.824177,
        47.225029,
        703.75
      ],
      [
        10.824171,
        47.224991,
        704.0
      ],
      [
        10.824134,
        47.224968,
        704.5
      ],
      [
        10.823633,
        47.224793,
        706.75
      ],
      [
        10.823577,
        47.224753,
        706.75
      ],
      [
        10.823563,
        47.224707,
        707.0
      ],
      [
        10.823433,
        47.224664,
        707.5
      ],
      [
        10.823313,
        47.22463,
        708.0
      ],
      [
        10.823117,
        47.224537,
        709.5
      ],
      [
        10.822944,
        47.224435,
        709.25
      ],
      [
        10.822744,
        47.224289,
        710.5
      ],
      [
        10.82256,
        47.224135,
        710.0
      ],
      [
        10.822349,
        47.223939,
        710.5
      ],
      [
        10.822292,
        47.223853,
        710.25
      ],
      [
        10.822249,
        47.223757,
        710.75
      ],
      [
        10.822227,
        47.223653,
        711.5
      ],
      [
        10.822241,
        47.223538,
        712.0
      ],
      [
        10.822272,
        47.223422,
        712.5
      ],
      [
        10.822341,
        47.223318,
        713.0
      ],
      [
        10.822404,
        47.223248,
        713.25
      ],
      [
        10.822453,
        47.223195,
        713.5
      ],
      [
        10.822739,
        47.223051,
        715.5
      ],
      [
        10.822848,
        47.222978,
        715.5
      ],
      [
        10.822815,
        47.222909,
        715.25
      ],
      [
        10.822801,
        47.222822,
        715.0
      ],
      [
        10.822798,
        47.222732,
        715.0
      ],
      [
        10.822822,
        47.222534,
        715.75
      ],
      [
        10.822909,
        47.222294,
        716.25
      ],
      [
        10.822985,
        47.222144,
        716.75
      ],
      [
        10.823011,
        47.222096,
        716.75
      ],
      [
        10.82311,
        47.221903,
        717.0
      ],
      [
        10.82319,
        47.221746,
        717.0
      ],
      [
        10.823311,
        47.22154,
        717.25
      ],
      [
        10.823482,
        47.221246,
        718.75
      ],
      [
        10.823525,
        47.221141,
        719.5
      ],
      [
        10.823531,
        47.221015,
        720.0
      ],
      [
        10.823485,
        47.220897,
        720.5
      ],
      [
        10.823386,
        47.220768,
        721.5
      ],
      [
        10.823154,
        47.220534,
        722.75
      ],
      [
        10.822903,
        47.220282,
        722.5
      ],
      [
        10.822859,
        47.220177,
        723.0
      ],
      [
        10.822858,
        47.220118,
        723.25
      ],
      [
        10.822876,
        47.219965,
        723.75
      ],
      [
        10.822915,
        47.219796,
        724.5
      ],
      [
        10.822937,
        47.219626,
        724.75
      ],
      [
        10.822927,
        47.219504,
        724.75
      ],
      [
        10.822863,
        47.219398,
        724.75
      ],
      [
        10.822795,
        47.219337,
        724.5
      ],
      [
        10.822698,
        47.219279,
        724.25
      ],
      [
        10.822471,
        47.219143,
        724.0
      ],
      [
        10.822448,
        47.219132,
        724.0
      ],
      [
        10.822256,
        47.219034,
        724.0
      ],
      [
        10.82202,
        47.218966,
        723.0
      ],
      [
        10.821743,
        47.218926,
        722.0
      ],
      [
        10.821602,
        47.218924,
        721.25
      ],
      [
        10.821268,
        47.218945,
        720.0
      ],
      [
        10.821109,
        47.218936,
        719.75
      ],
      [
        10.821,
        47.218913,
        718.5
      ],
      [
        10.820839,
        47.218856,
        717.25
      ],
      [
        10.820437,
        47.21867,
        714.5
      ],
      [
        10.820254,
        47.218589,
        713.75
      ],
      [
        10.820088,
        47.218493,
        712.5
      ],
      [
        10.819956,
        47.218383,
        712.25
      ],
      [
        10.81991,
        47.218312,
        712.25
      ],
      [
        10.819893,
        47.218238,
        712.25
      ],
      [
        10.819883,
        47.218148,
        712.25
      ],
      [
        10.819888,
        47.218027,
        712.5
      ],
      [
        10.819946,
        47.217891,
        713.25
      ],
      [
        10.820041,
        47.21769,
        714.0
      ],
      [
        10.820061,
        47.217657,
        714.25
      ],
      [
        10.820086,
        47.217635,
        714.25
      ],
      [
        10.82012,
        47.217602,
        714.5
      ],
      [
        10.820145,
        47.217545,
        714.5
      ],
      [
        10.820149,
        47.217484,
        714.5
      ],
      [
        10.820096,
        47.217451,
        714.25
      ],
      [
        10.820082,
        47.217424,
        714.0
      ],
      [
        10.820081,
        47.217293,
        713.75
      ],
      [
        10.820055,
        47.217239,
        713.5
      ],
      [
        10.820011,
        47.217196,
        713.25
      ],
      [
        10.819942,
        47.21716,
        712.75
      ],
      [
        10.819764,
        47.217084,
        711.75
      ],
      [
        10.819688,
        47.217025,
        711.5
      ],
      [
        10.819641,
        47.216922,
        711.75
      ],
      [
        10.819535,
        47.216819,
        711.75
      ],
      [
        10.819249,
        47.216582,
        712.75
      ],
      [
        10.819125,
        47.216444,
        713.25
      ],
      [
        10.818947,
        47.216188,
        713.75
      ],
      [
        10.818937,
        47.216164,
        713.75
      ],
      [
        10.818876,
        47.216021,
        714.0
      ],
      [
        10.818859,
        47.215939,
        714.25
      ],
      [
        10.818822,
        47.215724,
        714.25
      ],
      [
        10.818805,
        47.215673,
        714.0
      ],
      [
        10.818763,
        47.215635,
        713.5
      ],
      [
        10.817895,
        47.215261,
        707.25
      ],
      [
        10.817691,
        47.215175,
        706.75
      ],
      [
        10.817633,
        47.215172,
        706.5
      ],
      [
        10.817592,
        47.215183,
        706.5
      ],
      [
        10.817558,
        47.215206,
        706.25
      ],
      [
        10.817467,
        47.215294,
        706.0
      ],
      [
        10.817365,
        47.21541,
        706.0
      ],
      [
        10.817246,
        47.215545,
        705.0
      ],
      [
        10.8171,
        47.215699,
        703.5
      ],
      [
        10.817077,
        47.215722,
        703.25
      ],
      [
        10.817038,
        47.215763,
        702.5
      ],
      [
        10.816964,
        47.215766,
        702.25
      ],
      [
        10.816889,
        47.215745,
        702.0
      ],
      [
        10.816784,
        47.215693,
        702.0
      ],
      [
        10.81645,
        47.215546,
        699.5
      ],
      [
        10.816307,
        47.215512,
        699.0
      ],
      [
        10.815836,
        47.21543,
        699.75
      ],
      [
        10.815277,
        47.215309,
        699.75
      ],
      [
        10.815227,
        47.215308,
        699.0
      ],
      [
        10.815169,
        47.215327,
        697.75
      ],
      [
        10.81513,
        47.215361,
        696.0
      ],
      [
        10.814817,
        47.215879,
        695.25
      ],
      [
        10.814825,
        47.215915,
        696.5
      ],
      [
        10.814879,
        47.215957,
        697.5
      ],
      [
        10.815456,
        47.216276,
        699.5
      ],
      [
        10.815505,
        47.216323,
        700.5
      ],
      [
        10.815505,
        47.216374,
        702.5
      ],
      [
        10.815403,
        47.216504,
        703.5
      ],
      [
        10.815117,
        47.216839,
        704.0
      ],
      [
        10.814659,
        47.21757,
        704.5
      ],
      [
        10.814539,
        47.217765,
        704.0
      ],
      [
        10.814447,
        47.217844,
        703.75
      ],
      [
        10.814423,
        47.217876,
        704.0
      ],
      [
        10.814357,
        47.217864,
        704.0
      ],
      [
        10.813801,
        47.217657,
        704.25
      ],
      [
        10.813572,
        47.217562,
        704.25
      ],
      [
        10.813221,
        47.217399,
        703.5
      ],
      [
        10.812861,
        47.21727,
        703.75
      ],
      [
        10.812547,
        47.217175,
        704.25
      ],
      [
        10.812445,
        47.217145,
        704.5
      ],
      [
        10.81231,
        47.217105,
        704.75
      ],
      [
        10.812203,
        47.217062,
        705.0
      ],
      [
        10.812116,
        47.216996,
        705.25
      ],
      [
        10.8121,
        47.21698,
        705.25
      ],
      [
        10.812007,
        47.216824,
        706.0
      ],
      [
        10.811982,
        47.216782,
        706.25
      ],
      [
        10.811824,
        47.216599,
        707.0
      ],
      [
        10.811527,
        47.216328,
        707.75
      ],
      [
        10.811269,
        47.216043,
        707.5
      ],
      [
        10.811083,
        47.215854,
        708.0
      ],
      [
        10.810851,
        47.215695,
        707.75
      ],
      [
        10.810702,
        47.215608,
        707.75
      ],
      [
        10.810504,
        47.215513,
        708.0
      ],
      [
        10.809964,
        47.215345,
        708.0
      ],
      [
        10.809474,
        47.215178,
        709.5
      ],
      [
        10.809329,
        47.215116,
        709.25
      ],
      [
        10.809272,
        47.215071,
        709.25
      ],
      [
        10.809138,
        47.214936,
        709.25
      ],
      [
        10.80896,
        47.214741,
        709.25
      ],
      [
        10.808731,
        47.214581,
        709.5
      ],
      [
        10.808468,
        47.214419,
        710.0
      ],
      [
        10.808121,
        47.214238,
        710.5
      ],
      [
        10.808026,
        47.214139,
        711.0
      ],
      [
        10.807974,
        47.214005,
        711.0
      ],
      [
        10.807948,
        47.213833,
        711.0
      ],
      [
        10.80795,
        47.213614,
        711.0
      ],
      [
        10.808003,
        47.213401,
        711.75
      ],
      [
        10.80817,
        47.212992,
        711.25
      ],
      [
        10.808169,
        47.212961,
        711.25
      ],
      [
        10.808137,
        47.212937,
        711.5
      ],
      [
        10.807303,
        47.212796,
        712.75
      ],
      [
        10.807141,
        47.212791,
        712.75
      ],
      [
        10.806952,
        47.212705,
        710.5
      ],
      [
        10.806809,
        47.212661,
        709.0
      ],
      [
        10.806657,
        47.212629,
        708.0
      ],
      [
        10.806481,
        47.212614,
        707.5
      ],
      [
        10.805898,
        47.212565,
        706.0
      ],
      [
        10.805708,
        47.212572,
        706.5
      ],
      [
        10.805308,
        47.212618,
        707.5
      ],
      [
        10.804584,
        47.21267,
        707.25
      ],
      [
        10.804351,
        47.212673,
        706.5
      ],
      [
        10.804104,
        47.212655,
        705.25
      ],
      [
        10.803378,
        47.212575,
        702.25
      ],
      [
        10.80293,
        47.212499,
        700.75
      ],
      [
        10.802484,
        47.212395,
        701.75
      ],
      [
        10.802387,
        47.212354,
        702.25
      ],
      [
        10.801828,
        47.212216,
        703.0
      ],
      [
        10.801319,
        47.212097,
        706.0
      ],
      [
        10.800878,
        47.212009,
        705.75
      ],
      [
        10.800453,
        47.21189,
        703.25
      ],
      [
        10.799793,
        47.211736,
        704.25
      ],
      [
        10.799663,
        47.211706,
        704.25
      ],
      [
        10.799553,
        47.21166,
        703.0
      ],
      [
        10.799514,
        47.211628,
        702.5
      ],
      [
        10.799511,
        47.211594,
        701.75
      ],
      [
        10.799528,
        47.211566,
        701.0
      ],
      [
        10.799893,
        47.211054,
        700.0
      ],
      [
        10.799892,
        47.211033,
        700.25
      ],
      [
        10.799869,
        47.211012,
        700.5
      ],
      [
        10.79987,
        47.210989,
        700.75
      ],
      [
        10.799897,
        47.210976,
        700.75
      ],
      [
        10.799938,
        47.210975,
        700.75
      ],
      [
        10.799963,
        47.210962,
        701.0
      ],
      [
        10.800007,
        47.210905,
        701.5
      ],
      [
        10.800029,
        47.210859,
        702.0
      ],
      [
        10.800025,
        47.21084,
        702.0
      ],
      [
        10.8,
        47.210826,
        702.0
      ],
      [
        10.799868,
        47.210812,
        702.5
      ],
      [
        10.799791,
        47.210795,
        702.75
      ],
      [
        10.799333,
        47.210652,
        702.25
      ],
      [
        10.799091,
        47.210587,
        702.0
      ],
      [
        10.798778,
        47.210518,
        703.5
      ],
      [
        10.798503,
        47.210466,
        704.0
      ],
      [
        10.798256,
        47.210433,
        703.5
      ],
      [
        10.798017,
        47.210408,
        703.25
      ],
      [
        10.797464,
        47.21038,
        703.75
      ],
      [
        10.797422,
        47.21036,
        703.75
      ],
      [
        10.797403,
        47.210318,
        703.75
      ],
      [
        10.797487,
        47.209557,
        704.5
      ],
      [
        10.797477,
        47.209468,
        704.75
      ],
      [
        10.797437,
        47.209429,
        705.25
      ],
      [
        10.797338,
        47.209393,
        705.75
      ],
      [
        10.797093,
        47.209323,
        707.5
      ],
      [
        10.796838,
        47.20923,
        709.75
      ],
      [
        10.796768,
        47.209228,
        710.0
      ],
      [
        10.796727,
        47.209343,
        709.25
      ],
      [
        10.796621,
        47.209468,
        709.0
      ],
      [
        10.796466,
        47.20955,
        709.5
      ],
      [
        10.796306,
        47.209598,
        709.25
      ],
      [
        10.795677,
        47.209694,
        707.0
      ],
      [
        10.795174,
        47.209718,
        706.0
      ],
      [
        10.794955,
        47.20975,
        706.0
      ],
      [
        10.794761,
        47.209815,
        706.0
      ],
      [
        10.794584,
        47.209921,
        706.0
      ],
      [
        10.794272,
        47.210137,
        706.0
      ],
      [
        10.794119,
        47.210217,
        706.0
      ],
      [
        10.793837,
        47.21034,
        706.25
      ],
      [
        10.793679,
        47.210392,
        706.0
      ],
      [
        10.793521,
        47.210433,
        706.0
      ],
      [
        10.790956,
        47.210799,
        710.25
      ],
      [
        10.790692,
        47.210826,
        709.75
      ],
      [
        10.790257,
        47.210817,
        711.25
      ],
      [
        10.789563,
        47.21084,
        708.75
      ],
      [
        10.789351,
        47.210827,
        708.5
      ],
      [
        10.788904,
        47.210802,
        711.0
      ],
      [
        10.788444,
        47.210748,
        711.75
      ],
      [
        10.788034,
        47.210727,
        715.75
      ],
      [
        10.787609,
        47.210732,
        721.25
      ],
      [
        10.786681,
        47.210866,
        712.75
      ],
      [
        10.786046,
        47.211042,
        715.0
      ],
      [
        10.78566,
        47.211195,
        711.5
      ],
      [
        10.783894,
        47.212078,
        712.25
      ],
      [
        10.78372,
        47.212124,
        712.25
      ],
      [
        10.783536,
        47.212123,
        713.5
      ],
      [
        10.783424,
        47.212161,
        714.5
      ],
      [
        10.783308,
        47.212258,
        714.75
      ],
      [
        10.783068,
        47.21236,
        717.75
      ],
      [
        10.782473,
        47.2125,
        726.25
      ],
      [
        10.782085,
        47.212504,
        730.0
      ],
      [
        10.781585,
        47.212563,
        726.75
      ],
      [
        10.78105,
        47.212649,
        725.0
      ],
      [
        10.780176,
        47.212907,
        712.75
      ],
      [
        10.779915,
        47.212997,
        710.5
      ],
      [
        10.779758,
        47.213057,
        707.5
      ],
      [
        10.779407,
        47.213181,
        708.25
      ],
      [
        10.779382,
        47.2132,
        709.25
      ],
      [
        10.77939,
        47.213224,
        709.25
      ],
      [
        10.779453,
        47.21327,
        708.5
      ],
      [
        10.779513,
        47.213341,
        708.25
      ],
      [
        10.779514,
        47.213365,
        707.75
      ],
      [
        10.779488,
        47.213396,
        707.75
      ],
      [
        10.778704,
        47.213693,
        711.0
      ],
      [
        10.777272,
        47.214379,
        714.75
      ],
      [
        10.774721,
        47.215683,
        710.25
      ],
      [
        10.774364,
        47.215838,
        710.0
      ],
      [
        10.77387,
        47.216012,
        715.0
      ],
      [
        10.773675,
        47.216098,
        711.5
      ],
      [
        10.772843,
        47.216269,
        711.0
      ],
      [
        10.770922,
        47.216548,
        721.0
      ],
      [
        10.769713,
        47.216741,
        719.25
      ],
      [
        10.769276,
        47.216829,
        716.75
      ],
      [
        10.76867,
        47.217047,
        711.75
      ],
      [
        10.768341,
        47.217187,
        712.75
      ],
      [
        10.767307,
        47.217747,
        715.75
      ],
      [
        10.766228,
        47.218355,
        713.5
      ],
      [
        10.765849,
        47.218469,
        712.5
      ],
      [
        10.765362,
        47.21866,
        714.0
      ],
      [
        10.765072,
        47.21879,
        713.0
      ],
      [
        10.764841,
        47.218864,
        714.75
      ],
      [
        10.764624,
        47.218991,
        712.75
      ],
      [
        10.764207,
        47.219135,
        714.25
      ],
      [
        10.763474,
        47.219338,
        712.25
      ],
      [
        10.763243,
        47.219372,
        712.75
      ],
      [
        10.762961,
        47.21938,
        713.75
      ],
      [
        10.762718,
        47.219399,
        714.5
      ],
      [
        10.762654,
        47.21938,
        714.75
      ],
      [
        10.762619,
        47.219404,
        714.75
      ],
      [
        10.762466,
        47.219409,
        715.0
      ],
      [
        10.761647,
        47.219507,
        714.0
      ],
      [
        10.761532,
        47.219503,
        714.25
      ],
      [
        10.761479,
        47.219462,
        715.25
      ],
      [
        10.761236,
        47.219466,
        715.25
      ],
      [
        10.760634,
        47.21939,
        715.0
      ],
      [
        10.760545,
        47.219374,
        715.0
      ],
      [
        10.76049,
        47.219343,
        715.25
      ],
      [
        10.760444,
        47.219299,
        715.5
      ],
      [
        10.760378,
        47.219274,
        715.75
      ],
      [
        10.759947,
        47.219241,
        714.25
      ],
      [
        10.759688,
        47.219194,
        715.0
      ],
      [
        10.758259,
        47.218788,
        717.75
      ],
      [
        10.758137,
        47.218763,
        715.75
      ],
      [
        10.75802,
        47.21876,
        714.0
      ],
      [
        10.757916,
        47.218786,
        712.5
      ],
      [
        10.757836,
        47.218841,
        712.75
      ],
      [
        10.757516,
        47.219305,
        715.0
      ],
      [
        10.75748,
        47.219342,
        715.25
      ],
      [
        10.757385,
        47.219424,
        715.25
      ],
      [
        10.757269,
        47.219468,
        716.0
      ],
      [
        10.757166,
        47.219404,
        715.0
      ],
      [
        10.757053,
        47.219384,
        715.25
      ],
      [
        10.756483,
        47.21929,
        714.75
      ],
      [
        10.755862,
        47.219163,
        716.75
      ],
      [
        10.755712,
        47.219108,
        716.75
      ],
      [
        10.755488,
        47.21897,
        716.0
      ],
      [
        10.755244,
        47.218838,
        714.75
      ],
      [
        10.755024,
        47.218764,
        715.75
      ],
      [
        10.75482,
        47.218706,
        715.5
      ],
      [
        10.754507,
        47.218651,
        713.75
      ],
      [
        10.753863,
        47.218568,
        714.5
      ],
      [
        10.753625,
        47.218561,
        714.5
      ],
      [
        10.753395,
        47.218613,
        713.5
      ],
      [
        10.753283,
        47.218626,
        713.5
      ],
      [
        10.753272,
        47.218597,
        712.75
      ],
      [
        10.753225,
        47.218471,
        713.25
      ],
      [
        10.753179,
        47.218382,
        713.5
      ],
      [
        10.753161,
        47.218363,
        713.75
      ],
      [
        10.752881,
        47.218538,
        712.75
      ],
      [
        10.752365,
        47.218852,
        714.0
      ],
      [
        10.751739,
        47.219307,
        714.75
      ],
      [
        10.751523,
        47.219499,
        715.5
      ],
      [
        10.751361,
        47.219725,
        716.0
      ],
      [
        10.751171,
        47.219941,
        716.5
      ],
      [
        10.751192,
        47.22004,
        716.0
      ],
      [
        10.750764,
        47.220661,
        715.5
      ],
      [
        10.750599,
        47.220786,
        715.5
      ],
      [
        10.750393,
        47.221193,
        716.0
      ],
      [
        10.750248,
        47.221502,
        716.5
      ],
      [
        10.750199,
        47.221664,
        716.0
      ],
      [
        10.750173,
        47.221828,
        716.0
      ],
      [
        10.750043,
        47.222323,
        716.75
      ],
      [
        10.749968,
        47.222656,
        717.5
      ],
      [
        10.749792,
        47.22341,
        718.0
      ],
      [
        10.749718,
        47.224311,
        719.5
      ],
      [
        10.749697,
        47.224414,
        719.75
      ],
      [
        10.749632,
        47.224523,
        719.75
      ],
      [
        10.749609,
        47.224597,
        719.75
      ],
      [
        10.749614,
        47.224635,
        719.75
      ],
      [
        10.749633,
        47.224692,
        719.75
      ],
      [
        10.749657,
        47.224851,
        720.0
      ],
      [
        10.749651,
        47.225156,
        719.5
      ],
      [
        10.749624,
        47.225543,
        720.25
      ],
      [
        10.749598,
        47.22624,
        720.0
      ],
      [
        10.74955,
        47.22706,
        722.0
      ],
      [
        10.749535,
        47.227354,
        722.75
      ],
      [
        10.749528,
        47.227511,
        723.0
      ],
      [
        10.749523,
        47.227841,
        723.75
      ],
      [
        10.749529,
        47.227949,
        723.75
      ],
      [
        10.749549,
        47.22804,
        723.5
      ],
      [
        10.749594,
        47.228151,
        723.5
      ],
      [
        10.749658,
        47.228261,
        723.75
      ],
      [
        10.749883,
        47.228532,
        724.25
      ],
      [
        10.750221,
        47.228907,
        725.0
      ],
      [
        10.750525,
        47.229243,
        726.25
      ],
      [
        10.750634,
        47.229409,
        726.75
      ],
      [
        10.750686,
        47.229518,
        727.0
      ],
      [
        10.750726,
        47.229626,
        727.0
      ],
      [
        10.75075,
        47.229741,
        727.0
      ],
      [
        10.750764,
        47.229861,
        727.25
      ],
      [
        10.750707,
        47.23103,
        729.25
      ],
      [
        10.750622,
        47.231993,
        731.0
      ],
      [
        10.750623,
        47.232171,
        731.5
      ],
      [
        10.750702,
        47.23322,
        732.75
      ],
      [
        10.750722,
        47.23352,
        733.25
      ],
      [
        10.750751,
        47.233925,
        734.0
      ],
      [
        10.750708,
        47.234008,
        734.5
      ],
      [
        10.750644,
        47.234088,
        735.0
      ],
      [
        10.750404,
        47.234353,
        736.25
      ],
      [
        10.750345,
        47.23443,
        736.5
      ],
      [
        10.750301,
        47.234498,
        737.0
      ],
      [
        10.750046,
        47.234988,
        739.75
      ],
      [
        10.749983,
        47.235115,
        740.25
      ],
      [
        10.749928,
        47.235192,
        740.5
      ],
      [
        10.749856,
        47.235264,
        740.75
      ],
      [
        10.749266,
        47.235739,
        743.25
      ],
      [
        10.748867,
        47.235965,
        743.5
      ],
      [
        10.748775,
        47.236027,
        744.25
      ],
      [
        10.748515,
        47.236203,
        745.0
      ],
      [
        10.747869,
        47.236661,
        748.0
      ],
      [
        10.747752,
        47.236834,
        748.5
      ],
      [
        10.747724,
        47.236847,
        748.75
      ],
      [
        10.747027,
        47.237193,
        751.25
      ],
      [
        10.746534,
        47.237585,
        754.0
      ],
      [
        10.746257,
        47.237716,
        754.5
      ],
      [
        10.746001,
        47.237883,
        755.5
      ],
      [
        10.745174,
        47.238504,
        759.5
      ],
      [
        10.744872,
        47.238648,
        761.0
      ],
      [
        10.744685,
        47.238737,
        761.5
      ],
      [
        10.744601,
        47.238806,
        761.75
      ],
      [
        10.744566,
        47.238883,
        761.75
      ],
      [
        10.744472,
        47.238858,
        761.75
      ],
      [
        10.744262,
        47.238834,
        762.5
      ],
      [
        10.744031,
        47.238828,
        764.75
      ],
      [
        10.743956,
        47.238854,
        765.0
      ],
      [
        10.743571,
        47.239056,
        768.25
      ],
      [
        10.742898,
        47.239337,
        776.0
      ],
      [
        10.742567,
        47.239459,
        779.75
      ],
      [
        10.742449,
        47.239375,
        782.5
      ],
      [
        10.742296,
        47.239323,
        783.75
      ],
      [
        10.74221,
        47.239307,
        784.5
      ],
      [
        10.742198,
        47.23937,
        784.75
      ],
      [
        10.742155,
        47.239447,
        785.25
      ],
      [
        10.742066,
        47.23952,
        785.5
      ],
      [
        10.741814,
        47.239603,
        787.25
      ],
      [
        10.741691,
        47.239638,
        787.5
      ],
      [
        10.741626,
        47.239656,
        788.0
      ],
      [
        10.741578,
        47.239669,
        788.25
      ],
      [
        10.741428,
        47.23971,
        789.5
      ],
      [
        10.741069,
        47.239747,
        791.25
      ],
      [
        10.740919,
        47.239783,
        792.0
      ],
      [
        10.740725,
        47.239847,
        793.0
      ],
      [
        10.74056,
        47.239903,
        793.75
      ],
      [
        10.739553,
        47.240221,
        799.0
      ],
      [
        10.739552,
        47.240107,
        798.25
      ],
      [
        10.739586,
        47.239945,
        797.0
      ],
      [
        10.739549,
        47.239802,
        796.0
      ],
      [
        10.73948,
        47.239696,
        795.5
      ],
      [
        10.739423,
        47.23961,
        795.25
      ],
      [
        10.739174,
        47.239282,
        793.75
      ],
      [
        10.739153,
        47.239256,
        793.5
      ],
      [
        10.739016,
        47.239302,
        794.5
      ],
      [
        10.738588,
        47.239448,
        797.0
      ],
      [
        10.738299,
        47.239544,
        799.25
      ],
      [
        10.738132,
        47.239455,
        799.0
      ],
      [
        10.738058,
        47.23946,
        799.25
      ],
      [
        10.738132,
        47.239455,
        799.0
      ],
      [
        10.738299,
        47.239544,
        799.25
      ],
      [
        10.738588,
        47.239448,
        797.0
      ],
      [
        10.739016,
        47.239302,
        794.5
      ],
      [
        10.739153,
        47.239256,
        793.5
      ],
      [
        10.739174,
        47.239282,
        793.75
      ],
      [
        10.739423,
        47.23961,
        795.25
      ],
      [
        10.73948,
        47.239696,
        795.5
      ],
      [
        10.739549,
        47.239802,
        796.0
      ],
      [
        10.739798,
        47.239578,
        793.25
      ],
      [
        10.73983,
        47.239466,
        792.0
      ],
      [
        10.739913,
        47.239315,
        790.5
      ],
      [
        10.740228,
        47.238934,
        786.5
      ],
      [
        10.740402,
        47.238751,
        785.25
      ],
      [
        10.740613,
        47.238564,
        783.75
      ],
      [
        10.740694,
        47.238417,
        782.75
      ],
      [
        10.740773,
        47.238249,
        781.5
      ],
      [
        10.740801,
        47.238127,
        780.5
      ],
      [
        10.740804,
        47.238115,
        780.5
      ],
      [
        10.740781,
        47.237974,
        779.75
      ],
      [
        10.740747,
        47.237901,
        779.5
      ],
      [
        10.740741,
        47.2378,
        779.0
      ],
      [
        10.740761,
        47.237642,
        778.5
      ],
      [
        10.740781,
        47.237478,
        778.0
      ],
      [
        10.74122,
        47.23768,
        777.0
      ],
      [
        10.741311,
        47.237729,
        777.0
      ],
      [
        10.741447,
        47.237795,
        776.75
      ],
      [
        10.742045,
        47.238038,
        776.75
      ],
      [
        10.742741,
        47.238316,
        778.75
      ],
      [
        10.742881,
        47.23838,
        779.0
      ],
      [
        10.742954,
        47.238413,
        779.0
      ],
      [
        10.742747,
        47.238626,
        780.0
      ],
      [
        10.742471,
        47.23891,
        782.0
      ],
      [
        10.742334,
        47.239053,
        782.75
      ],
      [
        10.742273,
        47.239131,
        783.5
      ],
      [
        10.742249,
        47.239163,
        783.75
      ],
      [
        10.74221,
        47.239307,
        784.5
      ],
      [
        10.742296,
        47.239323,
        783.75
      ],
      [
        10.742449,
        47.239375,
        782.5
      ],
      [
        10.742567,
        47.239459,
        779.75
      ],
      [
        10.742898,
        47.239337,
        776.0
      ],
      [
        10.743571,
        47.239056,
        768.25
      ],
      [
        10.743956,
        47.238854,
        765.0
      ],
      [
        10.744031,
        47.238828,
        764.75
      ],
      [
        10.744262,
        47.238834,
        762.5
      ],
      [
        10.744472,
        47.238858,
        761.75
      ],
      [
        10.744566,
        47.238883,
        761.75
      ],
      [
        10.744601,
        47.238806,
        761.75
      ],
      [
        10.744685,
        47.238737,
        761.5
      ],
      [
        10.744872,
        47.238648,
        761.0
      ],
      [
        10.745174,
        47.238504,
        759.5
      ],
      [
        10.746001,
        47.237883,
        755.5
      ],
      [
        10.746257,
        47.237716,
        754.5
      ],
      [
        10.746534,
        47.237585,
        754.0
      ],
      [
        10.747027,
        47.237193,
        751.25
      ],
      [
        10.747724,
        47.236847,
        748.75
      ],
      [
        10.747752,
        47.236834,
        748.5
      ],
      [
        10.747869,
        47.236661,
        748.0
      ],
      [
        10.748515,
        47.236203,
        745.0
      ],
      [
        10.748775,
        47.236027,
        744.25
      ],
      [
        10.748867,
        47.235965,
        743.5
      ],
      [
        10.749266,
        47.235739,
        743.25
      ],
      [
        10.749856,
        47.235264,
        740.75
      ],
      [
        10.749928,
        47.235192,
        740.5
      ],
      [
        10.749983,
        47.235115,
        740.25
      ],
      [
        10.750046,
        47.234988,
        739.75
      ],
      [
        10.750301,
        47.234498,
        737.0
      ],
      [
        10.750345,
        47.23443,
        736.5
      ],
      [
        10.750404,
        47.234353,
        736.25
      ],
      [
        10.750644,
        47.234088,
        735.0
      ],
      [
        10.750708,
        47.234008,
        734.5
      ],
      [
        10.750751,
        47.233925,
        734.0
      ],
      [
        10.750722,
        47.23352,
        733.25
      ],
      [
        10.750702,
        47.23322,
        732.75
      ],
      [
        10.750623,
        47.232171,
        731.5
      ],
      [
        10.750622,
        47.231993,
        731.0
      ],
      [
        10.750707,
        47.23103,
        729.25
      ],
      [
        10.750764,
        47.229861,
        727.25
      ],
      [
        10.75075,
        47.229741,
        727.0
      ],
      [
        10.750726,
        47.229626,
        727.0
      ],
      [
        10.750686,
        47.229518,
        727.0
      ],
      [
        10.750634,
        47.229409,
        726.75
      ],
      [
        10.750525,
        47.229243,
        726.25
      ],
      [
        10.750221,
        47.228907,
        725.0
      ],
      [
        10.749883,
        47.228532,
        724.25
      ],
      [
        10.749658,
        47.228261,
        723.75
      ],
      [
        10.749594,
        47.228151,
        723.5
      ],
      [
        10.749549,
        47.22804,
        723.5
      ],
      [
        10.749529,
        47.227949,
        723.75
      ],
      [
        10.749523,
        47.227841,
        723.75
      ],
      [
        10.749528,
        47.227511,
        723.0
      ],
      [
        10.749535,
        47.227354,
        722.75
      ],
      [
        10.74955,
        47.22706,
        722.0
      ],
      [
        10.749598,
        47.22624,
        720.0
      ],
      [
        10.749624,
        47.225543,
        720.25
      ],
      [
        10.749651,
        47.225156,
        719.5
      ],
      [
        10.749657,
        47.224851,
        720.0
      ],
      [
        10.749633,
        47.224692,
        719.75
      ],
      [
        10.749614,
        47.224635,
        719.75
      ],
      [
        10.749609,
        47.224597,
        719.75
      ],
      [
        10.749632,
        47.224523,
        719.75
      ],
      [
        10.749697,
        47.224414,
        719.75
      ],
      [
        10.749718,
        47.224311,
        719.5
      ],
      [
        10.749792,
        47.22341,
        718.0
      ],
      [
        10.749968,
        47.222656,
        717.5
      ],
      [
        10.750043,
        47.222323,
        716.75
      ],
      [
        10.750173,
        47.221828,
        716.0
      ],
      [
        10.750199,
        47.221664,
        716.0
      ],
      [
        10.750248,
        47.221502,
        716.5
      ],
      [
        10.750393,
        47.221193,
        716.0
      ],
      [
        10.750599,
        47.220786,
        715.5
      ],
      [
        10.750764,
        47.220661,
        715.5
      ],
      [
        10.751192,
        47.22004,
        716.0
      ],
      [
        10.751171,
        47.219941,
        716.5
      ],
      [
        10.751361,
        47.219725,
        716.0
      ],
      [
        10.751523,
        47.219499,
        715.5
      ],
      [
        10.751739,
        47.219307,
        714.75
      ],
      [
        10.752365,
        47.218852,
        714.0
      ],
      [
        10.752881,
        47.218538,
        712.75
      ],
      [
        10.753161,
        47.218363,
        713.75
      ],
      [
        10.753135,
        47.218332,
        713.75
      ],
      [
        10.752914,
        47.218072,
        713.0
      ],
      [
        10.752854,
        47.218023,
        713.0
      ],
      [
        10.752503,
        47.217891,
        713.75
      ],
      [
        10.75026,
        47.217228,
        715.0
      ],
      [
        10.749546,
        47.21689,
        714.5
      ],
      [
        10.749068,
        47.216793,
        714.0
      ],
      [
        10.748389,
        47.216764,
        713.5
      ],
      [
        10.747624,
        47.216851,
        715.75
      ],
      [
        10.746852,
        47.216851,
        715.5
      ],
      [
        10.744887,
        47.216715,
        715.0
      ],
      [
        10.741765,
        47.216628,
        716.25
      ],
      [
        10.738027,
        47.216597,
        715.75
      ],
      [
        10.735361,
        47.21661,
        716.5
      ],
      [
        10.733941,
        47.216638,
        717.5
      ],
      [
        10.730268,
        47.216733,
        718.5
      ],
      [
        10.72904,
        47.216785,
        719.25
      ],
      [
        10.726833,
        47.216854,
        719.25
      ],
      [
        10.726025,
        47.216862,
        719.25
      ],
      [
        10.725572,
        47.21686,
        719.25
      ],
      [
        10.725343,
        47.216843,
        719.25
      ],
      [
        10.72412,
        47.21668,
        718.25
      ],
      [
        10.723698,
        47.216514,
        717.0
      ],
      [
        10.723637,
        47.216509,
        717.0
      ],
      [
        10.723595,
        47.216505,
        717.0
      ],
      [
        10.723107,
        47.216511,
        717.75
      ],
      [
        10.722582,
        47.216557,
        719.0
      ],
      [
        10.72216,
        47.216459,
        718.5
      ],
      [
        10.721579,
        47.216397,
        719.0
      ],
      [
        10.720976,
        47.21636,
        719.75
      ],
      [
        10.719847,
        47.216276,
        719.0
      ],
      [
        10.719597,
        47.216274,
        718.75
      ],
      [
        10.719255,
        47.216332,
        719.75
      ],
      [
        10.719158,
        47.21636,
        720.25
      ],
      [
        10.719061,
        47.2164,
        720.0
      ],
      [
        10.718975,
        47.216417,
        719.5
      ],
      [
        10.718791,
        47.216418,
        719.25
      ],
      [
        10.718608,
        47.216398,
        720.0
      ],
      [
        10.718263,
        47.216372,
        719.75
      ],
      [
        10.718146,
        47.216374,
        719.75
      ],
      [
        10.718081,
        47.216402,
        720.0
      ],
      [
        10.717976,
        47.216543,
        720.5
      ],
      [
        10.717965,
        47.216567,
        720.5
      ],
      [
        10.71784,
        47.216617,
        720.75
      ],
      [
        10.717681,
        47.216615,
        720.75
      ],
      [
        10.716439,
        47.216531,
        720.5
      ],
      [
        10.713881,
        47.216281,
        720.5
      ],
      [
        10.71045,
        47.21589,
        722.25
      ],
      [
        10.709432,
        47.215768,
        721.75
      ],
      [
        10.706607,
        47.215407,
        720.75
      ],
      [
        10.705796,
        47.215297,
        722.25
      ],
      [
        10.705316,
        47.215201,
        722.0
      ],
      [
        10.704918,
        47.215063,
        721.25
      ],
      [
        10.704517,
        47.214889,
        721.0
      ],
      [
        10.704343,
        47.214813,
        721.25
      ],
      [
        10.704276,
        47.214804,
        721.5
      ],
      [
        10.703778,
        47.215025,
        722.5
      ],
      [
        10.701616,
        47.214698,
        723.75
      ],
      [
        10.700448,
        47.214504,
        723.75
      ],
      [
        10.70038,
        47.214469,
        723.75
      ],
      [
        10.700346,
        47.214412,
        723.75
      ],
      [
        10.700337,
        47.214358,
        723.75
      ],
      [
        10.700441,
        47.213793,
        723.25
      ],
      [
        10.700506,
        47.213418,
        723.75
      ],
      [
        10.700508,
        47.213369,
        724.0
      ],
      [
        10.700488,
        47.213333,
        724.0
      ],
      [
        10.70045,
        47.213307,
        724.0
      ],
      [
        10.700399,
        47.213296,
        724.25
      ],
      [
        10.699497,
        47.213228,
        724.0
      ],
      [
        10.699385,
        47.213236,
        724.0
      ],
      [
        10.699309,
        47.213254,
        724.0
      ],
      [
        10.699255,
        47.213266,
        724.0
      ],
      [
        10.699173,
        47.213267,
        724.0
      ],
      [
        10.699054,
        47.21324,
        724.0
      ],
      [
        10.697986,
        47.213039,
        724.5
      ],
      [
        10.696752,
        47.212725,
        724.75
      ],
      [
        10.695278,
        47.212413,
        724.75
      ],
      [
        10.69507,
        47.212413,
        725.0
      ],
      [
        10.694881,
        47.212441,
        725.0
      ],
      [
        10.694263,
        47.212768,
        723.75
      ],
      [
        10.694017,
        47.212799,
        723.5
      ],
      [
        10.69386,
        47.212767,
        723.0
      ],
      [
        10.693425,
        47.212511,
        724.0
      ],
      [
        10.692885,
        47.212333,
        724.25
      ],
      [
        10.692252,
        47.211935,
        724.75
      ],
      [
        10.691916,
        47.211782,
        725.0
      ],
      [
        10.68712,
        47.209747,
        726.0
      ],
      [
        10.686093,
        47.209369,
        726.0
      ],
      [
        10.684536,
        47.208817,
        726.75
      ],
      [
        10.683757,
        47.208578,
        727.0
      ],
      [
        10.683468,
        47.208495,
        727.0
      ],
      [
        10.682952,
        47.208348,
        727.75
      ],
      [
        10.681403,
        47.208004,
        728.0
      ],
      [
        10.681293,
        47.207972,
        728.0
      ],
      [
        10.678984,
        47.207298,
        728.0
      ],
      [
        10.679818,
        47.205933,
        728.0
      ],
      [
        10.679834,
        47.205905,
        728.0
      ],
      [
        10.680445,
        47.204884,
        728.25
      ],
      [
        10.679622,
        47.204513,
        728.25
      ],
      [
        10.679083,
        47.204257,
        728.0
      ],
      [
        10.678837,
        47.204148,
        728.0
      ],
      [
        10.678561,
        47.204054,
        729.0
      ],
      [
        10.677934,
        47.20386,
        729.0
      ],
      [
        10.677734,
        47.203803,
        729.0
      ],
      [
        10.677568,
        47.203768,
        729.0
      ],
      [
        10.67739,
        47.203767,
        729.0
      ],
      [
        10.676329,
        47.203913,
        730.0
      ],
      [
        10.675631,
        47.203998,
        730.75
      ],
      [
        10.67563,
        47.203976,
        730.5
      ],
      [
        10.675588,
        47.203964,
        730.5
      ],
      [
        10.6755,
        47.203956,
        730.75
      ],
      [
        10.675433,
        47.20393,
        731.25
      ],
      [
        10.675378,
        47.203881,
        731.75
      ],
      [
        10.675349,
        47.203824,
        731.75
      ],
      [
        10.675331,
        47.203788,
        731.75
      ],
      [
        10.675281,
        47.20374,
        731.75
      ],
      [
        10.675187,
        47.203705,
        731.75
      ],
      [
        10.675085,
        47.203663,
        732.25
      ],
      [
        10.674944,
        47.20356,
        731.5
      ],
      [
        10.674286,
        47.203006,
        730.25
      ],
      [
        10.674227,
        47.20295,
        731.0
      ],
      [
        10.674068,
        47.202804,
        732.0
      ],
      [
        10.673937,
        47.202691,
        732.75
      ],
      [
        10.673719,
        47.202544,
        732.25
      ],
      [
        10.67351,
        47.202423,
        732.0
      ],
      [
        10.67324,
        47.202302,
        731.75
      ],
      [
        10.672944,
        47.202205,
        731.75
      ],
      [
        10.672676,
        47.20214,
        731.5
      ],
      [
        10.672547,
        47.20208,
        731.5
      ],
      [
        10.672454,
        47.202069,
        731.5
      ],
      [
        10.67245,
        47.202004,
        731.75
      ],
      [
        10.672122,
        47.201684,
        731.75
      ],
      [
        10.672059,
        47.20159,
        732.0
      ],
      [
        10.672017,
        47.201476,
        732.0
      ],
      [
        10.671843,
        47.201,
        732.75
      ],
      [
        10.671766,
        47.200976,
        732.75
      ],
      [
        10.671246,
        47.20093,
        732.25
      ],
      [
        10.671066,
        47.200912,
        732.25
      ],
      [
        10.670471,
        47.200903,
        732.5
      ],
      [
        10.669835,
        47.200816,
        733.0
      ],
      [
        10.669697,
        47.200816,
        733.0
      ],
      [
        10.669569,
        47.200832,
        733.0
      ],
      [
        10.669358,
        47.200841,
        732.75
      ],
      [
        10.668659,
        47.200883,
        732.75
      ],
      [
        10.668482,
        47.200886,
        732.75
      ],
      [
        10.668222,
        47.20085,
        732.75
      ],
      [
        10.668021,
        47.200802,
        733.0
      ],
      [
        10.667644,
        47.200699,
        733.25
      ],
      [
        10.66699,
        47.200516,
        733.25
      ],
      [
        10.666804,
        47.200441,
        733.0
      ],
      [
        10.666698,
        47.200405,
        733.0
      ],
      [
        10.666587,
        47.200379,
        733.25
      ],
      [
        10.66644,
        47.200371,
        733.25
      ],
      [
        10.666144,
        47.200369,
        733.0
      ],
      [
        10.665628,
        47.200106,
        733.0
      ],
      [
        10.665221,
        47.199929,
        733.25
      ],
      [
        10.66511,
        47.199897,
        733.5
      ],
      [
        10.664486,
        47.199711,
        733.0
      ],
      [
        10.664286,
        47.199656,
        733.25
      ],
      [
        10.664073,
        47.19958,
        734.0
      ],
      [
        10.663891,
        47.199506,
        734.5
      ],
      [
        10.663811,
        47.199467,
        734.25
      ],
      [
        10.662833,
        47.198833,
        734.5
      ],
      [
        10.66237,
        47.198551,
        734.5
      ],
      [
        10.661931,
        47.198317,
        735.0
      ],
      [
        10.661675,
        47.198203,
        734.75
      ],
      [
        10.661322,
        47.198076,
        735.0
      ],
      [
        10.660892,
        47.19796,
        735.25
      ],
      [
        10.660448,
        47.197861,
        735.5
      ],
      [
        10.6604,
        47.197855,
        735.5
      ],
      [
        10.660262,
        47.197835,
        735.75
      ],
      [
        10.659456,
        47.197695,
        735.5
      ],
      [
        10.658822,
        47.197565,
        735.75
      ],
      [
        10.658601,
        47.197526,
        735.75
      ],
      [
        10.658341,
        47.19749,
        735.0
      ],
      [
        10.657976,
        47.197448,
        735.0
      ],
      [
        10.657623,
        47.197409,
        735.5
      ],
      [
        10.65721,
        47.19736,
        737.0
      ],
      [
        10.657079,
        47.197324,
        737.0
      ],
      [
        10.656791,
        47.197244,
        737.0
      ],
      [
        10.656398,
        47.197084,
        737.25
      ],
      [
        10.656162,
        47.196969,
        737.75
      ],
      [
        10.656084,
        47.196923,
        737.75
      ],
      [
        10.656008,
        47.19684,
        737.5
      ],
      [
        10.65594,
        47.196706,
        737.0
      ],
      [
        10.655833,
        47.196558,
        737.0
      ],
      [
        10.655696,
        47.196444,
        737.0
      ],
      [
        10.655496,
        47.196327,
        737.0
      ],
      [
        10.655245,
        47.196218,
        737.0
      ],
      [
        10.654609,
        47.19607,
        737.25
      ],
      [
        10.654117,
        47.196012,
        737.75
      ],
      [
        10.653812,
        47.19599,
        737.5
      ],
      [
        10.653508,
        47.195983,
        738.0
      ],
      [
        10.653304,
        47.195991,
        738.0
      ],
      [
        10.652924,
        47.196008,
        738.0
      ],
      [
        10.652592,
        47.196027,
        738.0
      ],
      [
        10.652575,
        47.195821,
        738.0
      ],
      [
        10.652594,
        47.19571,
        738.0
      ],
      [
        10.652667,
        47.195583,
        738.0
      ],
      [
        10.652771,
        47.195402,
        738.5
      ],
      [
        10.652793,
        47.195336,
        738.75
      ],
      [
        10.6528,
        47.195264,
        739.0
      ],
      [
        10.652759,
        47.195187,
        739.25
      ],
      [
        10.652558,
        47.195034,
        739.75
      ],
      [
        10.652448,
        47.194939,
        739.75
      ],
      [
        10.652355,
        47.194884,
        739.5
      ],
      [
        10.652147,
        47.194785,
        739.75
      ],
      [
        10.651742,
        47.194622,
        739.5
      ],
      [
        10.651672,
        47.194594,
        739.25
      ],
      [
        10.651424,
        47.19446,
        739.75
      ],
      [
        10.65119,
        47.194342,
        740.0
      ],
      [
        10.651089,
        47.194281,
        740.0
      ],
      [
        10.650851,
        47.194084,
        740.25
      ],
      [
        10.650803,
        47.194035,
        740.25
      ],
      [
        10.650649,
        47.193878,
        741.0
      ],
      [
        10.650541,
        47.193763,
        740.75
      ],
      [
        10.650297,
        47.193537,
        741.0
      ],
      [
        10.65013,
        47.193383,
        741.0
      ],
      [
        10.650111,
        47.193366,
        741.0
      ],
      [
        10.650069,
        47.193292,
        741.0
      ],
      [
        10.650001,
        47.193172,
        741.5
      ],
      [
        10.649838,
        47.192959,
        741.75
      ],
      [
        10.64961,
        47.192769,
        742.0
      ],
      [
        10.64927,
        47.192558,
        742.25
      ],
      [
        10.64871,
        47.192208,
        743.0
      ],
      [
        10.648331,
        47.192008,
        742.75
      ],
      [
        10.647984,
        47.19179,
        743.25
      ],
      [
        10.647476,
        47.191456,
        743.5
      ],
      [
        10.647109,
        47.191193,
        743.75
      ],
      [
        10.646798,
        47.190936,
        742.75
      ],
      [
        10.646567,
        47.190766,
        742.75
      ],
      [
        10.646382,
        47.190604,
        741.0
      ],
      [
        10.64561,
        47.189668,
        741.25
      ],
      [
        10.645384,
        47.189414,
        742.0
      ],
      [
        10.645107,
        47.18913,
        742.25
      ],
      [
        10.644953,
        47.189011,
        742.0
      ],
      [
        10.644849,
        47.188905,
        741.75
      ],
      [
        10.644774,
        47.188805,
        743.0
      ],
      [
        10.64462,
        47.188639,
        743.0
      ],
      [
        10.64421,
        47.188219,
        744.25
      ],
      [
        10.644068,
        47.188136,
        742.75
      ],
      [
        10.643933,
        47.187937,
        744.5
      ],
      [
        10.643802,
        47.187784,
        744.25
      ],
      [
        10.643691,
        47.187686,
        744.0
      ],
      [
        10.643553,
        47.187511,
        745.5
      ],
      [
        10.643303,
        47.187275,
        745.5
      ],
      [
        10.642944,
        47.18705,
        744.75
      ],
      [
        10.64276,
        47.186919,
        744.0
      ],
      [
        10.642698,
        47.186866,
        744.25
      ],
      [
        10.64267,
        47.186824,
        744.5
      ],
      [
        10.642665,
        47.186756,
        745.75
      ],
      [
        10.642691,
        47.186585,
        749.25
      ],
      [
        10.642683,
        47.186547,
        750.0
      ],
      [
        10.642659,
        47.186501,
        750.5
      ],
      [
        10.642623,
        47.186449,
        750.75
      ],
      [
        10.642513,
        47.186353,
        750.0
      ],
      [
        10.642293,
        47.186209,
        752.0
      ],
      [
        10.642147,
        47.186123,
        751.25
      ],
      [
        10.64201,
        47.186056,
        751.75
      ],
      [
        10.641716,
        47.185848,
        753.25
      ],
      [
        10.641396,
        47.185682,
        755.25
      ],
      [
        10.641218,
        47.185602,
        755.5
      ],
      [
        10.640962,
        47.185494,
        755.25
      ],
      [
        10.640575,
        47.18535,
        756.75
      ],
      [
        10.640428,
        47.185302,
        757.5
      ],
      [
        10.639844,
        47.185188,
        755.5
      ],
      [
        10.63969,
        47.185178,
        754.25
      ],
      [
        10.639517,
        47.185135,
        755.0
      ],
      [
        10.638907,
        47.184941,
        757.0
      ],
      [
        10.638587,
        47.184864,
        758.0
      ],
      [
        10.638467,
        47.184821,
        758.25
      ],
      [
        10.638174,
        47.184669,
        759.5
      ],
      [
        10.638082,
        47.18464,
        759.0
      ],
      [
        10.638,
        47.184603,
        759.25
      ],
      [
        10.637666,
        47.184416,
        759.5
      ],
      [
        10.637413,
        47.184294,
        761.25
      ],
      [
        10.636907,
        47.184078,
        762.25
      ],
      [
        10.636536,
        47.183965,
        762.5
      ],
      [
        10.636281,
        47.183917,
        762.75
      ],
      [
        10.636176,
        47.183905,
        762.75
      ],
      [
        10.636085,
        47.183921,
        762.5
      ],
      [
        10.635952,
        47.18398,
        763.0
      ],
      [
        10.635823,
        47.184052,
        763.25
      ],
      [
        10.635656,
        47.184167,
        763.75
      ],
      [
        10.635548,
        47.184229,
        763.75
      ],
      [
        10.63539,
        47.184297,
        762.5
      ],
      [
        10.635249,
        47.18432,
        762.0
      ],
      [
        10.635113,
        47.184312,
        761.5
      ],
      [
        10.634417,
        47.184187,
        764.75
      ],
      [
        10.633956,
        47.184159,
        763.0
      ],
      [
        10.63366,
        47.184123,
        761.0
      ],
      [
        10.633371,
        47.184057,
        760.0
      ],
      [
        10.633227,
        47.184012,
        760.75
      ],
      [
        10.63299,
        47.183945,
        763.25
      ],
      [
        10.632236,
        47.183776,
        761.0
      ],
      [
        10.631619,
        47.183616,
        762.25
      ],
      [
        10.63091,
        47.183471,
        757.0
      ],
      [
        10.629511,
        47.183197,
        752.25
      ],
      [
        10.628407,
        47.182896,
        751.75
      ],
      [
        10.6278,
        47.1827,
        753.25
      ],
      [
        10.625765,
        47.182262,
        765.0
      ],
      [
        10.625645,
        47.182207,
        763.0
      ],
      [
        10.625559,
        47.182137,
        762.0
      ],
      [
        10.625502,
        47.18204,
        764.75
      ],
      [
        10.624893,
        47.18198,
        761.75
      ],
      [
        10.623919,
        47.181817,
        761.0
      ],
      [
        10.623025,
        47.181603,
        766.0
      ],
      [
        10.621944,
        47.181222,
        767.75
      ],
      [
        10.62053,
        47.180559,
        763.75
      ],
      [
        10.620369,
        47.180473,
        764.0
      ],
      [
        10.620256,
        47.180395,
        763.5
      ],
      [
        10.620224,
        47.18035,
        763.0
      ],
      [
        10.620202,
        47.180294,
        762.75
      ],
      [
        10.620084,
        47.179869,
        761.5
      ],
      [
        10.620055,
        47.179791,
        761.25
      ],
      [
        10.620014,
        47.179713,
        760.5
      ],
      [
        10.619909,
        47.179582,
        760.25
      ],
      [
        10.619769,
        47.179458,
        758.0
      ],
      [
        10.619142,
        47.179025,
        757.25
      ],
      [
        10.618934,
        47.178845,
        757.5
      ],
      [
        10.618725,
        47.178615,
        756.75
      ],
      [
        10.618666,
        47.178527,
        756.25
      ],
      [
        10.618626,
        47.1784,
        756.0
      ],
      [
        10.618615,
        47.178214,
        756.5
      ],
      [
        10.618589,
        47.178132,
        756.5
      ],
      [
        10.618545,
        47.178059,
        756.25
      ],
      [
        10.618482,
        47.177996,
        756.25
      ],
      [
        10.618397,
        47.177944,
        755.25
      ],
      [
        10.617956,
        47.177779,
        753.5
      ],
      [
        10.617662,
        47.177633,
        754.0
      ],
      [
        10.61743,
        47.177583,
        753.5
      ],
      [
        10.617351,
        47.177558,
        753.25
      ],
      [
        10.617141,
        47.177414,
        753.75
      ],
      [
        10.616772,
        47.177102,
        753.75
      ],
      [
        10.616724,
        47.17706,
        754.0
      ],
      [
        10.616613,
        47.176936,
        754.75
      ],
      [
        10.616597,
        47.176827,
        756.0
      ],
      [
        10.61583,
        47.176192,
        754.0
      ],
      [
        10.615754,
        47.176109,
        753.75
      ],
      [
        10.615722,
        47.176012,
        753.5
      ],
      [
        10.615716,
        47.175868,
        753.0
      ],
      [
        10.615731,
        47.175762,
        752.25
      ],
      [
        10.615792,
        47.175672,
        751.75
      ],
      [
        10.616038,
        47.175455,
        751.25
      ],
      [
        10.616136,
        47.175351,
        751.75
      ],
      [
        10.616207,
        47.175252,
        753.0
      ],
      [
        10.616258,
        47.175128,
        752.75
      ],
      [
        10.616348,
        47.174948,
        751.75
      ],
      [
        10.616436,
        47.174836,
        752.5
      ],
      [
        10.616539,
        47.174638,
        753.0
      ],
      [
        10.616709,
        47.174426,
        752.5
      ],
      [
        10.61673,
        47.174358,
        753.25
      ],
      [
        10.616713,
        47.174289,
        753.25
      ],
      [
        10.616652,
        47.17423,
        752.5
      ],
      [
        10.616574,
        47.174184,
        752.5
      ],
      [
        10.616375,
        47.174091,
        753.0
      ],
      [
        10.615888,
        47.17389,
        753.0
      ],
      [
        10.61556,
        47.173827,
        752.25
      ],
      [
        10.614461,
        47.173609,
        752.0
      ],
      [
        10.614149,
        47.173557,
        752.25
      ],
      [
        10.613918,
        47.173528,
        752.5
      ],
      [
        10.613356,
        47.17349,
        752.25
      ],
      [
        10.613079,
        47.173486,
        752.0
      ],
      [
        10.612933,
        47.173509,
        752.0
      ],
      [
        10.612813,
        47.17354,
        752.0
      ],
      [
        10.612643,
        47.173629,
        752.0
      ],
      [
        10.612508,
        47.173675,
        752.0
      ],
      [
        10.612293,
        47.173707,
        752.5
      ],
      [
        10.6121,
        47.173687,
        752.25
      ],
      [
        10.611952,
        47.173622,
        752.0
      ],
      [
        10.611261,
        47.173277,
        753.0
      ],
      [
        10.610743,
        47.172948,
        753.75
      ],
      [
        10.610426,
        47.172764,
        754.0
      ],
      [
        10.610044,
        47.172578,
        754.0
      ],
      [
        10.609689,
        47.172437,
        755.25
      ],
      [
        10.609225,
        47.172274,
        754.5
      ],
      [
        10.609001,
        47.172203,
        755.25
      ],
      [
        10.607921,
        47.171715,
        757.75
      ],
      [
        10.607822,
        47.171687,
        756.5
      ],
      [
        10.607725,
        47.17167,
        756.0
      ],
      [
        10.6076,
        47.17162,
        757.75
      ],
      [
        10.607513,
        47.171565,
        759.0
      ],
      [
        10.607448,
        47.171512,
        759.25
      ],
      [
        10.607324,
        47.171439,
        758.25
      ],
      [
        10.607054,
        47.171301,
        758.75
      ],
      [
        10.606946,
        47.171234,
        758.0
      ],
      [
        10.606742,
        47.171185,
        756.25
      ],
      [
        10.606521,
        47.171069,
        757.5
      ],
      [
        10.606359,
        47.170952,
        759.5
      ],
      [
        10.605422,
        47.17044,
        758.75
      ],
      [
        10.605104,
        47.170242,
        758.5
      ],
      [
        10.605012,
        47.17017,
        758.0
      ],
      [
        10.60487,
        47.17002,
        757.0
      ],
      [
        10.604743,
        47.170022,
        756.0
      ],
      [
        10.604687,
        47.170036,
        756.25
      ],
      [
        10.604555,
        47.170115,
        756.5
      ],
      [
        10.604493,
        47.170166,
        756.0
      ],
      [
        10.604364,
        47.17015,
        756.25
      ],
      [
        10.60432,
        47.170136,
        756.5
      ],
      [
        10.603507,
        47.169796,
        757.25
      ],
      [
        10.602836,
        47.169555,
        758.5
      ],
      [
        10.602488,
        47.169438,
        757.0
      ],
      [
        10.602399,
        47.169387,
        758.5
      ],
      [
        10.602291,
        47.16935,
        759.0
      ],
      [
        10.601616,
        47.169159,
        759.25
      ],
      [
        10.601307,
        47.169085,
        763.5
      ],
      [
        10.600757,
        47.168973,
        762.5
      ],
      [
        10.600373,
        47.168921,
        760.25
      ],
      [
        10.600043,
        47.168882,
        759.5
      ],
      [
        10.599407,
        47.16889,
        756.0
      ],
      [
        10.598624,
        47.16882,
        758.25
      ],
      [
        10.598148,
        47.168838,
        757.0
      ],
      [
        10.597654,
        47.168791,
        757.0
      ],
      [
        10.59743,
        47.168748,
        757.25
      ],
      [
        10.596879,
        47.168574,
        757.5
      ],
      [
        10.596023,
        47.168224,
        758.5
      ],
      [
        10.595663,
        47.168089,
        758.25
      ],
      [
        10.595545,
        47.16802,
        760.0
      ],
      [
        10.59487,
        47.16777,
        761.0
      ],
      [
        10.594506,
        47.167575,
        764.75
      ],
      [
        10.594251,
        47.167404,
        765.0
      ],
      [
        10.59403,
        47.167219,
        760.75
      ],
      [
        10.593883,
        47.167108,
        760.0
      ],
      [
        10.593787,
        47.167021,
        760.25
      ],
      [
        10.593567,
        47.166825,
        759.75
      ],
      [
        10.593552,
        47.166766,
        760.5
      ],
      [
        10.593284,
        47.166441,
        761.25
      ],
      [
        10.59327,
        47.16634,
        762.5
      ],
      [
        10.593183,
        47.166207,
        763.5
      ],
      [
        10.592493,
        47.165457,
        762.5
      ],
      [
        10.592264,
        47.165184,
        762.5
      ],
      [
        10.592134,
        47.164929,
        763.0
      ],
      [
        10.59197,
        47.164605,
        762.0
      ],
      [
        10.59194,
        47.164546,
        761.5
      ],
      [
        10.591881,
        47.164515,
        761.25
      ],
      [
        10.591768,
        47.164505,
        760.5
      ],
      [
        10.591747,
        47.164468,
        760.75
      ],
      [
        10.591534,
        47.164092,
        760.0
      ],
      [
        10.591284,
        47.16378,
        759.0
      ],
      [
        10.591236,
        47.163727,
        759.0
      ],
      [
        10.590991,
        47.163452,
        760.0
      ],
      [
        10.590699,
        47.163125,
        760.75
      ],
      [
        10.590616,
        47.163032,
        761.0
      ],
      [
        10.590181,
        47.162545,
        761.5
      ],
      [
        10.589995,
        47.162332,
        761.5
      ],
      [
        10.589652,
        47.161969,
        761.75
      ],
      [
        10.589512,
        47.161822,
        762.0
      ],
      [
        10.589458,
        47.161763,
        762.0
      ],
      [
        10.589246,
        47.161533,
        762.0
      ],
      [
        10.589232,
        47.161517,
        762.0
      ],
      [
        10.589055,
        47.161326,
        762.0
      ],
      [
        10.588984,
        47.161249,
        762.0
      ],
      [
        10.588774,
        47.161021,
        762.0
      ],
      [
        10.588713,
        47.160954,
        762.25
      ],
      [
        10.588701,
        47.160942,
        762.25
      ],
      [
        10.588687,
        47.160926,
        762.25
      ],
      [
        10.588534,
        47.160759,
        762.5
      ],
      [
        10.588491,
        47.160701,
        762.25
      ],
      [
        10.588309,
        47.160419,
        762.0
      ],
      [
        10.58791,
        47.159619,
        763.0
      ],
      [
        10.587887,
        47.159575,
        763.0
      ],
      [
        10.588015,
        47.159471,
        763.0
      ],
      [
        10.588286,
        47.159257,
        763.0
      ],
      [
        10.588416,
        47.159147,
        763.0
      ],
      [
        10.58858,
        47.159015,
        763.25
      ],
      [
        10.588857,
        47.158792,
        764.25
      ],
      [
        10.589036,
        47.158641,
        764.75
      ],
      [
        10.589312,
        47.158407,
        765.75
      ],
      [
        10.589232,
        47.158364,
        765.75
      ],
      [
        10.589217,
        47.158356,
        765.75
      ],
      [
        10.589151,
        47.158321,
        766.0
      ],
      [
        10.589054,
        47.158295,
        766.0
      ],
      [
        10.589151,
        47.158321,
        766.0
      ],
      [
        10.589217,
        47.158356,
        765.75
      ],
      [
        10.589232,
        47.158364,
        765.75
      ],
      [
        10.589312,
        47.158407,
        765.75
      ],
      [
        10.589036,
        47.158641,
        764.75
      ],
      [
        10.588857,
        47.158792,
        764.25
      ],
      [
        10.58858,
        47.159015,
        763.25
      ],
      [
        10.588416,
        47.159147,
        763.0
      ],
      [
        10.588286,
        47.159257,
        763.0
      ],
      [
        10.588015,
        47.159471,
        763.0
      ],
      [
        10.587887,
        47.159575,
        763.0
      ],
      [
        10.58791,
        47.159619,
        763.0
      ],
      [
        10.588309,
        47.160419,
        762.0
      ],
      [
        10.588491,
        47.160701,
        762.25
      ],
      [
        10.588277,
        47.160864,
        761.75
      ],
      [
        10.588052,
        47.161049,
        761.0
      ],
      [
        10.588031,
        47.161067,
        761.0
      ],
      [
        10.587779,
        47.161275,
        761.0
      ],
      [
        10.587408,
        47.16159,
        761.0
      ],
      [
        10.587056,
        47.161908,
        761.0
      ],
      [
        10.587034,
        47.161948,
        760.75
      ],
      [
        10.58705,
        47.161964,
        760.5
      ],
      [
        10.587094,
        47.161983,
        760.25
      ],
      [
        10.587212,
        47.162036,
        759.5
      ],
      [
        10.587175,
        47.162098,
        758.75
      ],
      [
        10.586825,
        47.162593,
        759.0
      ],
      [
        10.586795,
        47.162657,
        760.25
      ],
      [
        10.58675,
        47.162644,
        760.25
      ],
      [
        10.586709,
        47.162622,
        760.0
      ],
      [
        10.586642,
        47.162539,
        759.5
      ],
      [
        10.586614,
        47.16252,
        759.5
      ],
      [
        10.585462,
        47.162154,
        762.0
      ],
      [
        10.585375,
        47.162141,
        763.0
      ],
      [
        10.585184,
        47.162099,
        763.25
      ],
      [
        10.584937,
        47.162001,
        762.5
      ],
      [
        10.584852,
        47.161982,
        763.25
      ],
      [
        10.584738,
        47.162,
        764.75
      ],
      [
        10.584716,
        47.161985,
        765.0
      ],
      [
        10.584381,
        47.16176,
        762.25
      ],
      [
        10.584024,
        47.161573,
        762.25
      ],
      [
        10.583863,
        47.161508,
        761.75
      ],
      [
        10.58326,
        47.161344,
        763.75
      ],
      [
        10.58284,
        47.16121,
        762.5
      ],
      [
        10.582321,
        47.161044,
        763.75
      ],
      [
        10.582265,
        47.161024,
        763.5
      ],
      [
        10.581795,
        47.160867,
        764.0
      ],
      [
        10.581005,
        47.160596,
        765.25
      ],
      [
        10.580535,
        47.160427,
        764.5
      ],
      [
        10.579821,
        47.160221,
        767.75
      ],
      [
        10.579251,
        47.160037,
        768.25
      ],
      [
        10.578332,
        47.159708,
        768.5
      ],
      [
        10.578074,
        47.15948,
        767.25
      ],
      [
        10.577839,
        47.159283,
        764.0
      ],
      [
        10.577783,
        47.159237,
        764.0
      ],
      [
        10.577674,
        47.159151,
        764.0
      ],
      [
        10.577551,
        47.159053,
        763.0
      ],
      [
        10.576267,
        47.158094,
        764.25
      ],
      [
        10.575797,
        47.157771,
        764.75
      ],
      [
        10.575376,
        47.157498,
        765.0
      ],
      [
        10.574803,
        47.157183,
        767.75
      ],
      [
        10.57464,
        47.157095,
        767.75
      ],
      [
        10.573934,
        47.156724,
        767.0
      ],
      [
        10.573276,
        47.156439,
        767.5
      ],
      [
        10.572696,
        47.156181,
        765.75
      ],
      [
        10.572446,
        47.156083,
        767.25
      ],
      [
        10.572201,
        47.155971,
        767.0
      ],
      [
        10.572009,
        47.155857,
        766.25
      ],
      [
        10.571637,
        47.155586,
        768.5
      ],
      [
        10.571421,
        47.155336,
        768.75
      ],
      [
        10.571338,
        47.155226,
        769.5
      ],
      [
        10.571295,
        47.155121,
        769.5
      ],
      [
        10.571257,
        47.154986,
        768.0
      ],
      [
        10.571255,
        47.154875,
        767.75
      ],
      [
        10.571357,
        47.154605,
        767.0
      ],
      [
        10.571426,
        47.154474,
        768.0
      ],
      [
        10.571451,
        47.154404,
        768.25
      ],
      [
        10.571449,
        47.154367,
        768.5
      ],
      [
        10.571446,
        47.154296,
        769.0
      ],
      [
        10.571404,
        47.154208,
        769.75
      ],
      [
        10.57113,
        47.153953,
        769.0
      ],
      [
        10.570971,
        47.153932,
        769.5
      ],
      [
        10.57085,
        47.153897,
        769.75
      ],
      [
        10.570692,
        47.153804,
        771.75
      ],
      [
        10.570618,
        47.153737,
        772.0
      ],
      [
        10.570568,
        47.153659,
        771.5
      ],
      [
        10.570553,
        47.153567,
        771.25
      ],
      [
        10.570613,
        47.153382,
        772.25
      ],
      [
        10.570595,
        47.153149,
        772.75
      ],
      [
        10.570583,
        47.152999,
        773.25
      ],
      [
        10.570538,
        47.152872,
        774.25
      ],
      [
        10.570502,
        47.152808,
        775.25
      ],
      [
        10.570463,
        47.152715,
        776.0
      ],
      [
        10.570477,
        47.152632,
        775.75
      ],
      [
        10.570574,
        47.152493,
        774.75
      ],
      [
        10.570582,
        47.152485,
        774.75
      ],
      [
        10.570657,
        47.152416,
        774.75
      ],
      [
        10.570775,
        47.152328,
        775.0
      ],
      [
        10.570977,
        47.152194,
        774.5
      ],
      [
        10.57103,
        47.152126,
        774.75
      ],
      [
        10.57105,
        47.152041,
        775.75
      ],
      [
        10.571033,
        47.151945,
        776.75
      ],
      [
        10.570989,
        47.151795,
        777.25
      ],
      [
        10.570863,
        47.151522,
        777.5
      ],
      [
        10.570846,
        47.151485,
        777.5
      ],
      [
        10.570711,
        47.151303,
        777.5
      ],
      [
        10.570498,
        47.151087,
        778.0
      ],
      [
        10.57045,
        47.151041,
        778.0
      ],
      [
        10.570406,
        47.150996,
        778.0
      ],
      [
        10.570344,
        47.150929,
        778.0
      ],
      [
        10.570319,
        47.150903,
        778.0
      ],
      [
        10.570251,
        47.150833,
        778.0
      ],
      [
        10.570162,
        47.150737,
        778.25
      ],
      [
        10.570133,
        47.150706,
        778.5
      ],
      [
        10.569952,
        47.150513,
        778.25
      ],
      [
        10.569897,
        47.150456,
        778.5
      ],
      [
        10.569867,
        47.15034,
        778.75
      ],
      [
        10.569993,
        47.1501,
        779.0
      ],
      [
        10.570034,
        47.150019,
        779.0
      ],
      [
        10.570075,
        47.14994,
        779.25
      ],
      [
        10.570055,
        47.149743,
        779.75
      ],
      [
        10.569974,
        47.149525,
        779.75
      ],
      [
        10.569755,
        47.149214,
        780.0
      ],
      [
        10.56952,
        47.148964,
        780.0
      ],
      [
        10.569472,
        47.148912,
        780.0
      ],
      [
        10.569424,
        47.14886,
        780.0
      ],
      [
        10.569201,
        47.1486,
        781.0
      ],
      [
        10.56864,
        47.148207,
        781.25
      ],
      [
        10.568612,
        47.148185,
        781.5
      ],
      [
        10.568446,
        47.148051,
        782.0
      ],
      [
        10.568317,
        47.147955,
        782.0
      ],
      [
        10.568111,
        47.147773,
        782.0
      ],
      [
        10.567836,
        47.147551,
        782.5
      ],
      [
        10.5677,
        47.147419,
        783.0
      ],
      [
        10.567701,
        47.147389,
        783.0
      ],
      [
        10.567728,
        47.147317,
        783.0
      ],
      [
        10.56762,
        47.147298,
        783.0
      ],
      [
        10.567525,
        47.147266,
        782.75
      ],
      [
        10.567431,
        47.147211,
        783.0
      ],
      [
        10.567117,
        47.147026,
        784.0
      ],
      [
        10.566875,
        47.146936,
        785.0
      ],
      [
        10.566712,
        47.146852,
        785.25
      ],
      [
        10.566472,
        47.146625,
        787.0
      ],
      [
        10.566202,
        47.146367,
        786.25
      ],
      [
        10.566053,
        47.146203,
        786.75
      ],
      [
        10.565639,
        47.145515,
        787.5
      ],
      [
        10.56549,
        47.145268,
        785.0
      ],
      [
        10.565212,
        47.145016,
        785.5
      ],
      [
        10.564936,
        47.14478,
        786.0
      ],
      [
        10.564529,
        47.144596,
        791.75
      ],
      [
        10.5644,
        47.144441,
        789.25
      ],
      [
        10.564263,
        47.144371,
        789.75
      ],
      [
        10.564226,
        47.144351,
        789.75
      ],
      [
        10.563651,
        47.144267,
        793.5
      ],
      [
        10.56348,
        47.144196,
        792.5
      ],
      [
        10.563448,
        47.144164,
        791.25
      ],
      [
        10.563312,
        47.144068,
        791.5
      ],
      [
        10.563158,
        47.143906,
        791.0
      ],
      [
        10.563088,
        47.143833,
        790.75
      ],
      [
        10.562964,
        47.143795,
        791.0
      ],
      [
        10.562849,
        47.143768,
        790.5
      ],
      [
        10.562699,
        47.14374,
        790.0
      ],
      [
        10.562374,
        47.143696,
        790.25
      ],
      [
        10.561806,
        47.143573,
        788.75
      ],
      [
        10.561649,
        47.143523,
        788.25
      ],
      [
        10.56166,
        47.143492,
        786.5
      ],
      [
        10.561742,
        47.143208,
        779.5
      ],
      [
        10.56177,
        47.143097,
        781.0
      ],
      [
        10.561783,
        47.143043,
        781.5
      ],
      [
        10.561837,
        47.142826,
        781.0
      ],
      [
        10.561922,
        47.142482,
        783.0
      ],
      [
        10.561945,
        47.142389,
        783.75
      ],
      [
        10.561938,
        47.142289,
        784.25
      ],
      [
        10.561757,
        47.142028,
        788.0
      ],
      [
        10.561679,
        47.141888,
        789.0
      ],
      [
        10.561602,
        47.141751,
        790.75
      ],
      [
        10.561592,
        47.141592,
        793.75
      ],
      [
        10.561601,
        47.141476,
        795.75
      ],
      [
        10.561766,
        47.140822,
        803.0
      ],
      [
        10.561796,
        47.140623,
        805.25
      ],
      [
        10.561833,
        47.140476,
        807.5
      ],
      [
        10.561876,
        47.140414,
        809.25
      ],
      [
        10.561959,
        47.140361,
        811.25
      ],
      [
        10.562059,
        47.140321,
        811.25
      ],
      [
        10.562112,
        47.140259,
        811.25
      ],
      [
        10.562264,
        47.140075,
        812.0
      ],
      [
        10.562289,
        47.140029,
        812.25
      ],
      [
        10.562339,
        47.139975,
        812.5
      ],
      [
        10.562358,
        47.139868,
        812.5
      ],
      [
        10.562286,
        47.139562,
        813.5
      ],
      [
        10.562306,
        47.139427,
        814.0
      ],
      [
        10.56235,
        47.139182,
        814.75
      ],
      [
        10.562372,
        47.139103,
        815.0
      ],
      [
        10.562377,
        47.139082,
        815.25
      ],
      [
        10.562388,
        47.139042,
        815.25
      ],
      [
        10.562458,
        47.138906,
        815.75
      ],
      [
        10.562616,
        47.138637,
        816.5
      ],
      [
        10.562733,
        47.138543,
        816.25
      ],
      [
        10.562804,
        47.138508,
        816.25
      ],
      [
        10.56287,
        47.138476,
        816.75
      ],
      [
        10.563065,
        47.138295,
        818.0
      ],
      [
        10.563212,
        47.138127,
        817.0
      ],
      [
        10.563187,
        47.137996,
        817.25
      ],
      [
        10.563251,
        47.137681,
        816.5
      ],
      [
        10.563495,
        47.137259,
        817.0
      ],
      [
        10.563617,
        47.137159,
        817.25
      ],
      [
        10.563749,
        47.137105,
        817.25
      ],
      [
        10.563814,
        47.137017,
        817.5
      ],
      [
        10.563911,
        47.136859,
        818.25
      ],
      [
        10.564038,
        47.136626,
        820.0
      ],
      [
        10.56407,
        47.13637,
        823.0
      ],
      [
        10.564068,
        47.136227,
        824.25
      ],
      [
        10.56408,
        47.136159,
        824.75
      ],
      [
        10.564097,
        47.13608,
        825.25
      ],
      [
        10.564158,
        47.135954,
        825.75
      ],
      [
        10.56424,
        47.135837,
        826.5
      ],
      [
        10.564293,
        47.135785,
        827.75
      ],
      [
        10.56444,
        47.135682,
        829.75
      ],
      [
        10.564514,
        47.135648,
        830.75
      ],
      [
        10.564726,
        47.135591,
        833.25
      ],
      [
        10.564925,
        47.135543,
        836.25
      ],
      [
        10.565066,
        47.135498,
        838.25
      ],
      [
        10.565106,
        47.135469,
        839.25
      ],
      [
        10.565111,
        47.13541,
        842.0
      ],
      [
        10.565098,
        47.135348,
        845.25
      ],
      [
        10.565077,
        47.135326,
        846.25
      ],
      [
        10.564998,
        47.135289,
        848.25
      ],
      [
        10.564935,
        47.135272,
        849.25
      ],
      [
        10.564829,
        47.135257,
        850.0
      ],
      [
        10.564781,
        47.135242,
        850.5
      ],
      [
        10.564757,
        47.135199,
        852.5
      ],
      [
        10.564763,
        47.135089,
        857.75
      ],
      [
        10.564829,
        47.13498,
        863.25
      ],
      [
        10.564984,
        47.134835,
        867.25
      ],
      [
        10.565058,
        47.134716,
        868.75
      ],
      [
        10.565083,
        47.134532,
        869.25
      ],
      [
        10.565015,
        47.13444,
        872.5
      ],
      [
        10.564927,
        47.134364,
        876.75
      ],
      [
        10.564819,
        47.1342,
        880.5
      ],
      [
        10.564803,
        47.134119,
        880.5
      ],
      [
        10.564693,
        47.134057,
        881.75
      ],
      [
        10.564708,
        47.133771,
        880.5
      ],
      [
        10.564784,
        47.133601,
        880.75
      ],
      [
        10.565035,
        47.133264,
        884.5
      ],
      [
        10.565205,
        47.133226,
        885.0
      ],
      [
        10.565433,
        47.133232,
        884.75
      ],
      [
        10.56574,
        47.133256,
        884.75
      ],
      [
        10.566055,
        47.133208,
        886.0
      ],
      [
        10.566344,
        47.133124,
        886.0
      ],
      [
        10.566055,
        47.133208,
        886.0
      ],
      [
        10.56574,
        47.133256,
        884.75
      ],
      [
        10.565433,
        47.133232,
        884.75
      ],
      [
        10.565205,
        47.133226,
        885.0
      ],
      [
        10.565035,
        47.133264,
        884.5
      ],
      [
        10.564784,
        47.133601,
        880.75
      ],
      [
        10.564708,
        47.133771,
        880.5
      ],
      [
        10.564693,
        47.134057,
        881.75
      ],
      [
        10.564803,
        47.134119,
        880.5
      ],
      [
        10.564819,
        47.1342,
        880.5
      ],
      [
        10.564927,
        47.134364,
        876.75
      ],
      [
        10.565015,
        47.13444,
        872.5
      ],
      [
        10.565083,
        47.134532,
        869.25
      ],
      [
        10.565058,
        47.134716,
        868.75
      ],
      [
        10.564984,
        47.134835,
        867.25
      ],
      [
        10.564829,
        47.13498,
        863.25
      ],
      [
        10.564763,
        47.135089,
        857.75
      ],
      [
        10.564757,
        47.135199,
        852.5
      ],
      [
        10.564781,
        47.135242,
        850.5
      ],
      [
        10.564829,
        47.135257,
        850.0
      ],
      [
        10.564935,
        47.135272,
        849.25
      ],
      [
        10.564998,
        47.135289,
        848.25
      ],
      [
        10.565077,
        47.135326,
        846.25
      ],
      [
        10.565098,
        47.135348,
        845.25
      ],
      [
        10.565111,
        47.13541,
        842.0
      ],
      [
        10.565106,
        47.135469,
        839.25
      ],
      [
        10.565066,
        47.135498,
        838.25
      ],
      [
        10.564925,
        47.135543,
        836.25
      ],
      [
        10.564726,
        47.135591,
        833.25
      ],
      [
        10.564514,
        47.135648,
        830.75
      ],
      [
        10.56444,
        47.135682,
        829.75
      ],
      [
        10.564293,
        47.135785,
        827.75
      ],
      [
        10.56424,
        47.135837,
        826.5
      ],
      [
        10.564158,
        47.135954,
        825.75
      ],
      [
        10.564097,
        47.13608,
        825.25
      ],
      [
        10.56408,
        47.136159,
        824.75
      ],
      [
        10.564068,
        47.136227,
        824.25
      ],
      [
        10.56407,
        47.13637,
        823.0
      ],
      [
        10.564038,
        47.136626,
        820.0
      ],
      [
        10.563911,
        47.136859,
        818.25
      ],
      [
        10.563814,
        47.137017,
        817.5
      ],
      [
        10.563749,
        47.137105,
        817.25
      ],
      [
        10.563617,
        47.137159,
        817.25
      ],
      [
        10.563495,
        47.137259,
        817.0
      ],
      [
        10.563251,
        47.137681,
        816.5
      ],
      [
        10.563187,
        47.137996,
        817.25
      ],
      [
        10.563212,
        47.138127,
        817.0
      ],
      [
        10.563065,
        47.138295,
        818.0
      ],
      [
        10.56287,
        47.138476,
        816.75
      ],
      [
        10.562804,
        47.138508,
        816.25
      ],
      [
        10.562733,
        47.138543,
        816.25
      ],
      [
        10.562509,
        47.138487,
        816.75
      ],
      [
        10.562119,
        47.138768,
        816.25
      ],
      [
        10.56188,
        47.138941,
        815.75
      ],
      [
        10.561638,
        47.139115,
        815.0
      ],
      [
        10.561363,
        47.139362,
        814.0
      ],
      [
        10.561258,
        47.139456,
        813.25
      ],
      [
        10.561214,
        47.139475,
        812.75
      ],
      [
        10.56116,
        47.139484,
        812.25
      ],
      [
        10.561094,
        47.139484,
        811.75
      ],
      [
        10.560967,
        47.139458,
        810.75
      ],
      [
        10.560903,
        47.139426,
        811.0
      ],
      [
        10.560771,
        47.139339,
        811.0
      ],
      [
        10.560614,
        47.139237,
        810.25
      ],
      [
        10.560517,
        47.139198,
        809.5
      ],
      [
        10.560428,
        47.139186,
        809.0
      ],
      [
        10.560205,
        47.139194,
        807.25
      ],
      [
        10.559998,
        47.13919,
        805.0
      ],
      [
        10.559937,
        47.139179,
        804.0
      ],
      [
        10.559632,
        47.139099,
        801.25
      ],
      [
        10.559357,
        47.139049,
        799.5
      ],
      [
        10.559093,
        47.139025,
        797.75
      ],
      [
        10.558756,
        47.139003,
        796.0
      ],
      [
        10.5585,
        47.139012,
        795.0
      ],
      [
        10.557965,
        47.139103,
        793.25
      ],
      [
        10.557583,
        47.139196,
        791.0
      ],
      [
        10.557519,
        47.139212,
        791.25
      ],
      [
        10.557424,
        47.139235,
        791.5
      ],
      [
        10.556895,
        47.139522,
        790.75
      ],
      [
        10.556609,
        47.139655,
        791.0
      ],
      [
        10.556309,
        47.139738,
        791.25
      ],
      [
        10.556207,
        47.139757,
        791.75
      ],
      [
        10.555999,
        47.139788,
        791.75
      ],
      [
        10.555797,
        47.139811,
        791.25
      ],
      [
        10.555483,
        47.139862,
        791.25
      ],
      [
        10.555226,
        47.139928,
        791.25
      ],
      [
        10.555181,
        47.13992,
        792.0
      ],
      [
        10.555117,
        47.139979,
        790.75
      ],
      [
        10.555033,
        47.140085,
        789.75
      ],
      [
        10.554959,
        47.140239,
        788.25
      ],
      [
        10.554951,
        47.140256,
        788.0
      ],
      [
        10.554875,
        47.140426,
        787.25
      ],
      [
        10.554853,
        47.140482,
        787.5
      ],
      [
        10.554831,
        47.140538,
        787.5
      ],
      [
        10.554708,
        47.140512,
        787.75
      ],
      [
        10.554593,
        47.140511,
        787.75
      ],
      [
        10.554456,
        47.140526,
        787.75
      ],
      [
        10.554317,
        47.14057,
        786.75
      ],
      [
        10.553841,
        47.140802,
        786.75
      ],
      [
        10.55345,
        47.140986,
        787.75
      ],
      [
        10.553369,
        47.141022,
        787.75
      ],
      [
        10.553246,
        47.141065,
        788.0
      ],
      [
        10.552864,
        47.14119,
        788.25
      ],
      [
        10.55262,
        47.141258,
        788.5
      ],
      [
        10.552529,
        47.141279,
        788.75
      ],
      [
        10.551796,
        47.141425,
        789.5
      ],
      [
        10.551541,
        47.141447,
        789.75
      ],
      [
        10.551392,
        47.141446,
        789.25
      ],
      [
        10.551314,
        47.141517,
        789.75
      ],
      [
        10.551025,
        47.141599,
        791.0
      ],
      [
        10.550406,
        47.141665,
        794.5
      ],
      [
        10.550083,
        47.141644,
        795.75
      ],
      [
        10.549867,
        47.141615,
        797.25
      ],
      [
        10.54958,
        47.141609,
        799.0
      ],
      [
        10.549059,
        47.141611,
        803.0
      ],
      [
        10.548971,
        47.141533,
        800.5
      ],
      [
        10.548852,
        47.141482,
        799.25
      ],
      [
        10.547341,
        47.141097,
        799.75
      ],
      [
        10.546851,
        47.140879,
        797.5
      ],
      [
        10.546772,
        47.140844,
        795.5
      ],
      [
        10.546336,
        47.140842,
        795.25
      ],
      [
        10.545977,
        47.14086,
        795.5
      ],
      [
        10.545598,
        47.140902,
        796.25
      ],
      [
        10.545568,
        47.140905,
        796.5
      ],
      [
        10.545549,
        47.140908,
        796.5
      ],
      [
        10.54503,
        47.140969,
        795.5
      ],
      [
        10.544359,
        47.141046,
        795.25
      ],
      [
        10.543867,
        47.141101,
        795.75
      ],
      [
        10.543536,
        47.141138,
        795.75
      ],
      [
        10.543167,
        47.141171,
        795.75
      ],
      [
        10.54299,
        47.141181,
        797.0
      ],
      [
        10.542795,
        47.141184,
        799.5
      ],
      [
        10.542443,
        47.141189,
        799.25
      ],
      [
        10.542001,
        47.141168,
        800.0
      ],
      [
        10.541532,
        47.141154,
        799.75
      ],
      [
        10.541099,
        47.141117,
        798.25
      ],
      [
        10.540909,
        47.14109,
        798.25
      ],
      [
        10.540594,
        47.14103,
        800.75
      ],
      [
        10.540569,
        47.141025,
        800.75
      ],
      [
        10.540458,
        47.141003,
        801.5
      ],
      [
        10.538708,
        47.140552,
        799.5
      ],
      [
        10.536885,
        47.14007,
        801.75
      ],
      [
        10.536512,
        47.139969,
        801.75
      ],
      [
        10.535803,
        47.139772,
        803.0
      ],
      [
        10.535375,
        47.139662,
        803.5
      ],
      [
        10.535082,
        47.139587,
        804.25
      ],
      [
        10.534725,
        47.13949,
        804.0
      ],
      [
        10.534593,
        47.139454,
        804.25
      ],
      [
        10.534493,
        47.139427,
        804.75
      ],
      [
        10.534239,
        47.139361,
        804.5
      ],
      [
        10.534113,
        47.139328,
        804.5
      ],
      [
        10.533825,
        47.139255,
        804.5
      ],
      [
        10.533121,
        47.139085,
        807.0
      ],
      [
        10.532719,
        47.138984,
        807.5
      ],
      [
        10.532411,
        47.138898,
        807.25
      ],
      [
        10.532313,
        47.138865,
        807.25
      ],
      [
        10.532212,
        47.138832,
        807.25
      ],
      [
        10.531984,
        47.138736,
        808.0
      ],
      [
        10.531788,
        47.138636,
        808.25
      ],
      [
        10.531638,
        47.138539,
        808.0
      ],
      [
        10.531417,
        47.13838,
        808.75
      ],
      [
        10.5312,
        47.138172,
        810.75
      ],
      [
        10.530923,
        47.137874,
        813.25
      ],
      [
        10.530779,
        47.137732,
        813.0
      ],
      [
        10.53045,
        47.137475,
        812.5
      ],
      [
        10.530419,
        47.13745,
        812.0
      ],
      [
        10.530266,
        47.137337,
        812.0
      ],
      [
        10.530099,
        47.137203,
        814.0
      ],
      [
        10.529725,
        47.136922,
        816.75
      ],
      [
        10.52956,
        47.136824,
        819.75
      ],
      [
        10.529443,
        47.13677,
        822.0
      ],
      [
        10.529304,
        47.13673,
        821.25
      ],
      [
        10.529167,
        47.136703,
        821.5
      ],
      [
        10.528972,
        47.13669,
        821.0
      ],
      [
        10.52872,
        47.136701,
        821.75
      ],
      [
        10.527203,
        47.136797,
        822.25
      ],
      [
        10.52701,
        47.136799,
        821.5
      ],
      [
        10.526743,
        47.136784,
        822.0
      ],
      [
        10.52643,
        47.136743,
        825.25
      ],
      [
        10.526152,
        47.136694,
        826.0
      ],
      [
        10.525863,
        47.136616,
        825.75
      ],
      [
        10.525623,
        47.136534,
        825.0
      ],
      [
        10.525334,
        47.136415,
        826.25
      ],
      [
        10.525042,
        47.136292,
        827.0
      ],
      [
        10.524875,
        47.136228,
        827.75
      ],
      [
        10.524768,
        47.136194,
        828.0
      ],
      [
        10.524719,
        47.136182,
        828.25
      ],
      [
        10.52469,
        47.136174,
        828.25
      ],
      [
        10.52447,
        47.136126,
        829.0
      ],
      [
        10.524192,
        47.1361,
        829.5
      ],
      [
        10.524111,
        47.136097,
        829.5
      ],
      [
        10.523722,
        47.136087,
        830.0
      ],
      [
        10.523452,
        47.136091,
        830.5
      ],
      [
        10.522556,
        47.136087,
        833.5
      ],
      [
        10.522458,
        47.136086,
        834.5
      ],
      [
        10.522415,
        47.136085,
        835.0
      ],
      [
        10.522091,
        47.13608,
        838.0
      ],
      [
        10.521416,
        47.136068,
        839.25
      ],
      [
        10.52044,
        47.136063,
        842.0
      ],
      [
        10.520195,
        47.136058,
        843.0
      ],
      [
        10.519867,
        47.136034,
        843.75
      ],
      [
        10.519707,
        47.136006,
        844.5
      ],
      [
        10.519454,
        47.135951,
        845.5
      ],
      [
        10.519275,
        47.135892,
        844.75
      ],
      [
        10.519131,
        47.135834,
        844.0
      ],
      [
        10.519079,
        47.135809,
        844.0
      ],
      [
        10.519009,
        47.135874,
        845.5
      ],
      [
        10.518917,
        47.135892,
        846.5
      ],
      [
        10.518419,
        47.135936,
        852.0
      ],
      [
        10.518275,
        47.135936,
        853.0
      ],
      [
        10.518239,
        47.135936,
        853.25
      ],
      [
        10.518065,
        47.135914,
        853.75
      ],
      [
        10.517932,
        47.135884,
        854.0
      ],
      [
        10.517788,
        47.135829,
        853.75
      ],
      [
        10.517734,
        47.1358,
        854.25
      ],
      [
        10.517597,
        47.135727,
        855.5
      ],
      [
        10.517453,
        47.135665,
        856.5
      ],
      [
        10.517376,
        47.135647,
        856.75
      ],
      [
        10.517281,
        47.135634,
        857.25
      ],
      [
        10.517116,
        47.135623,
        858.25
      ],
      [
        10.516581,
        47.135614,
        861.75
      ],
      [
        10.516401,
        47.135611,
        862.5
      ],
      [
        10.516167,
        47.135626,
        864.0
      ],
      [
        10.515692,
        47.135703,
        867.0
      ],
      [
        10.515567,
        47.135709,
        867.5
      ],
      [
        10.515415,
        47.13569,
        868.25
      ],
      [
        10.515249,
        47.135649,
        869.0
      ],
      [
        10.514825,
        47.135524,
        871.75
      ],
      [
        10.514649,
        47.13549,
        873.25
      ],
      [
        10.514489,
        47.135472,
        874.5
      ],
      [
        10.514301,
        47.135467,
        876.25
      ],
      [
        10.514172,
        47.135479,
        877.5
      ],
      [
        10.514069,
        47.135509,
        878.75
      ],
      [
        10.51399,
        47.135461,
        879.0
      ],
      [
        10.513952,
        47.135447,
        879.25
      ],
      [
        10.513739,
        47.135367,
        877.25
      ],
      [
        10.513612,
        47.135344,
        875.0
      ],
      [
        10.513486,
        47.135342,
        874.0
      ],
      [
        10.513318,
        47.135351,
        873.0
      ],
      [
        10.513008,
        47.135406,
        870.5
      ],
      [
        10.512689,
        47.13543,
        868.25
      ],
      [
        10.512622,
        47.135426,
        867.0
      ],
      [
        10.512335,
        47.135407,
        863.75
      ],
      [
        10.512295,
        47.135405,
        863.75
      ],
      [
        10.512003,
        47.135351,
        860.5
      ],
      [
        10.511884,
        47.135337,
        859.25
      ],
      [
        10.511727,
        47.135345,
        858.25
      ],
      [
        10.511509,
        47.135378,
        858.0
      ],
      [
        10.511336,
        47.135425,
        857.75
      ],
      [
        10.51127,
        47.13543,
        857.25
      ],
      [
        10.511214,
        47.135426,
        856.75
      ],
      [
        10.511217,
        47.13539,
        855.25
      ],
      [
        10.511181,
        47.135374,
        854.5
      ],
      [
        10.511108,
        47.135317,
        852.0
      ],
      [
        10.511316,
        47.135233,
        850.75
      ],
      [
        10.511517,
        47.135141,
        847.25
      ],
      [
        10.511516,
        47.135065,
        844.5
      ],
      [
        10.511518,
        47.134948,
        841.75
      ],
      [
        10.511513,
        47.134898,
        841.5
      ],
      [
        10.511476,
        47.134814,
        841.5
      ],
      [
        10.511399,
        47.134716,
        841.75
      ],
      [
        10.511284,
        47.134617,
        842.25
      ],
      [
        10.51126,
        47.134509,
        841.25
      ],
      [
        10.511292,
        47.134431,
        839.5
      ],
      [
        10.511371,
        47.13437,
        837.25
      ],
      [
        10.511585,
        47.134287,
        836.5
      ],
      [
        10.511869,
        47.134194,
        842.0
      ],
      [
        10.511904,
        47.134147,
        843.75
      ],
      [
        10.511909,
        47.134101,
        844.0
      ],
      [
        10.51189,
        47.134046,
        844.25
      ],
      [
        10.5118,
        47.133895,
        844.25
      ],
      [
        10.511653,
        47.133651,
        845.75
      ],
      [
        10.511596,
        47.133503,
        845.0
      ],
      [
        10.511535,
        47.133264,
        845.0
      ],
      [
        10.511392,
        47.132966,
        847.0
      ],
      [
        10.511343,
        47.132786,
        848.5
      ],
      [
        10.511068,
        47.132642,
        848.0
      ],
      [
        10.511004,
        47.132601,
        847.75
      ],
      [
        10.510474,
        47.132187,
        847.5
      ],
      [
        10.509897,
        47.131703,
        848.0
      ],
      [
        10.509721,
        47.131531,
        846.25
      ],
      [
        10.509488,
        47.131332,
        845.75
      ],
      [
        10.509381,
        47.131252,
        845.5
      ],
      [
        10.509083,
        47.131053,
        845.75
      ],
      [
        10.508986,
        47.130997,
        845.25
      ],
      [
        10.508822,
        47.130918,
        845.5
      ],
      [
        10.508576,
        47.130829,
        846.75
      ],
      [
        10.508281,
        47.130754,
        846.75
      ],
      [
        10.508167,
        47.130712,
        846.75
      ],
      [
        10.507557,
        47.130461,
        851.5
      ],
      [
        10.507072,
        47.130188,
        854.75
      ],
      [
        10.506964,
        47.130136,
        854.75
      ],
      [
        10.506644,
        47.130007,
        856.0
      ],
      [
        10.50632,
        47.129896,
        854.25
      ],
      [
        10.506144,
        47.129848,
        853.5
      ],
      [
        10.505801,
        47.129834,
        850.5
      ],
      [
        10.505741,
        47.129824,
        850.0
      ],
      [
        10.505353,
        47.129719,
        847.25
      ],
      [
        10.504958,
        47.12966,
        844.0
      ],
      [
        10.504869,
        47.129642,
        843.5
      ],
      [
        10.504776,
        47.129615,
        843.25
      ],
      [
        10.504301,
        47.12943,
        844.0
      ],
      [
        10.503289,
        47.129073,
        846.25
      ],
      [
        10.502365,
        47.128797,
        849.25
      ],
      [
        10.501912,
        47.128545,
        849.25
      ],
      [
        10.501472,
        47.128421,
        849.0
      ],
      [
        10.499063,
        47.128004,
        852.5
      ],
      [
        10.498835,
        47.127818,
        859.25
      ],
      [
        10.498422,
        47.127785,
        856.25
      ],
      [
        10.498358,
        47.127727,
        858.25
      ],
      [
        10.498307,
        47.127539,
        857.0
      ],
      [
        10.498232,
        47.127199,
        860.25
      ],
      [
        10.498093,
        47.127176,
        860.75
      ],
      [
        10.498177,
        47.126967,
        860.5
      ],
      [
        10.498255,
        47.126837,
        860.5
      ],
      [
        10.498341,
        47.12673,
        858.75
      ],
      [
        10.498308,
        47.126699,
        859.75
      ],
      [
        10.498285,
        47.126488,
        859.25
      ],
      [
        10.498267,
        47.126402,
        859.25
      ],
      [
        10.498187,
        47.126208,
        859.25
      ],
      [
        10.498167,
        47.126135,
        858.75
      ],
      [
        10.498142,
        47.125979,
        858.0
      ],
      [
        10.498077,
        47.125729,
        857.25
      ],
      [
        10.497677,
        47.124875,
        858.0
      ],
      [
        10.497572,
        47.1247,
        858.75
      ],
      [
        10.497111,
        47.124086,
        859.75
      ],
      [
        10.496916,
        47.123853,
        859.25
      ],
      [
        10.496596,
        47.123542,
        861.0
      ],
      [
        10.496218,
        47.123123,
        863.0
      ],
      [
        10.496086,
        47.122972,
        863.75
      ],
      [
        10.495983,
        47.122829,
        866.5
      ],
      [
        10.49591,
        47.122612,
        863.5
      ],
      [
        10.495896,
        47.122496,
        861.0
      ],
      [
        10.495893,
        47.122382,
        861.75
      ],
      [
        10.495922,
        47.122036,
        862.25
      ],
      [
        10.495925,
        47.121853,
        862.0
      ],
      [
        10.495914,
        47.121591,
        862.0
      ],
      [
        10.4959,
        47.121494,
        862.25
      ],
      [
        10.495842,
        47.12129,
        862.5
      ],
      [
        10.495623,
        47.120758,
        864.25
      ],
      [
        10.495589,
        47.120702,
        864.25
      ],
      [
        10.495478,
        47.120569,
        864.25
      ],
      [
        10.495373,
        47.120475,
        864.75
      ],
      [
        10.495074,
        47.120256,
        866.0
      ],
      [
        10.495026,
        47.1202,
        866.25
      ],
      [
        10.494886,
        47.119985,
        867.0
      ],
      [
        10.49474,
        47.11983,
        868.0
      ],
      [
        10.494461,
        47.119577,
        869.0
      ],
      [
        10.49439,
        47.119497,
        870.25
      ],
      [
        10.494303,
        47.119422,
        870.75
      ],
      [
        10.494208,
        47.119356,
        870.75
      ],
      [
        10.493507,
        47.118969,
        870.0
      ],
      [
        10.49318,
        47.118778,
        870.75
      ],
      [
        10.492931,
        47.118591,
        871.25
      ],
      [
        10.492747,
        47.118491,
        871.75
      ],
      [
        10.492542,
        47.118393,
        872.25
      ],
      [
        10.491629,
        47.118017,
        875.25
      ],
      [
        10.491192,
        47.117813,
        876.25
      ],
      [
        10.491063,
        47.117763,
        877.75
      ],
      [
        10.490771,
        47.117681,
        879.5
      ],
      [
        10.49059,
        47.117614,
        880.75
      ],
      [
        10.490502,
        47.117574,
        880.5
      ],
      [
        10.490423,
        47.117555,
        881.0
      ],
      [
        10.490345,
        47.117544,
        881.75
      ],
      [
        10.490259,
        47.117541,
        883.0
      ],
      [
        10.490238,
        47.117514,
        882.0
      ],
      [
        10.489906,
        47.117451,
        883.0
      ],
      [
        10.4893,
        47.117423,
        886.25
      ],
      [
        10.488855,
        47.117365,
        887.0
      ],
      [
        10.488614,
        47.11731,
        887.5
      ],
      [
        10.488488,
        47.117298,
        887.25
      ],
      [
        10.488252,
        47.117304,
        888.25
      ],
      [
        10.488015,
        47.117335,
        889.5
      ],
      [
        10.48783,
        47.117388,
        889.5
      ],
      [
        10.487044,
        47.117704,
        893.0
      ],
      [
        10.486661,
        47.11783,
        893.75
      ],
      [
        10.486437,
        47.117875,
        896.25
      ],
      [
        10.485775,
        47.117873,
        899.5
      ],
      [
        10.485325,
        47.117857,
        902.25
      ],
      [
        10.485126,
        47.117872,
        903.5
      ],
      [
        10.484888,
        47.117964,
        906.5
      ],
      [
        10.484659,
        47.118127,
        909.75
      ],
      [
        10.484466,
        47.118239,
        911.75
      ],
      [
        10.484256,
        47.118309,
        914.75
      ],
      [
        10.484027,
        47.118328,
        916.25
      ],
      [
        10.483811,
        47.118328,
        916.75
      ],
      [
        10.483266,
        47.118423,
        921.75
      ],
      [
        10.482632,
        47.118482,
        928.25
      ],
      [
        10.481816,
        47.118712,
        936.0
      ],
      [
        10.481419,
        47.118711,
        939.25
      ],
      [
        10.480968,
        47.118677,
        943.75
      ],
      [
        10.480854,
        47.118643,
        942.75
      ],
      [
        10.480543,
        47.118498,
        945.25
      ],
      [
        10.480285,
        47.118422,
        944.75
      ],
      [
        10.479968,
        47.118424,
        945.5
      ],
      [
        10.479411,
        47.118479,
        947.75
      ],
      [
        10.479086,
        47.118538,
        948.5
      ],
      [
        10.478873,
        47.118663,
        948.25
      ],
      [
        10.478809,
        47.118705,
        949.0
      ],
      [
        10.478613,
        47.118962,
        950.25
      ],
      [
        10.47845,
        47.119116,
        952.25
      ],
      [
        10.478265,
        47.119196,
        952.25
      ],
      [
        10.477768,
        47.119327,
        954.75
      ],
      [
        10.477406,
        47.119452,
        958.5
      ],
      [
        10.477103,
        47.119532,
        961.25
      ],
      [
        10.476556,
        47.11984,
        963.0
      ],
      [
        10.476266,
        47.120076,
        962.25
      ],
      [
        10.47621,
        47.120152,
        962.75
      ],
      [
        10.47621,
        47.12032,
        966.25
      ],
      [
        10.476194,
        47.120371,
        967.0
      ],
      [
        10.475902,
        47.120581,
        964.5
      ],
      [
        10.475789,
        47.120704,
        964.75
      ],
      [
        10.475671,
        47.120784,
        964.75
      ],
      [
        10.475183,
        47.121052,
        965.5
      ],
      [
        10.475006,
        47.121154,
        966.75
      ],
      [
        10.474732,
        47.121273,
        969.75
      ],
      [
        10.474665,
        47.121311,
        971.25
      ],
      [
        10.474662,
        47.121353,
        973.0
      ],
      [
        10.474724,
        47.121401,
        974.5
      ],
      [
        10.474858,
        47.121428,
        977.0
      ],
      [
        10.475274,
        47.1214,
        982.25
      ],
      [
        10.475403,
        47.121363,
        982.75
      ],
      [
        10.475779,
        47.121206,
        985.25
      ],
      [
        10.475983,
        47.121147,
        988.5
      ],
      [
        10.476133,
        47.121185,
        991.25
      ],
      [
        10.47598,
        47.121292,
        990.25
      ],
      [
        10.475842,
        47.121374,
        990.5
      ],
      [
        10.475706,
        47.121455,
        990.25
      ],
      [
        10.475404,
        47.12158,
        989.5
      ],
      [
        10.475093,
        47.12167,
        991.5
      ],
      [
        10.474839,
        47.121717,
        991.75
      ],
      [
        10.473825,
        47.121847,
        993.0
      ],
      [
        10.471994,
        47.122066,
        998.0
      ],
      [
        10.469541,
        47.122346,
        993.5
      ],
      [
        10.469008,
        47.122442,
        992.5
      ],
      [
        10.468481,
        47.122608,
        997.25
      ],
      [
        10.467277,
        47.123086,
        1001.25
      ],
      [
        10.466392,
        47.12345,
        1004.5
      ],
      [
        10.466424,
        47.123504,
        1006.0
      ],
      [
        10.466402,
        47.123552,
        1006.75
      ],
      [
        10.466369,
        47.12357,
        1006.75
      ],
      [
        10.466202,
        47.123618,
        1005.5
      ],
      [
        10.465289,
        47.124003,
        1011.25
      ],
      [
        10.465195,
        47.124051,
        1010.5
      ],
      [
        10.465133,
        47.124094,
        1010.75
      ],
      [
        10.464971,
        47.124187,
        1011.0
      ],
      [
        10.46471,
        47.124355,
        1010.75
      ],
      [
        10.464529,
        47.124447,
        1011.25
      ],
      [
        10.463982,
        47.124673,
        1012.5
      ],
      [
        10.463865,
        47.124749,
        1013.0
      ],
      [
        10.463595,
        47.124975,
        1012.5
      ],
      [
        10.463512,
        47.125037,
        1012.75
      ],
      [
        10.463365,
        47.125111,
        1012.25
      ],
      [
        10.463247,
        47.125173,
        1011.75
      ],
      [
        10.463174,
        47.125211,
        1011.25
      ],
      [
        10.463043,
        47.125299,
        1010.25
      ],
      [
        10.462723,
        47.125411,
        1010.25
      ],
      [
        10.461905,
        47.12588,
        1009.0
      ],
      [
        10.461767,
        47.125924,
        1008.75
      ],
      [
        10.46168,
        47.125907,
        1007.25
      ],
      [
        10.461257,
        47.126288,
        1007.5
      ],
      [
        10.461097,
        47.126435,
        1008.75
      ],
      [
        10.460855,
        47.126602,
        1008.25
      ],
      [
        10.460687,
        47.126685,
        1009.0
      ],
      [
        10.460484,
        47.126753,
        1009.25
      ],
      [
        10.460275,
        47.126801,
        1008.0
      ],
      [
        10.460074,
        47.126825,
        1009.25
      ],
      [
        10.45984,
        47.126824,
        1010.25
      ],
      [
        10.459597,
        47.126801,
        1010.0
      ],
      [
        10.459251,
        47.12675,
        1009.75
      ],
      [
        10.459041,
        47.126735,
        1011.0
      ],
      [
        10.458815,
        47.126736,
        1013.0
      ],
      [
        10.458595,
        47.126758,
        1015.25
      ],
      [
        10.458359,
        47.126793,
        1015.0
      ],
      [
        10.45812,
        47.126864,
        1013.25
      ],
      [
        10.457464,
        47.127115,
        1012.0
      ],
      [
        10.457437,
        47.127184,
        1015.0
      ],
      [
        10.457069,
        47.12733,
        1018.75
      ],
      [
        10.456684,
        47.127437,
        1018.5
      ],
      [
        10.456222,
        47.127516,
        1021.75
      ],
      [
        10.455801,
        47.127566,
        1023.25
      ],
      [
        10.455565,
        47.127619,
        1023.5
      ],
      [
        10.455375,
        47.127689,
        1022.25
      ],
      [
        10.455093,
        47.127839,
        1026.75
      ],
      [
        10.454628,
        47.128073,
        1030.25
      ],
      [
        10.45424,
        47.128242,
        1032.75
      ],
      [
        10.453886,
        47.128352,
        1033.0
      ],
      [
        10.453419,
        47.128517,
        1034.0
      ],
      [
        10.453261,
        47.128586,
        1033.0
      ],
      [
        10.45318,
        47.128577,
        1032.5
      ],
      [
        10.453083,
        47.128444,
        1030.25
      ],
      [
        10.452971,
        47.128452,
        1029.75
      ],
      [
        10.452751,
        47.128464,
        1029.25
      ],
      [
        10.45226,
        47.128498,
        1032.75
      ],
      [
        10.452049,
        47.12853,
        1033.0
      ],
      [
        10.451893,
        47.128568,
        1033.5
      ],
      [
        10.451747,
        47.128616,
        1033.75
      ],
      [
        10.451503,
        47.128688,
        1033.75
      ],
      [
        10.451193,
        47.128739,
        1031.5
      ],
      [
        10.450987,
        47.128746,
        1032.75
      ],
      [
        10.450703,
        47.128713,
        1035.25
      ],
      [
        10.449967,
        47.128567,
        1033.75
      ],
      [
        10.449251,
        47.128448,
        1037.0
      ],
      [
        10.448898,
        47.128442,
        1034.25
      ],
      [
        10.448576,
        47.128494,
        1029.0
      ],
      [
        10.448147,
        47.128623,
        1023.75
      ],
      [
        10.447775,
        47.128712,
        1026.25
      ],
      [
        10.447316,
        47.128753,
        1030.25
      ],
      [
        10.446583,
        47.128795,
        1031.75
      ],
      [
        10.446334,
        47.128816,
        1031.75
      ],
      [
        10.446098,
        47.128846,
        1031.75
      ],
      [
        10.445457,
        47.128977,
        1033.75
      ],
      [
        10.44411,
        47.129276,
        1031.0
      ],
      [
        10.443737,
        47.129355,
        1031.75
      ],
      [
        10.443503,
        47.129406,
        1032.25
      ],
      [
        10.442699,
        47.129575,
        1034.5
      ],
      [
        10.441897,
        47.129752,
        1036.5
      ],
      [
        10.441282,
        47.129888,
        1036.5
      ],
      [
        10.440894,
        47.129955,
        1038.25
      ],
      [
        10.440334,
        47.130024,
        1041.0
      ],
      [
        10.440135,
        47.130044,
        1041.25
      ],
      [
        10.44001,
        47.130048,
        1041.25
      ],
      [
        10.439832,
        47.130053,
        1041.75
      ],
      [
        10.439459,
        47.130051,
        1042.5
      ],
      [
        10.438702,
        47.130028,
        1044.75
      ],
      [
        10.437167,
        47.129906,
        1047.25
      ],
      [
        10.436984,
        47.129905,
        1047.5
      ],
      [
        10.436808,
        47.129912,
        1048.0
      ],
      [
        10.436498,
        47.12996,
        1049.5
      ],
      [
        10.43628,
        47.130021,
        1050.75
      ],
      [
        10.436075,
        47.130087,
        1051.75
      ],
      [
        10.435361,
        47.130419,
        1051.25
      ],
      [
        10.434944,
        47.130524,
        1053.0
      ],
      [
        10.434613,
        47.130568,
        1054.25
      ],
      [
        10.434401,
        47.130574,
        1054.25
      ],
      [
        10.43422,
        47.130562,
        1055.0
      ],
      [
        10.433803,
        47.130499,
        1057.25
      ],
      [
        10.433242,
        47.130378,
        1060.0
      ],
      [
        10.432734,
        47.130342,
        1062.75
      ],
      [
        10.432322,
        47.130374,
        1063.0
      ],
      [
        10.43193,
        47.130455,
        1061.75
      ],
      [
        10.431643,
        47.130539,
        1063.5
      ],
      [
        10.430487,
        47.130852,
        1067.75
      ],
      [
        10.429757,
        47.131015,
        1067.75
      ],
      [
        10.4294,
        47.131101,
        1071.25
      ],
      [
        10.429187,
        47.131171,
        1072.75
      ],
      [
        10.42898,
        47.131256,
        1072.0
      ],
      [
        10.428599,
        47.131494,
        1075.0
      ],
      [
        10.428425,
        47.131671,
        1077.75
      ],
      [
        10.428272,
        47.131868,
        1077.75
      ],
      [
        10.427988,
        47.13231,
        1079.75
      ],
      [
        10.42783,
        47.132525,
        1082.25
      ],
      [
        10.427727,
        47.132635,
        1082.75
      ],
      [
        10.427504,
        47.13283,
        1082.75
      ],
      [
        10.427289,
        47.132964,
        1083.0
      ],
      [
        10.427031,
        47.133073,
        1085.75
      ],
      [
        10.426793,
        47.133155,
        1086.75
      ],
      [
        10.426458,
        47.133251,
        1088.25
      ],
      [
        10.426092,
        47.133374,
        1090.25
      ],
      [
        10.425923,
        47.133443,
        1091.0
      ],
      [
        10.425736,
        47.133558,
        1092.0
      ],
      [
        10.425438,
        47.133782,
        1094.0
      ],
      [
        10.425133,
        47.134033,
        1096.0
      ],
      [
        10.42493,
        47.134169,
        1096.0
      ],
      [
        10.424562,
        47.134389,
        1099.5
      ],
      [
        10.42428,
        47.134602,
        1101.0
      ],
      [
        10.42388,
        47.134838,
        1102.0
      ],
      [
        10.423579,
        47.134959,
        1102.25
      ],
      [
        10.423309,
        47.13508,
        1105.25
      ],
      [
        10.42298,
        47.135287,
        1102.75
      ],
      [
        10.422763,
        47.135413,
        1101.25
      ],
      [
        10.422616,
        47.135482,
        1102.0
      ],
      [
        10.422073,
        47.135704,
        1101.0
      ],
      [
        10.421615,
        47.135895,
        1104.0
      ],
      [
        10.42067,
        47.13632,
        1105.75
      ],
      [
        10.420316,
        47.13651,
        1106.25
      ],
      [
        10.42007,
        47.136679,
        1107.5
      ],
      [
        10.41988,
        47.136829,
        1107.75
      ],
      [
        10.41971,
        47.136982,
        1107.25
      ],
      [
        10.419641,
        47.137051,
        1107.5
      ],
      [
        10.419538,
        47.137154,
        1107.0
      ],
      [
        10.419346,
        47.137359,
        1105.0
      ],
      [
        10.419248,
        47.137484,
        1104.75
      ],
      [
        10.419131,
        47.137662,
        1103.0
      ],
      [
        10.418889,
        47.138058,
        1102.0
      ],
      [
        10.418811,
        47.138259,
        1102.0
      ],
      [
        10.418775,
        47.138386,
        1102.25
      ],
      [
        10.418601,
        47.139245,
        1105.25
      ],
      [
        10.418567,
        47.139411,
        1105.75
      ],
      [
        10.418506,
        47.139631,
        1107.0
      ],
      [
        10.418377,
        47.139894,
        1107.5
      ],
      [
        10.418235,
        47.140089,
        1107.25
      ],
      [
        10.418161,
        47.140175,
        1107.75
      ],
      [
        10.417918,
        47.140382,
        1108.75
      ],
      [
        10.417708,
        47.140516,
        1108.5
      ],
      [
        10.417571,
        47.140584,
        1108.75
      ],
      [
        10.4175,
        47.140619,
        1108.25
      ],
      [
        10.41716,
        47.140772,
        1108.0
      ],
      [
        10.416685,
        47.140994,
        1110.5
      ],
      [
        10.416407,
        47.141148,
        1111.75
      ],
      [
        10.416274,
        47.141236,
        1111.5
      ],
      [
        10.416142,
        47.14134,
        1110.75
      ],
      [
        10.415943,
        47.141506,
        1112.0
      ],
      [
        10.415825,
        47.141629,
        1111.75
      ],
      [
        10.415663,
        47.14183,
        1112.5
      ],
      [
        10.415622,
        47.141887,
        1112.5
      ],
      [
        10.415487,
        47.14213,
        1111.75
      ],
      [
        10.415392,
        47.142396,
        1112.5
      ],
      [
        10.415186,
        47.14308,
        1113.0
      ],
      [
        10.415177,
        47.143108,
        1113.25
      ],
      [
        10.415069,
        47.143295,
        1114.0
      ],
      [
        10.414895,
        47.143542,
        1114.5
      ],
      [
        10.414768,
        47.143692,
        1114.0
      ],
      [
        10.414594,
        47.14387,
        1113.75
      ],
      [
        10.414353,
        47.144095,
        1115.75
      ],
      [
        10.414102,
        47.144315,
        1116.75
      ],
      [
        10.413675,
        47.144641,
        1120.75
      ],
      [
        10.413078,
        47.145031,
        1124.75
      ],
      [
        10.41272,
        47.145235,
        1125.75
      ],
      [
        10.412086,
        47.145579,
        1129.0
      ],
      [
        10.412155,
        47.14564,
        1129.75
      ],
      [
        10.412201,
        47.145695,
        1130.25
      ],
      [
        10.412204,
        47.145802,
        1131.5
      ],
      [
        10.411558,
        47.146799,
        1139.25
      ],
      [
        10.411367,
        47.147097,
        1142.0
      ],
      [
        10.411195,
        47.147365,
        1144.5
      ],
      [
        10.411013,
        47.147706,
        1147.75
      ],
      [
        10.410923,
        47.147794,
        1148.75
      ],
      [
        10.410841,
        47.147875,
        1149.5
      ],
      [
        10.41043,
        47.148087,
        1151.75
      ],
      [
        10.409919,
        47.14835,
        1154.0
      ],
      [
        10.409783,
        47.148405,
        1154.25
      ],
      [
        10.409678,
        47.148426,
        1154.0
      ],
      [
        10.409493,
        47.148429,
        1153.25
      ],
      [
        10.409366,
        47.148424,
        1153.5
      ],
      [
        10.409339,
        47.148422,
        1153.75
      ],
      [
        10.409259,
        47.148417,
        1154.25
      ],
      [
        10.408891,
        47.148434,
        1155.25
      ],
      [
        10.408486,
        47.148482,
        1155.25
      ],
      [
        10.408299,
        47.148522,
        1154.75
      ],
      [
        10.408223,
        47.148559,
        1155.0
      ],
      [
        10.407987,
        47.148675,
        1155.0
      ],
      [
        10.40728,
        47.149038,
        1153.25
      ],
      [
        10.407152,
        47.149107,
        1153.25
      ],
      [
        10.407093,
        47.149141,
        1153.25
      ],
      [
        10.406547,
        47.149436,
        1152.5
      ],
      [
        10.405763,
        47.14989,
        1151.75
      ],
      [
        10.405609,
        47.149962,
        1152.0
      ],
      [
        10.405532,
        47.149997,
        1152.5
      ],
      [
        10.405462,
        47.15003,
        1152.75
      ],
      [
        10.40508,
        47.150114,
        1154.5
      ],
      [
        10.405005,
        47.150067,
        1154.0
      ],
      [
        10.40447,
        47.149895,
        1152.5
      ],
      [
        10.404341,
        47.149864,
        1152.75
      ],
      [
        10.404121,
        47.149794,
        1152.75
      ],
      [
        10.403736,
        47.149671,
        1153.0
      ],
      [
        10.403648,
        47.149574,
        1152.0
      ],
      [
        10.403569,
        47.149487,
        1151.0
      ],
      [
        10.403528,
        47.149429,
        1150.25
      ],
      [
        10.40345,
        47.149345,
        1148.75
      ],
      [
        10.403288,
        47.149265,
        1147.5
      ],
      [
        10.403153,
        47.149229,
        1147.0
      ],
      [
        10.4031,
        47.149205,
        1146.75
      ],
      [
        10.403085,
        47.148954,
        1142.0
      ],
      [
        10.403022,
        47.148854,
        1141.25
      ],
      [
        10.402861,
        47.148669,
        1140.5
      ],
      [
        10.402814,
        47.148628,
        1140.0
      ],
      [
        10.402746,
        47.148599,
        1139.75
      ],
      [
        10.402683,
        47.148583,
        1139.75
      ],
      [
        10.402578,
        47.148573,
        1140.25
      ],
      [
        10.402399,
        47.148586,
        1141.25
      ],
      [
        10.401673,
        47.14885,
        1144.75
      ],
      [
        10.401347,
        47.148925,
        1147.0
      ],
      [
        10.401223,
        47.148879,
        1146.75
      ],
      [
        10.401147,
        47.148866,
        1146.75
      ],
      [
        10.400982,
        47.148843,
        1146.25
      ],
      [
        10.400843,
        47.148844,
        1146.25
      ],
      [
        10.400613,
        47.148903,
        1146.0
      ],
      [
        10.400315,
        47.148994,
        1145.75
      ],
      [
        10.399845,
        47.14916,
        1147.5
      ],
      [
        10.399752,
        47.149191,
        1147.0
      ],
      [
        10.398638,
        47.149591,
        1149.0
      ],
      [
        10.396796,
        47.150024,
        1149.75
      ],
      [
        10.395511,
        47.15012,
        1154.75
      ],
      [
        10.394244,
        47.150152,
        1157.0
      ],
      [
        10.39355,
        47.150095,
        1154.75
      ],
      [
        10.392286,
        47.149771,
        1153.75
      ],
      [
        10.390772,
        47.149475,
        1153.75
      ],
      [
        10.389903,
        47.149411,
        1155.5
      ],
      [
        10.389129,
        47.149459,
        1154.75
      ],
      [
        10.388465,
        47.149536,
        1154.0
      ],
      [
        10.388144,
        47.149586,
        1154.0
      ],
      [
        10.387837,
        47.149664,
        1155.5
      ],
      [
        10.387641,
        47.149851,
        1155.5
      ],
      [
        10.387609,
        47.149923,
        1155.75
      ],
      [
        10.387579,
        47.150073,
        1156.0
      ],
      [
        10.38751,
        47.15042,
        1156.5
      ],
      [
        10.387507,
        47.150491,
        1157.25
      ],
      [
        10.387396,
        47.150555,
        1157.5
      ],
      [
        10.387295,
        47.150571,
        1157.25
      ],
      [
        10.386861,
        47.150538,
        1156.0
      ],
      [
        10.386114,
        47.150587,
        1157.0
      ],
      [
        10.385981,
        47.150586,
        1156.0
      ],
      [
        10.385643,
        47.150574,
        1155.5
      ],
      [
        10.385537,
        47.150566,
        1156.0
      ],
      [
        10.385454,
        47.150568,
        1156.25
      ],
      [
        10.385415,
        47.150604,
        1156.25
      ],
      [
        10.385411,
        47.150649,
        1156.0
      ],
      [
        10.385392,
        47.150678,
        1156.0
      ],
      [
        10.385319,
        47.150731,
        1156.0
      ],
      [
        10.385079,
        47.150845,
        1156.5
      ],
      [
        10.384872,
        47.150928,
        1156.75
      ],
      [
        10.384583,
        47.15101,
        1156.5
      ],
      [
        10.384332,
        47.151071,
        1156.75
      ],
      [
        10.384088,
        47.151099,
        1158.0
      ],
      [
        10.383799,
        47.151106,
        1158.0
      ],
      [
        10.383497,
        47.151089,
        1157.5
      ],
      [
        10.383235,
        47.151049,
        1157.25
      ],
      [
        10.382937,
        47.150978,
        1157.75
      ],
      [
        10.382638,
        47.150864,
        1158.25
      ],
      [
        10.382304,
        47.150713,
        1158.25
      ],
      [
        10.382037,
        47.150563,
        1159.25
      ],
      [
        10.381838,
        47.150431,
        1161.25
      ],
      [
        10.38133,
        47.150197,
        1161.5
      ],
      [
        10.381109,
        47.150123,
        1164.0
      ],
      [
        10.380744,
        47.150099,
        1165.0
      ],
      [
        10.380184,
        47.150074,
        1164.75
      ],
      [
        10.380119,
        47.150073,
        1164.25
      ],
      [
        10.37984,
        47.150099,
        1163.0
      ],
      [
        10.379617,
        47.150164,
        1162.25
      ],
      [
        10.379115,
        47.150255,
        1162.25
      ],
      [
        10.379119,
        47.150271,
        1162.0
      ],
      [
        10.379175,
        47.15051,
        1165.25
      ],
      [
        10.37918,
        47.150534,
        1165.5
      ],
      [
        10.378958,
        47.150538,
        1164.25
      ],
      [
        10.378035,
        47.150504,
        1162.75
      ],
      [
        10.377317,
        47.150464,
        1163.0
      ],
      [
        10.376518,
        47.150482,
        1163.5
      ],
      [
        10.376111,
        47.150513,
        1163.75
      ],
      [
        10.375495,
        47.150601,
        1163.75
      ],
      [
        10.374895,
        47.150714,
        1163.5
      ],
      [
        10.37444,
        47.150812,
        1164.75
      ],
      [
        10.37399,
        47.150926,
        1164.0
      ],
      [
        10.373474,
        47.151042,
        1164.75
      ],
      [
        10.372923,
        47.151124,
        1165.25
      ],
      [
        10.372478,
        47.151154,
        1166.0
      ],
      [
        10.372019,
        47.151154,
        1166.0
      ],
      [
        10.371416,
        47.151094,
        1166.0
      ],
      [
        10.370778,
        47.15098,
        1165.5
      ],
      [
        10.369958,
        47.150761,
        1166.5
      ],
      [
        10.369283,
        47.150598,
        1166.5
      ],
      [
        10.368536,
        47.150401,
        1167.0
      ],
      [
        10.368087,
        47.150303,
        1167.75
      ],
      [
        10.367665,
        47.150237,
        1168.25
      ],
      [
        10.367402,
        47.150224,
        1168.75
      ],
      [
        10.367166,
        47.150228,
        1168.75
      ],
      [
        10.366651,
        47.150301,
        1168.75
      ],
      [
        10.366036,
        47.150477,
        1169.5
      ],
      [
        10.365472,
        47.150685,
        1169.25
      ],
      [
        10.365011,
        47.150796,
        1169.75
      ],
      [
        10.364532,
        47.150839,
        1170.0
      ],
      [
        10.364242,
        47.15083,
        1170.5
      ],
      [
        10.363999,
        47.150802,
        1170.75
      ],
      [
        10.363831,
        47.150764,
        1170.75
      ],
      [
        10.363658,
        47.150714,
        1170.5
      ],
      [
        10.363436,
        47.150632,
        1170.5
      ],
      [
        10.362865,
        47.150389,
        1171.25
      ],
      [
        10.362847,
        47.150291,
        1171.25
      ],
      [
        10.362795,
        47.150201,
        1171.25
      ],
      [
        10.3623,
        47.149626,
        1171.25
      ],
      [
        10.361876,
        47.149089,
        1171.5
      ],
      [
        10.361692,
        47.148936,
        1171.0
      ],
      [
        10.361498,
        47.148682,
        1172.5
      ],
      [
        10.361253,
        47.148448,
        1173.25
      ],
      [
        10.360793,
        47.148167,
        1172.75
      ],
      [
        10.360406,
        47.14801,
        1174.25
      ],
      [
        10.359758,
        47.14784,
        1174.0
      ],
      [
        10.358242,
        47.147648,
        1174.0
      ],
      [
        10.355974,
        47.147342,
        1175.75
      ],
      [
        10.354595,
        47.147113,
        1177.0
      ],
      [
        10.351761,
        47.146559,
        1180.0
      ],
      [
        10.351254,
        47.146528,
        1181.5
      ],
      [
        10.350306,
        47.146575,
        1181.75
      ],
      [
        10.350187,
        47.146578,
        1182.5
      ],
      [
        10.350131,
        47.146579,
        1182.75
      ],
      [
        10.349936,
        47.146584,
        1184.0
      ],
      [
        10.349651,
        47.14657,
        1184.5
      ],
      [
        10.349083,
        47.146461,
        1182.0
      ],
      [
        10.348805,
        47.146376,
        1182.25
      ],
      [
        10.348463,
        47.146245,
        1182.0
      ],
      [
        10.348129,
        47.146111,
        1183.0
      ],
      [
        10.347881,
        47.145999,
        1183.0
      ],
      [
        10.347565,
        47.145873,
        1183.5
      ],
      [
        10.347371,
        47.145811,
        1184.25
      ],
      [
        10.34695,
        47.145721,
        1183.0
      ],
      [
        10.346604,
        47.145698,
        1184.0
      ],
      [
        10.346195,
        47.14571,
        1184.0
      ],
      [
        10.345688,
        47.145762,
        1185.25
      ],
      [
        10.345036,
        47.145868,
        1186.5
      ],
      [
        10.344457,
        47.145916,
        1186.75
      ],
      [
        10.343836,
        47.145936,
        1189.0
      ],
      [
        10.342915,
        47.145876,
        1189.75
      ],
      [
        10.342422,
        47.145817,
        1190.25
      ],
      [
        10.342041,
        47.145814,
        1190.75
      ],
      [
        10.34189,
        47.145816,
        1190.75
      ],
      [
        10.34184,
        47.145817,
        1190.75
      ],
      [
        10.340082,
        47.145797,
        1192.0
      ],
      [
        10.339916,
        47.145809,
        1192.75
      ],
      [
        10.33984,
        47.145792,
        1192.75
      ],
      [
        10.339443,
        47.145748,
        1192.25
      ],
      [
        10.339053,
        47.145722,
        1192.5
      ],
      [
        10.33786,
        47.145746,
        1191.25
      ],
      [
        10.336575,
        47.145684,
        1192.25
      ],
      [
        10.336074,
        47.14565,
        1192.0
      ],
      [
        10.335515,
        47.145599,
        1192.25
      ],
      [
        10.334773,
        47.145628,
        1192.5
      ],
      [
        10.334102,
        47.145718,
        1193.25
      ],
      [
        10.333827,
        47.145781,
        1194.75
      ],
      [
        10.333764,
        47.145817,
        1194.75
      ],
      [
        10.333692,
        47.145878,
        1195.25
      ],
      [
        10.333639,
        47.145913,
        1195.5
      ],
      [
        10.33357,
        47.145922,
        1195.5
      ],
      [
        10.333462,
        47.145915,
        1195.25
      ],
      [
        10.332649,
        47.145797,
        1196.25
      ],
      [
        10.331696,
        47.145593,
        1195.75
      ],
      [
        10.330795,
        47.145348,
        1197.0
      ],
      [
        10.330099,
        47.145114,
        1197.5
      ],
      [
        10.3294,
        47.144855,
        1198.75
      ],
      [
        10.329347,
        47.144777,
        1198.25
      ],
      [
        10.329476,
        47.144631,
        1197.25
      ],
      [
        10.329464,
        47.144589,
        1197.0
      ],
      [
        10.329406,
        47.144564,
        1197.0
      ],
      [
        10.328666,
        47.14425,
        1197.5
      ],
      [
        10.32725,
        47.143719,
        1198.75
      ],
      [
        10.326666,
        47.143527,
        1199.25
      ],
      [
        10.326143,
        47.143339,
        1200.75
      ],
      [
        10.325793,
        47.143232,
        1200.75
      ],
      [
        10.325676,
        47.143231,
        1200.75
      ],
      [
        10.325614,
        47.143252,
        1201.0
      ],
      [
        10.32546,
        47.143342,
        1202.25
      ],
      [
        10.3254,
        47.143361,
        1203.0
      ],
      [
        10.3253,
        47.143367,
        1203.25
      ],
      [
        10.32489,
        47.143287,
        1204.75
      ],
      [
        10.324288,
        47.143181,
        1206.5
      ],
      [
        10.323715,
        47.143099,
        1205.5
      ],
      [
        10.323334,
        47.143047,
        1204.75
      ],
      [
        10.322778,
        47.142995,
        1206.0
      ],
      [
        10.322066,
        47.14296,
        1207.75
      ],
      [
        10.321576,
        47.142942,
        1208.5
      ],
      [
        10.321439,
        47.142922,
        1208.25
      ],
      [
        10.321264,
        47.142836,
        1206.5
      ],
      [
        10.321176,
        47.142803,
        1205.5
      ],
      [
        10.321052,
        47.142799,
        1205.5
      ],
      [
        10.320975,
        47.142803,
        1205.5
      ],
      [
        10.320918,
        47.142827,
        1206.25
      ],
      [
        10.320814,
        47.142891,
        1208.0
      ],
      [
        10.32069,
        47.142938,
        1209.25
      ],
      [
        10.320586,
        47.142953,
        1209.25
      ],
      [
        10.320149,
        47.142971,
        1209.75
      ],
      [
        10.320083,
        47.142966,
        1209.5
      ],
      [
        10.320004,
        47.142949,
        1209.0
      ],
      [
        10.31993,
        47.142905,
        1208.25
      ],
      [
        10.319865,
        47.142839,
        1207.25
      ],
      [
        10.319757,
        47.142756,
        1206.5
      ],
      [
        10.31962,
        47.142726,
        1206.75
      ],
      [
        10.318959,
        47.142621,
        1208.25
      ],
      [
        10.318547,
        47.142615,
        1208.75
      ],
      [
        10.318109,
        47.14268,
        1209.25
      ],
      [
        10.316793,
        47.142959,
        1208.75
      ],
      [
        10.316346,
        47.143032,
        1210.75
      ],
      [
        10.315663,
        47.143094,
        1209.75
      ],
      [
        10.315175,
        47.143111,
        1209.5
      ],
      [
        10.314895,
        47.143098,
        1210.0
      ],
      [
        10.31445,
        47.143075,
        1211.75
      ],
      [
        10.314071,
        47.143028,
        1212.75
      ],
      [
        10.313646,
        47.142937,
        1211.75
      ],
      [
        10.31332,
        47.142814,
        1212.0
      ],
      [
        10.313079,
        47.142697,
        1213.0
      ],
      [
        10.31253,
        47.142388,
        1213.0
      ],
      [
        10.311643,
        47.1419,
        1214.5
      ],
      [
        10.31144,
        47.141812,
        1214.25
      ],
      [
        10.3112,
        47.141764,
        1214.75
      ],
      [
        10.310916,
        47.141719,
        1215.0
      ],
      [
        10.310735,
        47.141702,
        1215.25
      ],
      [
        10.309882,
        47.141731,
        1216.0
      ],
      [
        10.309695,
        47.141766,
        1216.25
      ],
      [
        10.309139,
        47.141924,
        1217.75
      ],
      [
        10.308698,
        47.142071,
        1217.25
      ],
      [
        10.308476,
        47.142118,
        1217.0
      ],
      [
        10.308312,
        47.142139,
        1217.25
      ],
      [
        10.308159,
        47.142165,
        1218.0
      ],
      [
        10.307526,
        47.142222,
        1219.75
      ],
      [
        10.306871,
        47.142324,
        1220.25
      ],
      [
        10.306658,
        47.142347,
        1220.25
      ],
      [
        10.306449,
        47.142343,
        1220.5
      ],
      [
        10.30492,
        47.142112,
        1222.0
      ],
      [
        10.304718,
        47.142067,
        1222.75
      ],
      [
        10.304538,
        47.141991,
        1222.75
      ],
      [
        10.30436,
        47.141875,
        1223.75
      ],
      [
        10.303635,
        47.141325,
        1227.75
      ],
      [
        10.303325,
        47.141139,
        1225.25
      ],
      [
        10.3031,
        47.141095,
        1226.25
      ],
      [
        10.302889,
        47.141081,
        1227.25
      ],
      [
        10.302269,
        47.1411,
        1227.0
      ],
      [
        10.302257,
        47.141035,
        1227.25
      ],
      [
        10.302274,
        47.140876,
        1227.75
      ],
      [
        10.302275,
        47.140855,
        1227.75
      ],
      [
        10.302269,
        47.140834,
        1227.75
      ],
      [
        10.302251,
        47.140818,
        1228.75
      ],
      [
        10.302076,
        47.140816,
        1228.75
      ],
      [
        10.301578,
        47.140862,
        1227.75
      ],
      [
        10.301355,
        47.140847,
        1227.75
      ],
      [
        10.300826,
        47.140772,
        1231.25
      ],
      [
        10.300246,
        47.140753,
        1232.0
      ],
      [
        10.299961,
        47.140771,
        1231.25
      ],
      [
        10.299516,
        47.140829,
        1230.0
      ],
      [
        10.299364,
        47.140829,
        1230.25
      ],
      [
        10.299218,
        47.140816,
        1231.0
      ],
      [
        10.299081,
        47.140795,
        1231.5
      ],
      [
        10.298847,
        47.14078,
        1232.0
      ],
      [
        10.298672,
        47.140791,
        1232.25
      ],
      [
        10.298504,
        47.140822,
        1232.25
      ],
      [
        10.298296,
        47.140872,
        1232.75
      ],
      [
        10.298113,
        47.14094,
        1233.0
      ],
      [
        10.297376,
        47.140934,
        1233.25
      ],
      [
        10.297215,
        47.14091,
        1233.5
      ],
      [
        10.297066,
        47.140881,
        1233.5
      ],
      [
        10.296917,
        47.140818,
        1233.0
      ],
      [
        10.296567,
        47.140581,
        1234.0
      ],
      [
        10.296329,
        47.140436,
        1234.75
      ],
      [
        10.296084,
        47.140323,
        1235.5
      ],
      [
        10.295851,
        47.140231,
        1234.75
      ],
      [
        10.295636,
        47.140162,
        1235.25
      ],
      [
        10.295453,
        47.140118,
        1236.0
      ],
      [
        10.295293,
        47.140098,
        1236.5
      ],
      [
        10.295139,
        47.140089,
        1236.75
      ],
      [
        10.294579,
        47.140126,
        1236.75
      ],
      [
        10.294318,
        47.140122,
        1236.75
      ],
      [
        10.294151,
        47.140098,
        1237.5
      ],
      [
        10.293985,
        47.140046,
        1238.5
      ],
      [
        10.293861,
        47.140022,
        1238.75
      ],
      [
        10.293681,
        47.140009,
        1238.75
      ],
      [
        10.293287,
        47.140022,
        1239.75
      ],
      [
        10.293034,
        47.140019,
        1239.75
      ],
      [
        10.292781,
        47.139988,
        1240.0
      ],
      [
        10.292622,
        47.139952,
        1239.75
      ],
      [
        10.292387,
        47.139848,
        1240.75
      ],
      [
        10.292276,
        47.139769,
        1241.5
      ],
      [
        10.291686,
        47.139533,
        1242.0
      ],
      [
        10.291383,
        47.139439,
        1244.0
      ],
      [
        10.291109,
        47.139338,
        1244.5
      ],
      [
        10.290929,
        47.139265,
        1244.5
      ],
      [
        10.290744,
        47.139167,
        1245.0
      ],
      [
        10.290563,
        47.139091,
        1245.0
      ],
      [
        10.290208,
        47.138994,
        1248.5
      ],
      [
        10.290007,
        47.138974,
        1248.5
      ],
      [
        10.289653,
        47.138983,
        1248.25
      ],
      [
        10.289377,
        47.139011,
        1247.25
      ],
      [
        10.28908,
        47.139073,
        1247.25
      ],
      [
        10.288789,
        47.139106,
        1247.25
      ],
      [
        10.288476,
        47.139103,
        1247.75
      ],
      [
        10.287847,
        47.139065,
        1249.5
      ],
      [
        10.287517,
        47.139011,
        1251.5
      ],
      [
        10.287388,
        47.138976,
        1251.75
      ],
      [
        10.287262,
        47.138916,
        1250.75
      ],
      [
        10.286437,
        47.138366,
        1253.25
      ],
      [
        10.286183,
        47.138261,
        1253.75
      ],
      [
        10.285982,
        47.138192,
        1255.0
      ],
      [
        10.285701,
        47.138117,
        1255.0
      ],
      [
        10.285166,
        47.137991,
        1255.75
      ],
      [
        10.284991,
        47.137957,
        1256.75
      ],
      [
        10.284565,
        47.137963,
        1258.25
      ],
      [
        10.284387,
        47.137915,
        1259.75
      ],
      [
        10.284283,
        47.137835,
        1260.5
      ],
      [
        10.28412,
        47.137786,
        1260.0
      ],
      [
        10.28353,
        47.137695,
        1263.75
      ],
      [
        10.283408,
        47.137601,
        1265.5
      ],
      [
        10.283268,
        47.137495,
        1265.75
      ],
      [
        10.283062,
        47.137282,
        1266.75
      ],
      [
        10.282938,
        47.136982,
        1266.75
      ],
      [
        10.282839,
        47.13665,
        1267.25
      ],
      [
        10.282873,
        47.13658,
        1266.25
      ],
      [
        10.283055,
        47.136464,
        1267.0
      ],
      [
        10.283186,
        47.136232,
        1267.75
      ],
      [
        10.283197,
        47.135967,
        1269.0
      ],
      [
        10.283166,
        47.135828,
        1269.5
      ],
      [
        10.282808,
        47.135442,
        1264.75
      ],
      [
        10.282514,
        47.135295,
        1265.75
      ],
      [
        10.282219,
        47.135185,
        1268.25
      ],
      [
        10.282032,
        47.135179,
        1266.5
      ],
      [
        10.280516,
        47.134864,
        1268.25
      ],
      [
        10.280099,
        47.134848,
        1270.0
      ],
      [
        10.279878,
        47.134855,
        1270.5
      ],
      [
        10.278812,
        47.135012,
        1273.75
      ],
      [
        10.27824,
        47.13511,
        1274.75
      ],
      [
        10.277969,
        47.135131,
        1274.25
      ],
      [
        10.277701,
        47.135118,
        1274.5
      ],
      [
        10.277424,
        47.135086,
        1274.5
      ],
      [
        10.276909,
        47.134984,
        1273.25
      ],
      [
        10.27646,
        47.134863,
        1273.0
      ],
      [
        10.276317,
        47.134808,
        1273.25
      ],
      [
        10.276205,
        47.134761,
        1273.25
      ],
      [
        10.276141,
        47.134726,
        1273.0
      ],
      [
        10.275839,
        47.134538,
        1273.0
      ],
      [
        10.275657,
        47.134387,
        1272.5
      ],
      [
        10.275464,
        47.134164,
        1273.25
      ],
      [
        10.275322,
        47.133943,
        1273.75
      ],
      [
        10.275207,
        47.133667,
        1274.25
      ],
      [
        10.275147,
        47.133188,
        1274.75
      ],
      [
        10.275065,
        47.132773,
        1276.5
      ],
      [
        10.274996,
        47.132595,
        1276.5
      ],
      [
        10.274856,
        47.132336,
        1278.25
      ],
      [
        10.274792,
        47.132197,
        1278.75
      ],
      [
        10.274731,
        47.132096,
        1278.5
      ],
      [
        10.274631,
        47.132146,
        1277.25
      ],
      [
        10.27445,
        47.132235,
        1276.0
      ],
      [
        10.27434,
        47.13229,
        1276.75
      ],
      [
        10.274296,
        47.132618,
        1276.75
      ],
      [
        10.274263,
        47.13269,
        1276.75
      ],
      [
        10.273864,
        47.13283,
        1276.0
      ],
      [
        10.273799,
        47.132751,
        1277.0
      ],
      [
        10.273577,
        47.13248,
        1278.0
      ],
      [
        10.273268,
        47.132161,
        1278.75
      ],
      [
        10.272815,
        47.131879,
        1280.0
      ],
      [
        10.272468,
        47.131735,
        1280.0
      ],
      [
        10.272323,
        47.131689,
        1280.0
      ],
      [
        10.272195,
        47.131648,
        1280.0
      ],
      [
        10.272165,
        47.131658,
        1280.0
      ],
      [
        10.272185,
        47.131553,
        1280.25
      ],
      [
        10.272183,
        47.131464,
        1280.5
      ],
      [
        10.27216,
        47.131417,
        1280.75
      ],
      [
        10.272103,
        47.131359,
        1280.75
      ],
      [
        10.271943,
        47.131271,
        1281.25
      ],
      [
        10.271773,
        47.131199,
        1281.5
      ],
      [
        10.271709,
        47.131125,
        1281.75
      ],
      [
        10.271494,
        47.13102,
        1281.5
      ],
      [
        10.271423,
        47.131,
        1281.75
      ],
      [
        10.271295,
        47.130988,
        1282.0
      ],
      [
        10.271173,
        47.130939,
        1282.25
      ],
      [
        10.269562,
        47.130117,
        1283.75
      ],
      [
        10.269115,
        47.129877,
        1284.5
      ],
      [
        10.269062,
        47.129853,
        1284.75
      ],
      [
        10.269002,
        47.129824,
        1285.0
      ],
      [
        10.267863,
        47.129101,
        1288.5
      ],
      [
        10.267472,
        47.128875,
        1288.0
      ],
      [
        10.267251,
        47.128709,
        1289.5
      ],
      [
        10.266831,
        47.128416,
        1289.75
      ],
      [
        10.266787,
        47.128446,
        1290.25
      ],
      [
        10.266763,
        47.128473,
        1290.25
      ],
      [
        10.266736,
        47.128502,
        1290.5
      ],
      [
        10.266608,
        47.128581,
        1291.5
      ],
      [
        10.266474,
        47.128638,
        1292.75
      ],
      [
        10.266099,
        47.128781,
        1297.0
      ],
      [
        10.265935,
        47.128845,
        1297.0
      ],
      [
        10.265598,
        47.128546,
        1297.5
      ],
      [
        10.265297,
        47.128251,
        1297.5
      ],
      [
        10.264975,
        47.128036,
        1298.0
      ],
      [
        10.264546,
        47.127757,
        1299.5
      ],
      [
        10.264516,
        47.127745,
        1299.75
      ],
      [
        10.264484,
        47.127732,
        1299.75
      ],
      [
        10.264475,
        47.127729,
        1300.0
      ],
      [
        10.264376,
        47.127688,
        1300.5
      ],
      [
        10.264027,
        47.127538,
        1301.5
      ],
      [
        10.263922,
        47.127492,
        1301.75
      ],
      [
        10.263805,
        47.12747,
        1302.25
      ],
      [
        10.263727,
        47.127447,
        1302.5
      ],
      [
        10.263699,
        47.127471,
        1302.5
      ],
      [
        10.263663,
        47.127483,
        1302.75
      ],
      [
        10.263593,
        47.12749,
        1303.0
      ],
      [
        10.263527,
        47.127471,
        1303.25
      ],
      [
        10.263497,
        47.127449,
        1303.25
      ],
      [
        10.263479,
        47.127422,
        1303.25
      ],
      [
        10.263475,
        47.127392,
        1303.25
      ],
      [
        10.263336,
        47.127387,
        1303.5
      ],
      [
        10.26321,
        47.127378,
        1304.75
      ],
      [
        10.263098,
        47.127358,
        1306.0
      ],
      [
        10.262938,
        47.127293,
        1306.75
      ],
      [
        10.262437,
        47.127062,
        1309.0
      ],
      [
        10.262329,
        47.127017,
        1310.25
      ],
      [
        10.262021,
        47.12683,
        1310.0
      ],
      [
        10.261818,
        47.12664,
        1312.5
      ],
      [
        10.261562,
        47.126506,
        1317.5
      ],
      [
        10.261268,
        47.126378,
        1321.25
      ],
      [
        10.261184,
        47.126334,
        1320.0
      ],
      [
        10.260961,
        47.126217,
        1321.75
      ],
      [
        10.260391,
        47.12584,
        1326.75
      ],
      [
        10.26019,
        47.125735,
        1330.75
      ],
      [
        10.259865,
        47.125646,
        1334.75
      ],
      [
        10.25986,
        47.125627,
        1334.25
      ],
      [
        10.259256,
        47.125443,
        1339.0
      ],
      [
        10.258098,
        47.125078,
        1347.25
      ],
      [
        10.257403,
        47.124906,
        1354.25
      ],
      [
        10.256065,
        47.124604,
        1366.0
      ],
      [
        10.255281,
        47.12449,
        1373.75
      ],
      [
        10.254928,
        47.124466,
        1376.5
      ],
      [
        10.254613,
        47.124437,
        1378.75
      ],
      [
        10.254494,
        47.124396,
        1379.75
      ],
      [
        10.254372,
        47.124331,
        1381.0
      ],
      [
        10.254277,
        47.124208,
        1381.75
      ],
      [
        10.254081,
        47.123956,
        1382.5
      ],
      [
        10.253919,
        47.123868,
        1386.0
      ],
      [
        10.25377,
        47.123841,
        1387.5
      ],
      [
        10.253599,
        47.123833,
        1389.5
      ],
      [
        10.253399,
        47.123837,
        1391.25
      ],
      [
        10.252946,
        47.123876,
        1395.0
      ],
      [
        10.252515,
        47.123944,
        1398.75
      ],
      [
        10.252321,
        47.123987,
        1400.0
      ],
      [
        10.252083,
        47.124045,
        1401.5
      ],
      [
        10.252164,
        47.124117,
        1404.0
      ],
      [
        10.25211,
        47.124157,
        1405.25
      ],
      [
        10.251988,
        47.124166,
        1405.0
      ],
      [
        10.251705,
        47.124246,
        1407.5
      ],
      [
        10.251359,
        47.124369,
        1412.0
      ],
      [
        10.251092,
        47.124441,
        1416.0
      ],
      [
        10.250915,
        47.124468,
        1417.75
      ],
      [
        10.250703,
        47.124469,
        1420.25
      ],
      [
        10.250215,
        47.124306,
        1421.25
      ],
      [
        10.25014,
        47.124265,
        1421.5
      ],
      [
        10.250087,
        47.124253,
        1421.75
      ],
      [
        10.250041,
        47.124201,
        1421.75
      ],
      [
        10.250014,
        47.124187,
        1422.0
      ],
      [
        10.249893,
        47.124147,
        1423.5
      ],
      [
        10.249817,
        47.124099,
        1424.5
      ],
      [
        10.249595,
        47.123927,
        1428.0
      ],
      [
        10.249537,
        47.12391,
        1428.75
      ],
      [
        10.249462,
        47.123907,
        1429.5
      ],
      [
        10.24909,
        47.123951,
        1433.5
      ],
      [
        10.249008,
        47.123956,
        1434.25
      ],
      [
        10.248934,
        47.123958,
        1435.25
      ],
      [
        10.24885,
        47.123946,
        1436.25
      ],
      [
        10.248069,
        47.123757,
        1436.25
      ],
      [
        10.248436,
        47.123936,
        1434.0
      ],
      [
        10.248399,
        47.124017,
        1434.75
      ],
      [
        10.248078,
        47.12388,
        1437.5
      ],
      [
        10.247727,
        47.123758,
        1440.25
      ],
      [
        10.247213,
        47.123596,
        1444.75
      ],
      [
        10.246594,
        47.123414,
        1450.5
      ],
      [
        10.246235,
        47.123332,
        1453.5
      ],
      [
        10.245809,
        47.123284,
        1456.75
      ],
      [
        10.24535,
        47.123282,
        1460.5
      ],
      [
        10.244946,
        47.123308,
        1464.0
      ],
      [
        10.243547,
        47.123433,
        1478.0
      ],
      [
        10.24269,
        47.123505,
        1482.25
      ],
      [
        10.242363,
        47.12352,
        1483.75
      ],
      [
        10.242047,
        47.123509,
        1487.25
      ],
      [
        10.241723,
        47.123463,
        1491.25
      ],
      [
        10.241478,
        47.123404,
        1495.0
      ],
      [
        10.241323,
        47.123348,
        1496.0
      ],
      [
        10.240943,
        47.123218,
        1499.0
      ],
      [
        10.240195,
        47.122842,
        1505.5
      ],
      [
        10.2396,
        47.122615,
        1510.25
      ],
      [
        10.239043,
        47.122487,
        1514.25
      ],
      [
        10.238529,
        47.122455,
        1518.0
      ],
      [
        10.238137,
        47.122461,
        1520.75
      ],
      [
        10.237428,
        47.122503,
        1525.5
      ],
      [
        10.237101,
        47.122479,
        1528.0
      ],
      [
        10.236895,
        47.122398,
        1529.5
      ],
      [
        10.236758,
        47.122269,
        1531.25
      ],
      [
        10.236724,
        47.122106,
        1532.75
      ],
      [
        10.236775,
        47.121948,
        1534.5
      ],
      [
        10.23693,
        47.121825,
        1536.25
      ],
      [
        10.237203,
        47.121745,
        1538.25
      ],
      [
        10.237402,
        47.121658,
        1540.0
      ],
      [
        10.237511,
        47.121536,
        1541.5
      ],
      [
        10.237569,
        47.121383,
        1541.5
      ],
      [
        10.237569,
        47.121295,
        1541.5
      ],
      [
        10.237504,
        47.121116,
        1543.75
      ],
      [
        10.237366,
        47.120955,
        1544.25
      ],
      [
        10.237259,
        47.12083,
        1546.75
      ],
      [
        10.237196,
        47.120757,
        1547.75
      ],
      [
        10.236913,
        47.120494,
        1551.5
      ],
      [
        10.236628,
        47.120301,
        1555.0
      ],
      [
        10.236368,
        47.120153,
        1555.75
      ],
      [
        10.236034,
        47.120016,
        1561.75
      ],
      [
        10.235843,
        47.119956,
        1563.75
      ],
      [
        10.23498,
        47.119727,
        1572.25
      ],
      [
        10.23461,
        47.119649,
        1574.25
      ],
      [
        10.233676,
        47.119556,
        1584.25
      ],
      [
        10.233419,
        47.119508,
        1586.5
      ],
      [
        10.233193,
        47.119404,
        1588.25
      ],
      [
        10.232756,
        47.119105,
        1591.75
      ],
      [
        10.23261,
        47.119014,
        1595.25
      ],
      [
        10.23246,
        47.118938,
        1598.75
      ],
      [
        10.232294,
        47.11887,
        1598.0
      ],
      [
        10.232119,
        47.11883,
        1601.0
      ],
      [
        10.231753,
        47.118776,
        1603.75
      ],
      [
        10.230879,
        47.118677,
        1612.25
      ],
      [
        10.230087,
        47.118569,
        1616.0
      ],
      [
        10.22973,
        47.118548,
        1620.0
      ],
      [
        10.229204,
        47.118561,
        1622.25
      ],
      [
        10.228958,
        47.118566,
        1624.5
      ],
      [
        10.228657,
        47.118576,
        1628.0
      ],
      [
        10.228208,
        47.118589,
        1632.25
      ],
      [
        10.227227,
        47.118624,
        1641.5
      ],
      [
        10.226779,
        47.118619,
        1645.5
      ],
      [
        10.226421,
        47.118563,
        1647.25
      ],
      [
        10.2261,
        47.118476,
        1649.75
      ],
      [
        10.225568,
        47.11826,
        1656.75
      ],
      [
        10.225242,
        47.118104,
        1660.25
      ],
      [
        10.225108,
        47.117995,
        1661.0
      ],
      [
        10.225021,
        47.117864,
        1663.25
      ],
      [
        10.224997,
        47.117718,
        1665.0
      ],
      [
        10.225037,
        47.117579,
        1666.25
      ],
      [
        10.225203,
        47.117349,
        1669.5
      ],
      [
        10.225258,
        47.117238,
        1671.25
      ],
      [
        10.225267,
        47.117141,
        1671.25
      ],
      [
        10.225213,
        47.116948,
        1674.0
      ],
      [
        10.225068,
        47.116508,
        1677.25
      ],
      [
        10.224933,
        47.116344,
        1679.75
      ],
      [
        10.224735,
        47.116129,
        1682.75
      ],
      [
        10.224496,
        47.115899,
        1686.25
      ],
      [
        10.224325,
        47.115771,
        1687.75
      ],
      [
        10.223984,
        47.115538,
        1689.5
      ],
      [
        10.223773,
        47.115422,
        1694.5
      ],
      [
        10.223609,
        47.11533,
        1696.0
      ],
      [
        10.223427,
        47.115272,
        1696.0
      ],
      [
        10.223231,
        47.115224,
        1696.75
      ],
      [
        10.223184,
        47.11522,
        1697.25
      ],
      [
        10.223022,
        47.115204,
        1698.5
      ],
      [
        10.222205,
        47.115181,
        1704.5
      ],
      [
        10.221961,
        47.11519,
        1705.75
      ],
      [
        10.22173,
        47.115217,
        1705.5
      ],
      [
        10.221506,
        47.115278,
        1708.5
      ],
      [
        10.221338,
        47.115345,
        1710.5
      ],
      [
        10.221206,
        47.115418,
        1710.5
      ],
      [
        10.221059,
        47.115517,
        1711.0
      ],
      [
        10.220945,
        47.115631,
        1712.75
      ],
      [
        10.220853,
        47.115763,
        1714.25
      ],
      [
        10.220556,
        47.1163,
        1718.75
      ],
      [
        10.220492,
        47.116391,
        1719.25
      ],
      [
        10.220391,
        47.116513,
        1720.5
      ],
      [
        10.220022,
        47.116868,
        1722.75
      ],
      [
        10.219865,
        47.11707,
        1724.25
      ],
      [
        10.219613,
        47.117461,
        1725.0
      ],
      [
        10.219383,
        47.117858,
        1726.5
      ],
      [
        10.219181,
        47.118268,
        1727.75
      ],
      [
        10.218939,
        47.118801,
        1731.0
      ],
      [
        10.218885,
        47.118895,
        1729.25
      ],
      [
        10.218824,
        47.118909,
        1729.25
      ],
      [
        10.218668,
        47.118972,
        1730.0
      ],
      [
        10.218645,
        47.119005,
        1730.75
      ],
      [
        10.218175,
        47.119664,
        1732.75
      ],
      [
        10.217965,
        47.12,
        1734.25
      ],
      [
        10.217827,
        47.120272,
        1734.25
      ],
      [
        10.217692,
        47.120619,
        1735.75
      ],
      [
        10.217525,
        47.121201,
        1738.0
      ],
      [
        10.21737,
        47.121593,
        1740.5
      ],
      [
        10.217059,
        47.121977,
        1741.0
      ],
      [
        10.216759,
        47.122322,
        1741.75
      ],
      [
        10.216644,
        47.122523,
        1744.0
      ],
      [
        10.216336,
        47.122988,
        1745.25
      ],
      [
        10.216168,
        47.123357,
        1747.75
      ],
      [
        10.21614,
        47.123416,
        1748.0
      ],
      [
        10.216029,
        47.123635,
        1749.5
      ],
      [
        10.2157,
        47.124126,
        1753.0
      ],
      [
        10.215533,
        47.124303,
        1754.5
      ],
      [
        10.215368,
        47.124497,
        1756.25
      ],
      [
        10.215281,
        47.1247,
        1761.25
      ],
      [
        10.214958,
        47.125041,
        1763.75
      ],
      [
        10.214795,
        47.125192,
        1764.25
      ],
      [
        10.214694,
        47.125249,
        1765.0
      ],
      [
        10.214586,
        47.125252,
        1765.0
      ],
      [
        10.214316,
        47.125224,
        1763.75
      ],
      [
        10.214246,
        47.125223,
        1763.75
      ],
      [
        10.214167,
        47.125234,
        1764.0
      ],
      [
        10.214078,
        47.125297,
        1764.5
      ],
      [
        10.214028,
        47.125356,
        1763.75
      ],
      [
        10.213971,
        47.125464,
        1762.5
      ],
      [
        10.213963,
        47.125549,
        1761.5
      ],
      [
        10.213977,
        47.125593,
        1761.25
      ],
      [
        10.21401,
        47.125631,
        1761.0
      ],
      [
        10.214171,
        47.125762,
        1761.5
      ],
      [
        10.214048,
        47.12592,
        1762.25
      ],
      [
        10.21398,
        47.126028,
        1762.75
      ],
      [
        10.21389,
        47.126205,
        1763.0
      ],
      [
        10.21384,
        47.126452,
        1763.0
      ],
      [
        10.213855,
        47.127056,
        1765.75
      ],
      [
        10.213837,
        47.127338,
        1767.5
      ],
      [
        10.213775,
        47.127534,
        1768.5
      ],
      [
        10.213722,
        47.127614,
        1769.25
      ],
      [
        10.213674,
        47.127677,
        1770.0
      ],
      [
        10.213628,
        47.127728,
        1770.25
      ],
      [
        10.213525,
        47.12783,
        1771.25
      ],
      [
        10.213429,
        47.127909,
        1772.25
      ],
      [
        10.213309,
        47.127993,
        1773.25
      ],
      [
        10.213068,
        47.12813,
        1776.5
      ],
      [
        10.21267,
        47.128318,
        1779.0
      ],
      [
        10.212045,
        47.128589,
        1783.5
      ],
      [
        10.211827,
        47.128702,
        1787.5
      ],
      [
        10.211684,
        47.128784,
        1788.5
      ],
      [
        10.211379,
        47.128998,
        1791.0
      ],
      [
        10.211217,
        47.129139,
        1792.5
      ],
      [
        10.211101,
        47.129242,
        1792.0
      ],
      [
        10.210964,
        47.129386,
        1793.75
      ],
      [
        10.210838,
        47.129537,
        1795.25
      ],
      [
        10.210697,
        47.129739,
        1796.5
      ],
      [
        10.210606,
        47.12989,
        1793.0
      ],
      [
        10.210498,
        47.130071,
        1793.0
      ],
      [
        10.210473,
        47.130218,
        1793.25
      ],
      [
        10.210399,
        47.130371,
        1792.5
      ],
      [
        10.210302,
        47.130516,
        1791.25
      ],
      [
        10.210216,
        47.130613,
        1789.5
      ],
      [
        10.210127,
        47.130686,
        1788.25
      ],
      [
        10.21009,
        47.130747,
        1787.75
      ],
      [
        10.21006,
        47.130798,
        1787.5
      ],
      [
        10.209945,
        47.130985,
        1785.25
      ],
      [
        10.20987,
        47.13112,
        1783.5
      ],
      [
        10.20958,
        47.131572,
        1783.25
      ],
      [
        10.209431,
        47.13177,
        1782.0
      ],
      [
        10.209314,
        47.131905,
        1780.75
      ],
      [
        10.209174,
        47.13204,
        1780.75
      ],
      [
        10.208975,
        47.132203,
        1778.75
      ],
      [
        10.208668,
        47.13244,
        1776.25
      ],
      [
        10.208193,
        47.132816,
        1773.5
      ],
      [
        10.20794,
        47.133059,
        1771.25
      ],
      [
        10.207815,
        47.133209,
        1769.0
      ],
      [
        10.207621,
        47.133441,
        1766.75
      ],
      [
        10.207251,
        47.133903,
        1763.5
      ],
      [
        10.207079,
        47.1341,
        1763.5
      ],
      [
        10.206882,
        47.134325,
        1758.0
      ],
      [
        10.20669,
        47.134483,
        1757.25
      ],
      [
        10.20646,
        47.134659,
        1755.75
      ],
      [
        10.206251,
        47.134775,
        1756.0
      ],
      [
        10.20612,
        47.13484,
        1755.5
      ],
      [
        10.206014,
        47.134892,
        1754.25
      ],
      [
        10.205585,
        47.135064,
        1752.25
      ],
      [
        10.205199,
        47.135174,
        1749.75
      ],
      [
        10.204772,
        47.135245,
        1746.0
      ],
      [
        10.20431,
        47.135286,
        1743.5
      ],
      [
        10.203932,
        47.135282,
        1741.25
      ],
      [
        10.203593,
        47.135257,
        1737.75
      ],
      [
        10.203212,
        47.135237,
        1738.0
      ],
      [
        10.202991,
        47.135236,
        1737.0
      ],
      [
        10.202765,
        47.135254,
        1736.0
      ],
      [
        10.202555,
        47.135278,
        1734.75
      ],
      [
        10.202388,
        47.135311,
        1735.0
      ],
      [
        10.202209,
        47.135363,
        1736.0
      ],
      [
        10.202021,
        47.135431,
        1733.75
      ],
      [
        10.201798,
        47.135532,
        1731.25
      ],
      [
        10.201348,
        47.135774,
        1725.0
      ],
      [
        10.201237,
        47.135824,
        1725.5
      ],
      [
        10.201037,
        47.135906,
        1722.0
      ],
      [
        10.200806,
        47.135976,
        1717.5
      ],
      [
        10.200483,
        47.136043,
        1716.75
      ],
      [
        10.200063,
        47.136084,
        1718.0
      ],
      [
        10.199475,
        47.136125,
        1715.75
      ],
      [
        10.198726,
        47.136186,
        1711.5
      ],
      [
        10.198491,
        47.136218,
        1711.25
      ],
      [
        10.19823,
        47.136274,
        1711.0
      ],
      [
        10.197569,
        47.136458,
        1703.5
      ],
      [
        10.19733,
        47.136511,
        1700.0
      ],
      [
        10.197149,
        47.136527,
        1698.0
      ],
      [
        10.19695,
        47.13652,
        1696.0
      ],
      [
        10.196291,
        47.136411,
        1698.0
      ],
      [
        10.196113,
        47.136397,
        1698.5
      ],
      [
        10.195876,
        47.136393,
        1697.75
      ],
      [
        10.195051,
        47.13649,
        1694.75
      ],
      [
        10.194312,
        47.136577,
        1693.0
      ],
      [
        10.193519,
        47.136659,
        1687.5
      ],
      [
        10.192955,
        47.13673,
        1684.0
      ],
      [
        10.192366,
        47.136788,
        1681.5
      ],
      [
        10.191802,
        47.136811,
        1679.75
      ],
      [
        10.191235,
        47.136851,
        1677.75
      ],
      [
        10.190511,
        47.136917,
        1675.25
      ],
      [
        10.188854,
        47.137027,
        1665.0
      ],
      [
        10.18777,
        47.137034,
        1664.25
      ],
      [
        10.187121,
        47.13706,
        1665.25
      ],
      [
        10.186686,
        47.137129,
        1661.75
      ],
      [
        10.186215,
        47.137233,
        1655.0
      ],
      [
        10.185844,
        47.137345,
        1654.25
      ],
      [
        10.185028,
        47.137644,
        1649.5
      ],
      [
        10.184815,
        47.1377,
        1649.0
      ],
      [
        10.184611,
        47.137744,
        1647.25
      ],
      [
        10.184392,
        47.137779,
        1644.75
      ],
      [
        10.184186,
        47.137798,
        1643.5
      ],
      [
        10.183988,
        47.137808,
        1642.25
      ],
      [
        10.183783,
        47.137807,
        1641.25
      ],
      [
        10.183405,
        47.137772,
        1641.0
      ],
      [
        10.182439,
        47.137601,
        1636.25
      ],
      [
        10.182069,
        47.137547,
        1634.5
      ],
      [
        10.181699,
        47.137498,
        1634.25
      ],
      [
        10.18066,
        47.137389,
        1630.5
      ],
      [
        10.179925,
        47.137328,
        1630.0
      ],
      [
        10.179789,
        47.137307,
        1629.5
      ],
      [
        10.179451,
        47.137218,
        1625.0
      ],
      [
        10.179246,
        47.13718,
        1624.0
      ],
      [
        10.179064,
        47.137171,
        1622.75
      ],
      [
        10.17894,
        47.13718,
        1622.0
      ],
      [
        10.1787,
        47.137209,
        1621.25
      ],
      [
        10.178224,
        47.137277,
        1620.25
      ],
      [
        10.177332,
        47.137404,
        1615.75
      ],
      [
        10.17701,
        47.137463,
        1615.25
      ],
      [
        10.176848,
        47.137505,
        1614.25
      ],
      [
        10.176731,
        47.137545,
        1614.0
      ],
      [
        10.176084,
        47.137831,
        1608.75
      ],
      [
        10.175545,
        47.138089,
        1604.0
      ],
      [
        10.175446,
        47.138143,
        1602.75
      ],
      [
        10.175239,
        47.13827,
        1601.0
      ],
      [
        10.175154,
        47.138242,
        1600.5
      ],
      [
        10.175053,
        47.138261,
        1600.5
      ],
      [
        10.174797,
        47.138351,
        1599.5
      ],
      [
        10.174655,
        47.138427,
        1598.25
      ],
      [
        10.174523,
        47.13852,
        1597.0
      ],
      [
        10.174341,
        47.138598,
        1596.0
      ],
      [
        10.174132,
        47.138626,
        1594.75
      ],
      [
        10.173786,
        47.13865,
        1592.5
      ],
      [
        10.173534,
        47.138653,
        1590.75
      ],
      [
        10.173276,
        47.13864,
        1587.75
      ],
      [
        10.173043,
        47.138619,
        1585.25
      ],
      [
        10.172685,
        47.138585,
        1581.5
      ],
      [
        10.172419,
        47.138539,
        1579.75
      ],
      [
        10.17252,
        47.138527,
        1579.5
      ],
      [
        10.17275,
        47.138486,
        1579.5
      ],
      [
        10.172816,
        47.138456,
        1579.25
      ],
      [
        10.17284,
        47.13841,
        1578.0
      ],
      [
        10.172826,
        47.138283,
        1574.75
      ],
      [
        10.172832,
        47.138255,
        1574.25
      ],
      [
        10.172861,
        47.138214,
        1573.5
      ],
      [
        10.172907,
        47.13817,
        1572.75
      ],
      [
        10.172931,
        47.138136,
        1572.25
      ],
      [
        10.172933,
        47.138084,
        1571.25
      ],
      [
        10.172907,
        47.138052,
        1570.25
      ],
      [
        10.172876,
        47.138035,
        1570.0
      ],
      [
        10.1728,
        47.138014,
        1569.25
      ],
      [
        10.172757,
        47.138006,
        1568.75
      ],
      [
        10.172245,
        47.13797,
        1563.0
      ],
      [
        10.171737,
        47.137911,
        1558.5
      ],
      [
        10.171603,
        47.137907,
        1557.5
      ],
      [
        10.171494,
        47.137909,
        1556.75
      ],
      [
        10.171393,
        47.137918,
        1556.0
      ],
      [
        10.171347,
        47.137915,
        1556.0
      ],
      [
        10.171316,
        47.137902,
        1556.0
      ],
      [
        10.171257,
        47.137856,
        1556.0
      ],
      [
        10.171218,
        47.13784,
        1556.0
      ],
      [
        10.171141,
        47.137824,
        1556.0
      ],
      [
        10.171017,
        47.137816,
        1554.5
      ],
      [
        10.170919,
        47.137798,
        1552.25
      ],
      [
        10.170636,
        47.137716,
        1551.25
      ],
      [
        10.17048,
        47.137697,
        1550.25
      ],
      [
        10.170255,
        47.137684,
        1548.0
      ],
      [
        10.17008,
        47.137652,
        1546.75
      ],
      [
        10.169782,
        47.137557,
        1543.5
      ],
      [
        10.16959,
        47.137457,
        1541.0
      ],
      [
        10.16951,
        47.137426,
        1541.25
      ],
      [
        10.169131,
        47.137345,
        1538.0
      ],
      [
        10.168814,
        47.137267,
        1534.25
      ],
      [
        10.1687,
        47.137247,
        1532.0
      ],
      [
        10.168612,
        47.137243,
        1530.25
      ],
      [
        10.168392,
        47.137273,
        1529.75
      ],
      [
        10.167919,
        47.137295,
        1525.5
      ],
      [
        10.167745,
        47.1373,
        1522.5
      ],
      [
        10.16755,
        47.137295,
        1518.25
      ],
      [
        10.167304,
        47.137266,
        1511.75
      ],
      [
        10.167084,
        47.137219,
        1504.25
      ],
      [
        10.166918,
        47.137156,
        1503.25
      ],
      [
        10.166725,
        47.137054,
        1501.0
      ],
      [
        10.166662,
        47.137028,
        1499.0
      ],
      [
        10.16658,
        47.137006,
        1497.5
      ],
      [
        10.166407,
        47.136996,
        1493.75
      ],
      [
        10.166161,
        47.13701,
        1491.5
      ],
      [
        10.166003,
        47.137011,
        1490.0
      ],
      [
        10.165828,
        47.137003,
        1488.0
      ],
      [
        10.165473,
        47.136971,
        1478.75
      ],
      [
        10.165309,
        47.136963,
        1475.25
      ],
      [
        10.165026,
        47.136975,
        1471.25
      ],
      [
        10.164766,
        47.137001,
        1469.75
      ],
      [
        10.164681,
        47.137015,
        1469.25
      ],
      [
        10.164495,
        47.137065,
        1467.0
      ],
      [
        10.164303,
        47.137131,
        1462.75
      ],
      [
        10.164142,
        47.137166,
        1458.75
      ],
      [
        10.163995,
        47.137185,
        1455.75
      ],
      [
        10.163657,
        47.137207,
        1449.5
      ],
      [
        10.163529,
        47.137223,
        1447.25
      ],
      [
        10.163301,
        47.13727,
        1448.25
      ],
      [
        10.163141,
        47.137315,
        1451.25
      ],
      [
        10.163011,
        47.137343,
        1451.75
      ],
      [
        10.162845,
        47.137367,
        1446.75
      ],
      [
        10.162724,
        47.137369,
        1443.0
      ],
      [
        10.162245,
        47.137316,
        1434.25
      ],
      [
        10.162103,
        47.137295,
        1431.0
      ],
      [
        10.161804,
        47.137227,
        1423.5
      ],
      [
        10.161555,
        47.137147,
        1423.5
      ],
      [
        10.161378,
        47.137102,
        1423.0
      ],
      [
        10.161278,
        47.137089,
        1423.0
      ],
      [
        10.161099,
        47.137081,
        1422.5
      ],
      [
        10.161004,
        47.137062,
        1422.5
      ],
      [
        10.161002,
        47.137073,
        1422.0
      ],
      [
        10.160979,
        47.137206,
        1416.5
      ],
      [
        10.160989,
        47.137221,
        1416.0
      ],
      [
        10.161067,
        47.13727,
        1417.0
      ],
      [
        10.161094,
        47.137298,
        1417.75
      ],
      [
        10.161095,
        47.137335,
        1418.25
      ],
      [
        10.161065,
        47.137372,
        1418.25
      ],
      [
        10.160986,
        47.137385,
        1417.0
      ],
      [
        10.160618,
        47.137421,
        1411.5
      ],
      [
        10.160506,
        47.137411,
        1410.5
      ],
      [
        10.160434,
        47.137419,
        1409.75
      ],
      [
        10.160313,
        47.137461,
        1408.5
      ],
      [
        10.160212,
        47.137488,
        1407.5
      ],
      [
        10.160106,
        47.137496,
        1406.75
      ],
      [
        10.159956,
        47.137484,
        1405.75
      ],
      [
        10.159873,
        47.137503,
        1405.5
      ],
      [
        10.159822,
        47.137539,
        1405.25
      ],
      [
        10.159776,
        47.137642,
        1405.25
      ],
      [
        10.159763,
        47.137728,
        1405.25
      ],
      [
        10.159738,
        47.1378,
        1405.0
      ],
      [
        10.159713,
        47.137838,
        1404.75
      ],
      [
        10.159319,
        47.137869,
        1402.25
      ],
      [
        10.159288,
        47.138048,
        1402.75
      ],
      [
        10.159259,
        47.138111,
        1403.75
      ],
      [
        10.159244,
        47.138129,
        1404.0
      ],
      [
        10.159192,
        47.138154,
        1404.25
      ],
      [
        10.159044,
        47.138178,
        1403.75
      ],
      [
        10.159032,
        47.138194,
        1404.25
      ],
      [
        10.159034,
        47.138207,
        1404.5
      ],
      [
        10.159061,
        47.13828,
        1406.25
      ],
      [
        10.15905,
        47.138309,
        1407.0
      ],
      [
        10.159017,
        47.138352,
        1407.5
      ],
      [
        10.158878,
        47.138455,
        1407.25
      ],
      [
        10.15879,
        47.138421,
        1406.5
      ],
      [
        10.158707,
        47.138408,
        1406.0
      ],
      [
        10.158678,
        47.138416,
        1405.75
      ],
      [
        10.158646,
        47.13844,
        1405.5
      ],
      [
        10.158624,
        47.138521,
        1404.75
      ],
      [
        10.158636,
        47.138573,
        1404.5
      ],
      [
        10.158667,
        47.138646,
        1404.25
      ],
      [
        10.158698,
        47.138683,
        1404.5
      ],
      [
        10.15877,
        47.138745,
        1405.0
      ],
      [
        10.158812,
        47.138798,
        1405.25
      ],
      [
        10.158824,
        47.138861,
        1405.0
      ],
      [
        10.158803,
        47.138926,
        1404.25
      ],
      [
        10.15878,
        47.138968,
        1404.0
      ],
      [
        10.15875,
        47.139006,
        1403.5
      ],
      [
        10.158651,
        47.139101,
        1403.25
      ],
      [
        10.158526,
        47.139195,
        1403.5
      ],
      [
        10.158311,
        47.139094,
        1401.5
      ],
      [
        10.158164,
        47.139049,
        1401.0
      ],
      [
        10.157813,
        47.138958,
        1400.25
      ],
      [
        10.157653,
        47.138916,
        1400.0
      ],
      [
        10.156836,
        47.138705,
        1397.5
      ],
      [
        10.156515,
        47.138623,
        1397.0
      ],
      [
        10.156388,
        47.13859,
        1396.5
      ],
      [
        10.156253,
        47.138578,
        1396.25
      ],
      [
        10.156237,
        47.138555,
        1395.75
      ],
      [
        10.156027,
        47.138496,
        1394.25
      ],
      [
        10.155622,
        47.138366,
        1394.75
      ],
      [
        10.155006,
        47.13819,
        1394.0
      ],
      [
        10.153523,
        47.137801,
        1391.0
      ],
      [
        10.152987,
        47.137659,
        1388.25
      ],
      [
        10.152629,
        47.137574,
        1386.5
      ],
      [
        10.152195,
        47.137503,
        1386.0
      ],
      [
        10.151644,
        47.137452,
        1384.75
      ],
      [
        10.151295,
        47.137446,
        1383.25
      ],
      [
        10.150854,
        47.137459,
        1383.0
      ],
      [
        10.149851,
        47.137459,
        1381.25
      ],
      [
        10.149396,
        47.137469,
        1382.75
      ],
      [
        10.14906,
        47.137457,
        1382.0
      ],
      [
        10.148803,
        47.137429,
        1381.0
      ],
      [
        10.148451,
        47.137372,
        1380.0
      ],
      [
        10.147974,
        47.137261,
        1377.25
      ],
      [
        10.147484,
        47.137127,
        1378.0
      ],
      [
        10.146809,
        47.136926,
        1374.0
      ],
      [
        10.145499,
        47.136509,
        1368.25
      ],
      [
        10.144805,
        47.13631,
        1366.25
      ],
      [
        10.144098,
        47.136116,
        1362.25
      ],
      [
        10.142818,
        47.135812,
        1357.0
      ],
      [
        10.142659,
        47.135762,
        1357.0
      ],
      [
        10.142478,
        47.135693,
        1356.25
      ],
      [
        10.142245,
        47.135592,
        1353.0
      ],
      [
        10.142034,
        47.135481,
        1350.75
      ],
      [
        10.14174,
        47.135307,
        1347.5
      ],
      [
        10.141594,
        47.135215,
        1348.5
      ],
      [
        10.141513,
        47.135169,
        1349.25
      ],
      [
        10.141434,
        47.135148,
        1349.5
      ],
      [
        10.141301,
        47.135138,
        1348.75
      ],
      [
        10.141068,
        47.135153,
        1347.0
      ],
      [
        10.140953,
        47.135167,
        1346.5
      ],
      [
        10.140816,
        47.135165,
        1346.5
      ],
      [
        10.140625,
        47.135148,
        1346.25
      ],
      [
        10.140489,
        47.135123,
        1346.0
      ],
      [
        10.139554,
        47.134839,
        1337.5
      ],
      [
        10.139455,
        47.134813,
        1336.0
      ],
      [
        10.139251,
        47.134765,
        1335.5
      ],
      [
        10.137765,
        47.134463,
        1327.25
      ],
      [
        10.137252,
        47.13437,
        1324.0
      ],
      [
        10.13718,
        47.134346,
        1323.5
      ],
      [
        10.137007,
        47.134285,
        1322.75
      ],
      [
        10.136887,
        47.134254,
        1322.25
      ],
      [
        10.136739,
        47.134245,
        1321.0
      ],
      [
        10.13659,
        47.134251,
        1319.75
      ],
      [
        10.136441,
        47.134267,
        1318.75
      ],
      [
        10.135912,
        47.134382,
        1313.5
      ],
      [
        10.135455,
        47.134301,
        1311.75
      ],
      [
        10.135254,
        47.134282,
        1311.0
      ],
      [
        10.134995,
        47.13427,
        1308.0
      ],
      [
        10.134813,
        47.134287,
        1307.0
      ],
      [
        10.133998,
        47.134419,
        1301.25
      ],
      [
        10.133647,
        47.134462,
        1297.75
      ],
      [
        10.133372,
        47.134483,
        1295.25
      ],
      [
        10.133114,
        47.134493,
        1293.25
      ],
      [
        10.132925,
        47.134491,
        1292.25
      ],
      [
        10.132771,
        47.134482,
        1291.5
      ],
      [
        10.132599,
        47.13446,
        1290.5
      ],
      [
        10.132432,
        47.134424,
        1289.75
      ],
      [
        10.132181,
        47.134353,
        1288.5
      ],
      [
        10.131378,
        47.134047,
        1281.75
      ],
      [
        10.131121,
        47.133969,
        1280.0
      ],
      [
        10.130843,
        47.133909,
        1277.75
      ],
      [
        10.130732,
        47.133892,
        1276.75
      ],
      [
        10.130567,
        47.133881,
        1275.5
      ],
      [
        10.130387,
        47.133884,
        1274.5
      ],
      [
        10.130279,
        47.133898,
        1274.0
      ],
      [
        10.129935,
        47.133971,
        1269.5
      ],
      [
        10.129828,
        47.13399,
        1270.75
      ],
      [
        10.129381,
        47.133907,
        1268.75
      ],
      [
        10.129164,
        47.133868,
        1265.5
      ],
      [
        10.129029,
        47.133848,
        1265.5
      ],
      [
        10.127865,
        47.133718,
        1262.25
      ],
      [
        10.12684,
        47.133759,
        1254.5
      ],
      [
        10.126459,
        47.133685,
        1250.5
      ],
      [
        10.126275,
        47.133659,
        1249.5
      ],
      [
        10.126185,
        47.133678,
        1249.75
      ],
      [
        10.126146,
        47.133716,
        1250.5
      ],
      [
        10.125672,
        47.133616,
        1247.0
      ],
      [
        10.125449,
        47.133551,
        1245.25
      ],
      [
        10.125308,
        47.133489,
        1244.5
      ],
      [
        10.125175,
        47.133412,
        1243.25
      ],
      [
        10.12503,
        47.133298,
        1242.0
      ],
      [
        10.124788,
        47.133065,
        1239.5
      ],
      [
        10.124461,
        47.132765,
        1237.25
      ],
      [
        10.124174,
        47.13252,
        1234.25
      ],
      [
        10.123927,
        47.13234,
        1232.25
      ],
      [
        10.123727,
        47.132222,
        1231.0
      ],
      [
        10.12361,
        47.132165,
        1230.25
      ],
      [
        10.123485,
        47.132111,
        1229.5
      ],
      [
        10.123264,
        47.13203,
        1228.75
      ],
      [
        10.123039,
        47.131968,
        1227.5
      ],
      [
        10.122881,
        47.131933,
        1226.5
      ],
      [
        10.122814,
        47.131922,
        1226.0
      ],
      [
        10.12247,
        47.131884,
        1223.75
      ],
      [
        10.12232,
        47.13188,
        1223.25
      ],
      [
        10.122201,
        47.131882,
        1223.0
      ],
      [
        10.121264,
        47.13194,
        1217.5
      ],
      [
        10.12103,
        47.131956,
        1216.75
      ],
      [
        10.120927,
        47.131966,
        1216.75
      ],
      [
        10.120515,
        47.132019,
        1216.25
      ],
      [
        10.12008,
        47.13209,
        1214.0
      ],
      [
        10.119642,
        47.132171,
        1211.25
      ],
      [
        10.119454,
        47.132212,
        1209.25
      ],
      [
        10.119035,
        47.132317,
        1212.5
      ],
      [
        10.118777,
        47.132384,
        1210.75
      ],
      [
        10.118538,
        47.132432,
        1209.25
      ],
      [
        10.118367,
        47.132455,
        1208.25
      ],
      [
        10.118037,
        47.132485,
        1206.25
      ],
      [
        10.117918,
        47.132486,
        1205.5
      ],
      [
        10.117759,
        47.132482,
        1204.5
      ],
      [
        10.117495,
        47.132459,
        1202.75
      ],
      [
        10.117281,
        47.132429,
        1201.5
      ],
      [
        10.117109,
        47.132389,
        1200.5
      ],
      [
        10.116837,
        47.132309,
        1200.5
      ],
      [
        10.116575,
        47.132214,
        1197.5
      ],
      [
        10.116188,
        47.132067,
        1194.75
      ],
      [
        10.115975,
        47.131982,
        1194.0
      ],
      [
        10.11582,
        47.131928,
        1193.5
      ],
      [
        10.115777,
        47.131981,
        1194.25
      ],
      [
        10.115731,
        47.131994,
        1194.25
      ],
      [
        10.115656,
        47.131994,
        1193.75
      ],
      [
        10.115588,
        47.131979,
        1193.0
      ],
      [
        10.115478,
        47.131931,
        1191.5
      ],
      [
        10.115387,
        47.131904,
        1191.0
      ],
      [
        10.1139,
        47.131728,
        1184.25
      ],
      [
        10.113075,
        47.131649,
        1177.75
      ],
      [
        10.112721,
        47.131618,
        1176.75
      ],
      [
        10.112189,
        47.13157,
        1174.25
      ],
      [
        10.112088,
        47.131556,
        1173.75
      ],
      [
        10.11163,
        47.131487,
        1170.5
      ],
      [
        10.111261,
        47.131415,
        1168.25
      ],
      [
        10.111116,
        47.13138,
        1166.75
      ],
      [
        10.11108,
        47.13135,
        1166.25
      ],
      [
        10.111071,
        47.131318,
        1166.0
      ],
      [
        10.111075,
        47.131302,
        1166.0
      ],
      [
        10.111117,
        47.131225,
        1165.0
      ],
      [
        10.110853,
        47.131163,
        1165.0
      ],
      [
        10.110589,
        47.131099,
        1164.25
      ],
      [
        10.110121,
        47.130971,
        1160.25
      ],
      [
        10.109703,
        47.130843,
        1161.0
      ],
      [
        10.109038,
        47.130648,
        1156.5
      ],
      [
        10.108764,
        47.13058,
        1158.75
      ],
      [
        10.108074,
        47.130432,
        1154.5
      ],
      [
        10.107384,
        47.130312,
        1154.75
      ],
      [
        10.106736,
        47.130225,
        1151.5
      ],
      [
        10.105997,
        47.130165,
        1145.0
      ],
      [
        10.105436,
        47.13014,
        1140.0
      ],
      [
        10.104961,
        47.130139,
        1136.0
      ],
      [
        10.104392,
        47.130155,
        1131.0
      ],
      [
        10.103609,
        47.130198,
        1124.0
      ],
      [
        10.102,
        47.130307,
        1124.25
      ],
      [
        10.101328,
        47.130329,
        1117.25
      ],
      [
        10.101083,
        47.13034,
        1113.5
      ],
      [
        10.100891,
        47.13036,
        1112.75
      ],
      [
        10.10058,
        47.130434,
        1109.75
      ],
      [
        10.099634,
        47.130703,
        1102.25
      ],
      [
        10.099073,
        47.130878,
        1098.5
      ],
      [
        10.098784,
        47.130995,
        1096.0
      ],
      [
        10.09857,
        47.131107,
        1094.5
      ],
      [
        10.098365,
        47.131236,
        1093.25
      ],
      [
        10.097697,
        47.131691,
        1085.5
      ],
      [
        10.097506,
        47.131788,
        1083.75
      ],
      [
        10.097282,
        47.131859,
        1084.0
      ],
      [
        10.097117,
        47.131892,
        1083.75
      ],
      [
        10.09682,
        47.131929,
        1083.25
      ],
      [
        10.09652,
        47.131943,
        1082.25
      ],
      [
        10.096274,
        47.131936,
        1081.25
      ],
      [
        10.095966,
        47.131915,
        1080.0
      ],
      [
        10.095674,
        47.131903,
        1079.0
      ],
      [
        10.094881,
        47.131884,
        1076.25
      ],
      [
        10.094707,
        47.131877,
        1076.0
      ],
      [
        10.094475,
        47.131853,
        1075.0
      ],
      [
        10.094195,
        47.131796,
        1075.25
      ],
      [
        10.093746,
        47.131688,
        1076.0
      ],
      [
        10.093633,
        47.131658,
        1075.75
      ],
      [
        10.093529,
        47.131626,
        1075.25
      ],
      [
        10.093391,
        47.131583,
        1074.75
      ],
      [
        10.09336,
        47.131572,
        1074.5
      ],
      [
        10.092874,
        47.131414,
        1073.25
      ],
      [
        10.092763,
        47.131378,
        1072.75
      ],
      [
        10.092418,
        47.131265,
        1072.75
      ],
      [
        10.092057,
        47.131167,
        1071.25
      ],
      [
        10.092022,
        47.131239,
        1071.75
      ],
      [
        10.092057,
        47.131167,
        1071.25
      ],
      [
        10.091759,
        47.131105,
        1070.75
      ],
      [
        10.091566,
        47.131088,
        1070.75
      ],
      [
        10.091512,
        47.130843,
        1069.25
      ],
      [
        10.091522,
        47.130788,
        1068.75
      ],
      [
        10.091531,
        47.130738,
        1068.0
      ],
      [
        10.091121,
        47.130688,
        1066.25
      ],
      [
        10.089903,
        47.130472,
        1064.75
      ],
      [
        10.089236,
        47.130368,
        1062.75
      ],
      [
        10.088716,
        47.130277,
        1063.0
      ],
      [
        10.087874,
        47.130184,
        1061.0
      ],
      [
        10.087427,
        47.130166,
        1060.0
      ],
      [
        10.087184,
        47.130122,
        1059.5
      ],
      [
        10.086956,
        47.130132,
        1059.75
      ],
      [
        10.086797,
        47.130138,
        1059.5
      ],
      [
        10.086681,
        47.130143,
        1059.5
      ],
      [
        10.086522,
        47.130149,
        1059.0
      ],
      [
        10.086008,
        47.130171,
        1057.5
      ],
      [
        10.085633,
        47.130219,
        1057.5
      ],
      [
        10.085272,
        47.130284,
        1056.75
      ],
      [
        10.084942,
        47.13042,
        1055.75
      ],
      [
        10.083659,
        47.130673,
        1053.75
      ],
      [
        10.082613,
        47.130833,
        1053.25
      ],
      [
        10.082493,
        47.130846,
        1052.75
      ],
      [
        10.081769,
        47.130947,
        1051.25
      ],
      [
        10.081299,
        47.13102,
        1050.0
      ],
      [
        10.080903,
        47.131058,
        1049.5
      ],
      [
        10.080111,
        47.131077,
        1049.0
      ],
      [
        10.079817,
        47.13108,
        1049.0
      ],
      [
        10.079718,
        47.131075,
        1048.75
      ],
      [
        10.079163,
        47.131027,
        1047.5
      ],
      [
        10.07847,
        47.130946,
        1045.75
      ],
      [
        10.078076,
        47.130876,
        1046.5
      ],
      [
        10.077338,
        47.130705,
        1044.75
      ],
      [
        10.076707,
        47.130522,
        1044.0
      ],
      [
        10.076489,
        47.13047,
        1044.0
      ],
      [
        10.076278,
        47.130432,
        1043.5
      ],
      [
        10.07603,
        47.130396,
        1043.0
      ],
      [
        10.075327,
        47.130337,
        1042.0
      ],
      [
        10.074941,
        47.130313,
        1042.5
      ],
      [
        10.074528,
        47.130307,
        1042.5
      ],
      [
        10.073727,
        47.130315,
        1040.5
      ],
      [
        10.072555,
        47.130349,
        1038.0
      ],
      [
        10.071998,
        47.130414,
        1036.5
      ],
      [
        10.071703,
        47.130433,
        1037.0
      ],
      [
        10.071474,
        47.130441,
        1036.25
      ],
      [
        10.071039,
        47.130385,
        1036.0
      ],
      [
        10.070769,
        47.130396,
        1036.0
      ],
      [
        10.070605,
        47.130447,
        1036.0
      ],
      [
        10.07045,
        47.130513,
        1036.0
      ],
      [
        10.070256,
        47.13058,
        1035.75
      ],
      [
        10.069968,
        47.13066,
        1032.75
      ],
      [
        10.069618,
        47.130686,
        1032.75
      ],
      [
        10.069253,
        47.130696,
        1032.0
      ],
      [
        10.068656,
        47.130687,
        1031.25
      ],
      [
        10.068038,
        47.130657,
        1029.5
      ],
      [
        10.067425,
        47.130577,
        1029.25
      ],
      [
        10.066933,
        47.130462,
        1030.0
      ],
      [
        10.066384,
        47.130319,
        1029.75
      ],
      [
        10.066197,
        47.130295,
        1030.5
      ],
      [
        10.065797,
        47.130182,
        1029.0
      ],
      [
        10.065439,
        47.130062,
        1027.0
      ],
      [
        10.064894,
        47.129868,
        1026.25
      ],
      [
        10.064648,
        47.129772,
        1024.5
      ],
      [
        10.064509,
        47.129735,
        1024.75
      ],
      [
        10.064349,
        47.129707,
        1025.25
      ],
      [
        10.063122,
        47.129618,
        1024.25
      ],
      [
        10.062727,
        47.129529,
        1020.75
      ],
      [
        10.062075,
        47.1293,
        1020.25
      ],
      [
        10.062005,
        47.129293,
        1020.5
      ],
      [
        10.061953,
        47.129275,
        1020.5
      ],
      [
        10.061906,
        47.12925,
        1020.25
      ],
      [
        10.061682,
        47.129071,
        1018.75
      ],
      [
        10.061605,
        47.12902,
        1018.25
      ],
      [
        10.061532,
        47.128984,
        1018.0
      ],
      [
        10.061417,
        47.128939,
        1017.75
      ],
      [
        10.061336,
        47.128917,
        1017.5
      ],
      [
        10.061091,
        47.128873,
        1016.75
      ],
      [
        10.060814,
        47.128826,
        1016.0
      ],
      [
        10.060718,
        47.128842,
        1016.25
      ],
      [
        10.060615,
        47.12889,
        1017.0
      ],
      [
        10.060469,
        47.128989,
        1017.75
      ],
      [
        10.060183,
        47.12916,
        1020.75
      ],
      [
        10.060081,
        47.129236,
        1021.0
      ],
      [
        10.059981,
        47.129213,
        1022.0
      ],
      [
        10.059891,
        47.129216,
        1021.25
      ],
      [
        10.059693,
        47.129247,
        1019.5
      ],
      [
        10.059577,
        47.129255,
        1018.0
      ],
      [
        10.059315,
        47.129267,
        1016.25
      ],
      [
        10.058988,
        47.129265,
        1014.0
      ],
      [
        10.058782,
        47.129247,
        1012.75
      ],
      [
        10.058285,
        47.129191,
        1010.75
      ],
      [
        10.057571,
        47.129137,
        1005.5
      ],
      [
        10.057096,
        47.129078,
        1005.0
      ],
      [
        10.056348,
        47.128999,
        1003.5
      ],
      [
        10.05537,
        47.128929,
        999.75
      ],
      [
        10.055043,
        47.128907,
        998.5
      ],
      [
        10.054913,
        47.128892,
        998.0
      ],
      [
        10.054725,
        47.128861,
        997.5
      ],
      [
        10.054645,
        47.12884,
        997.0
      ],
      [
        10.054552,
        47.128798,
        996.5
      ],
      [
        10.054515,
        47.128768,
        996.25
      ],
      [
        10.054404,
        47.128651,
        995.25
      ],
      [
        10.05431,
        47.128537,
        994.5
      ],
      [
        10.054161,
        47.128348,
        994.75
      ],
      [
        10.054083,
        47.128252,
        996.25
      ],
      [
        10.053944,
        47.128276,
        996.75
      ],
      [
        10.053825,
        47.128289,
        996.75
      ],
      [
        10.053612,
        47.128293,
        997.0
      ],
      [
        10.053378,
        47.128279,
        996.5
      ],
      [
        10.053278,
        47.128279,
        996.0
      ],
      [
        10.053173,
        47.128297,
        994.5
      ],
      [
        10.053094,
        47.128241,
        996.5
      ],
      [
        10.052995,
        47.128211,
        996.75
      ],
      [
        10.052384,
        47.128089,
        992.0
      ],
      [
        10.05224,
        47.128069,
        991.0
      ],
      [
        10.051652,
        47.128059,
        989.75
      ],
      [
        10.051183,
        47.128006,
        990.25
      ],
      [
        10.050649,
        47.127989,
        989.25
      ],
      [
        10.050221,
        47.128056,
        986.0
      ],
      [
        10.049836,
        47.12814,
        987.5
      ],
      [
        10.049524,
        47.128218,
        989.0
      ],
      [
        10.04923,
        47.128246,
        988.25
      ],
      [
        10.04877,
        47.128259,
        987.0
      ],
      [
        10.048711,
        47.128253,
        987.0
      ],
      [
        10.048663,
        47.128246,
        987.0
      ],
      [
        10.04842,
        47.128164,
        987.25
      ],
      [
        10.04801,
        47.128047,
        983.0
      ],
      [
        10.047419,
        47.127927,
        982.75
      ],
      [
        10.046852,
        47.127765,
        981.5
      ],
      [
        10.046544,
        47.127757,
        981.5
      ],
      [
        10.045613,
        47.127868,
        984.0
      ],
      [
        10.045161,
        47.127856,
        984.25
      ],
      [
        10.044811,
        47.127798,
        979.75
      ],
      [
        10.043841,
        47.12753,
        975.25
      ],
      [
        10.043441,
        47.127383,
        981.25
      ],
      [
        10.043282,
        47.127355,
        981.75
      ],
      [
        10.0426,
        47.127316,
        979.25
      ],
      [
        10.04186,
        47.127238,
        976.0
      ],
      [
        10.041443,
        47.127166,
        972.0
      ],
      [
        10.041317,
        47.127138,
        971.75
      ],
      [
        10.041101,
        47.127075,
        971.75
      ],
      [
        10.040856,
        47.126982,
        970.25
      ],
      [
        10.040636,
        47.126909,
        968.25
      ],
      [
        10.040581,
        47.126895,
        968.0
      ],
      [
        10.040476,
        47.126881,
        968.0
      ],
      [
        10.040422,
        47.12688,
        967.5
      ],
      [
        10.040139,
        47.126909,
        963.75
      ],
      [
        10.040054,
        47.126912,
        963.25
      ],
      [
        10.039813,
        47.12689,
        962.5
      ],
      [
        10.039719,
        47.126887,
        961.75
      ],
      [
        10.039518,
        47.126893,
        961.25
      ],
      [
        10.03936,
        47.126905,
        960.25
      ],
      [
        10.039226,
        47.126931,
        958.75
      ],
      [
        10.039106,
        47.126968,
        957.75
      ],
      [
        10.03874,
        47.127135,
        957.25
      ],
      [
        10.038602,
        47.127175,
        956.5
      ],
      [
        10.038526,
        47.12719,
        955.75
      ],
      [
        10.038055,
        47.127238,
        955.0
      ],
      [
        10.037923,
        47.127245,
        955.25
      ],
      [
        10.037573,
        47.127245,
        955.5
      ],
      [
        10.037492,
        47.127256,
        955.25
      ],
      [
        10.037297,
        47.127288,
        955.25
      ],
      [
        10.036935,
        47.127396,
        952.75
      ],
      [
        10.036697,
        47.127443,
        950.5
      ],
      [
        10.03644,
        47.127466,
        949.0
      ],
      [
        10.035901,
        47.127484,
        946.75
      ],
      [
        10.035505,
        47.127461,
        946.0
      ],
      [
        10.035083,
        47.127395,
        946.5
      ],
      [
        10.034804,
        47.127337,
        944.5
      ],
      [
        10.034438,
        47.127261,
        942.0
      ],
      [
        10.034226,
        47.127198,
        942.25
      ],
      [
        10.033979,
        47.127155,
        942.25
      ],
      [
        10.033578,
        47.127153,
        943.0
      ],
      [
        10.032577,
        47.12727,
        938.5
      ],
      [
        10.0319,
        47.127402,
        934.5
      ],
      [
        10.031631,
        47.1274,
        934.5
      ],
      [
        10.031276,
        47.127416,
        933.0
      ],
      [
        10.030871,
        47.127418,
        933.5
      ],
      [
        10.030447,
        47.127374,
        934.5
      ],
      [
        10.030254,
        47.127347,
        935.25
      ],
      [
        10.030072,
        47.127297,
        935.5
      ],
      [
        10.029689,
        47.127121,
        933.25
      ],
      [
        10.029392,
        47.126971,
        932.5
      ],
      [
        10.029241,
        47.126886,
        931.75
      ],
      [
        10.029144,
        47.126772,
        933.0
      ],
      [
        10.029025,
        47.126708,
        933.75
      ],
      [
        10.028864,
        47.12663,
        935.0
      ],
      [
        10.028768,
        47.126602,
        934.5
      ],
      [
        10.028339,
        47.12647,
        932.25
      ],
      [
        10.027903,
        47.126314,
        929.5
      ],
      [
        10.027791,
        47.126249,
        928.75
      ],
      [
        10.027632,
        47.126104,
        928.0
      ],
      [
        10.02755,
        47.126046,
        928.25
      ],
      [
        10.027464,
        47.126004,
        928.5
      ],
      [
        10.027373,
        47.125969,
        928.5
      ],
      [
        10.027282,
        47.125946,
        927.5
      ],
      [
        10.027095,
        47.125925,
        925.25
      ],
      [
        10.026999,
        47.12593,
        924.25
      ],
      [
        10.026206,
        47.126096,
        919.0
      ],
      [
        10.026091,
        47.126109,
        918.75
      ],
      [
        10.025982,
        47.126108,
        918.5
      ],
      [
        10.025873,
        47.126093,
        918.5
      ],
      [
        10.025764,
        47.126069,
        918.0
      ],
      [
        10.025566,
        47.125994,
        917.75
      ],
      [
        10.024862,
        47.125643,
        916.25
      ],
      [
        10.024791,
        47.125613,
        915.75
      ],
      [
        10.024668,
        47.125578,
        914.75
      ],
      [
        10.024322,
        47.125536,
        913.75
      ],
      [
        10.024069,
        47.125499,
        913.25
      ],
      [
        10.023634,
        47.125413,
        912.0
      ],
      [
        10.023393,
        47.125378,
        910.5
      ],
      [
        10.023253,
        47.125369,
        909.75
      ],
      [
        10.022524,
        47.125353,
        905.75
      ],
      [
        10.02225,
        47.125355,
        904.5
      ],
      [
        10.022163,
        47.125348,
        904.5
      ],
      [
        10.022029,
        47.125326,
        904.75
      ],
      [
        10.021407,
        47.12518,
        912.25
      ],
      [
        10.021193,
        47.125141,
        911.25
      ],
      [
        10.020738,
        47.125072,
        907.0
      ],
      [
        10.019208,
        47.12483,
        900.75
      ],
      [
        10.017869,
        47.124653,
        896.5
      ],
      [
        10.017333,
        47.124556,
        896.75
      ],
      [
        10.017163,
        47.124524,
        895.75
      ],
      [
        10.017144,
        47.124541,
        895.25
      ],
      [
        10.017082,
        47.124562,
        894.75
      ],
      [
        10.016987,
        47.124559,
        894.25
      ],
      [
        10.01676,
        47.124536,
        892.75
      ],
      [
        10.01624,
        47.124482,
        890.0
      ],
      [
        10.014972,
        47.124418,
        879.25
      ],
      [
        10.014801,
        47.124449,
        876.5
      ],
      [
        10.013755,
        47.124312,
        872.5
      ],
      [
        10.013075,
        47.124221,
        869.75
      ],
      [
        10.011411,
        47.124002,
        864.25
      ],
      [
        10.010974,
        47.123945,
        863.0
      ],
      [
        10.010463,
        47.123879,
        862.5
      ],
      [
        10.009751,
        47.123791,
        861.75
      ],
      [
        10.008721,
        47.123655,
        857.5
      ],
      [
        10.008542,
        47.123631,
        856.75
      ],
      [
        10.00838,
        47.123611,
        856.0
      ],
      [
        10.008045,
        47.123568,
        855.75
      ],
      [
        10.006128,
        47.123319,
        851.0
      ],
      [
        10.005603,
        47.123248,
        849.5
      ],
      [
        10.005055,
        47.123177,
        848.5
      ],
      [
        10.00501,
        47.123171,
        848.25
      ],
      [
        10.004581,
        47.123117,
        847.25
      ],
      [
        10.00399,
        47.123039,
        846.75
      ],
      [
        10.003547,
        47.122984,
        846.0
      ],
      [
        10.00324,
        47.122945,
        845.75
      ],
      [
        10.003097,
        47.122929,
        845.5
      ],
      [
        10.002815,
        47.122896,
        845.25
      ],
      [
        10.002476,
        47.122866,
        844.25
      ],
      [
        10.001874,
        47.122825,
        843.75
      ],
      [
        10.00174,
        47.122821,
        843.25
      ],
      [
        10.001349,
        47.122822,
        842.5
      ],
      [
        10.001079,
        47.122854,
        842.0
      ],
      [
        10.000693,
        47.122919,
        842.75
      ],
      [
        10.00033,
        47.122984,
        843.5
      ],
      [
        10.000122,
        47.123011,
        842.25
      ],
      [
        10.000055,
        47.123011,
        842.0
      ],
      [
        9.999956,
        47.123008,
        841.75
      ],
      [
        9.999699,
        47.122989,
        841.25
      ],
      [
        9.999084,
        47.122911,
        838.25
      ],
      [
        9.998822,
        47.122871,
        837.75
      ],
      [
        9.998485,
        47.12279,
        836.5
      ],
      [
        9.998387,
        47.122774,
        836.0
      ],
      [
        9.998176,
        47.122755,
        836.0
      ],
      [
        9.997966,
        47.122751,
        835.5
      ],
      [
        9.99773,
        47.122746,
        834.75
      ],
      [
        9.997515,
        47.122722,
        834.75
      ],
      [
        9.997229,
        47.122676,
        834.0
      ],
      [
        9.997127,
        47.122657,
        833.75
      ],
      [
        9.996823,
        47.1226,
        833.25
      ],
      [
        9.996169,
        47.122471,
        832.0
      ],
      [
        9.995966,
        47.122431,
        832.25
      ],
      [
        9.99583,
        47.122405,
        832.5
      ],
      [
        9.995451,
        47.122327,
        831.25
      ],
      [
        9.995196,
        47.122276,
        831.0
      ],
      [
        9.995017,
        47.122238,
        831.0
      ],
      [
        9.994886,
        47.12221,
        831.0
      ],
      [
        9.994599,
        47.12215,
        830.5
      ],
      [
        9.994405,
        47.122107,
        830.0
      ],
      [
        9.994192,
        47.12207,
        830.0
      ],
      [
        9.993862,
        47.122069,
        829.25
      ],
      [
        9.993578,
        47.12208,
        829.0
      ],
      [
        9.993299,
        47.122091,
        828.75
      ],
      [
        9.993192,
        47.122096,
        828.5
      ],
      [
        9.992517,
        47.122124,
        827.5
      ],
      [
        9.992136,
        47.12214,
        828.5
      ],
      [
        9.991818,
        47.122146,
        827.5
      ],
      [
        9.99127,
        47.122133,
        827.5
      ],
      [
        9.990239,
        47.122134,
        825.25
      ],
      [
        9.990008,
        47.122137,
        825.5
      ],
      [
        9.989766,
        47.12215,
        825.5
      ],
      [
        9.989477,
        47.122188,
        825.25
      ],
      [
        9.988684,
        47.122337,
        826.5
      ],
      [
        9.988122,
        47.122447,
        824.75
      ],
      [
        9.987862,
        47.122524,
        823.5
      ],
      [
        9.987461,
        47.122654,
        822.75
      ],
      [
        9.987231,
        47.122706,
        822.5
      ],
      [
        9.987132,
        47.122724,
        822.0
      ],
      [
        9.986939,
        47.12276,
        821.0
      ],
      [
        9.986472,
        47.122845,
        820.0
      ],
      [
        9.986404,
        47.122857,
        820.0
      ],
      [
        9.985633,
        47.123001,
        818.75
      ],
      [
        9.985156,
        47.123108,
        818.0
      ],
      [
        9.984689,
        47.123236,
        818.0
      ],
      [
        9.984454,
        47.123316,
        818.0
      ],
      [
        9.984214,
        47.123428,
        817.5
      ],
      [
        9.984118,
        47.123485,
        817.5
      ],
      [
        9.984041,
        47.123547,
        818.0
      ],
      [
        9.983928,
        47.123667,
        818.5
      ],
      [
        9.983853,
        47.12377,
        818.5
      ],
      [
        9.983676,
        47.124147,
        818.5
      ],
      [
        9.983632,
        47.124244,
        818.5
      ],
      [
        9.983599,
        47.124297,
        818.5
      ],
      [
        9.983543,
        47.124386,
        818.75
      ],
      [
        9.983407,
        47.124526,
        818.5
      ],
      [
        9.983281,
        47.124634,
        818.0
      ],
      [
        9.983125,
        47.124755,
        817.0
      ],
      [
        9.982554,
        47.125106,
        812.75
      ],
      [
        9.98195,
        47.12545,
        808.5
      ],
      [
        9.981711,
        47.125545,
        807.0
      ],
      [
        9.979872,
        47.126279,
        799.5
      ],
      [
        9.979633,
        47.12639,
        796.5
      ],
      [
        9.979472,
        47.126482,
        796.0
      ],
      [
        9.978775,
        47.127028,
        793.0
      ],
      [
        9.978524,
        47.127208,
        792.5
      ],
      [
        9.978278,
        47.127354,
        791.5
      ],
      [
        9.977913,
        47.127569,
        787.5
      ],
      [
        9.977624,
        47.127726,
        789.5
      ],
      [
        9.977479,
        47.127795,
        789.75
      ],
      [
        9.977356,
        47.127821,
        789.5
      ],
      [
        9.977189,
        47.127844,
        789.0
      ],
      [
        9.977006,
        47.127852,
        788.0
      ],
      [
        9.976856,
        47.127874,
        787.5
      ],
      [
        9.976729,
        47.127922,
        787.75
      ],
      [
        9.976654,
        47.127979,
        788.0
      ],
      [
        9.976585,
        47.128049,
        788.5
      ],
      [
        9.976428,
        47.128264,
        791.0
      ],
      [
        9.976327,
        47.128341,
        791.25
      ],
      [
        9.975822,
        47.128574,
        790.75
      ],
      [
        9.97521,
        47.128803,
        787.75
      ],
      [
        9.974592,
        47.128985,
        786.75
      ],
      [
        9.97429,
        47.129051,
        786.0
      ],
      [
        9.973885,
        47.129131,
        783.75
      ],
      [
        9.973399,
        47.129191,
        780.75
      ],
      [
        9.972916,
        47.129235,
        778.0
      ],
      [
        9.972547,
        47.129277,
        777.75
      ],
      [
        9.971468,
        47.129418,
        773.5
      ],
      [
        9.970548,
        47.129489,
        772.75
      ],
      [
        9.969287,
        47.129537,
        771.0
      ],
      [
        9.968488,
        47.129532,
        769.75
      ],
      [
        9.966879,
        47.129478,
        767.0
      ],
      [
        9.965699,
        47.129417,
        765.25
      ],
      [
        9.965562,
        47.129401,
        764.75
      ],
      [
        9.965422,
        47.129367,
        764.5
      ],
      [
        9.96528,
        47.129306,
        764.5
      ],
      [
        9.965006,
        47.129138,
        763.75
      ],
      [
        9.964861,
        47.129069,
        763.25
      ],
      [
        9.964689,
        47.129011,
        762.75
      ],
      [
        9.964524,
        47.12898,
        762.5
      ],
      [
        9.964361,
        47.128966,
        762.0
      ],
      [
        9.964198,
        47.128971,
        761.25
      ],
      [
        9.964,
        47.128999,
        761.25
      ],
      [
        9.963378,
        47.129146,
        759.25
      ],
      [
        9.963123,
        47.129202,
        759.0
      ],
      [
        9.962941,
        47.129222,
        759.25
      ],
      [
        9.962165,
        47.129238,
        757.0
      ],
      [
        9.961859,
        47.129248,
        756.25
      ],
      [
        9.961638,
        47.129268,
        755.5
      ],
      [
        9.961411,
        47.129305,
        754.0
      ],
      [
        9.96099,
        47.129421,
        752.75
      ],
      [
        9.960832,
        47.129455,
        752.0
      ],
      [
        9.9607,
        47.129469,
        752.0
      ],
      [
        9.960565,
        47.129464,
        751.75
      ],
      [
        9.960483,
        47.129455,
        749.75
      ],
      [
        9.960081,
        47.129402,
        746.5
      ],
      [
        9.959843,
        47.129365,
        747.5
      ],
      [
        9.95973,
        47.129336,
        747.5
      ],
      [
        9.959389,
        47.129214,
        748.5
      ],
      [
        9.959255,
        47.129189,
        748.0
      ],
      [
        9.959123,
        47.129184,
        747.75
      ],
      [
        9.959005,
        47.129194,
        747.75
      ],
      [
        9.958896,
        47.129216,
        747.5
      ],
      [
        9.95875,
        47.129274,
        747.5
      ],
      [
        9.958103,
        47.129606,
        744.25
      ],
      [
        9.957922,
        47.129668,
        743.5
      ],
      [
        9.957529,
        47.129772,
        743.0
      ],
      [
        9.957341,
        47.129838,
        743.25
      ],
      [
        9.957118,
        47.129946,
        742.75
      ],
      [
        9.956893,
        47.130064,
        742.5
      ],
      [
        9.956709,
        47.130148,
        744.0
      ],
      [
        9.956512,
        47.130219,
        744.5
      ],
      [
        9.9557,
        47.130452,
        744.75
      ],
      [
        9.955129,
        47.130663,
        743.0
      ],
      [
        9.953051,
        47.131599,
        737.75
      ],
      [
        9.952589,
        47.131841,
        737.25
      ],
      [
        9.952168,
        47.132042,
        736.75
      ],
      [
        9.950963,
        47.132529,
        734.25
      ],
      [
        9.950802,
        47.132594,
        733.75
      ],
      [
        9.950588,
        47.13267,
        733.5
      ],
      [
        9.95027,
        47.132783,
        730.0
      ],
      [
        9.949223,
        47.133153,
        731.5
      ],
      [
        9.947943,
        47.133548,
        729.5
      ],
      [
        9.946197,
        47.134018,
        727.0
      ],
      [
        9.945105,
        47.13431,
        724.25
      ],
      [
        9.944587,
        47.13437,
        723.75
      ],
      [
        9.944279,
        47.134435,
        724.25
      ],
      [
        9.941688,
        47.135087,
        723.0
      ],
      [
        9.941554,
        47.135105,
        722.75
      ],
      [
        9.941298,
        47.135097,
        723.75
      ],
      [
        9.941171,
        47.13511,
        724.0
      ],
      [
        9.941013,
        47.135147,
        725.25
      ],
      [
        9.940794,
        47.135221,
        727.0
      ],
      [
        9.940678,
        47.13526,
        726.75
      ],
      [
        9.937003,
        47.136528,
        719.75
      ],
      [
        9.936477,
        47.13666,
        719.0
      ],
      [
        9.936134,
        47.136701,
        719.0
      ],
      [
        9.93558,
        47.13674,
        715.0
      ],
      [
        9.934464,
        47.136875,
        706.5
      ],
      [
        9.934107,
        47.136927,
        705.25
      ],
      [
        9.933878,
        47.137001,
        704.5
      ],
      [
        9.933538,
        47.137128,
        703.0
      ],
      [
        9.933421,
        47.137157,
        703.5
      ],
      [
        9.933136,
        47.137185,
        705.25
      ],
      [
        9.933095,
        47.137198,
        705.5
      ],
      [
        9.933069,
        47.137217,
        705.75
      ],
      [
        9.933024,
        47.137199,
        705.75
      ],
      [
        9.932961,
        47.137174,
        705.5
      ],
      [
        9.932885,
        47.13717,
        705.25
      ],
      [
        9.932742,
        47.137174,
        704.75
      ],
      [
        9.932471,
        47.137176,
        704.0
      ],
      [
        9.932292,
        47.13717,
        703.25
      ],
      [
        9.932018,
        47.137165,
        702.5
      ],
      [
        9.931735,
        47.137175,
        702.25
      ],
      [
        9.93128,
        47.137199,
        702.0
      ],
      [
        9.931084,
        47.137217,
        702.0
      ],
      [
        9.930994,
        47.137231,
        702.25
      ],
      [
        9.930822,
        47.137277,
        702.5
      ],
      [
        9.930561,
        47.137347,
        703.0
      ],
      [
        9.92987,
        47.137454,
        702.75
      ],
      [
        9.929472,
        47.137468,
        703.25
      ],
      [
        9.929071,
        47.137499,
        704.25
      ],
      [
        9.928972,
        47.137501,
        704.5
      ],
      [
        9.928528,
        47.13749,
        703.75
      ],
      [
        9.928333,
        47.137512,
        702.75
      ],
      [
        9.928188,
        47.137549,
        701.75
      ],
      [
        9.927918,
        47.137647,
        699.25
      ],
      [
        9.927279,
        47.137775,
        698.75
      ],
      [
        9.927193,
        47.137798,
        698.75
      ],
      [
        9.927066,
        47.13785,
        698.75
      ],
      [
        9.92686,
        47.137977,
        698.25
      ],
      [
        9.926822,
        47.137997,
        698.25
      ],
      [
        9.926779,
        47.13801,
        698.25
      ],
      [
        9.926634,
        47.138027,
        698.5
      ],
      [
        9.926306,
        47.138044,
        698.0
      ],
      [
        9.926125,
        47.138061,
        697.75
      ],
      [
        9.92602,
        47.138078,
        697.5
      ],
      [
        9.925936,
        47.138104,
        697.25
      ],
      [
        9.924629,
        47.138537,
        694.25
      ],
      [
        9.924391,
        47.13863,
        694.0
      ],
      [
        9.924272,
        47.138687,
        694.0
      ],
      [
        9.924186,
        47.138729,
        694.0
      ],
      [
        9.924111,
        47.138765,
        693.75
      ],
      [
        9.924003,
        47.138832,
        693.0
      ],
      [
        9.92353,
        47.139198,
        690.75
      ],
      [
        9.923382,
        47.139325,
        691.0
      ],
      [
        9.92327,
        47.139409,
        691.0
      ],
      [
        9.923126,
        47.139472,
        690.75
      ],
      [
        9.923024,
        47.139497,
        690.5
      ],
      [
        9.922352,
        47.139592,
        689.75
      ],
      [
        9.921622,
        47.139764,
        688.75
      ],
      [
        9.920942,
        47.13996,
        688.0
      ],
      [
        9.920625,
        47.140158,
        687.0
      ],
      [
        9.920324,
        47.140283,
        686.75
      ],
      [
        9.920086,
        47.140372,
        686.0
      ],
      [
        9.919692,
        47.140478,
        685.75
      ],
      [
        9.919159,
        47.140675,
        685.0
      ],
      [
        9.919004,
        47.140709,
        685.0
      ],
      [
        9.918719,
        47.140739,
        684.25
      ],
      [
        9.918558,
        47.140769,
        684.0
      ],
      [
        9.917917,
        47.140944,
        683.0
      ],
      [
        9.917773,
        47.140966,
        682.75
      ],
      [
        9.917626,
        47.140976,
        682.5
      ],
      [
        9.917248,
        47.140971,
        682.5
      ],
      [
        9.917103,
        47.140986,
        682.25
      ],
      [
        9.916657,
        47.141085,
        682.0
      ],
      [
        9.916504,
        47.141108,
        682.0
      ],
      [
        9.916214,
        47.141131,
        681.75
      ],
      [
        9.915818,
        47.141192,
        681.5
      ],
      [
        9.915059,
        47.141287,
        680.0
      ],
      [
        9.914807,
        47.141312,
        680.0
      ],
      [
        9.914586,
        47.141402,
        679.25
      ],
      [
        9.914429,
        47.141453,
        678.75
      ],
      [
        9.914312,
        47.141472,
        678.75
      ],
      [
        9.914201,
        47.141474,
        678.75
      ],
      [
        9.913906,
        47.141427,
        679.0
      ],
      [
        9.913541,
        47.14138,
        678.0
      ],
      [
        9.913433,
        47.14137,
        678.25
      ],
      [
        9.91338,
        47.141378,
        678.0
      ],
      [
        9.913315,
        47.1414,
        677.75
      ],
      [
        9.913178,
        47.141469,
        677.75
      ],
      [
        9.912414,
        47.141899,
        676.0
      ],
      [
        9.912083,
        47.142019,
        676.0
      ],
      [
        9.911801,
        47.14218,
        675.25
      ],
      [
        9.911245,
        47.142552,
        674.0
      ],
      [
        9.911226,
        47.142642,
        673.5
      ],
      [
        9.91117,
        47.142783,
        672.75
      ],
      [
        9.911125,
        47.142849,
        673.0
      ],
      [
        9.911025,
        47.142858,
        673.25
      ],
      [
        9.910737,
        47.142837,
        673.25
      ],
      [
        9.91047,
        47.142833,
        673.75
      ],
      [
        9.908994,
        47.142709,
        671.0
      ],
      [
        9.908706,
        47.142667,
        670.25
      ],
      [
        9.908609,
        47.142666,
        670.25
      ],
      [
        9.908279,
        47.142702,
        670.0
      ],
      [
        9.907262,
        47.142754,
        670.0
      ],
      [
        9.906739,
        47.142911,
        670.0
      ],
      [
        9.906122,
        47.14284,
        669.0
      ],
      [
        9.905889,
        47.142868,
        668.25
      ],
      [
        9.905697,
        47.142846,
        668.0
      ],
      [
        9.90528,
        47.142921,
        667.5
      ],
      [
        9.904809,
        47.142985,
        667.0
      ],
      [
        9.904305,
        47.143087,
        666.0
      ],
      [
        9.904143,
        47.143087,
        666.0
      ],
      [
        9.904007,
        47.143077,
        666.0
      ],
      [
        9.903781,
        47.143096,
        666.0
      ],
      [
        9.903572,
        47.143147,
        666.0
      ],
      [
        9.903459,
        47.143214,
        666.25
      ],
      [
        9.903321,
        47.143263,
        666.5
      ],
      [
        9.902973,
        47.143295,
        666.75
      ],
      [
        9.902533,
        47.143387,
        667.25
      ],
      [
        9.902476,
        47.143408,
        667.5
      ],
      [
        9.90235,
        47.143513,
        668.25
      ],
      [
        9.902299,
        47.143615,
        669.0
      ],
      [
        9.902263,
        47.14373,
        670.0
      ],
      [
        9.902193,
        47.143833,
        671.0
      ],
      [
        9.902144,
        47.143861,
        670.5
      ],
      [
        9.902079,
        47.143876,
        669.75
      ],
      [
        9.901827,
        47.143925,
        669.5
      ],
      [
        9.901408,
        47.143997,
        671.0
      ],
      [
        9.900951,
        47.144043,
        668.25
      ],
      [
        9.900349,
        47.144094,
        665.75
      ],
      [
        9.899907,
        47.144034,
        664.0
      ],
      [
        9.899334,
        47.144015,
        661.5
      ],
      [
        9.899116,
        47.143932,
        660.75
      ],
      [
        9.899056,
        47.143906,
        660.5
      ],
      [
        9.898993,
        47.14388,
        660.25
      ],
      [
        9.898923,
        47.143881,
        660.0
      ],
      [
        9.898759,
        47.14391,
        659.5
      ],
      [
        9.898337,
        47.144052,
        659.0
      ],
      [
        9.897051,
        47.144419,
        657.0
      ],
      [
        9.896765,
        47.144549,
        657.25
      ],
      [
        9.896521,
        47.144672,
        656.75
      ],
      [
        9.896243,
        47.144747,
        656.5
      ],
      [
        9.895876,
        47.144821,
        657.0
      ],
      [
        9.89573,
        47.144845,
        657.0
      ],
      [
        9.894871,
        47.144851,
        656.25
      ],
      [
        9.893958,
        47.145041,
        654.75
      ],
      [
        9.89303,
        47.144971,
        653.75
      ],
      [
        9.892532,
        47.144858,
        653.75
      ],
      [
        9.891832,
        47.14462,
        652.25
      ],
      [
        9.891167,
        47.144454,
        652.75
      ],
      [
        9.89091,
        47.144359,
        653.0
      ],
      [
        9.890864,
        47.144342,
        653.0
      ],
      [
        9.890771,
        47.144334,
        652.75
      ],
      [
        9.89051,
        47.144367,
        652.0
      ],
      [
        9.889841,
        47.144586,
        652.0
      ],
      [
        9.888911,
        47.144805,
        648.5
      ],
      [
        9.888795,
        47.144847,
        648.25
      ],
      [
        9.888404,
        47.145068,
        648.5
      ],
      [
        9.888237,
        47.145141,
        648.0
      ],
      [
        9.888083,
        47.145192,
        647.75
      ],
      [
        9.887779,
        47.145267,
        647.0
      ],
      [
        9.887503,
        47.145308,
        648.5
      ],
      [
        9.887193,
        47.145325,
        648.5
      ],
      [
        9.886248,
        47.145308,
        646.25
      ],
      [
        9.885827,
        47.14528,
        645.0
      ],
      [
        9.885209,
        47.145188,
        645.5
      ],
      [
        9.884773,
        47.145079,
        645.75
      ],
      [
        9.883846,
        47.144746,
        643.75
      ],
      [
        9.883634,
        47.144636,
        643.25
      ],
      [
        9.883208,
        47.144458,
        642.25
      ],
      [
        9.882635,
        47.144116,
        641.5
      ],
      [
        9.882445,
        47.144041,
        641.5
      ],
      [
        9.881755,
        47.143906,
        642.25
      ],
      [
        9.881494,
        47.143837,
        642.25
      ],
      [
        9.881172,
        47.14377,
        643.5
      ],
      [
        9.880962,
        47.143744,
        645.0
      ],
      [
        9.880773,
        47.1437,
        645.0
      ],
      [
        9.88058,
        47.143627,
        645.75
      ],
      [
        9.880552,
        47.143612,
        646.0
      ],
      [
        9.880563,
        47.143566,
        644.5
      ],
      [
        9.880533,
        47.143526,
        643.75
      ],
      [
        9.88049,
        47.143488,
        643.0
      ],
      [
        9.88037,
        47.143423,
        642.75
      ],
      [
        9.880153,
        47.14333,
        642.75
      ],
      [
        9.880096,
        47.143308,
        642.5
      ],
      [
        9.880071,
        47.143289,
        642.25
      ],
      [
        9.880054,
        47.143251,
        641.25
      ],
      [
        9.880051,
        47.143183,
        639.5
      ],
      [
        9.880114,
        47.142809,
        640.25
      ],
      [
        9.880127,
        47.142712,
        640.75
      ],
      [
        9.87971,
        47.142555,
        640.0
      ],
      [
        9.87927,
        47.142401,
        642.0
      ],
      [
        9.878999,
        47.142367,
        642.75
      ],
      [
        9.878671,
        47.142369,
        643.5
      ],
      [
        9.878428,
        47.142413,
        643.0
      ],
      [
        9.878181,
        47.142473,
        641.75
      ],
      [
        9.878074,
        47.142524,
        640.25
      ],
      [
        9.877737,
        47.142601,
        638.5
      ],
      [
        9.87765,
        47.14261,
        638.0
      ],
      [
        9.877569,
        47.142609,
        638.0
      ],
      [
        9.877244,
        47.142638,
        638.75
      ],
      [
        9.877129,
        47.142637,
        638.5
      ],
      [
        9.877041,
        47.142631,
        638.5
      ],
      [
        9.876836,
        47.14256,
        638.5
      ],
      [
        9.876665,
        47.142484,
        639.25
      ],
      [
        9.876425,
        47.14239,
        637.5
      ],
      [
        9.876134,
        47.142319,
        637.75
      ],
      [
        9.875899,
        47.14231,
        637.75
      ],
      [
        9.8754,
        47.142315,
        638.0
      ],
      [
        9.875059,
        47.142236,
        637.25
      ],
      [
        9.87474,
        47.142161,
        637.25
      ],
      [
        9.87462,
        47.142148,
        636.25
      ],
      [
        9.874506,
        47.142147,
        635.0
      ],
      [
        9.874054,
        47.142172,
        631.25
      ],
      [
        9.873597,
        47.142186,
        632.5
      ],
      [
        9.873258,
        47.142186,
        633.25
      ],
      [
        9.873041,
        47.142198,
        633.25
      ],
      [
        9.872684,
        47.142262,
        631.5
      ],
      [
        9.872525,
        47.142236,
        631.5
      ],
      [
        9.872401,
        47.142184,
        632.0
      ],
      [
        9.872204,
        47.14208,
        631.75
      ],
      [
        9.871952,
        47.142015,
        631.5
      ],
      [
        9.871669,
        47.141964,
        630.5
      ],
      [
        9.870418,
        47.141955,
        625.5
      ],
      [
        9.869951,
        47.14197,
        625.25
      ],
      [
        9.8697,
        47.142006,
        625.0
      ],
      [
        9.869502,
        47.142062,
        624.5
      ],
      [
        9.869238,
        47.142167,
        622.0
      ],
      [
        9.869119,
        47.14219,
        622.75
      ],
      [
        9.868987,
        47.14218,
        623.75
      ],
      [
        9.868534,
        47.14204,
        622.5
      ],
      [
        9.868292,
        47.141966,
        621.75
      ],
      [
        9.86788,
        47.141871,
        621.5
      ],
      [
        9.867535,
        47.141828,
        621.25
      ],
      [
        9.867201,
        47.141803,
        620.25
      ],
      [
        9.867056,
        47.141787,
        619.25
      ],
      [
        9.866835,
        47.141766,
        618.5
      ],
      [
        9.866317,
        47.141716,
        618.25
      ],
      [
        9.865567,
        47.141607,
        616.0
      ],
      [
        9.864831,
        47.141533,
        614.75
      ],
      [
        9.864421,
        47.141467,
        613.5
      ],
      [
        9.863946,
        47.141372,
        613.0
      ],
      [
        9.86359,
        47.141313,
        611.75
      ],
      [
        9.863347,
        47.14128,
        611.25
      ],
      [
        9.863182,
        47.141264,
        611.0
      ],
      [
        9.862973,
        47.141252,
        610.5
      ],
      [
        9.862495,
        47.141258,
        608.75
      ],
      [
        9.862289,
        47.141273,
        608.0
      ],
      [
        9.862142,
        47.141296,
        607.5
      ],
      [
        9.860861,
        47.141563,
        605.0
      ],
      [
        9.860631,
        47.141611,
        604.25
      ],
      [
        9.860121,
        47.14172,
        602.75
      ],
      [
        9.859915,
        47.141724,
        602.0
      ],
      [
        9.857874,
        47.141452,
        600.5
      ],
      [
        9.857695,
        47.141413,
        600.75
      ],
      [
        9.857612,
        47.141379,
        600.75
      ],
      [
        9.857558,
        47.141356,
        600.5
      ],
      [
        9.856851,
        47.141136,
        599.5
      ],
      [
        9.856201,
        47.141009,
        598.25
      ],
      [
        9.855625,
        47.140914,
        598.0
      ],
      [
        9.855596,
        47.14091,
        598.0
      ],
      [
        9.855571,
        47.14085,
        598.0
      ],
      [
        9.855502,
        47.140813,
        598.25
      ],
      [
        9.855495,
        47.140744,
        598.25
      ],
      [
        9.85546,
        47.140626,
        598.75
      ],
      [
        9.855404,
        47.140565,
        598.75
      ],
      [
        9.855314,
        47.140521,
        599.0
      ],
      [
        9.855263,
        47.140504,
        599.0
      ],
      [
        9.854778,
        47.140415,
        598.0
      ],
      [
        9.854403,
        47.140321,
        597.5
      ],
      [
        9.854236,
        47.140295,
        597.0
      ],
      [
        9.853975,
        47.140255,
        597.0
      ],
      [
        9.853588,
        47.140183,
        597.5
      ],
      [
        9.852774,
        47.139962,
        595.0
      ],
      [
        9.852428,
        47.139867,
        594.75
      ],
      [
        9.852253,
        47.139831,
        594.5
      ],
      [
        9.852139,
        47.139806,
        594.25
      ],
      [
        9.851742,
        47.139749,
        593.25
      ],
      [
        9.851019,
        47.139648,
        592.5
      ],
      [
        9.850857,
        47.139626,
        592.0
      ],
      [
        9.8506,
        47.139578,
        591.5
      ],
      [
        9.849955,
        47.139387,
        591.0
      ],
      [
        9.849713,
        47.13934,
        591.25
      ],
      [
        9.849082,
        47.139254,
        590.0
      ],
      [
        9.848796,
        47.139202,
        589.75
      ],
      [
        9.84861,
        47.139132,
        589.0
      ],
      [
        9.848263,
        47.138981,
        588.75
      ],
      [
        9.847942,
        47.138841,
        588.75
      ],
      [
        9.847237,
        47.13856,
        588.0
      ],
      [
        9.846853,
        47.138443,
        587.75
      ],
      [
        9.846666,
        47.138382,
        588.5
      ],
      [
        9.845546,
        47.137948,
        590.5
      ],
      [
        9.844431,
        47.137583,
        588.25
      ],
      [
        9.843787,
        47.137503,
        585.5
      ],
      [
        9.842859,
        47.13728,
        584.25
      ],
      [
        9.841985,
        47.137029,
        584.25
      ],
      [
        9.841556,
        47.13688,
        583.25
      ],
      [
        9.841256,
        47.136725,
        583.75
      ],
      [
        9.841204,
        47.136709,
        583.25
      ],
      [
        9.841154,
        47.136726,
        582.25
      ],
      [
        9.840949,
        47.136819,
        580.25
      ],
      [
        9.840901,
        47.136825,
        580.25
      ],
      [
        9.840859,
        47.13682,
        580.0
      ],
      [
        9.840656,
        47.136737,
        579.75
      ],
      [
        9.840375,
        47.136538,
        579.5
      ],
      [
        9.840213,
        47.136386,
        579.0
      ],
      [
        9.840001,
        47.136255,
        578.5
      ],
      [
        9.839922,
        47.136215,
        578.25
      ],
      [
        9.839798,
        47.136153,
        578.5
      ],
      [
        9.839643,
        47.136087,
        579.0
      ],
      [
        9.839487,
        47.136034,
        578.75
      ],
      [
        9.839396,
        47.13601,
        578.5
      ],
      [
        9.839363,
        47.13601,
        578.5
      ],
      [
        9.839336,
        47.136024,
        578.75
      ],
      [
        9.839257,
        47.136086,
        579.0
      ],
      [
        9.8392,
        47.136098,
        579.0
      ],
      [
        9.839136,
        47.136071,
        579.0
      ],
      [
        9.838588,
        47.135803,
        578.75
      ],
      [
        9.838506,
        47.135684,
        578.25
      ],
      [
        9.838435,
        47.135663,
        578.0
      ],
      [
        9.838354,
        47.135648,
        578.0
      ],
      [
        9.838298,
        47.135654,
        578.0
      ],
      [
        9.837474,
        47.135804,
        576.75
      ],
      [
        9.836934,
        47.135893,
        576.0
      ],
      [
        9.836827,
        47.135879,
        576.0
      ],
      [
        9.836766,
        47.135847,
        576.0
      ],
      [
        9.836687,
        47.135739,
        576.25
      ],
      [
        9.836587,
        47.135634,
        576.5
      ],
      [
        9.8365,
        47.135564,
        576.25
      ],
      [
        9.836364,
        47.135453,
        575.75
      ],
      [
        9.836252,
        47.135516,
        575.75
      ],
      [
        9.836159,
        47.135583,
        576.0
      ],
      [
        9.836073,
        47.135704,
        576.25
      ],
      [
        9.835956,
        47.135841,
        576.25
      ],
      [
        9.835806,
        47.135964,
        575.25
      ],
      [
        9.83542,
        47.136206,
        574.75
      ],
      [
        9.835229,
        47.13631,
        575.0
      ],
      [
        9.835029,
        47.136387,
        575.0
      ],
      [
        9.834849,
        47.136431,
        574.25
      ],
      [
        9.834475,
        47.13649,
        573.25
      ],
      [
        9.834413,
        47.136517,
        573.25
      ],
      [
        9.834049,
        47.136776,
        573.5
      ],
      [
        9.833953,
        47.136819,
        573.5
      ],
      [
        9.833866,
        47.136837,
        573.5
      ],
      [
        9.833819,
        47.136839,
        573.25
      ],
      [
        9.833533,
        47.136842,
        572.0
      ],
      [
        9.833412,
        47.136832,
        571.5
      ],
      [
        9.833339,
        47.136835,
        571.0
      ],
      [
        9.833254,
        47.136861,
        571.5
      ],
      [
        9.833177,
        47.136918,
        572.25
      ],
      [
        9.832799,
        47.13733,
        573.0
      ],
      [
        9.83274,
        47.137408,
        572.75
      ],
      [
        9.832673,
        47.137532,
        572.25
      ],
      [
        9.832585,
        47.137542,
        572.5
      ],
      [
        9.832498,
        47.137552,
        572.75
      ],
      [
        9.832342,
        47.137558,
        572.25
      ],
      [
        9.832194,
        47.13758,
        571.75
      ],
      [
        9.832048,
        47.137669,
        571.25
      ],
      [
        9.831818,
        47.137888,
        571.0
      ],
      [
        9.83171,
        47.138029,
        571.75
      ],
      [
        9.831685,
        47.138187,
        571.75
      ],
      [
        9.831624,
        47.138241,
        571.5
      ],
      [
        9.831548,
        47.138283,
        571.25
      ],
      [
        9.831364,
        47.138365,
        571.0
      ],
      [
        9.831256,
        47.138459,
        570.75
      ],
      [
        9.831114,
        47.138618,
        571.0
      ],
      [
        9.830791,
        47.138938,
        571.0
      ],
      [
        9.830583,
        47.139072,
        570.75
      ],
      [
        9.830522,
        47.13914,
        570.5
      ],
      [
        9.830331,
        47.13943,
        570.75
      ],
      [
        9.830004,
        47.139698,
        570.75
      ],
      [
        9.829721,
        47.1399,
        569.5
      ],
      [
        9.829552,
        47.140087,
        569.5
      ],
      [
        9.828992,
        47.140593,
        569.0
      ],
      [
        9.828432,
        47.141146,
        568.5
      ],
      [
        9.828146,
        47.141349,
        568.25
      ],
      [
        9.82805,
        47.141428,
        568.75
      ],
      [
        9.82799,
        47.141537,
        568.5
      ],
      [
        9.827939,
        47.141606,
        568.5
      ],
      [
        9.827908,
        47.14163,
        568.5
      ],
      [
        9.827788,
        47.141652,
        568.75
      ],
      [
        9.827742,
        47.141691,
        568.5
      ],
      [
        9.827677,
        47.141746,
        568.0
      ],
      [
        9.827429,
        47.141976,
        567.75
      ],
      [
        9.827284,
        47.142111,
        567.5
      ],
      [
        9.827224,
        47.142168,
        567.75
      ],
      [
        9.827073,
        47.142309,
        567.5
      ],
      [
        9.826937,
        47.142436,
        567.5
      ],
      [
        9.826632,
        47.142726,
        567.25
      ],
      [
        9.82637,
        47.143059,
        567.75
      ],
      [
        9.82618,
        47.143257,
        567.0
      ],
      [
        9.825964,
        47.143464,
        566.75
      ],
      [
        9.825775,
        47.143639,
        566.75
      ],
      [
        9.825563,
        47.143833,
        566.75
      ],
      [
        9.825369,
        47.144009,
        566.25
      ],
      [
        9.824956,
        47.144393,
        566.25
      ],
      [
        9.824754,
        47.144577,
        566.0
      ],
      [
        9.824508,
        47.144815,
        566.0
      ],
      [
        9.824113,
        47.145163,
        565.5
      ],
      [
        9.824046,
        47.145223,
        565.25
      ],
      [
        9.823849,
        47.145396,
        564.75
      ],
      [
        9.823659,
        47.145556,
        565.0
      ],
      [
        9.82328,
        47.14587,
        564.5
      ],
      [
        9.821874,
        47.147251,
        563.0
      ],
      [
        9.821631,
        47.1475,
        563.25
      ],
      [
        9.820913,
        47.148185,
        562.0
      ],
      [
        9.820899,
        47.148198,
        562.25
      ],
      [
        9.820863,
        47.148175,
        561.75
      ],
      [
        9.820436,
        47.147896,
        558.75
      ],
      [
        9.82041,
        47.147879,
        559.5
      ],
      [
        9.819929,
        47.147569,
        563.0
      ],
      [
        9.819547,
        47.147347,
        563.5
      ],
      [
        9.819503,
        47.147322,
        563.5
      ],
      [
        9.819474,
        47.147308,
        563.5
      ],
      [
        9.819016,
        47.147054,
        563.0
      ],
      [
        9.818722,
        47.146874,
        561.75
      ],
      [
        9.81847,
        47.14671,
        561.25
      ],
      [
        9.818033,
        47.146425,
        563.5
      ],
      [
        9.817995,
        47.146401,
        563.5
      ],
      [
        9.817954,
        47.146374,
        563.5
      ],
      [
        9.817492,
        47.146082,
        562.75
      ],
      [
        9.817298,
        47.145965,
        562.0
      ],
      [
        9.817102,
        47.145857,
        562.75
      ],
      [
        9.817068,
        47.145841,
        563.0
      ],
      [
        9.817047,
        47.145832,
        563.25
      ],
      [
        9.815715,
        47.145159,
        561.75
      ],
      [
        9.814913,
        47.144835,
        562.5
      ],
      [
        9.814882,
        47.144816,
        562.75
      ],
      [
        9.81461,
        47.144723,
        563.25
      ],
      [
        9.81456,
        47.144686,
        563.5
      ],
      [
        9.814424,
        47.144596,
        563.5
      ],
      [
        9.814094,
        47.144428,
        564.0
      ],
      [
        9.813809,
        47.144261,
        565.0
      ],
      [
        9.813701,
        47.144193,
        565.5
      ],
      [
        9.813617,
        47.144158,
        565.75
      ],
      [
        9.813391,
        47.144105,
        565.75
      ],
      [
        9.812606,
        47.143949,
        566.25
      ],
      [
        9.812529,
        47.14392,
        566.0
      ],
      [
        9.812482,
        47.143862,
        566.0
      ],
      [
        9.812474,
        47.143831,
        566.0
      ],
      [
        9.812477,
        47.143798,
        566.0
      ],
      [
        9.812492,
        47.143766,
        566.0
      ],
      [
        9.812518,
        47.143735,
        566.0
      ],
      [
        9.812938,
        47.143286,
        566.25
      ],
      [
        9.81304,
        47.14327,
        566.5
      ],
      [
        9.813231,
        47.143216,
        566.25
      ],
      [
        9.813254,
        47.143209,
        566.25
      ],
      [
        9.813342,
        47.143179,
        566.5
      ],
      [
        9.813964,
        47.143021,
        567.0
      ],
      [
        9.814187,
        47.142955,
        567.25
      ],
      [
        9.814281,
        47.142918,
        567.25
      ],
      [
        9.814494,
        47.142818,
        567.75
      ],
      [
        9.814571,
        47.142766,
        568.0
      ],
      [
        9.814747,
        47.142618,
        568.25
      ],
      [
        9.814904,
        47.142453,
        568.25
      ],
      [
        9.815111,
        47.142198,
        569.0
      ],
      [
        9.815168,
        47.142139,
        569.25
      ],
      [
        9.815441,
        47.141885,
        570.75
      ],
      [
        9.815522,
        47.141792,
        571.75
      ],
      [
        9.815653,
        47.141599,
        573.25
      ],
      [
        9.815845,
        47.141386,
        574.75
      ],
      [
        9.816136,
        47.141112,
        572.75
      ],
      [
        9.816133,
        47.141068,
        573.0
      ],
      [
        9.816146,
        47.141019,
        573.25
      ],
      [
        9.816304,
        47.140708,
        574.0
      ],
      [
        9.8164,
        47.140556,
        573.75
      ],
      [
        9.816529,
        47.140395,
        574.75
      ],
      [
        9.816579,
        47.140317,
        575.0
      ],
      [
        9.816716,
        47.140052,
        575.75
      ],
      [
        9.816837,
        47.139852,
        576.5
      ],
      [
        9.816961,
        47.13968,
        577.0
      ],
      [
        9.817004,
        47.1396,
        577.5
      ],
      [
        9.817022,
        47.139528,
        578.0
      ],
      [
        9.817022,
        47.139252,
        579.25
      ],
      [
        9.817058,
        47.138992,
        581.0
      ],
      [
        9.817054,
        47.138888,
        582.0
      ],
      [
        9.816965,
        47.138604,
        583.75
      ],
      [
        9.81693,
        47.138261,
        586.25
      ],
      [
        9.816799,
        47.137798,
        589.75
      ],
      [
        9.816711,
        47.137533,
        591.5
      ],
      [
        9.816594,
        47.137304,
        593.75
      ],
      [
        9.816561,
        47.137169,
        594.75
      ],
      [
        9.816482,
        47.137138,
        595.5
      ],
      [
        9.816382,
        47.13711,
        596.25
      ],
      [
        9.81636,
        47.137049,
        596.75
      ],
      [
        9.816053,
        47.136921,
        600.5
      ],
      [
        9.815849,
        47.136778,
        602.75
      ],
      [
        9.815796,
        47.136669,
        603.5
      ],
      [
        9.815706,
        47.136604,
        605.0
      ],
      [
        9.814778,
        47.136472,
        616.0
      ],
      [
        9.814621,
        47.136467,
        618.5
      ],
      [
        9.814308,
        47.136547,
        622.25
      ],
      [
        9.814014,
        47.136591,
        625.75
      ],
      [
        9.814065,
        47.136528,
        625.0
      ],
      [
        9.814336,
        47.136464,
        622.75
      ],
      [
        9.814374,
        47.136417,
        623.0
      ],
      [
        9.81442,
        47.136375,
        623.25
      ],
      [
        9.814467,
        47.136282,
        625.25
      ],
      [
        9.814408,
        47.136107,
        630.0
      ],
      [
        9.814097,
        47.136042,
        633.75
      ],
      [
        9.813721,
        47.1361,
        633.0
      ],
      [
        9.812861,
        47.13592,
        651.5
      ],
      [
        9.8125,
        47.135807,
        660.25
      ],
      [
        9.81236,
        47.135734,
        665.25
      ],
      [
        9.812198,
        47.135677,
        668.75
      ],
      [
        9.811854,
        47.135355,
        692.5
      ],
      [
        9.811532,
        47.135363,
        692.0
      ],
      [
        9.811436,
        47.134947,
        729.25
      ],
      [
        9.8115,
        47.134845,
        738.25
      ],
      [
        9.81165,
        47.134896,
        739.75
      ],
      [
        9.811693,
        47.134764,
        749.25
      ],
      [
        9.811854,
        47.134786,
        754.5
      ],
      [
        9.811774,
        47.134575,
        762.25
      ],
      [
        9.811954,
        47.13475,
        760.5
      ],
      [
        9.812105,
        47.134842,
        757.5
      ],
      [
        9.812485,
        47.134873,
        757.5
      ],
      [
        9.812774,
        47.134866,
        752.75
      ],
      [
        9.812897,
        47.1348,
        753.25
      ],
      [
        9.81306,
        47.134646,
        756.25
      ],
      [
        9.81325,
        47.134608,
        756.75
      ],
      [
        9.813611,
        47.13466,
        754.5
      ],
      [
        9.813993,
        47.134731,
        753.5
      ],
      [
        9.814358,
        47.134756,
        750.0
      ],
      [
        9.814513,
        47.134719,
        752.0
      ],
      [
        9.814768,
        47.134547,
        752.5
      ],
      [
        9.814944,
        47.134444,
        748.0
      ],
      [
        9.815131,
        47.134461,
        752.25
      ],
      [
        9.815385,
        47.134579,
        749.75
      ],
      [
        9.815131,
        47.134461,
        752.25
      ],
      [
        9.814944,
        47.134444,
        748.0
      ],
      [
        9.814768,
        47.134547,
        752.5
      ],
      [
        9.814513,
        47.134719,
        752.0
      ],
      [
        9.814358,
        47.134756,
        750.0
      ],
      [
        9.813993,
        47.134731,
        753.5
      ],
      [
        9.813611,
        47.13466,
        754.5
      ],
      [
        9.81325,
        47.134608,
        756.75
      ],
      [
        9.81306,
        47.134646,
        756.25
      ],
      [
        9.812897,
        47.1348,
        753.25
      ],
      [
        9.812774,
        47.134866,
        752.75
      ],
      [
        9.812485,
        47.134873,
        757.5
      ],
      [
        9.812105,
        47.134842,
        757.5
      ],
      [
        9.811954,
        47.13475,
        760.5
      ],
      [
        9.811774,
        47.134575,
        762.25
      ],
      [
        9.811854,
        47.134786,
        754.5
      ],
      [
        9.811693,
        47.134764,
        749.25
      ],
      [
        9.81165,
        47.134896,
        739.75
      ],
      [
        9.8115,
        47.134845,
        738.25
      ],
      [
        9.811436,
        47.134947,
        729.25
      ],
      [
        9.811532,
        47.135363,
        692.0
      ],
      [
        9.811854,
        47.135355,
        692.5
      ],
      [
        9.812198,
        47.135677,
        668.75
      ],
      [
        9.81236,
        47.135734,
        665.25
      ],
      [
        9.8125,
        47.135807,
        660.25
      ],
      [
        9.812861,
        47.13592,
        651.5
      ],
      [
        9.813721,
        47.1361,
        633.0
      ],
      [
        9.814097,
        47.136042,
        633.75
      ],
      [
        9.814408,
        47.136107,
        630.0
      ],
      [
        9.814467,
        47.136282,
        625.25
      ],
      [
        9.81442,
        47.136375,
        623.25
      ],
      [
        9.814374,
        47.136417,
        623.0
      ],
      [
        9.814336,
        47.136464,
        622.75
      ],
      [
        9.814065,
        47.136528,
        625.0
      ],
      [
        9.814014,
        47.136591,
        625.75
      ],
      [
        9.814308,
        47.136547,
        622.25
      ],
      [
        9.814621,
        47.136467,
        618.5
      ],
      [
        9.814778,
        47.136472,
        616.0
      ],
      [
        9.815706,
        47.136604,
        605.0
      ],
      [
        9.815796,
        47.136669,
        603.5
      ],
      [
        9.815849,
        47.136778,
        602.75
      ],
      [
        9.816053,
        47.136921,
        600.5
      ],
      [
        9.81636,
        47.137049,
        596.75
      ],
      [
        9.816382,
        47.13711,
        596.25
      ],
      [
        9.816482,
        47.137138,
        595.5
      ],
      [
        9.816561,
        47.137169,
        594.75
      ],
      [
        9.816594,
        47.137304,
        593.75
      ],
      [
        9.816711,
        47.137533,
        591.5
      ],
      [
        9.816799,
        47.137798,
        589.75
      ],
      [
        9.81693,
        47.138261,
        586.25
      ],
      [
        9.816965,
        47.138604,
        583.75
      ],
      [
        9.817054,
        47.138888,
        582.0
      ],
      [
        9.817058,
        47.138992,
        581.0
      ],
      [
        9.817022,
        47.139252,
        579.25
      ],
      [
        9.817022,
        47.139528,
        578.0
      ],
      [
        9.817004,
        47.1396,
        577.5
      ],
      [
        9.816961,
        47.13968,
        577.0
      ],
      [
        9.816837,
        47.139852,
        576.5
      ],
      [
        9.816716,
        47.140052,
        575.75
      ],
      [
        9.816579,
        47.140317,
        575.0
      ],
      [
        9.816529,
        47.140395,
        574.75
      ],
      [
        9.8164,
        47.140556,
        573.75
      ],
      [
        9.816304,
        47.140708,
        574.0
      ],
      [
        9.816146,
        47.141019,
        573.25
      ],
      [
        9.816133,
        47.141068,
        573.0
      ],
      [
        9.816136,
        47.141112,
        572.75
      ],
      [
        9.815845,
        47.141386,
        574.75
      ],
      [
        9.815653,
        47.141599,
        573.25
      ],
      [
        9.815522,
        47.141792,
        571.75
      ],
      [
        9.815441,
        47.141885,
        570.75
      ],
      [
        9.815168,
        47.142139,
        569.25
      ],
      [
        9.815111,
        47.142198,
        569.0
      ],
      [
        9.814904,
        47.142453,
        568.25
      ],
      [
        9.814747,
        47.142618,
        568.25
      ],
      [
        9.814571,
        47.142766,
        568.0
      ],
      [
        9.814494,
        47.142818,
        567.75
      ],
      [
        9.814281,
        47.142918,
        567.25
      ],
      [
        9.814187,
        47.142955,
        567.25
      ],
      [
        9.813964,
        47.143021,
        567.0
      ],
      [
        9.813342,
        47.143179,
        566.5
      ],
      [
        9.813254,
        47.143209,
        566.25
      ],
      [
        9.813231,
        47.143216,
        566.25
      ],
      [
        9.81304,
        47.14327,
        566.5
      ],
      [
        9.812938,
        47.143286,
        566.25
      ],
      [
        9.812518,
        47.143735,
        566.0
      ],
      [
        9.812492,
        47.143766,
        566.0
      ],
      [
        9.812477,
        47.143798,
        566.0
      ],
      [
        9.812474,
        47.143831,
        566.0
      ],
      [
        9.812482,
        47.143862,
        566.0
      ],
      [
        9.812529,
        47.14392,
        566.0
      ],
      [
        9.812606,
        47.143949,
        566.25
      ],
      [
        9.813391,
        47.144105,
        565.75
      ],
      [
        9.813617,
        47.144158,
        565.75
      ],
      [
        9.813701,
        47.144193,
        565.5
      ],
      [
        9.813809,
        47.144261,
        565.0
      ],
      [
        9.814094,
        47.144428,
        564.0
      ],
      [
        9.814424,
        47.144596,
        563.5
      ],
      [
        9.81456,
        47.144686,
        563.5
      ],
      [
        9.81461,
        47.144723,
        563.25
      ],
      [
        9.81478,
        47.14491,
        562.75
      ],
      [
        9.814572,
        47.145015,
        562.75
      ],
      [
        9.813743,
        47.145359,
        562.0
      ],
      [
        9.813581,
        47.145439,
        562.0
      ],
      [
        9.813414,
        47.145538,
        562.0
      ],
      [
        9.813284,
        47.145634,
        561.5
      ],
      [
        9.813187,
        47.145722,
        561.0
      ],
      [
        9.813058,
        47.145852,
        561.0
      ],
      [
        9.81292,
        47.146013,
        561.0
      ],
      [
        9.812832,
        47.146132,
        561.0
      ],
      [
        9.812551,
        47.146555,
        561.0
      ],
      [
        9.812366,
        47.146752,
        560.5
      ],
      [
        9.812152,
        47.146917,
        560.0
      ],
      [
        9.811797,
        47.147138,
        560.0
      ],
      [
        9.811572,
        47.147253,
        559.75
      ],
      [
        9.811411,
        47.147315,
        559.5
      ],
      [
        9.811242,
        47.147364,
        559.25
      ],
      [
        9.810691,
        47.147501,
        559.75
      ],
      [
        9.8103,
        47.147616,
        561.25
      ],
      [
        9.81012,
        47.147677,
        561.75
      ],
      [
        9.81,
        47.147711,
        562.0
      ],
      [
        9.809798,
        47.147812,
        562.25
      ],
      [
        9.809617,
        47.14793,
        561.0
      ],
      [
        9.809461,
        47.148053,
        560.75
      ],
      [
        9.809285,
        47.148207,
        560.75
      ],
      [
        9.809177,
        47.148317,
        560.75
      ],
      [
        9.809061,
        47.148443,
        560.75
      ],
      [
        9.808913,
        47.148634,
        560.75
      ],
      [
        9.808764,
        47.148938,
        560.25
      ],
      [
        9.808667,
        47.149141,
        559.75
      ],
      [
        9.808605,
        47.149244,
        559.5
      ],
      [
        9.808247,
        47.149562,
        559.25
      ],
      [
        9.807648,
        47.15009,
        559.25
      ],
      [
        9.808241,
        47.150407,
        558.25
      ],
      [
        9.809044,
        47.150842,
        557.25
      ],
      [
        9.809321,
        47.150998,
        557.5
      ],
      [
        9.809822,
        47.151248,
        557.5
      ],
      [
        9.809861,
        47.151274,
        557.25
      ],
      [
        9.810059,
        47.151437,
        557.75
      ],
      [
        9.810084,
        47.151455,
        557.75
      ],
      [
        9.810117,
        47.151467,
        557.5
      ],
      [
        9.810206,
        47.151473,
        557.25
      ],
      [
        9.810253,
        47.151506,
        557.25
      ],
      [
        9.810268,
        47.151566,
        557.5
      ],
      [
        9.810267,
        47.15161,
        557.75
      ],
      [
        9.8103,
        47.151649,
        557.75
      ],
      [
        9.810453,
        47.151671,
        558.0
      ],
      [
        9.811038,
        47.151715,
        558.0
      ],
      [
        9.8111,
        47.151742,
        558.0
      ],
      [
        9.811329,
        47.15177,
        557.5
      ],
      [
        9.811433,
        47.151757,
        557.75
      ],
      [
        9.811963,
        47.151797,
        558.5
      ],
      [
        9.812076,
        47.151801,
        558.5
      ],
      [
        9.812167,
        47.151794,
        558.75
      ],
      [
        9.812226,
        47.151777,
        559.0
      ],
      [
        9.812254,
        47.151745,
        559.0
      ],
      [
        9.812294,
        47.15172,
        559.0
      ],
      [
        9.812343,
        47.151702,
        559.25
      ],
      [
        9.812397,
        47.151694,
        559.5
      ],
      [
        9.812456,
        47.151696,
        559.75
      ],
      [
        9.812511,
        47.15171,
        559.75
      ],
      [
        9.812559,
        47.151734,
        559.75
      ],
      [
        9.81259,
        47.151761,
        559.75
      ],
      [
        9.812611,
        47.151793,
        559.5
      ],
      [
        9.812799,
        47.151846,
        559.5
      ],
      [
        9.812835,
        47.151853,
        559.5
      ],
      [
        9.812903,
        47.151877,
        559.5
      ],
      [
        9.813764,
        47.151914,
        559.75
      ],
      [
        9.81386,
        47.151917,
        559.75
      ],
      [
        9.814016,
        47.15192,
        559.25
      ],
      [
        9.814067,
        47.151922,
        559.25
      ],
      [
        9.814139,
        47.151925,
        559.0
      ],
      [
        9.814305,
        47.151931,
        559.0
      ],
      [
        9.81438,
        47.151911,
        559.0
      ],
      [
        9.814588,
        47.151927,
        559.0
      ],
      [
        9.81469,
        47.151944,
        559.0
      ],
      [
        9.814771,
        47.151942,
        559.0
      ],
      [
        9.81485,
        47.151937,
        559.25
      ],
      [
        9.814905,
        47.151913,
        559.5
      ],
      [
        9.814971,
        47.151901,
        559.75
      ],
      [
        9.81504,
        47.151901,
        559.75
      ],
      [
        9.815114,
        47.151917,
        559.75
      ],
      [
        9.815176,
        47.151949,
        560.0
      ],
      [
        9.815307,
        47.151937,
        560.0
      ],
      [
        9.815387,
        47.151938,
        560.25
      ],
      [
        9.815417,
        47.151932,
        560.25
      ],
      [
        9.815557,
        47.151929,
        560.75
      ],
      [
        9.815736,
        47.151941,
        560.75
      ],
      [
        9.815805,
        47.151954,
        561.0
      ],
      [
        9.815872,
        47.151971,
        560.75
      ],
      [
        9.81603,
        47.15204,
        559.5
      ],
      [
        9.816066,
        47.152059,
        558.75
      ],
      [
        9.816011,
        47.152101,
        558.75
      ],
      [
        9.815745,
        47.152355,
        557.75
      ],
      [
        9.815836,
        47.152424,
        555.0
      ],
      [
        9.816106,
        47.152644,
        556.5
      ],
      [
        9.816157,
        47.152685,
        557.75
      ],
      [
        9.81608,
        47.152736,
        558.5
      ],
      [
        9.815903,
        47.152838,
        558.0
      ],
      [
        9.815617,
        47.15299,
        557.75
      ],
      [
        9.815338,
        47.153123,
        558.25
      ],
      [
        9.815293,
        47.15312,
        558.25
      ],
      [
        9.815161,
        47.153148,
        556.75
      ],
      [
        9.81431,
        47.153466,
        556.75
      ],
      [
        9.813186,
        47.153828,
        556.75
      ],
      [
        9.813156,
        47.153864,
        557.25
      ],
      [
        9.812831,
        47.15395,
        557.25
      ],
      [
        9.812267,
        47.154104,
        556.0
      ],
      [
        9.811977,
        47.154184,
        557.0
      ],
      [
        9.811687,
        47.154263,
        555.75
      ],
      [
        9.811381,
        47.154347,
        555.5
      ],
      [
        9.810514,
        47.154579,
        554.5
      ],
      [
        9.810199,
        47.154699,
        555.5
      ],
      [
        9.810089,
        47.154751,
        556.0
      ],
      [
        9.809912,
        47.154844,
        555.25
      ],
      [
        9.809781,
        47.15493,
        555.0
      ],
      [
        9.809576,
        47.155081,
        555.0
      ],
      [
        9.809497,
        47.155154,
        555.0
      ],
      [
        9.809385,
        47.155251,
        555.5
      ],
      [
        9.809257,
        47.155395,
        555.25
      ],
      [
        9.809124,
        47.155561,
        554.75
      ],
      [
        9.808951,
        47.155803,
        554.75
      ],
      [
        9.80887,
        47.155934,
        554.75
      ],
      [
        9.808785,
        47.156108,
        554.5
      ],
      [
        9.808722,
        47.156264,
        554.25
      ],
      [
        9.808645,
        47.156503,
        554.25
      ],
      [
        9.808462,
        47.157062,
        553.75
      ],
      [
        9.808377,
        47.157323,
        554.0
      ],
      [
        9.808342,
        47.157429,
        554.0
      ],
      [
        9.80829,
        47.157603,
        553.5
      ],
      [
        9.808217,
        47.157811,
        553.25
      ],
      [
        9.808162,
        47.157908,
        553.25
      ],
      [
        9.807989,
        47.158209,
        553.0
      ],
      [
        9.807822,
        47.158444,
        552.75
      ],
      [
        9.807723,
        47.158559,
        552.75
      ],
      [
        9.807525,
        47.15876,
        552.5
      ],
      [
        9.807455,
        47.158835,
        552.75
      ],
      [
        9.807356,
        47.158932,
        552.75
      ],
      [
        9.807251,
        47.159013,
        553.25
      ],
      [
        9.806971,
        47.159184,
        553.5
      ],
      [
        9.806642,
        47.159422,
        554.0
      ],
      [
        9.806571,
        47.159462,
        553.75
      ],
      [
        9.806445,
        47.159518,
        553.0
      ],
      [
        9.803884,
        47.160316,
        550.0
      ],
      [
        9.803303,
        47.160509,
        550.0
      ],
      [
        9.802951,
        47.160642,
        549.5
      ],
      [
        9.80244,
        47.160863,
        549.25
      ],
      [
        9.802176,
        47.160974,
        548.0
      ],
      [
        9.802017,
        47.161051,
        548.75
      ],
      [
        9.801671,
        47.16123,
        547.75
      ],
      [
        9.801315,
        47.161445,
        548.75
      ],
      [
        9.801,
        47.161645,
        548.5
      ],
      [
        9.800727,
        47.161845,
        548.0
      ],
      [
        9.800564,
        47.162018,
        548.0
      ],
      [
        9.800502,
        47.162067,
        547.0
      ],
      [
        9.800314,
        47.162206,
        546.5
      ],
      [
        9.799951,
        47.162451,
        545.5
      ],
      [
        9.799809,
        47.162558,
        545.75
      ],
      [
        9.799722,
        47.162603,
        545.5
      ],
      [
        9.799554,
        47.16273,
        546.25
      ],
      [
        9.799217,
        47.163008,
        545.25
      ],
      [
        9.799021,
        47.163124,
        544.75
      ],
      [
        9.798592,
        47.163412,
        545.0
      ],
      [
        9.798247,
        47.163699,
        545.5
      ],
      [
        9.798153,
        47.16375,
        545.5
      ],
      [
        9.797813,
        47.163866,
        544.75
      ],
      [
        9.797452,
        47.16401,
        543.75
      ],
      [
        9.797138,
        47.16417,
        542.5
      ],
      [
        9.796838,
        47.164283,
        542.5
      ],
      [
        9.796608,
        47.164393,
        542.25
      ],
      [
        9.796319,
        47.164517,
        542.75
      ],
      [
        9.79612,
        47.164595,
        543.0
      ],
      [
        9.795995,
        47.164639,
        543.0
      ],
      [
        9.795656,
        47.164719,
        542.25
      ],
      [
        9.795271,
        47.164821,
        542.75
      ],
      [
        9.795128,
        47.164862,
        542.75
      ],
      [
        9.795,
        47.164908,
        543.25
      ],
      [
        9.794707,
        47.165094,
        544.0
      ],
      [
        9.79448,
        47.165265,
        545.5
      ],
      [
        9.79441,
        47.165298,
        545.5
      ],
      [
        9.794146,
        47.165395,
        544.75
      ],
      [
        9.793768,
        47.165521,
        544.5
      ],
      [
        9.793631,
        47.165559,
        544.0
      ],
      [
        9.793549,
        47.165568,
        543.75
      ],
      [
        9.793474,
        47.165562,
        543.5
      ],
      [
        9.79341,
        47.165543,
        543.0
      ],
      [
        9.793261,
        47.165472,
        541.75
      ],
      [
        9.793206,
        47.165461,
        541.5
      ],
      [
        9.793158,
        47.165464,
        541.5
      ],
      [
        9.792998,
        47.165521,
        542.25
      ],
      [
        9.792832,
        47.165589,
        542.25
      ],
      [
        9.792527,
        47.165727,
        541.5
      ],
      [
        9.792247,
        47.16587,
        542.75
      ],
      [
        9.791735,
        47.166157,
        543.0
      ],
      [
        9.791437,
        47.166334,
        543.25
      ],
      [
        9.791116,
        47.166565,
        543.25
      ],
      [
        9.790832,
        47.166789,
        543.0
      ],
      [
        9.790104,
        47.167389,
        542.0
      ],
      [
        9.789995,
        47.167457,
        542.0
      ],
      [
        9.789872,
        47.167523,
        540.75
      ],
      [
        9.789811,
        47.167569,
        540.25
      ],
      [
        9.789541,
        47.16783,
        540.75
      ],
      [
        9.789496,
        47.167886,
        540.5
      ],
      [
        9.789449,
        47.167921,
        540.5
      ],
      [
        9.789368,
        47.167983,
        540.5
      ],
      [
        9.788934,
        47.168249,
        539.5
      ],
      [
        9.788961,
        47.168446,
        540.75
      ],
      [
        9.789085,
        47.168642,
        540.5
      ],
      [
        9.789111,
        47.168703,
        540.5
      ],
      [
        9.789106,
        47.168727,
        540.75
      ],
      [
        9.789072,
        47.168744,
        540.75
      ],
      [
        9.78895,
        47.168598,
        541.5
      ],
      [
        9.78886,
        47.168507,
        541.25
      ],
      [
        9.788729,
        47.168399,
        539.75
      ],
      [
        9.787533,
        47.167588,
        541.75
      ],
      [
        9.78735,
        47.167459,
        543.75
      ],
      [
        9.787236,
        47.167349,
        543.75
      ],
      [
        9.787148,
        47.167248,
        543.0
      ],
      [
        9.786998,
        47.167016,
        543.5
      ],
      [
        9.786128,
        47.167291,
        541.0
      ],
      [
        9.783288,
        47.168301,
        539.0
      ],
      [
        9.783162,
        47.168355,
        538.75
      ],
      [
        9.78197,
        47.168768,
        538.25
      ],
      [
        9.78178,
        47.168829,
        538.0
      ],
      [
        9.780907,
        47.169079,
        537.75
      ],
      [
        9.780108,
        47.169323,
        537.0
      ],
      [
        9.779608,
        47.169486,
        537.0
      ],
      [
        9.779489,
        47.16953,
        537.0
      ],
      [
        9.779237,
        47.169643,
        536.25
      ],
      [
        9.778724,
        47.169912,
        536.0
      ],
      [
        9.778531,
        47.169989,
        536.0
      ],
      [
        9.778321,
        47.170062,
        535.75
      ],
      [
        9.778306,
        47.170088,
        535.75
      ],
      [
        9.778286,
        47.170103,
        535.75
      ],
      [
        9.778227,
        47.170141,
        535.75
      ],
      [
        9.77812,
        47.170193,
        535.25
      ],
      [
        9.7778,
        47.170332,
        535.25
      ],
      [
        9.777593,
        47.170398,
        535.5
      ],
      [
        9.77727,
        47.17046,
        534.75
      ],
      [
        9.777138,
        47.170471,
        534.5
      ],
      [
        9.776886,
        47.170469,
        534.75
      ],
      [
        9.776805,
        47.17046,
        534.5
      ],
      [
        9.776775,
        47.170451,
        534.5
      ],
      [
        9.776755,
        47.170434,
        534.5
      ],
      [
        9.776539,
        47.170457,
        534.0
      ],
      [
        9.775807,
        47.170526,
        533.0
      ],
      [
        9.775231,
        47.170565,
        533.75
      ],
      [
        9.774758,
        47.170616,
        532.75
      ],
      [
        9.773953,
        47.170684,
        531.0
      ],
      [
        9.773159,
        47.170738,
        531.0
      ],
      [
        9.77239,
        47.170811,
        533.0
      ],
      [
        9.771311,
        47.170966,
        532.5
      ],
      [
        9.769701,
        47.171211,
        532.0
      ],
      [
        9.769656,
        47.17124,
        532.0
      ],
      [
        9.769641,
        47.171256,
        532.0
      ],
      [
        9.769645,
        47.171305,
        532.0
      ],
      [
        9.769711,
        47.171363,
        532.0
      ],
      [
        9.77075,
        47.171936,
        532.5
      ],
      [
        9.771272,
        47.172237,
        533.5
      ],
      [
        9.771699,
        47.17248,
        533.75
      ],
      [
        9.772507,
        47.172934,
        533.5
      ],
      [
        9.772592,
        47.172988,
        533.5
      ],
      [
        9.77261,
        47.173016,
        533.5
      ],
      [
        9.772612,
        47.17306,
        533.75
      ],
      [
        9.772599,
        47.173082,
        534.0
      ],
      [
        9.772575,
        47.173101,
        534.0
      ],
      [
        9.772539,
        47.173117,
        534.0
      ],
      [
        9.772488,
        47.173131,
        533.75
      ],
      [
        9.771689,
        47.17325,
        533.75
      ],
      [
        9.769619,
        47.173462,
        532.25
      ],
      [
        9.768216,
        47.1736,
        532.0
      ],
      [
        9.767995,
        47.173617,
        531.75
      ],
      [
        9.767891,
        47.173623,
        531.25
      ],
      [
        9.76781,
        47.173618,
        531.0
      ],
      [
        9.767585,
        47.173593,
        531.0
      ],
      [
        9.767207,
        47.173622,
        531.0
      ],
      [
        9.767003,
        47.173647,
        531.5
      ],
      [
        9.766655,
        47.173732,
        531.5
      ],
      [
        9.766422,
        47.17376,
        531.25
      ],
      [
        9.765133,
        47.173879,
        530.25
      ],
      [
        9.762921,
        47.174091,
        529.25
      ],
      [
        9.761398,
        47.174228,
        528.0
      ],
      [
        9.760785,
        47.174285,
        528.25
      ],
      [
        9.760641,
        47.174282,
        528.25
      ],
      [
        9.760407,
        47.174266,
        528.25
      ],
      [
        9.760316,
        47.174268,
        528.25
      ],
      [
        9.759703,
        47.174348,
        527.75
      ],
      [
        9.759474,
        47.174402,
        527.75
      ],
      [
        9.75849,
        47.174497,
        527.0
      ],
      [
        9.757552,
        47.174584,
        527.0
      ],
      [
        9.752939,
        47.174989,
        523.5
      ],
      [
        9.751798,
        47.175072,
        522.75
      ],
      [
        9.749859,
        47.175238,
        521.5
      ],
      [
        9.749536,
        47.175323,
        521.5
      ],
      [
        9.749392,
        47.175341,
        521.75
      ],
      [
        9.747962,
        47.17545,
        522.0
      ],
      [
        9.747386,
        47.17552,
        521.0
      ],
      [
        9.743991,
        47.17578,
        519.25
      ],
      [
        9.743154,
        47.175852,
        519.25
      ],
      [
        9.74268,
        47.175886,
        520.25
      ],
      [
        9.742406,
        47.175888,
        519.75
      ],
      [
        9.742231,
        47.175884,
        519.0
      ],
      [
        9.741955,
        47.175902,
        519.0
      ],
      [
        9.740517,
        47.176018,
        517.5
      ],
      [
        9.73991,
        47.1761,
        516.75
      ],
      [
        9.739663,
        47.176121,
        517.0
      ],
      [
        9.738811,
        47.176241,
        517.0
      ],
      [
        9.73847,
        47.176263,
        516.25
      ],
      [
        9.737994,
        47.176394,
        516.5
      ],
      [
        9.737583,
        47.176519,
        522.5
      ],
      [
        9.737078,
        47.176648,
        521.75
      ],
      [
        9.736152,
        47.176841,
        521.25
      ],
      [
        9.735719,
        47.176952,
        521.0
      ],
      [
        9.735622,
        47.176964,
        521.25
      ],
      [
        9.735535,
        47.176963,
        521.25
      ],
      [
        9.735439,
        47.176948,
        520.5
      ],
      [
        9.734105,
        47.176778,
        521.75
      ],
      [
        9.733765,
        47.176759,
        522.75
      ],
      [
        9.732728,
        47.176779,
        524.25
      ],
      [
        9.731909,
        47.176978,
        518.5
      ],
      [
        9.731604,
        47.177082,
        517.5
      ],
      [
        9.73138,
        47.177151,
        516.25
      ],
      [
        9.731279,
        47.177176,
        515.75
      ],
      [
        9.731149,
        47.177196,
        515.75
      ],
      [
        9.730919,
        47.17721,
        515.25
      ],
      [
        9.730925,
        47.177253,
        515.25
      ],
      [
        9.730946,
        47.177289,
        515.5
      ],
      [
        9.731028,
        47.177332,
        515.75
      ],
      [
        9.731062,
        47.177356,
        515.75
      ],
      [
        9.731096,
        47.177394,
        515.75
      ],
      [
        9.731109,
        47.177465,
        515.75
      ],
      [
        9.731124,
        47.177564,
        515.25
      ],
      [
        9.731182,
        47.177926,
        513.5
      ],
      [
        9.731229,
        47.178056,
        513.75
      ],
      [
        9.731405,
        47.178434,
        514.25
      ],
      [
        9.731411,
        47.178489,
        514.75
      ],
      [
        9.731363,
        47.178549,
        514.5
      ],
      [
        9.730706,
        47.178886,
        513.5
      ],
      [
        9.730107,
        47.179212,
        513.75
      ],
      [
        9.729479,
        47.179576,
        513.75
      ],
      [
        9.728396,
        47.180288,
        512.25
      ],
      [
        9.728077,
        47.180505,
        512.0
      ],
      [
        9.727995,
        47.180587,
        512.0
      ],
      [
        9.727937,
        47.180687,
        513.0
      ],
      [
        9.727904,
        47.18072,
        513.0
      ],
      [
        9.727723,
        47.180861,
        512.25
      ],
      [
        9.727496,
        47.181019,
        512.75
      ],
      [
        9.727274,
        47.181162,
        512.25
      ],
      [
        9.726603,
        47.181764,
        510.0
      ],
      [
        9.726416,
        47.181899,
        510.75
      ],
      [
        9.724853,
        47.182714,
        509.25
      ],
      [
        9.724498,
        47.182917,
        508.75
      ],
      [
        9.724135,
        47.183151,
        508.5
      ],
      [
        9.723562,
        47.183573,
        507.75
      ],
      [
        9.722801,
        47.184178,
        508.5
      ],
      [
        9.722568,
        47.184398,
        508.0
      ],
      [
        9.722361,
        47.184611,
        507.5
      ],
      [
        9.721941,
        47.185067,
        507.75
      ],
      [
        9.721888,
        47.185114,
        507.25
      ],
      [
        9.721009,
        47.185782,
        505.75
      ],
      [
        9.71996,
        47.186635,
        504.75
      ],
      [
        9.719599,
        47.186906,
        505.0
      ],
      [
        9.718933,
        47.187447,
        504.75
      ],
      [
        9.717541,
        47.188539,
        504.5
      ],
      [
        9.716167,
        47.189626,
        503.5
      ],
      [
        9.715872,
        47.189905,
        503.5
      ],
      [
        9.715552,
        47.190163,
        503.25
      ],
      [
        9.715339,
        47.190274,
        504.0
      ],
      [
        9.714898,
        47.190648,
        502.5
      ],
      [
        9.714743,
        47.190696,
        502.75
      ],
      [
        9.714601,
        47.190687,
        503.5
      ],
      [
        9.714476,
        47.190639,
        504.5
      ],
      [
        9.714313,
        47.190548,
        505.25
      ],
      [
        9.714185,
        47.190489,
        505.75
      ],
      [
        9.714073,
        47.190449,
        506.0
      ],
      [
        9.71383,
        47.190554,
        506.25
      ],
      [
        9.713581,
        47.190673,
        505.25
      ],
      [
        9.713555,
        47.190685,
        505.5
      ],
      [
        9.71342,
        47.190743,
        506.5
      ],
      [
        9.713315,
        47.190801,
        506.75
      ],
      [
        9.713143,
        47.190916,
        507.0
      ],
      [
        9.712723,
        47.191137,
        506.75
      ],
      [
        9.712703,
        47.191228,
        507.0
      ],
      [
        9.712742,
        47.191309,
        507.0
      ],
      [
        9.712677,
        47.191327,
        507.0
      ],
      [
        9.712526,
        47.191159,
        506.75
      ],
      [
        9.712404,
        47.191046,
        506.75
      ],
      [
        9.712327,
        47.190975,
        507.0
      ],
      [
        9.71209,
        47.190752,
        507.0
      ],
      [
        9.711875,
        47.190587,
        507.0
      ],
      [
        9.71183,
        47.190562,
        507.0
      ],
      [
        9.711628,
        47.190477,
        507.0
      ],
      [
        9.711474,
        47.190394,
        507.0
      ],
      [
        9.711326,
        47.190296,
        507.0
      ],
      [
        9.71125,
        47.190212,
        507.25
      ],
      [
        9.711193,
        47.190115,
        507.75
      ],
      [
        9.711145,
        47.189965,
        508.0
      ],
      [
        9.711107,
        47.189841,
        508.5
      ],
      [
        9.710913,
        47.189646,
        509.75
      ],
      [
        9.710594,
        47.189327,
        510.25
      ],
      [
        9.710414,
        47.189153,
        511.0
      ],
      [
        9.710215,
        47.188963,
        511.0
      ],
      [
        9.709536,
        47.188308,
        513.0
      ],
      [
        9.709256,
        47.188036,
        514.0
      ],
      [
        9.709012,
        47.187816,
        514.25
      ],
      [
        9.708968,
        47.187778,
        514.5
      ],
      [
        9.708946,
        47.187762,
        514.5
      ],
      [
        9.708671,
        47.187561,
        515.25
      ],
      [
        9.708597,
        47.187506,
        515.75
      ],
      [
        9.708538,
        47.187463,
        516.0
      ],
      [
        9.708497,
        47.187411,
        516.0
      ],
      [
        9.708451,
        47.187353,
        516.0
      ],
      [
        9.708266,
        47.187102,
        516.5
      ],
      [
        9.708186,
        47.187025,
        516.75
      ],
      [
        9.707893,
        47.186741,
        517.25
      ],
      [
        9.707705,
        47.186571,
        518.25
      ],
      [
        9.707585,
        47.186456,
        518.75
      ],
      [
        9.707532,
        47.186405,
        518.75
      ],
      [
        9.707138,
        47.186026,
        519.5
      ],
      [
        9.706575,
        47.185581,
        521.25
      ],
      [
        9.70642,
        47.185408,
        521.75
      ],
      [
        9.706295,
        47.185189,
        522.5
      ],
      [
        9.706117,
        47.18483,
        522.5
      ],
      [
        9.706064,
        47.184723,
        522.75
      ],
      [
        9.705945,
        47.184563,
        523.25
      ],
      [
        9.705747,
        47.184437,
        524.25
      ],
      [
        9.705609,
        47.184363,
        524.75
      ],
      [
        9.705537,
        47.184244,
        525.75
      ],
      [
        9.705486,
        47.184136,
        525.75
      ],
      [
        9.705469,
        47.184112,
        525.75
      ],
      [
        9.705277,
        47.184006,
        524.25
      ],
      [
        9.705149,
        47.183968,
        524.75
      ],
      [
        9.704724,
        47.183942,
        527.0
      ],
      [
        9.70451,
        47.183925,
        527.75
      ],
      [
        9.704358,
        47.183909,
        528.25
      ],
      [
        9.704285,
        47.1839,
        528.5
      ],
      [
        9.704139,
        47.1839,
        529.0
      ],
      [
        9.703932,
        47.183929,
        529.0
      ],
      [
        9.703734,
        47.183973,
        529.5
      ],
      [
        9.703195,
        47.184126,
        532.25
      ],
      [
        9.703111,
        47.184166,
        532.75
      ],
      [
        9.703006,
        47.184202,
        533.25
      ],
      [
        9.702923,
        47.184205,
        533.5
      ],
      [
        9.70278,
        47.184193,
        533.75
      ],
      [
        9.702718,
        47.184193,
        534.0
      ],
      [
        9.702444,
        47.184214,
        534.0
      ],
      [
        9.702386,
        47.184206,
        534.0
      ],
      [
        9.702334,
        47.184186,
        533.75
      ],
      [
        9.702119,
        47.184097,
        534.0
      ],
      [
        9.70205,
        47.184062,
        534.25
      ],
      [
        9.701907,
        47.183883,
        535.0
      ],
      [
        9.70179,
        47.1837,
        535.75
      ],
      [
        9.701712,
        47.183609,
        536.5
      ],
      [
        9.701588,
        47.183511,
        536.75
      ],
      [
        9.701434,
        47.183381,
        537.0
      ],
      [
        9.701229,
        47.183232,
        537.5
      ],
      [
        9.701193,
        47.183248,
        538.0
      ],
      [
        9.700989,
        47.183337,
        538.75
      ],
      [
        9.700712,
        47.183418,
        538.25
      ],
      [
        9.700359,
        47.183508,
        538.25
      ],
      [
        9.699992,
        47.183585,
        539.0
      ],
      [
        9.699853,
        47.18339,
        539.0
      ],
      [
        9.699733,
        47.183375,
        539.0
      ],
      [
        9.699572,
        47.183343,
        539.5
      ],
      [
        9.699542,
        47.183343,
        539.75
      ],
      [
        9.699572,
        47.183343,
        539.5
      ],
      [
        9.699733,
        47.183375,
        539.0
      ],
      [
        9.699853,
        47.18339,
        539.0
      ],
      [
        9.699992,
        47.183585,
        539.0
      ],
      [
        9.700359,
        47.183508,
        538.25
      ],
      [
        9.700712,
        47.183418,
        538.25
      ],
      [
        9.700989,
        47.183337,
        538.75
      ],
      [
        9.701193,
        47.183248,
        538.0
      ],
      [
        9.701229,
        47.183232,
        537.5
      ],
      [
        9.701434,
        47.183381,
        537.0
      ],
      [
        9.701588,
        47.183511,
        536.75
      ],
      [
        9.701712,
        47.183609,
        536.5
      ],
      [
        9.70179,
        47.1837,
        535.75
      ],
      [
        9.701907,
        47.183883,
        535.0
      ],
      [
        9.70205,
        47.184062,
        534.25
      ],
      [
        9.702119,
        47.184097,
        534.0
      ],
      [
        9.702334,
        47.184186,
        533.75
      ],
      [
        9.702386,
        47.184206,
        534.0
      ],
      [
        9.702444,
        47.184214,
        534.0
      ],
      [
        9.702718,
        47.184193,
        534.0
      ],
      [
        9.70278,
        47.184193,
        533.75
      ],
      [
        9.702923,
        47.184205,
        533.5
      ],
      [
        9.702962,
        47.184228,
        533.25
      ],
      [
        9.703169,
        47.184352,
        533.25
      ],
      [
        9.703347,
        47.184433,
        533.0
      ],
      [
        9.703666,
        47.18453,
        532.75
      ],
      [
        9.703822,
        47.184578,
        531.75
      ],
      [
        9.704037,
        47.18468,
        531.0
      ],
      [
        9.704252,
        47.184796,
        530.25
      ],
      [
        9.704342,
        47.184853,
        530.0
      ],
      [
        9.704392,
        47.184894,
        529.75
      ],
      [
        9.704542,
        47.185017,
        529.75
      ],
      [
        9.704623,
        47.185112,
        529.5
      ],
      [
        9.70472,
        47.185265,
        529.0
      ],
      [
        9.704584,
        47.185315,
        529.25
      ],
      [
        9.704563,
        47.185326,
        529.5
      ],
      [
        9.704338,
        47.185448,
        530.0
      ],
      [
        9.704061,
        47.185621,
        529.75
      ],
      [
        9.703914,
        47.185713,
        529.25
      ],
      [
        9.703653,
        47.185888,
        528.75
      ],
      [
        9.703512,
        47.185983,
        528.75
      ],
      [
        9.703195,
        47.186199,
        527.5
      ],
      [
        9.702833,
        47.186441,
        526.0
      ],
      [
        9.702293,
        47.186816,
        524.25
      ],
      [
        9.702081,
        47.186944,
        524.0
      ],
      [
        9.70165,
        47.187205,
        523.0
      ],
      [
        9.701038,
        47.187603,
        520.5
      ],
      [
        9.700957,
        47.187665,
        520.25
      ],
      [
        9.700397,
        47.188098,
        518.0
      ],
      [
        9.700319,
        47.188138,
        517.75
      ],
      [
        9.700121,
        47.188239,
        517.25
      ],
      [
        9.700054,
        47.188266,
        517.0
      ],
      [
        9.699885,
        47.188333,
        517.0
      ],
      [
        9.699678,
        47.188414,
        516.5
      ],
      [
        9.699501,
        47.188473,
        515.5
      ],
      [
        9.699294,
        47.18854,
        515.25
      ],
      [
        9.698753,
        47.188682,
        514.25
      ],
      [
        9.698705,
        47.188688,
        514.25
      ],
      [
        9.698133,
        47.188784,
        513.0
      ],
      [
        9.697387,
        47.188972,
        511.25
      ],
      [
        9.697071,
        47.18903,
        510.25
      ],
      [
        9.696404,
        47.189119,
        509.0
      ],
      [
        9.696094,
        47.189172,
        508.75
      ],
      [
        9.695732,
        47.189275,
        507.5
      ],
      [
        9.695408,
        47.189411,
        507.0
      ],
      [
        9.695113,
        47.189563,
        506.25
      ],
      [
        9.694721,
        47.189764,
        504.75
      ],
      [
        9.694266,
        47.189954,
        504.0
      ],
      [
        9.693815,
        47.190105,
        502.5
      ],
      [
        9.69332,
        47.190229,
        502.0
      ],
      [
        9.693335,
        47.190255,
        502.0
      ],
      [
        9.69344,
        47.190434,
        500.5
      ],
      [
        9.693261,
        47.190497,
        500.0
      ],
      [
        9.692462,
        47.190755,
        497.0
      ],
      [
        9.691748,
        47.191113,
        495.5
      ],
      [
        9.691393,
        47.191314,
        495.75
      ],
      [
        9.691006,
        47.191469,
        495.25
      ],
      [
        9.690191,
        47.191687,
        495.0
      ],
      [
        9.689608,
        47.191949,
        494.75
      ],
      [
        9.689401,
        47.192028,
        495.5
      ],
      [
        9.689178,
        47.192078,
        496.25
      ],
      [
        9.688803,
        47.192097,
        498.25
      ],
      [
        9.688642,
        47.192456,
        495.25
      ],
      [
        9.688583,
        47.192612,
        494.5
      ],
      [
        9.688544,
        47.192867,
        494.0
      ],
      [
        9.688594,
        47.193069,
        494.0
      ],
      [
        9.688781,
        47.193402,
        494.0
      ],
      [
        9.68889,
        47.19363,
        495.0
      ],
      [
        9.688904,
        47.193705,
        495.0
      ],
      [
        9.68891,
        47.193741,
        495.0
      ],
      [
        9.688989,
        47.193742,
        495.0
      ],
      [
        9.689039,
        47.193753,
        495.0
      ],
      [
        9.689093,
        47.19378,
        495.0
      ],
      [
        9.689121,
        47.193819,
        495.0
      ],
      [
        9.689121,
        47.193873,
        495.0
      ],
      [
        9.689081,
        47.193936,
        494.75
      ],
      [
        9.689125,
        47.19404,
        494.25
      ],
      [
        9.68915,
        47.194118,
        494.0
      ],
      [
        9.689289,
        47.194356,
        493.5
      ],
      [
        9.689325,
        47.194418,
        493.5
      ],
      [
        9.690117,
        47.195829,
        494.75
      ],
      [
        9.690041,
        47.195847,
        494.75
      ],
      [
        9.689953,
        47.1959,
        494.5
      ],
      [
        9.689933,
        47.19596,
        494.25
      ],
      [
        9.690084,
        47.196163,
        495.25
      ],
      [
        9.6901,
        47.196197,
        495.5
      ],
      [
        9.689111,
        47.196395,
        493.0
      ],
      [
        9.687678,
        47.196695,
        492.5
      ],
      [
        9.686728,
        47.196901,
        492.0
      ],
      [
        9.685785,
        47.197089,
        492.0
      ],
      [
        9.684423,
        47.19738,
        491.0
      ],
      [
        9.682422,
        47.197791,
        490.0
      ],
      [
        9.681233,
        47.198044,
        490.0
      ],
      [
        9.680569,
        47.198175,
        490.0
      ],
      [
        9.680144,
        47.198267,
        490.0
      ],
      [
        9.677451,
        47.19882,
        489.0
      ],
      [
        9.67643,
        47.19902,
        489.0
      ],
      [
        9.676348,
        47.199051,
        489.0
      ],
      [
        9.676304,
        47.199087,
        489.0
      ],
      [
        9.676026,
        47.199438,
        487.5
      ],
      [
        9.675919,
        47.1996,
        487.25
      ],
      [
        9.67595,
        47.199645,
        487.25
      ],
      [
        9.676356,
        47.199908,
        487.75
      ],
      [
        9.676605,
        47.200142,
        487.75
      ],
      [
        9.676955,
        47.200603,
        488.25
      ],
      [
        9.676969,
        47.200659,
        489.0
      ],
      [
        9.676965,
        47.200706,
        489.5
      ],
      [
        9.676941,
        47.200745,
        490.0
      ],
      [
        9.676898,
        47.200774,
        490.0
      ],
      [
        9.67673,
        47.200838,
        489.25
      ],
      [
        9.67665,
        47.200871,
        488.5
      ],
      [
        9.676342,
        47.201025,
        488.75
      ],
      [
        9.675745,
        47.20128,
        488.25
      ],
      [
        9.675331,
        47.201539,
        487.25
      ],
      [
        9.673593,
        47.202534,
        487.25
      ],
      [
        9.673117,
        47.202827,
        486.75
      ],
      [
        9.672572,
        47.203146,
        486.25
      ],
      [
        9.672423,
        47.203201,
        486.5
      ],
      [
        9.672294,
        47.203206,
        486.5
      ],
      [
        9.672214,
        47.20319,
        486.25
      ],
      [
        9.672071,
        47.203138,
        485.5
      ],
      [
        9.671992,
        47.203118,
        485.25
      ],
      [
        9.671934,
        47.203115,
        485.0
      ],
      [
        9.67183,
        47.203148,
        485.5
      ],
      [
        9.67123,
        47.203522,
        486.0
      ],
      [
        9.671056,
        47.203624,
        486.0
      ],
      [
        9.671013,
        47.20364,
        485.75
      ],
      [
        9.670961,
        47.203652,
        486.0
      ],
      [
        9.670868,
        47.203651,
        486.0
      ],
      [
        9.670831,
        47.203641,
        485.75
      ],
      [
        9.670804,
        47.203623,
        485.75
      ],
      [
        9.670783,
        47.2036,
        485.5
      ],
      [
        9.670776,
        47.20351,
        485.5
      ],
      [
        9.670774,
        47.203411,
        485.5
      ],
      [
        9.670706,
        47.203119,
        485.25
      ],
      [
        9.670603,
        47.202979,
        486.25
      ],
      [
        9.670468,
        47.202914,
        486.5
      ],
      [
        9.67037,
        47.202897,
        486.5
      ],
      [
        9.670215,
        47.202927,
        486.5
      ],
      [
        9.670122,
        47.202985,
        486.75
      ],
      [
        9.670071,
        47.203137,
        486.5
      ],
      [
        9.670092,
        47.20356,
        485.0
      ],
      [
        9.670081,
        47.203789,
        485.5
      ],
      [
        9.67002,
        47.204296,
        486.5
      ],
      [
        9.670019,
        47.204367,
        486.5
      ],
      [
        9.669984,
        47.204567,
        486.0
      ],
      [
        9.669934,
        47.204787,
        484.75
      ],
      [
        9.669839,
        47.205078,
        484.5
      ],
      [
        9.66971,
        47.205329,
        485.25
      ],
      [
        9.668941,
        47.205999,
        483.5
      ],
      [
        9.667425,
        47.207385,
        483.0
      ],
      [
        9.667299,
        47.207478,
        483.75
      ],
      [
        9.667091,
        47.207546,
        484.5
      ],
      [
        9.666833,
        47.207626,
        484.25
      ],
      [
        9.66656,
        47.207662,
        484.5
      ],
      [
        9.666081,
        47.207642,
        485.25
      ],
      [
        9.66598,
        47.207653,
        485.0
      ],
      [
        9.665782,
        47.207731,
        484.0
      ],
      [
        9.665505,
        47.207819,
        485.5
      ],
      [
        9.665436,
        47.207828,
        485.25
      ],
      [
        9.665376,
        47.207805,
        485.25
      ],
      [
        9.664767,
        47.207455,
        485.75
      ],
      [
        9.664713,
        47.207428,
        485.75
      ],
      [
        9.664641,
        47.207409,
        485.75
      ],
      [
        9.664532,
        47.207418,
        485.25
      ],
      [
        9.664392,
        47.207462,
        484.5
      ],
      [
        9.664255,
        47.207528,
        483.5
      ],
      [
        9.663811,
        47.207772,
        481.75
      ],
      [
        9.663372,
        47.207985,
        483.25
      ],
      [
        9.662964,
        47.208286,
        481.75
      ],
      [
        9.662474,
        47.208484,
        482.75
      ],
      [
        9.661926,
        47.20881,
        483.0
      ],
      [
        9.661841,
        47.208853,
        482.75
      ],
      [
        9.661366,
        47.209094,
        483.0
      ],
      [
        9.661282,
        47.209125,
        482.5
      ],
      [
        9.661246,
        47.209139,
        482.25
      ],
      [
        9.660959,
        47.20923,
        482.5
      ],
      [
        9.660903,
        47.209254,
        482.5
      ],
      [
        9.659001,
        47.210372,
        480.75
      ],
      [
        9.656327,
        47.211957,
        479.25
      ],
      [
        9.654305,
        47.213158,
        478.0
      ],
      [
        9.653695,
        47.21354,
        477.25
      ],
      [
        9.653662,
        47.213572,
        477.25
      ],
      [
        9.653654,
        47.213606,
        477.0
      ],
      [
        9.65366,
        47.213644,
        476.75
      ],
      [
        9.653826,
        47.213846,
        477.0
      ],
      [
        9.653832,
        47.213871,
        477.0
      ],
      [
        9.653823,
        47.213897,
        477.0
      ],
      [
        9.653768,
        47.213946,
        477.0
      ],
      [
        9.653756,
        47.213965,
        477.0
      ],
      [
        9.653715,
        47.213951,
        477.0
      ],
      [
        9.653359,
        47.213683,
        477.5
      ],
      [
        9.653262,
        47.213606,
        477.5
      ],
      [
        9.652954,
        47.213369,
        477.0
      ],
      [
        9.652917,
        47.21332,
        477.0
      ],
      [
        9.652705,
        47.213141,
        477.0
      ],
      [
        9.652671,
        47.213113,
        477.0
      ],
      [
        9.652179,
        47.212801,
        477.0
      ],
      [
        9.651979,
        47.212673,
        477.25
      ],
      [
        9.651905,
        47.212627,
        477.5
      ],
      [
        9.651851,
        47.212582,
        477.5
      ],
      [
        9.651637,
        47.212402,
        477.5
      ],
      [
        9.651599,
        47.212472,
        477.5
      ],
      [
        9.651599,
        47.212577,
        477.5
      ],
      [
        9.651565,
        47.212647,
        477.25
      ],
      [
        9.651499,
        47.212726,
        477.0
      ],
      [
        9.64896,
        47.214052,
        475.75
      ],
      [
        9.648728,
        47.214189,
        475.75
      ],
      [
        9.648242,
        47.214442,
        475.5
      ],
      [
        9.647614,
        47.21476,
        474.25
      ],
      [
        9.647184,
        47.214978,
        474.75
      ],
      [
        9.646565,
        47.215291,
        474.0
      ],
      [
        9.645443,
        47.215874,
        473.75
      ],
      [
        9.645068,
        47.216069,
        473.5
      ],
      [
        9.644548,
        47.216339,
        473.5
      ],
      [
        9.644145,
        47.216539,
        473.0
      ],
      [
        9.643925,
        47.216653,
        473.0
      ],
      [
        9.643712,
        47.216762,
        473.0
      ],
      [
        9.642779,
        47.21724,
        472.75
      ],
      [
        9.642495,
        47.217385,
        472.25
      ],
      [
        9.642243,
        47.217515,
        472.75
      ],
      [
        9.641396,
        47.217949,
        471.75
      ],
      [
        9.638911,
        47.21922,
        471.25
      ],
      [
        9.63873,
        47.219297,
        471.0
      ],
      [
        9.638613,
        47.219336,
        471.0
      ],
      [
        9.63851,
        47.219355,
        471.0
      ],
      [
        9.63847,
        47.21934,
        471.25
      ],
      [
        9.63836,
        47.219327,
        471.5
      ],
      [
        9.638252,
        47.219321,
        471.25
      ],
      [
        9.638172,
        47.219336,
        471.25
      ],
      [
        9.638111,
        47.219364,
        471.25
      ],
      [
        9.638078,
        47.2194,
        471.5
      ],
      [
        9.638025,
        47.219449,
        471.75
      ],
      [
        9.637992,
        47.219486,
        471.75
      ],
      [
        9.638025,
        47.21963,
        471.25
      ],
      [
        9.637999,
        47.21966,
        471.0
      ],
      [
        9.637897,
        47.219739,
        471.0
      ],
      [
        9.637651,
        47.219874,
        471.25
      ],
      [
        9.637463,
        47.219968,
        470.75
      ],
      [
        9.636977,
        47.220211,
        471.0
      ],
      [
        9.636594,
        47.220401,
        471.25
      ],
      [
        9.636309,
        47.220393,
        470.25
      ],
      [
        9.63626,
        47.220428,
        470.25
      ],
      [
        9.636201,
        47.220478,
        470.25
      ],
      [
        9.636124,
        47.220539,
        470.75
      ],
      [
        9.635789,
        47.220806,
        470.75
      ],
      [
        9.635205,
        47.221144,
        470.5
      ],
      [
        9.634926,
        47.221311,
        469.25
      ],
      [
        9.634854,
        47.221356,
        470.0
      ],
      [
        9.63481,
        47.221381,
        470.5
      ],
      [
        9.634752,
        47.221416,
        471.25
      ],
      [
        9.634698,
        47.22142,
        472.0
      ],
      [
        9.634218,
        47.221685,
        474.25
      ],
      [
        9.634143,
        47.221705,
        474.5
      ],
      [
        9.634137,
        47.22174,
        474.25
      ],
      [
        9.634122,
        47.22177,
        474.0
      ],
      [
        9.634085,
        47.221798,
        474.0
      ],
      [
        9.633336,
        47.222344,
        475.0
      ],
      [
        9.632792,
        47.222751,
        475.0
      ],
      [
        9.632577,
        47.222862,
        475.0
      ],
      [
        9.632263,
        47.223,
        475.0
      ],
      [
        9.6321,
        47.223061,
        475.25
      ],
      [
        9.631868,
        47.223115,
        474.75
      ],
      [
        9.631649,
        47.223148,
        475.0
      ],
      [
        9.631387,
        47.223175,
        475.0
      ],
      [
        9.631303,
        47.22318,
        475.0
      ],
      [
        9.630732,
        47.223202,
        475.0
      ],
      [
        9.629843,
        47.223219,
        475.5
      ],
      [
        9.629138,
        47.223238,
        475.25
      ],
      [
        9.629091,
        47.223237,
        475.0
      ],
      [
        9.628821,
        47.223243,
        473.5
      ],
      [
        9.628801,
        47.223244,
        473.75
      ],
      [
        9.628771,
        47.223286,
        473.75
      ],
      [
        9.628751,
        47.223322,
        473.75
      ],
      [
        9.628758,
        47.223419,
        473.25
      ],
      [
        9.628724,
        47.223561,
        472.25
      ],
      [
        9.628671,
        47.223703,
        471.5
      ],
      [
        9.628604,
        47.223858,
        471.0
      ],
      [
        9.628498,
        47.224051,
        471.0
      ],
      [
        9.628475,
        47.224094,
        471.0
      ],
      [
        9.628367,
        47.224244,
        471.0
      ],
      [
        9.628236,
        47.224395,
        470.5
      ],
      [
        9.628081,
        47.224544,
        470.0
      ],
      [
        9.627794,
        47.224805,
        470.0
      ],
      [
        9.627403,
        47.225058,
        469.75
      ],
      [
        9.627263,
        47.225109,
        468.75
      ],
      [
        9.627133,
        47.225137,
        468.25
      ],
      [
        9.62707,
        47.225137,
        468.0
      ],
      [
        9.627011,
        47.225121,
        468.25
      ],
      [
        9.626941,
        47.225091,
        468.5
      ],
      [
        9.626876,
        47.225081,
        468.75
      ],
      [
        9.626808,
        47.225098,
        468.5
      ],
      [
        9.626697,
        47.225105,
        468.25
      ],
      [
        9.626395,
        47.225067,
        468.25
      ],
      [
        9.626207,
        47.225051,
        468.25
      ],
      [
        9.62596,
        47.225048,
        468.25
      ],
      [
        9.625271,
        47.22509,
        467.25
      ],
      [
        9.625057,
        47.225115,
        467.0
      ],
      [
        9.624798,
        47.225178,
        466.75
      ],
      [
        9.622152,
        47.226007,
        466.25
      ],
      [
        9.620897,
        47.226421,
        467.75
      ],
      [
        9.620343,
        47.226588,
        465.0
      ],
      [
        9.619906,
        47.226752,
        465.75
      ],
      [
        9.619159,
        47.226973,
        466.5
      ],
      [
        9.618679,
        47.227084,
        464.5
      ],
      [
        9.618241,
        47.227172,
        465.25
      ],
      [
        9.617825,
        47.227225,
        465.0
      ],
      [
        9.617343,
        47.227259,
        465.5
      ],
      [
        9.616812,
        47.227266,
        465.25
      ],
      [
        9.615879,
        47.227289,
        465.75
      ],
      [
        9.615465,
        47.227327,
        464.75
      ],
      [
        9.61461,
        47.227383,
        462.75
      ],
      [
        9.613921,
        47.227391,
        462.75
      ],
      [
        9.613532,
        47.227408,
        462.5
      ],
      [
        9.612799,
        47.227422,
        462.5
      ],
      [
        9.611414,
        47.227463,
        463.75
      ],
      [
        9.610937,
        47.227487,
        463.75
      ],
      [
        9.610066,
        47.227553,
        463.0
      ],
      [
        9.60953,
        47.227608,
        462.25
      ],
      [
        9.608871,
        47.227687,
        461.25
      ],
      [
        9.607942,
        47.227857,
        462.0
      ],
      [
        9.607567,
        47.227917,
        461.25
      ],
      [
        9.60737,
        47.227973,
        461.0
      ],
      [
        9.606186,
        47.228356,
        461.5
      ],
      [
        9.605999,
        47.228379,
        461.5
      ],
      [
        9.60587,
        47.228379,
        461.5
      ],
      [
        9.605571,
        47.22836,
        461.75
      ],
      [
        9.605353,
        47.228357,
        463.25
      ],
      [
        9.605222,
        47.228372,
        463.5
      ],
      [
        9.605135,
        47.228408,
        463.5
      ],
      [
        9.605078,
        47.228451,
        463.25
      ],
      [
        9.605019,
        47.228502,
        463.25
      ],
      [
        9.60489,
        47.228652,
        463.5
      ],
      [
        9.604731,
        47.228871,
        463.75
      ],
      [
        9.604664,
        47.228974,
        462.75
      ],
      [
        9.604493,
        47.2292,
        462.75
      ],
      [
        9.604456,
        47.229283,
        462.75
      ],
      [
        9.604426,
        47.229559,
        463.0
      ],
      [
        9.604357,
        47.229891,
        463.75
      ],
      [
        9.604323,
        47.229975,
        464.5
      ],
      [
        9.604265,
        47.230081,
        465.0
      ],
      [
        9.604215,
        47.230153,
        465.25
      ],
      [
        9.60413,
        47.230237,
        465.75
      ],
      [
        9.604061,
        47.230287,
        467.0
      ],
      [
        9.604017,
        47.230313,
        467.5
      ],
      [
        9.603929,
        47.230348,
        468.5
      ],
      [
        9.603606,
        47.230395,
        471.0
      ],
      [
        9.603254,
        47.230512,
        474.0
      ],
      [
        9.603092,
        47.230559,
        475.25
      ],
      [
        9.602761,
        47.230685,
        478.25
      ],
      [
        9.602211,
        47.230973,
        478.25
      ],
      [
        9.601925,
        47.231109,
        476.75
      ],
      [
        9.601559,
        47.23129,
        475.25
      ],
      [
        9.601158,
        47.231525,
        473.25
      ],
      [
        9.600842,
        47.23176,
        471.5
      ],
      [
        9.600498,
        47.23209,
        469.25
      ],
      [
        9.600251,
        47.232375,
        467.25
      ],
      [
        9.599706,
        47.233129,
        462.75
      ],
      [
        9.599509,
        47.233423,
        461.0
      ],
      [
        9.599447,
        47.233569,
        460.0
      ],
      [
        9.599306,
        47.23387,
        460.25
      ],
      [
        9.599237,
        47.234037,
        460.75
      ],
      [
        9.599202,
        47.234186,
        461.75
      ],
      [
        9.599197,
        47.234208,
        461.75
      ],
      [
        9.599135,
        47.234473,
        460.75
      ],
      [
        9.599119,
        47.234739,
        460.75
      ],
      [
        9.599088,
        47.234807,
        460.5
      ],
      [
        9.599057,
        47.234845,
        460.5
      ],
      [
        9.599047,
        47.235031,
        459.75
      ],
      [
        9.599039,
        47.235043,
        459.75
      ],
      [
        9.59901,
        47.235058,
        459.75
      ],
      [
        9.5989,
        47.235087,
        459.5
      ],
      [
        9.598888,
        47.235146,
        459.25
      ],
      [
        9.59879,
        47.235165,
        459.0
      ],
      [
        9.598784,
        47.235205,
        458.75
      ],
      [
        9.598763,
        47.235274,
        458.5
      ],
      [
        9.598672,
        47.23554,
        459.25
      ],
      [
        9.598651,
        47.235598,
        459.5
      ],
      [
        9.598631,
        47.235648,
        459.5
      ],
      [
        9.598597,
        47.235743,
        459.5
      ],
      [
        9.598604,
        47.235884,
        460.0
      ],
      [
        9.598612,
        47.236018,
        460.5
      ],
      [
        9.598619,
        47.236119,
        461.25
      ],
      [
        9.59866,
        47.23643,
        460.25
      ],
      [
        9.598665,
        47.236532,
        459.5
      ],
      [
        9.598712,
        47.236619,
        459.0
      ],
      [
        9.598709,
        47.236663,
        458.25
      ],
      [
        9.598687,
        47.236677,
        458.0
      ],
      [
        9.598635,
        47.236797,
        457.5
      ],
      [
        9.598643,
        47.236816,
        457.5
      ],
      [
        9.598638,
        47.236825,
        457.5
      ],
      [
        9.598453,
        47.237101,
        457.0
      ],
      [
        9.598201,
        47.237499,
        456.5
      ],
      [
        9.598098,
        47.237683,
        456.0
      ],
      [
        9.598084,
        47.237708,
        456.0
      ],
      [
        9.598142,
        47.237781,
        456.25
      ],
      [
        9.598273,
        47.237823,
        456.75
      ],
      [
        9.598565,
        47.237939,
        457.25
      ],
      [
        9.598485,
        47.238038,
        457.0
      ],
      [
        9.598438,
        47.238095,
        457.25
      ],
      [
        9.598485,
        47.238038,
        457.0
      ],
      [
        9.598565,
        47.237939,
        457.25
      ],
      [
        9.598273,
        47.237823,
        456.75
      ],
      [
        9.598142,
        47.237781,
        456.25
      ],
      [
        9.598089,
        47.237793,
        456.0
      ],
      [
        9.598021,
        47.237863,
        456.25
      ],
      [
        9.597807,
        47.23819,
        456.5
      ],
      [
        9.597755,
        47.238251,
        456.5
      ],
      [
        9.597743,
        47.238268,
        456.5
      ],
      [
        9.59766,
        47.238352,
        456.5
      ],
      [
        9.597593,
        47.238405,
        456.5
      ],
      [
        9.597544,
        47.238415,
        456.25
      ],
      [
        9.597476,
        47.238404,
        456.0
      ],
      [
        9.597367,
        47.238374,
        455.5
      ],
      [
        9.596963,
        47.238229,
        455.5
      ],
      [
        9.596938,
        47.23822,
        455.5
      ],
      [
        9.596559,
        47.238081,
        456.0
      ],
      [
        9.596426,
        47.23822,
        456.5
      ],
      [
        9.596392,
        47.238255,
        456.5
      ],
      [
        9.596379,
        47.238269,
        456.5
      ],
      [
        9.596357,
        47.238296,
        456.75
      ],
      [
        9.596278,
        47.238386,
        456.5
      ],
      [
        9.596122,
        47.238333,
        456.0
      ],
      [
        9.59591,
        47.238274,
        456.0
      ],
      [
        9.595637,
        47.238224,
        456.0
      ],
      [
        9.595368,
        47.238188,
        456.0
      ],
      [
        9.594925,
        47.238143,
        455.5
      ],
      [
        9.594771,
        47.238119,
        455.25
      ],
      [
        9.594498,
        47.238062,
        455.0
      ],
      [
        9.594466,
        47.238054,
        455.0
      ],
      [
        9.594385,
        47.238036,
        455.0
      ],
      [
        9.594328,
        47.238011,
        455.0
      ],
      [
        9.594245,
        47.238083,
        455.0
      ],
      [
        9.594193,
        47.238127,
        455.0
      ],
      [
        9.594176,
        47.238138,
        455.25
      ],
      [
        9.59416,
        47.238148,
        455.25
      ],
      [
        9.594035,
        47.238206,
        456.0
      ],
      [
        9.593834,
        47.238264,
        456.5
      ],
      [
        9.593784,
        47.23827,
        456.25
      ],
      [
        9.593741,
        47.238276,
        456.25
      ],
      [
        9.593537,
        47.238265,
        456.25
      ],
      [
        9.593037,
        47.238174,
        458.75
      ],
      [
        9.592942,
        47.238152,
        458.75
      ],
      [
        9.592834,
        47.238126,
        458.5
      ],
      [
        9.592565,
        47.238044,
        458.25
      ],
      [
        9.592504,
        47.23802,
        458.5
      ],
      [
        9.592296,
        47.237933,
        459.25
      ],
      [
        9.591856,
        47.237777,
        458.5
      ],
      [
        9.591811,
        47.237755,
        458.0
      ],
      [
        9.591778,
        47.237708,
        456.75
      ],
      [
        9.591705,
        47.237486,
        450.75
      ],
      [
        9.591695,
        47.237397,
        453.25
      ],
      [
        9.591682,
        47.237334,
        455.0
      ],
      [
        9.591645,
        47.237268,
        456.75
      ],
      [
        9.591616,
        47.237242,
        457.75
      ],
      [
        9.591531,
        47.237183,
        458.75
      ],
      [
        9.591432,
        47.237113,
        458.75
      ],
      [
        9.591237,
        47.236999,
        459.25
      ],
      [
        9.590994,
        47.236819,
        460.0
      ],
      [
        9.59087,
        47.236676,
        459.75
      ],
      [
        9.590591,
        47.236203,
        461.25
      ],
      [
        9.590523,
        47.236086,
        462.5
      ],
      [
        9.590417,
        47.235885,
        463.0
      ],
      [
        9.590271,
        47.235705,
        463.0
      ],
      [
        9.589918,
        47.235354,
        464.5
      ],
      [
        9.589678,
        47.235101,
        465.25
      ],
      [
        9.589651,
        47.235035,
        465.25
      ],
      [
        9.589627,
        47.234908,
        465.25
      ],
      [
        9.589615,
        47.234618,
        465.5
      ],
      [
        9.589603,
        47.234324,
        466.0
      ],
      [
        9.589613,
        47.234257,
        466.0
      ],
      [
        9.589633,
        47.234223,
        466.0
      ],
      [
        9.58966,
        47.234199,
        466.0
      ],
      [
        9.589584,
        47.2341,
        466.75
      ],
      [
        9.589489,
        47.23401,
        467.25
      ],
      [
        9.589434,
        47.233991,
        467.5
      ],
      [
        9.58937,
        47.233965,
        468.0
      ],
      [
        9.588781,
        47.23357,
        470.0
      ],
      [
        9.588464,
        47.233328,
        470.5
      ],
      [
        9.588407,
        47.233301,
        470.5
      ],
      [
        9.588316,
        47.23322,
        471.25
      ],
      [
        9.58825,
        47.23315,
        472.0
      ],
      [
        9.588231,
        47.233127,
        472.25
      ],
      [
        9.588212,
        47.233071,
        472.75
      ],
      [
        9.588083,
        47.232925,
        473.5
      ],
      [
        9.587974,
        47.232779,
        473.5
      ],
      [
        9.587915,
        47.232723,
        474.0
      ],
      [
        9.587874,
        47.232676,
        474.25
      ],
      [
        9.587802,
        47.232607,
        474.25
      ],
      [
        9.587776,
        47.232623,
        474.0
      ],
      [
        9.587748,
        47.232633,
        474.0
      ],
      [
        9.587586,
        47.232742,
        473.75
      ],
      [
        9.587336,
        47.232909,
        473.5
      ],
      [
        9.587303,
        47.232928,
        473.25
      ],
      [
        9.587219,
        47.232864,
        473.5
      ],
      [
        9.587046,
        47.232733,
        473.25
      ],
      [
        9.586726,
        47.232489,
        473.0
      ],
      [
        9.586362,
        47.232194,
        472.75
      ],
      [
        9.585765,
        47.23173,
        473.0
      ],
      [
        9.585643,
        47.231619,
        472.75
      ],
      [
        9.585538,
        47.231495,
        473.0
      ],
      [
        9.585496,
        47.231413,
        473.0
      ],
      [
        9.585396,
        47.231218,
        473.0
      ],
      [
        9.585337,
        47.231103,
        473.0
      ],
      [
        9.585266,
        47.230967,
        473.0
      ],
      [
        9.585159,
        47.230761,
        473.0
      ],
      [
        9.585001,
        47.230492,
        473.0
      ],
      [
        9.584952,
        47.23041,
        473.25
      ],
      [
        9.584863,
        47.230281,
        473.5
      ],
      [
        9.58469,
        47.230042,
        473.75
      ],
      [
        9.584442,
        47.22972,
        474.75
      ],
      [
        9.584229,
        47.229475,
        475.0
      ],
      [
        9.58409,
        47.229319,
        475.25
      ],
      [
        9.583772,
        47.228999,
        475.25
      ],
      [
        9.583489,
        47.228762,
        475.0
      ],
      [
        9.58329,
        47.228633,
        474.75
      ],
      [
        9.582997,
        47.228452,
        474.25
      ],
      [
        9.582886,
        47.228401,
        474.0
      ],
      [
        9.58284,
        47.228378,
        474.0
      ],
      [
        9.582102,
        47.228002,
        473.25
      ],
      [
        9.581943,
        47.227936,
        472.75
      ],
      [
        9.58157,
        47.227782,
        470.25
      ],
      [
        9.581439,
        47.227727,
        469.5
      ],
      [
        9.581173,
        47.227617,
        469.25
      ],
      [
        9.580981,
        47.227542,
        468.75
      ],
      [
        9.580709,
        47.227419,
        467.5
      ],
      [
        9.580653,
        47.22739,
        467.25
      ],
      [
        9.580518,
        47.227281,
        466.5
      ],
      [
        9.580392,
        47.227168,
        465.5
      ],
      [
        9.580338,
        47.227105,
        465.0
      ],
      [
        9.580315,
        47.22707,
        464.5
      ],
      [
        9.580263,
        47.226984,
        464.0
      ],
      [
        9.58014,
        47.226714,
        463.5
      ],
      [
        9.58002,
        47.226456,
        463.75
      ],
      [
        9.579951,
        47.226307,
        464.25
      ],
      [
        9.579937,
        47.226274,
        464.5
      ],
      [
        9.579835,
        47.226061,
        465.5
      ],
      [
        9.579753,
        47.225915,
        465.5
      ],
      [
        9.579743,
        47.225895,
        465.5
      ],
      [
        9.579734,
        47.225875,
        465.75
      ],
      [
        9.579503,
        47.225991,
        463.25
      ],
      [
        9.579444,
        47.226034,
        462.75
      ],
      [
        9.579429,
        47.226067,
        462.75
      ],
      [
        9.579039,
        47.226261,
        461.0
      ],
      [
        9.578945,
        47.226264,
        460.75
      ],
      [
        9.578854,
        47.226218,
        461.0
      ],
      [
        9.578645,
        47.226117,
        461.0
      ],
      [
        9.578451,
        47.226039,
        461.25
      ],
      [
        9.578123,
        47.225852,
        461.75
      ],
      [
        9.578008,
        47.225889,
        461.75
      ],
      [
        9.577748,
        47.225598,
        462.0
      ],
      [
        9.577635,
        47.225424,
        462.0
      ],
      [
        9.577342,
        47.224941,
        463.0
      ],
      [
        9.577263,
        47.224868,
        463.0
      ],
      [
        9.57708,
        47.224779,
        463.75
      ],
      [
        9.576852,
        47.224686,
        465.0
      ],
      [
        9.576582,
        47.22447,
        466.25
      ],
      [
        9.576421,
        47.224297,
        466.5
      ],
      [
        9.576301,
        47.22411,
        466.0
      ],
      [
        9.576232,
        47.223982,
        465.5
      ],
      [
        9.57614,
        47.223813,
        465.25
      ],
      [
        9.576093,
        47.223708,
        465.5
      ],
      [
        9.576035,
        47.223603,
        465.5
      ],
      [
        9.575943,
        47.223487,
        465.0
      ],
      [
        9.575852,
        47.223378,
        464.25
      ],
      [
        9.575695,
        47.223229,
        464.75
      ],
      [
        9.57562,
        47.223157,
        464.75
      ],
      [
        9.57544,
        47.223008,
        465.0
      ],
      [
        9.575301,
        47.222899,
        465.0
      ],
      [
        9.575233,
        47.222839,
        465.0
      ],
      [
        9.574834,
        47.222513,
        464.25
      ],
      [
        9.574771,
        47.222467,
        464.25
      ],
      [
        9.57461,
        47.222346,
        464.5
      ],
      [
        9.574437,
        47.222218,
        463.0
      ],
      [
        9.574266,
        47.222079,
        464.0
      ],
      [
        9.574099,
        47.221943,
        461.75
      ],
      [
        9.573928,
        47.22179,
        461.25
      ],
      [
        9.573867,
        47.22171,
        461.0
      ],
      [
        9.57383,
        47.221587,
        461.0
      ],
      [
        9.573864,
        47.221503,
        460.75
      ],
      [
        9.573879,
        47.221376,
        461.0
      ],
      [
        9.573943,
        47.220914,
        463.0
      ],
      [
        9.573997,
        47.220739,
        464.25
      ],
      [
        9.57403,
        47.220671,
        464.75
      ],
      [
        9.574053,
        47.220657,
        465.0
      ],
      [
        9.574104,
        47.220631,
        465.25
      ],
      [
        9.573738,
        47.220329,
        463.5
      ],
      [
        9.573472,
        47.220103,
        461.5
      ],
      [
        9.573166,
        47.219839,
        460.5
      ],
      [
        9.573073,
        47.219756,
        460.0
      ],
      [
        9.573011,
        47.219698,
        460.0
      ],
      [
        9.57297,
        47.219659,
        460.0
      ],
      [
        9.572667,
        47.2194,
        458.75
      ],
      [
        9.572239,
        47.219069,
        458.75
      ],
      [
        9.572072,
        47.218958,
        459.0
      ],
      [
        9.571863,
        47.218843,
        458.75
      ],
      [
        9.571657,
        47.218736,
        459.0
      ],
      [
        9.5716,
        47.218794,
        458.5
      ],
      [
        9.571555,
        47.218831,
        458.25
      ],
      [
        9.571491,
        47.218872,
        458.0
      ],
      [
        9.571297,
        47.218987,
        456.75
      ],
      [
        9.571026,
        47.219133,
        456.5
      ],
      [
        9.570885,
        47.219204,
        456.0
      ],
      [
        9.570823,
        47.21922,
        456.0
      ],
      [
        9.57074,
        47.219225,
        455.75
      ],
      [
        9.570664,
        47.219204,
        456.0
      ],
      [
        9.5706,
        47.219165,
        457.0
      ],
      [
        9.570176,
        47.21885,
        457.75
      ],
      [
        9.570143,
        47.218805,
        457.75
      ],
      [
        9.570121,
        47.218695,
        459.0
      ],
      [
        9.570111,
        47.218663,
        459.25
      ],
      [
        9.570091,
        47.218631,
        459.5
      ],
      [
        9.570051,
        47.218594,
        460.0
      ],
      [
        9.569756,
        47.218452,
        459.0
      ],
      [
        9.569415,
        47.218301,
        460.25
      ],
      [
        9.569361,
        47.218262,
        459.25
      ],
      [
        9.56933,
        47.218207,
        459.0
      ],
      [
        9.569325,
        47.218159,
        459.0
      ],
      [
        9.569346,
        47.218108,
        459.5
      ],
      [
        9.569397,
        47.21803,
        460.5
      ],
      [
        9.569453,
        47.217925,
        461.25
      ],
      [
        9.569486,
        47.217854,
        461.75
      ],
      [
        9.569491,
        47.21784,
        461.75
      ],
      [
        9.569524,
        47.217748,
        462.0
      ],
      [
        9.569117,
        47.217572,
        462.25
      ],
      [
        9.568922,
        47.21751,
        462.0
      ],
      [
        9.568785,
        47.217466,
        462.0
      ],
      [
        9.568624,
        47.217417,
        462.0
      ],
      [
        9.568663,
        47.217371,
        462.0
      ],
      [
        9.568726,
        47.217315,
        462.5
      ],
      [
        9.568783,
        47.217273,
        463.0
      ],
      [
        9.568882,
        47.21723,
        463.75
      ],
      [
        9.568926,
        47.217219,
        464.25
      ],
      [
        9.568986,
        47.217202,
        464.75
      ],
      [
        9.569087,
        47.217187,
        465.75
      ],
      [
        9.56919,
        47.217184,
        466.75
      ],
      [
        9.569278,
        47.217194,
        467.5
      ],
      [
        9.569347,
        47.217207,
        468.0
      ],
      [
        9.569902,
        47.217312,
        470.0
      ],
      [
        9.569959,
        47.217324,
        470.0
      ],
      [
        9.570014,
        47.217179,
        472.5
      ],
      [
        9.570041,
        47.217083,
        473.75
      ],
      [
        9.570057,
        47.216881,
        476.0
      ],
      [
        9.570048,
        47.216795,
        476.75
      ],
      [
        9.570023,
        47.216707,
        477.5
      ],
      [
        9.569999,
        47.216641,
        478.25
      ],
      [
        9.569956,
        47.216554,
        480.0
      ],
      [
        9.569999,
        47.216641,
        478.25
      ],
      [
        9.570023,
        47.216707,
        477.5
      ],
      [
        9.570048,
        47.216795,
        476.75
      ],
      [
        9.570057,
        47.216881,
        476.0
      ],
      [
        9.570041,
        47.217083,
        473.75
      ],
      [
        9.570014,
        47.217179,
        472.5
      ],
      [
        9.569959,
        47.217324,
        470.0
      ],
      [
        9.569902,
        47.217312,
        470.0
      ],
      [
        9.569347,
        47.217207,
        468.0
      ],
      [
        9.569278,
        47.217194,
        467.5
      ],
      [
        9.56919,
        47.217184,
        466.75
      ],
      [
        9.569087,
        47.217187,
        465.75
      ],
      [
        9.568986,
        47.217202,
        464.75
      ],
      [
        9.568926,
        47.217219,
        464.25
      ],
      [
        9.568882,
        47.21723,
        463.75
      ],
      [
        9.568783,
        47.217273,
        463.0
      ],
      [
        9.568726,
        47.217315,
        462.5
      ],
      [
        9.568661,
        47.217286,
        462.25
      ],
      [
        9.568591,
        47.217293,
        461.75
      ],
      [
        9.568527,
        47.217291,
        461.5
      ],
      [
        9.568465,
        47.217272,
        461.25
      ],
      [
        9.568393,
        47.217249,
        461.0
      ],
      [
        9.56804,
        47.217096,
        460.25
      ],
      [
        9.567697,
        47.216914,
        459.75
      ],
      [
        9.567625,
        47.216869,
        459.75
      ],
      [
        9.567343,
        47.216691,
        459.0
      ],
      [
        9.567199,
        47.216597,
        459.0
      ],
      [
        9.566895,
        47.216389,
        457.5
      ],
      [
        9.566652,
        47.216209,
        457.0
      ],
      [
        9.566389,
        47.215997,
        457.75
      ],
      [
        9.56609,
        47.215743,
        458.25
      ],
      [
        9.565734,
        47.215409,
        458.25
      ],
      [
        9.565585,
        47.215258,
        458.25
      ],
      [
        9.564673,
        47.214322,
        459.25
      ],
      [
        9.564487,
        47.214121,
        460.5
      ],
      [
        9.564349,
        47.213977,
        461.25
      ],
      [
        9.564193,
        47.213793,
        461.0
      ],
      [
        9.563259,
        47.212499,
        455.5
      ],
      [
        9.563025,
        47.212196,
        456.25
      ],
      [
        9.562697,
        47.211793,
        457.5
      ],
      [
        9.562508,
        47.211589,
        456.25
      ],
      [
        9.562366,
        47.211448,
        456.5
      ],
      [
        9.562183,
        47.211246,
        456.0
      ],
      [
        9.562127,
        47.211191,
        456.25
      ],
      [
        9.562101,
        47.211144,
        456.25
      ],
      [
        9.561947,
        47.211002,
        456.25
      ],
      [
        9.561881,
        47.210961,
        456.25
      ],
      [
        9.561825,
        47.21093,
        456.5
      ],
      [
        9.561782,
        47.210896,
        456.5
      ],
      [
        9.561747,
        47.210858,
        456.75
      ],
      [
        9.561686,
        47.210815,
        457.0
      ],
      [
        9.561625,
        47.210845,
        456.75
      ],
      [
        9.561576,
        47.210876,
        456.5
      ],
      [
        9.56149,
        47.210941,
        455.75
      ],
      [
        9.56145,
        47.210985,
        455.25
      ],
      [
        9.56141,
        47.211027,
        454.75
      ],
      [
        9.56114,
        47.211239,
        452.5
      ],
      [
        9.560743,
        47.211047,
        452.75
      ],
      [
        9.560342,
        47.210883,
        452.0
      ],
      [
        9.559759,
        47.210685,
        452.25
      ],
      [
        9.559618,
        47.210655,
        452.25
      ],
      [
        9.559398,
        47.210635,
        451.25
      ],
      [
        9.559271,
        47.210615,
        450.5
      ],
      [
        9.559198,
        47.210596,
        450.0
      ],
      [
        9.55901,
        47.210526,
        449.25
      ],
      [
        9.558933,
        47.210516,
        449.0
      ],
      [
        9.558884,
        47.21052,
        448.5
      ],
      [
        9.558842,
        47.210534,
        448.75
      ],
      [
        9.558447,
        47.210903,
        446.5
      ],
      [
        9.558256,
        47.211056,
        446.0
      ],
      [
        9.558079,
        47.211158,
        445.5
      ],
      [
        9.55774,
        47.211318,
        444.75
      ],
      [
        9.55655,
        47.21197,
        442.75
      ],
      [
        9.555945,
        47.212295,
        442.0
      ],
      [
        9.555769,
        47.212363,
        442.0
      ],
      [
        9.555687,
        47.21237,
        442.0
      ],
      [
        9.555403,
        47.212353,
        442.0
      ],
      [
        9.554252,
        47.212265,
        441.75
      ],
      [
        9.553232,
        47.212192,
        441.0
      ],
      [
        9.552681,
        47.212146,
        441.0
      ],
      [
        9.551835,
        47.212099,
        441.25
      ],
      [
        9.551823,
        47.212098,
        441.25
      ],
      [
        9.551737,
        47.212345,
        440.75
      ],
      [
        9.551692,
        47.212434,
        440.75
      ],
      [
        9.551247,
        47.213242,
        439.5
      ],
      [
        9.551151,
        47.213426,
        439.75
      ],
      [
        9.551064,
        47.213615,
        439.75
      ],
      [
        9.550978,
        47.213773,
        439.5
      ],
      [
        9.550538,
        47.214757,
        440.0
      ],
      [
        9.55035,
        47.21511,
        440.0
      ],
      [
        9.550148,
        47.215493,
        440.0
      ],
      [
        9.550117,
        47.215546,
        440.0
      ],
      [
        9.550095,
        47.215591,
        440.0
      ],
      [
        9.550065,
        47.215643,
        440.0
      ],
      [
        9.550044,
        47.215706,
        440.0
      ],
      [
        9.550019,
        47.215778,
        440.0
      ],
      [
        9.549993,
        47.215819,
        440.0
      ],
      [
        9.549938,
        47.215895,
        439.75
      ],
      [
        9.549859,
        47.215994,
        440.0
      ],
      [
        9.549531,
        47.216352,
        440.5
      ],
      [
        9.549447,
        47.21643,
        440.75
      ],
      [
        9.54941,
        47.216456,
        441.0
      ],
      [
        9.54923,
        47.216566,
        441.0
      ],
      [
        9.549105,
        47.21662,
        441.25
      ],
      [
        9.548945,
        47.216618,
        442.0
      ],
      [
        9.548753,
        47.216713,
        442.25
      ],
      [
        9.548661,
        47.216751,
        442.75
      ],
      [
        9.548416,
        47.216849,
        443.0
      ],
      [
        9.548232,
        47.216918,
        443.25
      ],
      [
        9.54743,
        47.217227,
        446.5
      ],
      [
        9.547197,
        47.217339,
        448.75
      ],
      [
        9.547022,
        47.217449,
        449.0
      ],
      [
        9.546951,
        47.217502,
        449.0
      ],
      [
        9.546819,
        47.217622,
        450.5
      ],
      [
        9.546744,
        47.217702,
        450.5
      ],
      [
        9.546652,
        47.217832,
        450.25
      ],
      [
        9.5466,
        47.217924,
        451.0
      ],
      [
        9.546529,
        47.218078,
        451.5
      ],
      [
        9.546462,
        47.218187,
        451.75
      ],
      [
        9.546396,
        47.218247,
        451.75
      ],
      [
        9.546311,
        47.218295,
        451.75
      ],
      [
        9.546213,
        47.218328,
        451.75
      ],
      [
        9.546114,
        47.218341,
        452.0
      ],
      [
        9.546024,
        47.21834,
        452.0
      ],
      [
        9.545965,
        47.218333,
        452.0
      ],
      [
        9.545914,
        47.218321,
        452.0
      ],
      [
        9.545782,
        47.218274,
        452.25
      ],
      [
        9.545639,
        47.218201,
        452.5
      ],
      [
        9.545504,
        47.218114,
        452.75
      ],
      [
        9.545396,
        47.218027,
        453.0
      ],
      [
        9.545334,
        47.217968,
        453.0
      ],
      [
        9.545223,
        47.217839,
        452.75
      ],
      [
        9.545198,
        47.217805,
        452.5
      ],
      [
        9.545178,
        47.217778,
        452.5
      ],
      [
        9.545129,
        47.217711,
        452.75
      ],
      [
        9.545046,
        47.217595,
        452.75
      ],
      [
        9.544953,
        47.217492,
        452.75
      ],
      [
        9.544918,
        47.217465,
        453.0
      ],
      [
        9.544825,
        47.217414,
        452.75
      ],
      [
        9.544707,
        47.21738,
        452.25
      ],
      [
        9.544629,
        47.217371,
        452.0
      ],
      [
        9.544514,
        47.217376,
        451.5
      ],
      [
        9.544401,
        47.217402,
        451.25
      ],
      [
        9.544356,
        47.217419,
        451.0
      ],
      [
        9.544185,
        47.217495,
        451.0
      ],
      [
        9.54403,
        47.21759,
        451.0
      ],
      [
        9.543935,
        47.217659,
        451.0
      ],
      [
        9.543405,
        47.218061,
        451.0
      ],
      [
        9.543175,
        47.218231,
        451.75
      ],
      [
        9.543091,
        47.218294,
        451.75
      ],
      [
        9.542807,
        47.218469,
        452.0
      ],
      [
        9.542598,
        47.218563,
        452.5
      ],
      [
        9.542403,
        47.218649,
        453.0
      ],
      [
        9.54219,
        47.218749,
        453.0
      ],
      [
        9.541951,
        47.218847,
        453.0
      ],
      [
        9.541741,
        47.218914,
        453.75
      ],
      [
        9.541617,
        47.218944,
        454.0
      ],
      [
        9.54146,
        47.21897,
        454.5
      ],
      [
        9.541322,
        47.218979,
        454.5
      ],
      [
        9.541172,
        47.218961,
        454.5
      ],
      [
        9.541076,
        47.218932,
        454.25
      ],
      [
        9.540946,
        47.218866,
        454.5
      ],
      [
        9.54084,
        47.218788,
        454.75
      ],
      [
        9.540459,
        47.218492,
        454.75
      ],
      [
        9.540307,
        47.218373,
        455.0
      ],
      [
        9.540033,
        47.218162,
        455.75
      ],
      [
        9.539881,
        47.218031,
        456.25
      ],
      [
        9.539541,
        47.21771,
        457.0
      ],
      [
        9.539328,
        47.217498,
        458.0
      ],
      [
        9.539229,
        47.217398,
        458.25
      ],
      [
        9.539181,
        47.217426,
        458.25
      ],
      [
        9.53895,
        47.217568,
        459.75
      ],
      [
        9.538799,
        47.217652,
        461.0
      ],
      [
        9.538685,
        47.217744,
        462.25
      ],
      [
        9.53864,
        47.217815,
        463.0
      ],
      [
        9.538627,
        47.217862,
        463.25
      ],
      [
        9.538639,
        47.217913,
        463.75
      ],
      [
        9.538699,
        47.218052,
        464.25
      ],
      [
        9.538569,
        47.218073,
        465.5
      ],
      [
        9.538408,
        47.218109,
        467.5
      ],
      [
        9.538337,
        47.218132,
        468.5
      ],
      [
        9.538213,
        47.218154,
        469.5
      ],
      [
        9.538084,
        47.218156,
        470.75
      ],
      [
        9.53785,
        47.218152,
        473.0
      ],
      [
        9.537671,
        47.218217,
        474.5
      ],
      [
        9.537442,
        47.218388,
        477.0
      ],
      [
        9.537373,
        47.218402,
        478.0
      ],
      [
        9.537286,
        47.218398,
        478.75
      ],
      [
        9.537149,
        47.218356,
        479.5
      ],
      [
        9.536852,
        47.218214,
        482.5
      ],
      [
        9.536533,
        47.217985,
        484.75
      ],
      [
        9.536255,
        47.217844,
        486.75
      ],
      [
        9.536063,
        47.217762,
        488.25
      ],
      [
        9.53582,
        47.217683,
        490.0
      ],
      [
        9.535724,
        47.217672,
        490.5
      ],
      [
        9.535649,
        47.217645,
        490.75
      ],
      [
        9.535486,
        47.217553,
        491.75
      ],
      [
        9.535165,
        47.21744,
        494.25
      ],
      [
        9.534863,
        47.217293,
        496.5
      ],
      [
        9.534599,
        47.217135,
        498.0
      ],
      [
        9.534537,
        47.217089,
        498.5
      ],
      [
        9.534443,
        47.21702,
        499.25
      ],
      [
        9.534269,
        47.216955,
        500.25
      ],
      [
        9.533797,
        47.21691,
        502.25
      ],
      [
        9.53355,
        47.216861,
        503.0
      ],
      [
        9.533422,
        47.21676,
        503.0
      ],
      [
        9.533356,
        47.216659,
        503.75
      ],
      [
        9.533247,
        47.216489,
        503.75
      ],
      [
        9.53309,
        47.216366,
        505.5
      ],
      [
        9.532903,
        47.216301,
        506.25
      ],
      [
        9.531949,
        47.216176,
        505.5
      ],
      [
        9.531601,
        47.216147,
        503.25
      ],
      [
        9.532279,
        47.216762,
        504.5
      ],
      [
        9.532596,
        47.21716,
        504.75
      ],
      [
        9.533249,
        47.217907,
        502.25
      ],
      [
        9.533453,
        47.218131,
        501.5
      ],
      [
        9.53287,
        47.218459,
        504.75
      ],
      [
        9.532727,
        47.218529,
        506.0
      ],
      [
        9.532644,
        47.218558,
        506.5
      ],
      [
        9.532544,
        47.218579,
        507.25
      ],
      [
        9.532352,
        47.218579,
        509.25
      ],
      [
        9.532068,
        47.218532,
        513.0
      ],
      [
        9.531482,
        47.218422,
        520.75
      ],
      [
        9.530566,
        47.218432,
        525.5
      ],
      [
        9.530372,
        47.218402,
        527.5
      ],
      [
        9.530032,
        47.218209,
        530.5
      ],
      [
        9.529682,
        47.217963,
        532.5
      ],
      [
        9.529426,
        47.217753,
        533.25
      ],
      [
        9.529333,
        47.217693,
        532.75
      ],
      [
        9.529071,
        47.217594,
        532.25
      ],
      [
        9.528696,
        47.217554,
        533.25
      ],
      [
        9.528325,
        47.217596,
        532.25
      ],
      [
        9.52819,
        47.217618,
        532.5
      ],
      [
        9.527414,
        47.217746,
        536.0
      ],
      [
        9.526883,
        47.217863,
        539.0
      ],
      [
        9.526684,
        47.217773,
        538.75
      ],
      [
        9.52638,
        47.217693,
        542.25
      ],
      [
        9.526113,
        47.217686,
        542.25
      ],
      [
        9.525847,
        47.217721,
        542.75
      ],
      [
        9.525637,
        47.217765,
        542.25
      ],
      [
        9.525258,
        47.217762,
        540.75
      ],
      [
        9.524261,
        47.217705,
        533.25
      ],
      [
        9.523492,
        47.217804,
        530.5
      ],
      [
        9.523389,
        47.217757,
        529.0
      ],
      [
        9.523217,
        47.217746,
        529.75
      ],
      [
        9.522391,
        47.217543,
        529.5
      ],
      [
        9.522297,
        47.217545,
        529.75
      ],
      [
        9.522209,
        47.217593,
        530.5
      ],
      [
        9.522187,
        47.217669,
        531.75
      ],
      [
        9.522208,
        47.217809,
        534.75
      ],
      [
        9.522175,
        47.217881,
        536.5
      ],
      [
        9.522109,
        47.217883,
        536.75
      ],
      [
        9.521401,
        47.217994,
        541.25
      ],
      [
        9.520827,
        47.21803,
        541.0
      ],
      [
        9.520303,
        47.218027,
        542.75
      ],
      [
        9.519965,
        47.217996,
        542.0
      ],
      [
        9.519525,
        47.217939,
        542.5
      ],
      [
        9.519309,
        47.217951,
        543.75
      ],
      [
        9.518904,
        47.217988,
        544.25
      ],
      [
        9.518649,
        47.217986,
        544.0
      ],
      [
        9.518403,
        47.217968,
        544.0
      ],
      [
        9.518013,
        47.217923,
        543.25
      ],
      [
        9.517818,
        47.217883,
        543.0
      ],
      [
        9.517635,
        47.217807,
        542.5
      ],
      [
        9.517219,
        47.217609,
        540.75
      ],
      [
        9.516987,
        47.217492,
        538.75
      ],
      [
        9.516894,
        47.217436,
        537.0
      ],
      [
        9.516848,
        47.217387,
        536.0
      ],
      [
        9.516555,
        47.217195,
        533.5
      ],
      [
        9.516483,
        47.217131,
        532.75
      ],
      [
        9.516458,
        47.21705,
        531.0
      ],
      [
        9.516447,
        47.216998,
        529.75
      ],
      [
        9.516454,
        47.216893,
        527.75
      ],
      [
        9.516473,
        47.216796,
        526.25
      ],
      [
        9.516526,
        47.216741,
        525.0
      ],
      [
        9.516644,
        47.216652,
        522.75
      ]
    ]
  }
}
