{
  "type": "Feature",
  "properties": {
    "source": "BRouter trekking",
    "coordinateHash": "08789b2902215f5769f592f53f9eafa5aefb8ebda281401b873d5b9d02d9cd4f"
  },
  "geometry": {
    "type": "LineString",
    "coordinates": [
      [
        9.516644,
        47.216652,
        522.75
      ],
      [
        9.516659,
        47.216642,
        522.75
      ],
      [
        9.516847,
        47.216509,
        522.25
      ],
      [
        9.516989,
        47.216367,
        520.5
      ],
      [
        9.51715,
        47.216151,
        519.0
      ],
      [
        9.517288,
        47.215939,
        518.0
      ],
      [
        9.517511,
        47.215708,
        516.25
      ],
      [
        9.517579,
        47.215655,
        515.75
      ],
      [
        9.517919,
        47.215388,
        512.75
      ],
      [
        9.518152,
        47.215231,
        510.5
      ],
      [
        9.518022,
        47.215037,
        511.25
      ],
      [
        9.517939,
        47.214955,
        511.5
      ],
      [
        9.517846,
        47.214885,
        511.75
      ],
      [
        9.517692,
        47.214821,
        512.0
      ],
      [
        9.517475,
        47.214738,
        512.25
      ],
      [
        9.517077,
        47.214628,
        512.75
      ],
      [
        9.516776,
        47.214555,
        513.25
      ],
      [
        9.516697,
        47.214536,
        513.0
      ],
      [
        9.516631,
        47.214509,
        512.25
      ],
      [
        9.516588,
        47.214472,
        511.5
      ],
      [
        9.516545,
        47.214386,
        510.75
      ],
      [
        9.516547,
        47.21429,
        510.5
      ],
      [
        9.516529,
        47.214113,
        509.5
      ],
      [
        9.516527,
        47.213926,
        507.75
      ],
      [
        9.51654,
        47.213731,
        506.5
      ],
      [
        9.516556,
        47.213581,
        505.25
      ],
      [
        9.516601,
        47.213459,
        503.25
      ],
      [
        9.516683,
        47.213343,
        501.25
      ],
      [
        9.516819,
        47.213173,
        499.25
      ],
      [
        9.516993,
        47.213017,
        497.5
      ],
      [
        9.517171,
        47.212809,
        494.5
      ],
      [
        9.517292,
        47.212605,
        492.75
      ],
      [
        9.517418,
        47.212508,
        492.0
      ],
      [
        9.517794,
        47.212399,
        490.75
      ],
      [
        9.518674,
        47.212576,
        486.5
      ],
      [
        9.519139,
        47.212671,
        484.5
      ],
      [
        9.51969,
        47.212789,
        479.5
      ],
      [
        9.5197,
        47.212787,
        479.5
      ],
      [
        9.519878,
        47.212835,
        479.25
      ],
      [
        9.519944,
        47.212824,
        478.75
      ],
      [
        9.520023,
        47.212826,
        477.75
      ],
      [
        9.520156,
        47.212879,
        476.5
      ],
      [
        9.520469,
        47.21305,
        475.75
      ],
      [
        9.521248,
        47.213491,
        471.0
      ],
      [
        9.521728,
        47.213815,
        467.5
      ],
      [
        9.521856,
        47.213913,
        467.0
      ],
      [
        9.521934,
        47.213999,
        466.5
      ],
      [
        9.522083,
        47.214189,
        465.0
      ],
      [
        9.522134,
        47.21423,
        464.75
      ],
      [
        9.522176,
        47.214251,
        464.5
      ],
      [
        9.522222,
        47.214268,
        464.25
      ],
      [
        9.522292,
        47.214265,
        464.25
      ],
      [
        9.522338,
        47.214245,
        464.0
      ],
      [
        9.522375,
        47.214205,
        463.25
      ],
      [
        9.52238,
        47.214145,
        462.75
      ],
      [
        9.522362,
        47.214111,
        462.25
      ],
      [
        9.522311,
        47.21403,
        461.75
      ],
      [
        9.522265,
        47.2139,
        460.75
      ],
      [
        9.52225,
        47.213767,
        459.5
      ],
      [
        9.522257,
        47.213546,
        457.25
      ],
      [
        9.522252,
        47.213468,
        456.75
      ],
      [
        9.522251,
        47.213429,
        456.5
      ],
      [
        9.522265,
        47.213359,
        456.0
      ],
      [
        9.522301,
        47.213309,
        455.5
      ],
      [
        9.522338,
        47.213262,
        455.25
      ],
      [
        9.522418,
        47.213205,
        454.75
      ],
      [
        9.522687,
        47.213043,
        453.25
      ],
      [
        9.523013,
        47.212812,
        451.25
      ],
      [
        9.523143,
        47.212698,
        450.5
      ],
      [
        9.523178,
        47.21266,
        450.5
      ],
      [
        9.523226,
        47.212605,
        450.25
      ],
      [
        9.523296,
        47.212505,
        450.0
      ],
      [
        9.523322,
        47.212418,
        450.0
      ],
      [
        9.523302,
        47.212312,
        450.0
      ],
      [
        9.523218,
        47.212109,
        449.5
      ],
      [
        9.523171,
        47.212002,
        449.0
      ],
      [
        9.523081,
        47.211738,
        448.25
      ],
      [
        9.52306,
        47.211619,
        448.0
      ],
      [
        9.523041,
        47.211536,
        448.0
      ],
      [
        9.522983,
        47.21131,
        447.75
      ],
      [
        9.523326,
        47.211243,
        447.25
      ],
      [
        9.523643,
        47.211146,
        446.0
      ],
      [
        9.523887,
        47.211064,
        444.75
      ],
      [
        9.524105,
        47.211016,
        444.5
      ],
      [
        9.524417,
        47.210972,
        444.25
      ],
      [
        9.524649,
        47.210924,
        444.0
      ],
      [
        9.524792,
        47.210893,
        444.0
      ],
      [
        9.524945,
        47.210845,
        444.0
      ],
      [
        9.52513,
        47.210806,
        443.75
      ],
      [
        9.52549,
        47.210743,
        443.5
      ],
      [
        9.525723,
        47.210725,
        443.5
      ],
      [
        9.526097,
        47.210682,
        443.25
      ],
      [
        9.526262,
        47.210648,
        443.25
      ],
      [
        9.526553,
        47.210571,
        443.0
      ],
      [
        9.527147,
        47.210511,
        443.75
      ],
      [
        9.527458,
        47.210454,
        443.5
      ],
      [
        9.527575,
        47.210413,
        443.5
      ],
      [
        9.527545,
        47.210222,
        443.0
      ],
      [
        9.527507,
        47.210056,
        443.0
      ],
      [
        9.527475,
        47.209897,
        442.5
      ],
      [
        9.527243,
        47.208677,
        441.0
      ],
      [
        9.527196,
        47.208445,
        440.25
      ],
      [
        9.527167,
        47.208287,
        440.0
      ],
      [
        9.527213,
        47.208226,
        440.25
      ],
      [
        9.527242,
        47.208113,
        440.75
      ],
      [
        9.527249,
        47.208082,
        440.75
      ],
      [
        9.527297,
        47.208015,
        440.75
      ],
      [
        9.527327,
        47.207996,
        440.75
      ],
      [
        9.527397,
        47.207914,
        440.25
      ],
      [
        9.52747,
        47.207876,
        440.25
      ],
      [
        9.527573,
        47.207837,
        440.25
      ],
      [
        9.528038,
        47.2077,
        440.0
      ],
      [
        9.528134,
        47.207672,
        440.0
      ],
      [
        9.528879,
        47.207437,
        439.75
      ],
      [
        9.530848,
        47.206797,
        438.25
      ],
      [
        9.531052,
        47.206737,
        438.75
      ],
      [
        9.531243,
        47.206691,
        438.5
      ],
      [
        9.531332,
        47.206665,
        438.0
      ],
      [
        9.532584,
        47.206256,
        439.0
      ],
      [
        9.532724,
        47.206251,
        439.25
      ],
      [
        9.532874,
        47.206203,
        438.75
      ],
      [
        9.533005,
        47.206162,
        438.25
      ],
      [
        9.533041,
        47.20611,
        438.0
      ],
      [
        9.533105,
        47.206072,
        438.0
      ],
      [
        9.533553,
        47.205913,
        438.75
      ],
      [
        9.534112,
        47.205725,
        438.75
      ],
      [
        9.534242,
        47.205664,
        439.0
      ],
      [
        9.534431,
        47.205588,
        439.0
      ],
      [
        9.534707,
        47.205484,
        438.75
      ],
      [
        9.534756,
        47.205466,
        439.0
      ],
      [
        9.534868,
        47.20542,
        439.25
      ],
      [
        9.534936,
        47.205389,
        439.25
      ],
      [
        9.535022,
        47.205351,
        439.5
      ],
      [
        9.535271,
        47.205294,
        439.0
      ],
      [
        9.535347,
        47.205268,
        439.0
      ],
      [
        9.535495,
        47.205202,
        439.0
      ],
      [
        9.5363,
        47.204813,
        439.0
      ],
      [
        9.537164,
        47.204409,
        439.0
      ],
      [
        9.537412,
        47.204281,
        439.0
      ],
      [
        9.538389,
        47.20382,
        439.0
      ],
      [
        9.53912,
        47.203467,
        439.25
      ],
      [
        9.539665,
        47.203212,
        439.25
      ],
      [
        9.541637,
        47.202241,
        441.75
      ],
      [
        9.542002,
        47.20207,
        441.5
      ],
      [
        9.542806,
        47.201701,
        444.75
      ],
      [
        9.542845,
        47.201644,
        445.0
      ],
      [
        9.542838,
        47.20163,
        445.0
      ],
      [
        9.542811,
        47.201602,
        445.0
      ],
      [
        9.542767,
        47.201622,
        444.75
      ],
      [
        9.542731,
        47.201572,
        444.75
      ],
      [
        9.542685,
        47.201505,
        444.5
      ],
      [
        9.542628,
        47.20142,
        444.25
      ],
      [
        9.542563,
        47.201354,
        444.25
      ],
      [
        9.542132,
        47.200977,
        444.0
      ],
      [
        9.542129,
        47.200926,
        444.25
      ],
      [
        9.54207,
        47.200837,
        444.25
      ],
      [
        9.542021,
        47.20078,
        444.25
      ],
      [
        9.541806,
        47.200573,
        444.75
      ],
      [
        9.541773,
        47.200571,
        444.75
      ],
      [
        9.541777,
        47.200524,
        445.0
      ],
      [
        9.54178,
        47.200489,
        445.0
      ],
      [
        9.54167,
        47.200376,
        444.75
      ],
      [
        9.54178,
        47.200489,
        445.0
      ],
      [
        9.541777,
        47.200524,
        445.0
      ],
      [
        9.541773,
        47.200571,
        444.75
      ],
      [
        9.541806,
        47.200573,
        444.75
      ],
      [
        9.542021,
        47.20078,
        444.25
      ],
      [
        9.54207,
        47.200837,
        444.25
      ],
      [
        9.542129,
        47.200926,
        444.25
      ],
      [
        9.542132,
        47.200977,
        444.0
      ],
      [
        9.542563,
        47.201354,
        444.25
      ],
      [
        9.542628,
        47.20142,
        444.25
      ],
      [
        9.542685,
        47.201505,
        444.5
      ],
      [
        9.542731,
        47.201572,
        444.75
      ],
      [
        9.542767,
        47.201622,
        444.75
      ],
      [
        9.541937,
        47.202003,
        441.75
      ],
      [
        9.541572,
        47.202174,
        441.5
      ],
      [
        9.541396,
        47.202258,
        441.0
      ],
      [
        9.540376,
        47.202722,
        441.0
      ],
      [
        9.539786,
        47.203014,
        440.0
      ],
      [
        9.539197,
        47.203297,
        439.75
      ],
      [
        9.53899,
        47.203396,
        438.75
      ],
      [
        9.538032,
        47.203851,
        439.0
      ],
      [
        9.537262,
        47.204216,
        439.0
      ],
      [
        9.536127,
        47.204755,
        439.0
      ],
      [
        9.535371,
        47.205107,
        439.0
      ],
      [
        9.53488,
        47.20531,
        439.5
      ],
      [
        9.534784,
        47.205348,
        439.0
      ],
      [
        9.53459,
        47.205422,
        438.75
      ],
      [
        9.534484,
        47.205461,
        438.5
      ],
      [
        9.534359,
        47.205508,
        438.75
      ],
      [
        9.534326,
        47.205472,
        438.75
      ],
      [
        9.534296,
        47.205437,
        438.75
      ],
      [
        9.534304,
        47.20531,
        438.5
      ],
      [
        9.534229,
        47.205278,
        438.75
      ],
      [
        9.531572,
        47.204138,
        438.5
      ],
      [
        9.531391,
        47.20403,
        438.0
      ],
      [
        9.531217,
        47.203972,
        438.0
      ],
      [
        9.530021,
        47.203466,
        438.5
      ],
      [
        9.529717,
        47.203357,
        438.0
      ],
      [
        9.529374,
        47.203276,
        438.0
      ],
      [
        9.528838,
        47.203234,
        438.25
      ],
      [
        9.527017,
        47.203261,
        438.0
      ],
      [
        9.526237,
        47.203291,
        438.5
      ],
      [
        9.526232,
        47.203264,
        438.5
      ],
      [
        9.526205,
        47.203123,
        438.5
      ],
      [
        9.526136,
        47.202789,
        438.0
      ],
      [
        9.525941,
        47.201734,
        438.0
      ],
      [
        9.525797,
        47.201007,
        438.0
      ],
      [
        9.525632,
        47.200169,
        438.25
      ],
      [
        9.525484,
        47.199406,
        438.0
      ],
      [
        9.525113,
        47.197428,
        438.5
      ],
      [
        9.524792,
        47.19571,
        439.0
      ],
      [
        9.524629,
        47.194918,
        439.0
      ],
      [
        9.52461,
        47.194827,
        439.0
      ],
      [
        9.524502,
        47.194097,
        439.0
      ],
      [
        9.524304,
        47.193077,
        439.5
      ],
      [
        9.524305,
        47.192737,
        439.75
      ],
      [
        9.524314,
        47.192636,
        439.5
      ],
      [
        9.52434,
        47.192364,
        439.75
      ],
      [
        9.524474,
        47.191822,
        440.75
      ],
      [
        9.524489,
        47.191756,
        441.0
      ],
      [
        9.524662,
        47.191014,
        440.0
      ],
      [
        9.525268,
        47.18845,
        441.0
      ],
      [
        9.525838,
        47.186114,
        444.0
      ],
      [
        9.525843,
        47.185997,
        444.25
      ],
      [
        9.525806,
        47.185821,
        444.75
      ],
      [
        9.525781,
        47.185784,
        444.75
      ],
      [
        9.525728,
        47.185742,
        444.5
      ],
      [
        9.524531,
        47.184893,
        445.0
      ],
      [
        9.524371,
        47.184764,
        444.75
      ],
      [
        9.524209,
        47.184614,
        445.0
      ],
      [
        9.523871,
        47.184292,
        445.5
      ],
      [
        9.52323,
        47.18366,
        446.75
      ],
      [
        9.52281,
        47.183248,
        447.25
      ],
      [
        9.52189,
        47.182368,
        447.25
      ],
      [
        9.520442,
        47.181103,
        448.0
      ],
      [
        9.51911,
        47.179776,
        447.5
      ],
      [
        9.51887,
        47.179527,
        447.5
      ],
      [
        9.518611,
        47.179183,
        446.75
      ],
      [
        9.517383,
        47.17796,
        447.0
      ],
      [
        9.517216,
        47.177847,
        447.25
      ],
      [
        9.517268,
        47.17782,
        447.5
      ],
      [
        9.517337,
        47.177809,
        447.75
      ],
      [
        9.517515,
        47.177832,
        447.75
      ],
      [
        9.518106,
        47.177932,
        449.0
      ],
      [
        9.518385,
        47.177987,
        450.0
      ],
      [
        9.518413,
        47.177911,
        450.25
      ],
      [
        9.518434,
        47.177868,
        450.25
      ],
      [
        9.518484,
        47.17785,
        450.5
      ],
      [
        9.518516,
        47.177831,
        450.5
      ],
      [
        9.518562,
        47.177789,
        450.75
      ],
      [
        9.518592,
        47.177713,
        451.0
      ],
      [
        9.5186,
        47.17764,
        451.25
      ],
      [
        9.518645,
        47.177587,
        451.75
      ],
      [
        9.518543,
        47.177036,
        452.5
      ],
      [
        9.518229,
        47.175568,
        453.5
      ],
      [
        9.518033,
        47.174751,
        454.75
      ],
      [
        9.517971,
        47.174389,
        455.25
      ],
      [
        9.517966,
        47.174311,
        455.25
      ],
      [
        9.517947,
        47.174163,
        455.0
      ],
      [
        9.517942,
        47.174126,
        455.25
      ],
      [
        9.517931,
        47.173934,
        455.5
      ],
      [
        9.51791,
        47.173839,
        455.5
      ],
      [
        9.517885,
        47.173726,
        455.5
      ],
      [
        9.517862,
        47.173604,
        455.5
      ],
      [
        9.517822,
        47.17349,
        455.25
      ],
      [
        9.517779,
        47.173372,
        455.0
      ],
      [
        9.517769,
        47.173345,
        454.75
      ],
      [
        9.517734,
        47.173269,
        455.5
      ],
      [
        9.517589,
        47.172957,
        455.75
      ],
      [
        9.517486,
        47.172736,
        455.25
      ],
      [
        9.517444,
        47.172652,
        456.0
      ],
      [
        9.517339,
        47.172455,
        456.25
      ],
      [
        9.517246,
        47.172333,
        455.75
      ],
      [
        9.517226,
        47.172307,
        455.5
      ],
      [
        9.517026,
        47.172072,
        457.25
      ],
      [
        9.516786,
        47.171789,
        457.0
      ],
      [
        9.516551,
        47.171513,
        457.25
      ],
      [
        9.516484,
        47.171436,
        457.25
      ],
      [
        9.516151,
        47.171054,
        458.5
      ],
      [
        9.515965,
        47.170825,
        459.0
      ],
      [
        9.515756,
        47.170584,
        459.25
      ],
      [
        9.515607,
        47.170414,
        459.75
      ],
      [
        9.515548,
        47.17033,
        459.75
      ],
      [
        9.515507,
        47.170247,
        460.0
      ],
      [
        9.515503,
        47.17022,
        460.0
      ],
      [
        9.515509,
        47.170188,
        460.25
      ],
      [
        9.515521,
        47.170171,
        460.25
      ],
      [
        9.515533,
        47.170158,
        460.25
      ],
      [
        9.515425,
        47.170094,
        460.25
      ],
      [
        9.515207,
        47.169946,
        459.75
      ],
      [
        9.515139,
        47.169899,
        459.5
      ],
      [
        9.515007,
        47.169783,
        458.75
      ],
      [
        9.51463,
        47.169515,
        458.5
      ],
      [
        9.514343,
        47.169333,
        458.75
      ],
      [
        9.513794,
        47.169031,
        458.25
      ],
      [
        9.512926,
        47.168622,
        457.0
      ],
      [
        9.512686,
        47.168518,
        456.5
      ],
      [
        9.512549,
        47.168462,
        456.25
      ],
      [
        9.512541,
        47.168407,
        456.25
      ],
      [
        9.512283,
        47.168303,
        455.5
      ],
      [
        9.512238,
        47.168236,
        456.0
      ],
      [
        9.512061,
        47.168178,
        456.0
      ],
      [
        9.511756,
        47.168074,
        454.0
      ],
      [
        9.511428,
        47.167937,
        453.25
      ],
      [
        9.511106,
        47.167765,
        451.0
      ],
      [
        9.51103,
        47.167722,
        450.5
      ],
      [
        9.510728,
        47.167555,
        449.25
      ],
      [
        9.510671,
        47.167521,
        449.5
      ],
      [
        9.510616,
        47.167488,
        450.0
      ],
      [
        9.510428,
        47.167366,
        450.75
      ],
      [
        9.510297,
        47.167265,
        450.0
      ],
      [
        9.510157,
        47.167141,
        450.0
      ],
      [
        9.510117,
        47.167099,
        450.0
      ],
      [
        9.510083,
        47.167064,
        450.0
      ],
      [
        9.510072,
        47.16705,
        450.0
      ],
      [
        9.509836,
        47.166776,
        450.25
      ],
      [
        9.509751,
        47.166656,
        450.0
      ],
      [
        9.509744,
        47.166647,
        450.0
      ],
      [
        9.509678,
        47.166605,
        450.0
      ],
      [
        9.509521,
        47.166363,
        450.25
      ],
      [
        9.509354,
        47.166122,
        450.0
      ],
      [
        9.509264,
        47.165983,
        450.25
      ],
      [
        9.509246,
        47.165956,
        450.25
      ],
      [
        9.509227,
        47.165933,
        450.25
      ],
      [
        9.509596,
        47.165813,
        453.5
      ],
      [
        9.509688,
        47.165778,
        454.0
      ],
      [
        9.509874,
        47.165709,
        455.25
      ],
      [
        9.510247,
        47.165568,
        457.75
      ],
      [
        9.510438,
        47.165508,
        459.0
      ],
      [
        9.510531,
        47.165488,
        459.75
      ],
      [
        9.510575,
        47.165478,
        460.0
      ],
      [
        9.510622,
        47.165466,
        460.25
      ],
      [
        9.51072,
        47.165439,
        461.0
      ],
      [
        9.51138,
        47.165372,
        464.5
      ],
      [
        9.51179,
        47.165323,
        468.0
      ],
      [
        9.512018,
        47.165278,
        470.5
      ],
      [
        9.512258,
        47.165209,
        472.25
      ],
      [
        9.512757,
        47.165097,
        475.75
      ],
      [
        9.512801,
        47.165087,
        476.0
      ],
      [
        9.512679,
        47.164826,
        476.5
      ],
      [
        9.512571,
        47.164516,
        476.5
      ],
      [
        9.512485,
        47.16422,
        475.75
      ],
      [
        9.512435,
        47.163992,
        475.5
      ],
      [
        9.512428,
        47.16394,
        475.5
      ],
      [
        9.512401,
        47.163849,
        475.5
      ],
      [
        9.512382,
        47.163807,
        475.5
      ],
      [
        9.512369,
        47.163768,
        475.5
      ],
      [
        9.512369,
        47.16369,
        476.0
      ],
      [
        9.512219,
        47.162319,
        475.75
      ],
      [
        9.512202,
        47.162135,
        475.75
      ],
      [
        9.512133,
        47.161704,
        476.0
      ],
      [
        9.51208,
        47.161514,
        475.5
      ],
      [
        9.511975,
        47.161208,
        475.25
      ],
      [
        9.51195,
        47.161156,
        475.0
      ],
      [
        9.511886,
        47.161008,
        474.5
      ],
      [
        9.511602,
        47.1604,
        472.5
      ],
      [
        9.511487,
        47.160151,
        471.5
      ],
      [
        9.511004,
        47.159124,
        467.25
      ],
      [
        9.510924,
        47.158958,
        466.5
      ],
      [
        9.510857,
        47.158809,
        466.25
      ],
      [
        9.510751,
        47.158596,
        466.5
      ],
      [
        9.510667,
        47.158472,
        466.75
      ],
      [
        9.510627,
        47.15842,
        466.25
      ],
      [
        9.510527,
        47.158323,
        465.0
      ],
      [
        9.51044,
        47.158256,
        465.5
      ],
      [
        9.510344,
        47.1582,
        464.75
      ],
      [
        9.510273,
        47.158172,
        463.75
      ],
      [
        9.510191,
        47.158149,
        463.25
      ],
      [
        9.510104,
        47.158133,
        462.5
      ],
      [
        9.509702,
        47.15811,
        459.5
      ],
      [
        9.509645,
        47.158107,
        459.25
      ],
      [
        9.509589,
        47.158103,
        458.75
      ],
      [
        9.509601,
        47.157994,
        459.25
      ],
      [
        9.509604,
        47.157964,
        459.25
      ],
      [
        9.509608,
        47.157792,
        459.75
      ],
      [
        9.509608,
        47.157636,
        460.25
      ],
      [
        9.509606,
        47.157597,
        460.25
      ],
      [
        9.509603,
        47.157322,
        460.5
      ],
      [
        9.509617,
        47.157072,
        461.25
      ],
      [
        9.50965,
        47.156767,
        462.0
      ],
      [
        9.509664,
        47.156699,
        462.0
      ],
      [
        9.509719,
        47.15654,
        462.25
      ],
      [
        9.509796,
        47.156365,
        463.0
      ],
      [
        9.509839,
        47.156286,
        463.25
      ],
      [
        9.509941,
        47.156122,
        463.75
      ],
      [
        9.509901,
        47.156113,
        463.75
      ],
      [
        9.509788,
        47.156087,
        463.75
      ],
      [
        9.509738,
        47.156078,
        463.75
      ],
      [
        9.509571,
        47.156053,
        462.5
      ],
      [
        9.509326,
        47.15603,
        460.75
      ],
      [
        9.508845,
        47.155973,
        458.75
      ],
      [
        9.508493,
        47.1559,
        457.75
      ],
      [
        9.508141,
        47.155811,
        456.75
      ],
      [
        9.507892,
        47.155756,
        456.0
      ],
      [
        9.507773,
        47.155697,
        455.75
      ],
      [
        9.507667,
        47.15568,
        455.75
      ],
      [
        9.507599,
        47.155652,
        455.75
      ],
      [
        9.507158,
        47.155621,
        454.5
      ],
      [
        9.506939,
        47.155629,
        453.5
      ],
      [
        9.50671,
        47.155647,
        453.0
      ],
      [
        9.506511,
        47.155677,
        452.75
      ],
      [
        9.506402,
        47.15566,
        452.5
      ],
      [
        9.506109,
        47.155043,
        452.75
      ],
      [
        9.506022,
        47.154861,
        452.25
      ],
      [
        9.505975,
        47.154746,
        452.25
      ],
      [
        9.505936,
        47.154607,
        452.5
      ],
      [
        9.505884,
        47.154361,
        452.0
      ],
      [
        9.505862,
        47.154104,
        452.0
      ],
      [
        9.505863,
        47.15396,
        452.0
      ],
      [
        9.505888,
        47.153599,
        452.0
      ],
      [
        9.505892,
        47.153564,
        452.0
      ],
      [
        9.505848,
        47.153515,
        452.0
      ],
      [
        9.50589,
        47.153179,
        452.0
      ],
      [
        9.505937,
        47.152507,
        452.25
      ],
      [
        9.505954,
        47.151995,
        452.0
      ],
      [
        9.505979,
        47.151693,
        452.0
      ],
      [
        9.50603,
        47.151532,
        451.75
      ],
      [
        9.506133,
        47.151316,
        452.0
      ],
      [
        9.506205,
        47.151206,
        452.0
      ],
      [
        9.506304,
        47.151096,
        452.0
      ],
      [
        9.506616,
        47.150798,
        452.75
      ],
      [
        9.506708,
        47.150724,
        453.0
      ],
      [
        9.507485,
        47.150086,
        452.75
      ],
      [
        9.507687,
        47.149911,
        453.0
      ],
      [
        9.50773,
        47.149878,
        453.0
      ],
      [
        9.507778,
        47.149841,
        453.0
      ],
      [
        9.508039,
        47.149622,
        452.75
      ],
      [
        9.508116,
        47.149558,
        453.0
      ],
      [
        9.508493,
        47.14924,
        453.25
      ],
      [
        9.508576,
        47.149171,
        453.0
      ],
      [
        9.508725,
        47.149033,
        453.0
      ],
      [
        9.50907,
        47.148716,
        453.0
      ],
      [
        9.509115,
        47.148675,
        453.0
      ],
      [
        9.509251,
        47.14855,
        453.0
      ],
      [
        9.509403,
        47.148385,
        453.0
      ],
      [
        9.509593,
        47.148175,
        453.25
      ],
      [
        9.509784,
        47.147959,
        453.5
      ],
      [
        9.50984,
        47.147895,
        453.75
      ],
      [
        9.510457,
        47.147194,
        453.5
      ],
      [
        9.510766,
        47.146861,
        454.0
      ],
      [
        9.510834,
        47.146804,
        454.5
      ],
      [
        9.510896,
        47.146763,
        454.75
      ],
      [
        9.510942,
        47.146747,
        455.0
      ],
      [
        9.510994,
        47.146746,
        455.0
      ],
      [
        9.511054,
        47.146753,
        455.25
      ],
      [
        9.511102,
        47.146761,
        455.5
      ],
      [
        9.511202,
        47.146796,
        456.25
      ],
      [
        9.511582,
        47.147028,
        459.25
      ],
      [
        9.511935,
        47.147208,
        461.75
      ],
      [
        9.512046,
        47.147264,
        463.0
      ],
      [
        9.512078,
        47.147233,
        463.0
      ],
      [
        9.512129,
        47.147159,
        463.0
      ],
      [
        9.51217,
        47.147111,
        463.0
      ],
      [
        9.512352,
        47.146814,
        463.25
      ],
      [
        9.512412,
        47.146716,
        463.5
      ],
      [
        9.512529,
        47.146524,
        463.0
      ],
      [
        9.512684,
        47.146296,
        462.25
      ],
      [
        9.512892,
        47.145966,
        461.75
      ],
      [
        9.513122,
        47.145688,
        462.0
      ],
      [
        9.513255,
        47.145548,
        461.5
      ],
      [
        9.513468,
        47.14536,
        462.25
      ],
      [
        9.513611,
        47.145234,
        462.5
      ],
      [
        9.514188,
        47.144865,
        463.0
      ],
      [
        9.514425,
        47.144705,
        462.75
      ],
      [
        9.514696,
        47.144521,
        463.0
      ],
      [
        9.515165,
        47.144203,
        463.75
      ],
      [
        9.516009,
        47.143579,
        464.25
      ],
      [
        9.516043,
        47.143569,
        464.25
      ],
      [
        9.51607,
        47.143571,
        464.25
      ],
      [
        9.516151,
        47.143613,
        465.0
      ],
      [
        9.516171,
        47.143596,
        464.75
      ],
      [
        9.516858,
        47.143027,
        461.75
      ],
      [
        9.51689,
        47.142987,
        461.5
      ],
      [
        9.517285,
        47.142662,
        460.5
      ],
      [
        9.517421,
        47.142573,
        460.25
      ],
      [
        9.518359,
        47.142175,
        461.0
      ],
      [
        9.518304,
        47.142077,
        459.75
      ],
      [
        9.518264,
        47.14202,
        458.75
      ],
      [
        9.518047,
        47.141841,
        456.25
      ],
      [
        9.518053,
        47.141816,
        456.0
      ],
      [
        9.518098,
        47.141784,
        455.5
      ],
      [
        9.518118,
        47.141757,
        455.25
      ],
      [
        9.518439,
        47.141604,
        454.0
      ],
      [
        9.518665,
        47.141527,
        454.0
      ],
      [
        9.518952,
        47.141441,
        454.25
      ],
      [
        9.519092,
        47.141398,
        454.0
      ],
      [
        9.519242,
        47.141332,
        454.0
      ],
      [
        9.519353,
        47.141256,
        454.25
      ],
      [
        9.519545,
        47.140999,
        454.25
      ],
      [
        9.519804,
        47.140782,
        455.0
      ],
      [
        9.519881,
        47.140718,
        455.0
      ],
      [
        9.520034,
        47.140795,
        455.0
      ],
      [
        9.520096,
        47.140819,
        455.0
      ],
      [
        9.520325,
        47.140913,
        455.0
      ],
      [
        9.520603,
        47.140998,
        455.25
      ],
      [
        9.520654,
        47.141009,
        455.25
      ],
      [
        9.520687,
        47.141016,
        455.25
      ],
      [
        9.520735,
        47.140996,
        455.5
      ],
      [
        9.520791,
        47.140975,
        455.5
      ],
      [
        9.52082,
        47.140952,
        455.25
      ],
      [
        9.520854,
        47.140936,
        455.25
      ],
      [
        9.520892,
        47.14093,
        455.25
      ],
      [
        9.520934,
        47.140931,
        455.25
      ],
      [
        9.520971,
        47.14094,
        455.5
      ],
      [
        9.521034,
        47.140974,
        455.75
      ],
      [
        9.521069,
        47.141009,
        456.0
      ],
      [
        9.521083,
        47.141043,
        456.25
      ],
      [
        9.521079,
        47.141077,
        456.5
      ],
      [
        9.521121,
        47.141082,
        456.75
      ],
      [
        9.521297,
        47.141088,
        456.75
      ],
      [
        9.52135,
        47.141093,
        456.75
      ],
      [
        9.521404,
        47.141068,
        456.5
      ],
      [
        9.521426,
        47.141061,
        456.5
      ],
      [
        9.521795,
        47.14098,
        456.75
      ],
      [
        9.52183,
        47.140957,
        457.0
      ],
      [
        9.521841,
        47.14094,
        457.0
      ],
      [
        9.521843,
        47.140919,
        456.75
      ],
      [
        9.521819,
        47.140867,
        456.5
      ],
      [
        9.521946,
        47.140834,
        457.0
      ],
      [
        9.522011,
        47.140796,
        456.75
      ],
      [
        9.522076,
        47.140757,
        456.75
      ],
      [
        9.522114,
        47.140731,
        456.75
      ],
      [
        9.522251,
        47.140634,
        456.75
      ],
      [
        9.522114,
        47.140731,
        456.75
      ],
      [
        9.522076,
        47.140757,
        456.75
      ],
      [
        9.522011,
        47.140796,
        456.75
      ],
      [
        9.521946,
        47.140834,
        457.0
      ],
      [
        9.521819,
        47.140867,
        456.5
      ],
      [
        9.521843,
        47.140919,
        456.75
      ],
      [
        9.521841,
        47.14094,
        457.0
      ],
      [
        9.52183,
        47.140957,
        457.0
      ],
      [
        9.521795,
        47.14098,
        456.75
      ],
      [
        9.521426,
        47.141061,
        456.5
      ],
      [
        9.521404,
        47.141068,
        456.5
      ],
      [
        9.52135,
        47.141093,
        456.75
      ],
      [
        9.521297,
        47.141088,
        456.75
      ],
      [
        9.521121,
        47.141082,
        456.75
      ],
      [
        9.521079,
        47.141077,
        456.5
      ],
      [
        9.521059,
        47.141101,
        456.5
      ],
      [
        9.521013,
        47.141128,
        456.5
      ],
      [
        9.520949,
        47.141138,
        456.5
      ],
      [
        9.520909,
        47.141132,
        456.25
      ],
      [
        9.520882,
        47.141121,
        456.0
      ],
      [
        9.52081,
        47.141074,
        455.75
      ],
      [
        9.520687,
        47.141016,
        455.25
      ],
      [
        9.520654,
        47.141009,
        455.25
      ],
      [
        9.520603,
        47.140998,
        455.25
      ],
      [
        9.520325,
        47.140913,
        455.0
      ],
      [
        9.520096,
        47.140819,
        455.0
      ],
      [
        9.520034,
        47.140795,
        455.0
      ],
      [
        9.519881,
        47.140718,
        455.0
      ],
      [
        9.51979,
        47.140661,
        455.0
      ],
      [
        9.519724,
        47.14062,
        455.0
      ],
      [
        9.519647,
        47.140572,
        454.5
      ],
      [
        9.519393,
        47.140413,
        453.5
      ],
      [
        9.519294,
        47.140368,
        453.75
      ],
      [
        9.519143,
        47.140317,
        454.5
      ],
      [
        9.518896,
        47.140246,
        454.0
      ],
      [
        9.518826,
        47.140234,
        454.0
      ],
      [
        9.518719,
        47.140215,
        454.25
      ],
      [
        9.51852,
        47.140188,
        454.5
      ],
      [
        9.518524,
        47.140146,
        454.25
      ],
      [
        9.518526,
        47.14013,
        454.25
      ],
      [
        9.518518,
        47.14008,
        454.0
      ],
      [
        9.518258,
        47.139673,
        454.0
      ],
      [
        9.517942,
        47.139178,
        454.0
      ],
      [
        9.517821,
        47.138989,
        454.0
      ],
      [
        9.517814,
        47.138977,
        454.0
      ],
      [
        9.517774,
        47.138915,
        454.0
      ],
      [
        9.517757,
        47.138888,
        454.0
      ],
      [
        9.517701,
        47.138801,
        454.25
      ],
      [
        9.517691,
        47.138784,
        454.25
      ],
      [
        9.517241,
        47.13808,
        454.0
      ],
      [
        9.517088,
        47.13784,
        454.25
      ],
      [
        9.517028,
        47.137746,
        454.5
      ],
      [
        9.516848,
        47.137465,
        454.25
      ],
      [
        9.516643,
        47.137144,
        454.25
      ],
      [
        9.516415,
        47.13681,
        455.25
      ],
      [
        9.516403,
        47.136767,
        455.25
      ],
      [
        9.516404,
        47.136702,
        455.0
      ],
      [
        9.516323,
        47.136676,
        455.0
      ],
      [
        9.516211,
        47.136648,
        455.0
      ],
      [
        9.515822,
        47.136622,
        455.0
      ],
      [
        9.51555,
        47.136603,
        454.5
      ],
      [
        9.515355,
        47.136593,
        454.75
      ],
      [
        9.51528,
        47.136591,
        454.75
      ],
      [
        9.51522,
        47.136589,
        455.0
      ],
      [
        9.514654,
        47.136574,
        454.75
      ],
      [
        9.514313,
        47.136569,
        455.0
      ],
      [
        9.513549,
        47.136545,
        455.0
      ],
      [
        9.513442,
        47.136523,
        455.0
      ],
      [
        9.513397,
        47.136521,
        455.0
      ],
      [
        9.513359,
        47.136523,
        455.0
      ],
      [
        9.513254,
        47.13652,
        455.0
      ],
      [
        9.51262,
        47.136508,
        455.0
      ],
      [
        9.512572,
        47.136507,
        455.0
      ],
      [
        9.512447,
        47.136503,
        455.0
      ],
      [
        9.511983,
        47.136492,
        458.5
      ],
      [
        9.512341,
        47.135031,
        458.75
      ],
      [
        9.512465,
        47.134501,
        459.0
      ],
      [
        9.512537,
        47.13413,
        459.75
      ],
      [
        9.512644,
        47.133479,
        461.0
      ],
      [
        9.512713,
        47.133161,
        462.75
      ],
      [
        9.512825,
        47.132871,
        463.0
      ],
      [
        9.512763,
        47.132859,
        463.25
      ],
      [
        9.512676,
        47.132841,
        463.0
      ],
      [
        9.512555,
        47.13282,
        463.0
      ],
      [
        9.512583,
        47.132723,
        462.5
      ],
      [
        9.512584,
        47.13268,
        462.25
      ],
      [
        9.512592,
        47.132636,
        462.0
      ],
      [
        9.512622,
        47.13257,
        462.0
      ],
      [
        9.512648,
        47.132374,
        461.75
      ],
      [
        9.512688,
        47.132211,
        462.5
      ],
      [
        9.512935,
        47.131467,
        461.0
      ],
      [
        9.513208,
        47.130632,
        461.75
      ],
      [
        9.513418,
        47.129954,
        462.0
      ],
      [
        9.513511,
        47.129619,
        462.0
      ],
      [
        9.513728,
        47.12864,
        461.0
      ],
      [
        9.514249,
        47.126512,
        461.0
      ],
      [
        9.514335,
        47.126098,
        461.5
      ],
      [
        9.514331,
        47.125987,
        461.25
      ],
      [
        9.514483,
        47.125391,
        461.0
      ],
      [
        9.514533,
        47.125304,
        461.75
      ],
      [
        9.514599,
        47.125136,
        462.5
      ],
      [
        9.514768,
        47.124401,
        461.25
      ],
      [
        9.514963,
        47.123641,
        463.25
      ],
      [
        9.515266,
        47.122344,
        462.5
      ],
      [
        9.515399,
        47.121849,
        463.0
      ],
      [
        9.51544,
        47.12161,
        463.25
      ],
      [
        9.515515,
        47.121373,
        463.0
      ],
      [
        9.515633,
        47.121053,
        463.25
      ],
      [
        9.515646,
        47.120974,
        463.0
      ],
      [
        9.515661,
        47.120892,
        462.75
      ],
      [
        9.515761,
        47.120572,
        463.5
      ],
      [
        9.515802,
        47.120486,
        463.5
      ],
      [
        9.515955,
        47.119983,
        463.25
      ],
      [
        9.516235,
        47.11898,
        463.25
      ],
      [
        9.51709,
        47.11569,
        464.0
      ],
      [
        9.517164,
        47.115489,
        465.25
      ],
      [
        9.517243,
        47.115343,
        466.0
      ],
      [
        9.517364,
        47.11515,
        466.0
      ],
      [
        9.51743,
        47.115069,
        467.0
      ],
      [
        9.517951,
        47.113156,
        466.25
      ],
      [
        9.518029,
        47.112831,
        468.25
      ],
      [
        9.518506,
        47.110959,
        466.5
      ],
      [
        9.518709,
        47.110055,
        466.5
      ],
      [
        9.518938,
        47.109494,
        469.0
      ],
      [
        9.518998,
        47.109398,
        468.5
      ],
      [
        9.519099,
        47.109405,
        467.25
      ],
      [
        9.520281,
        47.109491,
        463.0
      ],
      [
        9.520614,
        47.109508,
        463.0
      ],
      [
        9.521514,
        47.109556,
        462.75
      ],
      [
        9.521732,
        47.109561,
        462.5
      ],
      [
        9.522046,
        47.109578,
        461.75
      ],
      [
        9.52228,
        47.109577,
        461.25
      ],
      [
        9.522344,
        47.109575,
        461.75
      ],
      [
        9.522644,
        47.10958,
        462.5
      ],
      [
        9.523123,
        47.109614,
        462.25
      ],
      [
        9.523868,
        47.109648,
        462.75
      ],
      [
        9.524149,
        47.109674,
        463.0
      ],
      [
        9.524213,
        47.109682,
        463.0
      ],
      [
        9.524425,
        47.109701,
        463.0
      ],
      [
        9.524573,
        47.109699,
        463.0
      ],
      [
        9.524671,
        47.10971,
        463.0
      ],
      [
        9.524735,
        47.109715,
        463.0
      ],
      [
        9.524786,
        47.1097,
        463.0
      ],
      [
        9.524858,
        47.109703,
        463.0
      ],
      [
        9.524921,
        47.109731,
        462.75
      ],
      [
        9.524942,
        47.109755,
        462.75
      ],
      [
        9.524953,
        47.109787,
        462.75
      ],
      [
        9.525,
        47.109781,
        462.75
      ],
      [
        9.525101,
        47.109746,
        462.75
      ],
      [
        9.525144,
        47.109711,
        463.0
      ],
      [
        9.525186,
        47.109637,
        463.0
      ],
      [
        9.525262,
        47.109537,
        463.5
      ],
      [
        9.525298,
        47.109506,
        463.75
      ],
      [
        9.525473,
        47.10942,
        463.75
      ],
      [
        9.525854,
        47.109276,
        465.0
      ],
      [
        9.525903,
        47.109256,
        465.25
      ],
      [
        9.525992,
        47.10921,
        465.75
      ],
      [
        9.52612,
        47.109112,
        466.75
      ],
      [
        9.526227,
        47.108985,
        466.5
      ],
      [
        9.526273,
        47.108929,
        467.0
      ],
      [
        9.526355,
        47.10885,
        468.0
      ],
      [
        9.526534,
        47.108654,
        470.75
      ],
      [
        9.526676,
        47.108489,
        472.0
      ],
      [
        9.526865,
        47.108332,
        475.5
      ],
      [
        9.527175,
        47.108162,
        480.5
      ],
      [
        9.52732,
        47.108047,
        480.25
      ],
      [
        9.527455,
        47.107919,
        482.5
      ],
      [
        9.527514,
        47.107799,
        483.25
      ],
      [
        9.527564,
        47.107583,
        485.0
      ],
      [
        9.527596,
        47.107547,
        485.75
      ],
      [
        9.527645,
        47.107514,
        486.5
      ],
      [
        9.527738,
        47.107455,
        488.0
      ],
      [
        9.527825,
        47.10741,
        489.25
      ],
      [
        9.528169,
        47.107225,
        490.5
      ],
      [
        9.528339,
        47.107152,
        492.75
      ],
      [
        9.528751,
        47.107003,
        496.25
      ],
      [
        9.529037,
        47.106865,
        498.75
      ],
      [
        9.52915,
        47.1068,
        500.25
      ],
      [
        9.529337,
        47.106762,
        502.5
      ],
      [
        9.529493,
        47.106743,
        504.5
      ],
      [
        9.529651,
        47.106736,
        506.0
      ],
      [
        9.529832,
        47.106729,
        508.25
      ],
      [
        9.530094,
        47.106767,
        512.0
      ],
      [
        9.530302,
        47.106801,
        514.5
      ],
      [
        9.530379,
        47.106806,
        515.25
      ],
      [
        9.530517,
        47.10681,
        516.5
      ],
      [
        9.530577,
        47.106803,
        517.0
      ],
      [
        9.53062,
        47.106797,
        517.25
      ],
      [
        9.530782,
        47.10676,
        518.5
      ],
      [
        9.531142,
        47.106614,
        521.25
      ],
      [
        9.531172,
        47.106604,
        521.75
      ],
      [
        9.531649,
        47.106405,
        525.75
      ],
      [
        9.531931,
        47.106286,
        528.0
      ],
      [
        9.532156,
        47.106213,
        529.5
      ],
      [
        9.532257,
        47.106187,
        530.0
      ],
      [
        9.532324,
        47.106173,
        530.75
      ],
      [
        9.532389,
        47.10615,
        531.0
      ],
      [
        9.532527,
        47.106101,
        532.0
      ],
      [
        9.532577,
        47.106043,
        532.0
      ],
      [
        9.532741,
        47.105894,
        532.0
      ],
      [
        9.532762,
        47.105859,
        532.0
      ],
      [
        9.532769,
        47.105816,
        531.75
      ],
      [
        9.532769,
        47.105779,
        531.5
      ],
      [
        9.532745,
        47.105692,
        530.5
      ],
      [
        9.532728,
        47.105584,
        529.75
      ],
      [
        9.532742,
        47.105431,
        529.0
      ],
      [
        9.532837,
        47.105112,
        529.0
      ],
      [
        9.532866,
        47.104968,
        528.75
      ],
      [
        9.53287,
        47.104932,
        528.75
      ],
      [
        9.532846,
        47.104866,
        528.5
      ],
      [
        9.532652,
        47.104375,
        528.25
      ],
      [
        9.532536,
        47.104144,
        527.5
      ],
      [
        9.532479,
        47.104076,
        527.5
      ],
      [
        9.532403,
        47.104015,
        527.25
      ],
      [
        9.53223,
        47.103943,
        525.5
      ],
      [
        9.532123,
        47.103888,
        524.75
      ],
      [
        9.532033,
        47.103821,
        524.0
      ],
      [
        9.53196,
        47.103737,
        523.5
      ],
      [
        9.531885,
        47.103586,
        523.0
      ],
      [
        9.531863,
        47.10354,
        522.75
      ],
      [
        9.531707,
        47.103218,
        522.25
      ],
      [
        9.531572,
        47.102886,
        522.25
      ],
      [
        9.531544,
        47.102804,
        522.5
      ],
      [
        9.531376,
        47.102161,
        526.0
      ],
      [
        9.53144,
        47.102075,
        526.75
      ],
      [
        9.531489,
        47.101988,
        527.75
      ],
      [
        9.531522,
        47.101938,
        528.25
      ],
      [
        9.531551,
        47.101868,
        529.0
      ],
      [
        9.531535,
        47.101563,
        529.75
      ],
      [
        9.531584,
        47.10146,
        530.5
      ],
      [
        9.531654,
        47.101231,
        532.25
      ],
      [
        9.531611,
        47.10093,
        532.75
      ],
      [
        9.531653,
        47.100369,
        537.0
      ],
      [
        9.531631,
        47.100051,
        538.75
      ],
      [
        9.531653,
        47.100369,
        537.0
      ],
      [
        9.531611,
        47.10093,
        532.75
      ],
      [
        9.531654,
        47.101231,
        532.25
      ],
      [
        9.531584,
        47.10146,
        530.5
      ],
      [
        9.531535,
        47.101563,
        529.75
      ],
      [
        9.531551,
        47.101868,
        529.0
      ],
      [
        9.531522,
        47.101938,
        528.25
      ],
      [
        9.531489,
        47.101988,
        527.75
      ],
      [
        9.53144,
        47.102075,
        526.75
      ],
      [
        9.531376,
        47.102161,
        526.0
      ],
      [
        9.531309,
        47.10206,
        525.75
      ],
      [
        9.531107,
        47.101785,
        525.5
      ],
      [
        9.531038,
        47.101651,
        524.5
      ],
      [
        9.530943,
        47.101511,
        522.75
      ],
      [
        9.530775,
        47.10134,
        520.5
      ],
      [
        9.53035,
        47.101122,
        517.5
      ],
      [
        9.530187,
        47.101027,
        516.25
      ],
      [
        9.530093,
        47.100952,
        515.75
      ],
      [
        9.530009,
        47.100797,
        516.25
      ],
      [
        9.529867,
        47.100337,
        516.75
      ],
      [
        9.529807,
        47.100093,
        516.75
      ],
      [
        9.529795,
        47.099999,
        516.75
      ],
      [
        9.529809,
        47.09991,
        516.5
      ],
      [
        9.529809,
        47.09972,
        516.25
      ],
      [
        9.529781,
        47.099584,
        516.25
      ],
      [
        9.529748,
        47.099506,
        516.0
      ],
      [
        9.529704,
        47.099441,
        515.5
      ],
      [
        9.529605,
        47.099254,
        513.75
      ],
      [
        9.529537,
        47.099055,
        512.75
      ],
      [
        9.529504,
        47.098931,
        512.5
      ],
      [
        9.529508,
        47.098702,
        512.0
      ],
      [
        9.529474,
        47.098365,
        512.0
      ],
      [
        9.529351,
        47.097913,
        509.0
      ],
      [
        9.529333,
        47.097721,
        508.25
      ],
      [
        9.529367,
        47.097522,
        508.75
      ],
      [
        9.529408,
        47.097099,
        506.5
      ],
      [
        9.529459,
        47.096904,
        505.75
      ],
      [
        9.529629,
        47.096508,
        505.25
      ],
      [
        9.529717,
        47.096376,
        505.75
      ],
      [
        9.52982,
        47.096166,
        506.25
      ],
      [
        9.529851,
        47.095922,
        505.0
      ],
      [
        9.52987,
        47.095691,
        503.75
      ],
      [
        9.529797,
        47.095443,
        502.25
      ],
      [
        9.529699,
        47.095198,
        501.5
      ],
      [
        9.52959,
        47.095036,
        500.0
      ],
      [
        9.52951,
        47.094901,
        498.75
      ],
      [
        9.529499,
        47.094857,
        498.5
      ],
      [
        9.529506,
        47.09481,
        498.5
      ],
      [
        9.529513,
        47.094789,
        498.5
      ],
      [
        9.529317,
        47.094679,
        497.25
      ],
      [
        9.528716,
        47.094492,
        494.0
      ],
      [
        9.52766,
        47.094088,
        490.0
      ],
      [
        9.526905,
        47.093697,
        487.5
      ],
      [
        9.526425,
        47.093418,
        484.5
      ],
      [
        9.526029,
        47.093189,
        483.0
      ],
      [
        9.52566,
        47.093056,
        481.0
      ],
      [
        9.525279,
        47.092952,
        479.75
      ],
      [
        9.525178,
        47.092895,
        479.0
      ],
      [
        9.52505,
        47.092884,
        478.0
      ],
      [
        9.524997,
        47.092976,
        477.25
      ],
      [
        9.525005,
        47.092953,
        477.25
      ],
      [
        9.524986,
        47.092885,
        477.5
      ],
      [
        9.524895,
        47.092711,
        477.5
      ],
      [
        9.52473,
        47.092225,
        480.0
      ],
      [
        9.524411,
        47.091471,
        482.0
      ],
      [
        9.524366,
        47.091369,
        482.0
      ],
      [
        9.524322,
        47.09132,
        481.75
      ],
      [
        9.523918,
        47.090916,
        482.5
      ],
      [
        9.523864,
        47.09082,
        483.25
      ],
      [
        9.523827,
        47.090681,
        482.25
      ],
      [
        9.523804,
        47.090411,
        481.5
      ],
      [
        9.523797,
        47.090319,
        481.25
      ],
      [
        9.523772,
        47.08999,
        482.5
      ],
      [
        9.52377,
        47.089947,
        482.25
      ],
      [
        9.523782,
        47.089313,
        479.0
      ],
      [
        9.523773,
        47.089207,
        478.25
      ],
      [
        9.523753,
        47.089103,
        478.25
      ],
      [
        9.523684,
        47.088747,
        478.0
      ],
      [
        9.523631,
        47.088415,
        477.0
      ],
      [
        9.523582,
        47.088243,
        476.75
      ],
      [
        9.523409,
        47.087861,
        477.0
      ],
      [
        9.523372,
        47.087802,
        476.75
      ],
      [
        9.523238,
        47.087684,
        476.5
      ],
      [
        9.52301,
        47.087504,
        476.75
      ],
      [
        9.521586,
        47.086527,
        480.25
      ],
      [
        9.521391,
        47.086425,
        478.5
      ],
      [
        9.521322,
        47.0864,
        478.5
      ],
      [
        9.521264,
        47.086387,
        478.5
      ],
      [
        9.521186,
        47.086384,
        478.0
      ],
      [
        9.521103,
        47.086392,
        477.75
      ],
      [
        9.520966,
        47.086392,
        477.25
      ],
      [
        9.520872,
        47.086382,
        476.75
      ],
      [
        9.520713,
        47.086347,
        475.5
      ],
      [
        9.520579,
        47.086292,
        474.5
      ],
      [
        9.520532,
        47.086263,
        473.75
      ],
      [
        9.520438,
        47.086194,
        471.75
      ],
      [
        9.520368,
        47.086114,
        470.5
      ],
      [
        9.520311,
        47.086044,
        471.25
      ],
      [
        9.520247,
        47.085955,
        473.0
      ],
      [
        9.520218,
        47.085901,
        474.0
      ],
      [
        9.520182,
        47.085741,
        475.75
      ],
      [
        9.520179,
        47.085654,
        476.0
      ],
      [
        9.520168,
        47.085606,
        476.25
      ],
      [
        9.520122,
        47.085554,
        476.25
      ],
      [
        9.520094,
        47.085537,
        476.25
      ],
      [
        9.519994,
        47.085501,
        476.0
      ],
      [
        9.519864,
        47.08539,
        476.0
      ],
      [
        9.519715,
        47.08528,
        476.0
      ],
      [
        9.519391,
        47.085059,
        475.25
      ],
      [
        9.519291,
        47.084978,
        475.5
      ],
      [
        9.51921,
        47.084898,
        475.5
      ],
      [
        9.518745,
        47.084431,
        474.5
      ],
      [
        9.518388,
        47.084052,
        475.0
      ],
      [
        9.517769,
        47.083354,
        474.25
      ],
      [
        9.517208,
        47.082738,
        472.75
      ],
      [
        9.517101,
        47.082597,
        472.25
      ],
      [
        9.517016,
        47.082389,
        472.75
      ],
      [
        9.516985,
        47.082195,
        473.0
      ],
      [
        9.516871,
        47.081631,
        473.5
      ],
      [
        9.516824,
        47.081105,
        473.5
      ],
      [
        9.516847,
        47.080618,
        472.75
      ],
      [
        9.51685,
        47.080058,
        472.25
      ],
      [
        9.51682,
        47.079804,
        471.5
      ],
      [
        9.516757,
        47.079445,
        471.25
      ],
      [
        9.516675,
        47.0791,
        471.0
      ],
      [
        9.516537,
        47.078694,
        470.25
      ],
      [
        9.516452,
        47.078529,
        470.0
      ],
      [
        9.516201,
        47.078241,
        470.0
      ],
      [
        9.516134,
        47.078145,
        470.0
      ],
      [
        9.515848,
        47.077858,
        470.5
      ],
      [
        9.515713,
        47.077751,
        470.0
      ],
      [
        9.515319,
        47.077535,
        470.75
      ],
      [
        9.514627,
        47.077214,
        470.5
      ],
      [
        9.513935,
        47.076965,
        470.75
      ],
      [
        9.513574,
        47.076827,
        471.0
      ],
      [
        9.513339,
        47.076686,
        471.0
      ],
      [
        9.513281,
        47.076644,
        471.0
      ],
      [
        9.513201,
        47.076582,
        471.0
      ],
      [
        9.512923,
        47.076337,
        471.0
      ],
      [
        9.51275,
        47.076194,
        471.0
      ],
      [
        9.51264,
        47.076111,
        471.25
      ],
      [
        9.512472,
        47.075959,
        472.0
      ],
      [
        9.51232,
        47.075842,
        472.0
      ],
      [
        9.512154,
        47.075676,
        472.25
      ],
      [
        9.512094,
        47.075636,
        472.75
      ],
      [
        9.512062,
        47.075627,
        473.0
      ],
      [
        9.512002,
        47.075624,
        473.25
      ],
      [
        9.51195,
        47.075632,
        473.5
      ],
      [
        9.511925,
        47.075637,
        473.5
      ],
      [
        9.511859,
        47.075654,
        473.5
      ],
      [
        9.511802,
        47.075668,
        473.25
      ],
      [
        9.511706,
        47.075514,
        474.0
      ],
      [
        9.511664,
        47.075468,
        474.25
      ],
      [
        9.511483,
        47.075182,
        474.75
      ],
      [
        9.511428,
        47.075094,
        474.75
      ],
      [
        9.511404,
        47.075057,
        474.75
      ],
      [
        9.511049,
        47.074584,
        476.0
      ],
      [
        9.51096,
        47.074494,
        476.0
      ],
      [
        9.510899,
        47.074401,
        476.5
      ],
      [
        9.510489,
        47.073966,
        477.5
      ],
      [
        9.510093,
        47.073583,
        478.5
      ],
      [
        9.509948,
        47.07339,
        479.25
      ],
      [
        9.509882,
        47.073334,
        479.5
      ],
      [
        9.509728,
        47.073229,
        479.0
      ],
      [
        9.509648,
        47.073191,
        478.5
      ],
      [
        9.50951,
        47.073138,
        478.5
      ],
      [
        9.509351,
        47.073101,
        478.25
      ],
      [
        9.509329,
        47.073085,
        478.25
      ],
      [
        9.509309,
        47.073044,
        478.5
      ],
      [
        9.509309,
        47.073028,
        478.5
      ],
      [
        9.50931,
        47.07301,
        478.5
      ],
      [
        9.509328,
        47.072947,
        478.5
      ],
      [
        9.509336,
        47.072888,
        478.75
      ],
      [
        9.509332,
        47.07285,
        478.75
      ],
      [
        9.50931,
        47.072781,
        478.75
      ],
      [
        9.509132,
        47.072602,
        478.75
      ],
      [
        9.509035,
        47.072507,
        478.5
      ],
      [
        9.508922,
        47.072385,
        478.5
      ],
      [
        9.508691,
        47.072114,
        478.5
      ],
      [
        9.508529,
        47.071905,
        478.75
      ],
      [
        9.508373,
        47.071668,
        478.25
      ],
      [
        9.508307,
        47.071684,
        477.75
      ],
      [
        9.508297,
        47.071687,
        477.5
      ],
      [
        9.507822,
        47.071815,
        475.0
      ],
      [
        9.507238,
        47.071982,
        471.75
      ],
      [
        9.5069,
        47.071656,
        471.75
      ],
      [
        9.506603,
        47.071317,
        471.75
      ],
      [
        9.506411,
        47.071028,
        470.25
      ],
      [
        9.506266,
        47.07075,
        470.75
      ],
      [
        9.506176,
        47.070529,
        471.0
      ],
      [
        9.506102,
        47.070138,
        471.0
      ],
      [
        9.505938,
        47.068997,
        470.75
      ],
      [
        9.505934,
        47.068967,
        470.5
      ],
      [
        9.505888,
        47.068523,
        470.5
      ],
      [
        9.505851,
        47.068509,
        470.25
      ],
      [
        9.505765,
        47.06846,
        470.75
      ],
      [
        9.505694,
        47.068401,
        471.25
      ],
      [
        9.505642,
        47.068323,
        471.5
      ],
      [
        9.505556,
        47.068166,
        471.75
      ],
      [
        9.505492,
        47.068089,
        472.0
      ],
      [
        9.505443,
        47.068045,
        471.75
      ],
      [
        9.505343,
        47.067977,
        471.75
      ],
      [
        9.504942,
        47.067755,
        472.0
      ],
      [
        9.504896,
        47.067724,
        472.0
      ],
      [
        9.504181,
        47.067267,
        472.0
      ],
      [
        9.503591,
        47.066896,
        472.0
      ],
      [
        9.503546,
        47.066874,
        472.25
      ],
      [
        9.503426,
        47.066844,
        472.75
      ],
      [
        9.503541,
        47.066572,
        472.5
      ],
      [
        9.503208,
        47.066533,
        473.0
      ],
      [
        9.502864,
        47.066502,
        473.0
      ],
      [
        9.50251,
        47.066468,
        473.0
      ],
      [
        9.502071,
        47.066422,
        473.0
      ],
      [
        9.501628,
        47.06638,
        473.0
      ],
      [
        9.50108,
        47.066327,
        473.75
      ],
      [
        9.500782,
        47.066293,
        475.75
      ],
      [
        9.500696,
        47.066273,
        476.25
      ],
      [
        9.500621,
        47.066248,
        477.0
      ],
      [
        9.500477,
        47.06618,
        477.25
      ],
      [
        9.500304,
        47.066064,
        478.5
      ],
      [
        9.500067,
        47.065876,
        479.25
      ],
      [
        9.499982,
        47.065821,
        474.25
      ],
      [
        9.499819,
        47.065744,
        474.25
      ],
      [
        9.499639,
        47.065677,
        472.25
      ],
      [
        9.499598,
        47.065664,
        472.5
      ],
      [
        9.499563,
        47.065703,
        472.75
      ],
      [
        9.499692,
        47.06576,
        472.0
      ],
      [
        9.500191,
        47.066647,
        473.25
      ],
      [
        9.500191,
        47.066667,
        473.25
      ],
      [
        9.500191,
        47.066647,
        473.25
      ],
      [
        9.499692,
        47.06576,
        472.0
      ],
      [
        9.499563,
        47.065703,
        472.75
      ],
      [
        9.499525,
        47.065688,
        473.0
      ],
      [
        9.499551,
        47.065648,
        472.75
      ],
      [
        9.4989,
        47.065424,
        474.0
      ],
      [
        9.498549,
        47.065303,
        474.0
      ],
      [
        9.498417,
        47.065257,
        474.0
      ],
      [
        9.498299,
        47.065218,
        474.0
      ],
      [
        9.498181,
        47.065177,
        474.0
      ],
      [
        9.497363,
        47.064897,
        474.0
      ],
      [
        9.497178,
        47.064832,
        474.0
      ],
      [
        9.497076,
        47.064799,
        474.0
      ],
      [
        9.496775,
        47.064696,
        474.0
      ],
      [
        9.496724,
        47.064678,
        474.0
      ],
      [
        9.496538,
        47.064614,
        474.0
      ],
      [
        9.496507,
        47.064603,
        474.0
      ],
      [
        9.496324,
        47.06454,
        474.0
      ],
      [
        9.495902,
        47.064394,
        474.0
      ],
      [
        9.495539,
        47.064268,
        474.25
      ],
      [
        9.495331,
        47.064197,
        474.5
      ],
      [
        9.493478,
        47.063569,
        475.0
      ],
      [
        9.493251,
        47.063492,
        475.0
      ],
      [
        9.49323,
        47.063485,
        475.0
      ],
      [
        9.493028,
        47.063416,
        475.0
      ],
      [
        9.492856,
        47.063355,
        475.0
      ],
      [
        9.492809,
        47.063332,
        475.0
      ],
      [
        9.492778,
        47.063307,
        475.0
      ],
      [
        9.492749,
        47.063279,
        475.0
      ],
      [
        9.492722,
        47.063255,
        475.0
      ],
      [
        9.492623,
        47.063303,
        475.0
      ],
      [
        9.492505,
        47.063356,
        475.0
      ],
      [
        9.492302,
        47.063455,
        475.25
      ],
      [
        9.491866,
        47.063659,
        475.0
      ],
      [
        9.49165,
        47.063763,
        475.0
      ],
      [
        9.491595,
        47.063796,
        475.0
      ],
      [
        9.491539,
        47.063847,
        475.0
      ],
      [
        9.491524,
        47.063879,
        475.0
      ],
      [
        9.491518,
        47.063929,
        475.0
      ],
      [
        9.491411,
        47.063923,
        475.0
      ],
      [
        9.491326,
        47.063935,
        475.0
      ],
      [
        9.491229,
        47.063965,
        475.0
      ],
      [
        9.489926,
        47.064577,
        475.0
      ],
      [
        9.489676,
        47.0647,
        475.75
      ],
      [
        9.487116,
        47.065918,
        476.0
      ],
      [
        9.48684,
        47.06605,
        476.0
      ],
      [
        9.48589,
        47.066498,
        477.0
      ],
      [
        9.48517,
        47.066847,
        476.5
      ],
      [
        9.485111,
        47.066874,
        476.5
      ],
      [
        9.485013,
        47.06692,
        476.75
      ],
      [
        9.484994,
        47.066929,
        476.75
      ],
      [
        9.483973,
        47.067415,
        477.0
      ],
      [
        9.48282,
        47.067954,
        478.0
      ],
      [
        9.482492,
        47.068111,
        478.5
      ],
      [
        9.482441,
        47.068134,
        478.5
      ],
      [
        9.481675,
        47.068513,
        480.25
      ],
      [
        9.48143,
        47.068644,
        482.0
      ],
      [
        9.481346,
        47.068705,
        481.25
      ],
      [
        9.481289,
        47.06876,
        479.75
      ],
      [
        9.481261,
        47.068795,
        479.75
      ],
      [
        9.480873,
        47.069279,
        481.0
      ],
      [
        9.480475,
        47.069757,
        482.25
      ],
      [
        9.480424,
        47.069818,
        482.25
      ],
      [
        9.479014,
        47.069292,
        482.25
      ],
      [
        9.478898,
        47.069264,
        482.5
      ],
      [
        9.478059,
        47.068967,
        481.5
      ],
      [
        9.477653,
        47.068779,
        479.75
      ],
      [
        9.47713,
        47.068558,
        483.0
      ],
      [
        9.475352,
        47.067879,
        481.5
      ],
      [
        9.474856,
        47.067674,
        481.25
      ],
      [
        9.474439,
        47.06748,
        484.25
      ],
      [
        9.474026,
        47.067254,
        482.75
      ],
      [
        9.473617,
        47.066986,
        484.25
      ],
      [
        9.473059,
        47.066569,
        482.5
      ],
      [
        9.472475,
        47.066133,
        483.5
      ],
      [
        9.472181,
        47.065898,
        482.75
      ],
      [
        9.471849,
        47.065604,
        483.0
      ],
      [
        9.471659,
        47.065416,
        483.75
      ],
      [
        9.471335,
        47.065035,
        483.75
      ],
      [
        9.471198,
        47.064833,
        483.5
      ],
      [
        9.470888,
        47.064233,
        484.5
      ],
      [
        9.470884,
        47.064076,
        484.75
      ],
      [
        9.470784,
        47.063628,
        484.5
      ],
      [
        9.470725,
        47.063246,
        482.75
      ],
      [
        9.470701,
        47.062856,
        482.25
      ],
      [
        9.470697,
        47.062477,
        482.5
      ],
      [
        9.470725,
        47.062055,
        483.25
      ],
      [
        9.4708,
        47.061622,
        485.5
      ],
      [
        9.470917,
        47.061191,
        484.0
      ],
      [
        9.471044,
        47.060844,
        484.0
      ],
      [
        9.473453,
        47.054999,
        485.75
      ],
      [
        9.473642,
        47.05456,
        487.25
      ],
      [
        9.473842,
        47.054067,
        486.25
      ],
      [
        9.474533,
        47.052393,
        486.25
      ],
      [
        9.474837,
        47.051683,
        486.0
      ],
      [
        9.475972,
        47.049478,
        486.75
      ],
      [
        9.476232,
        47.049026,
        487.75
      ],
      [
        9.476475,
        47.04864,
        487.75
      ],
      [
        9.476557,
        47.048536,
        487.5
      ],
      [
        9.47717,
        47.04776,
        490.0
      ],
      [
        9.477573,
        47.047266,
        488.25
      ],
      [
        9.480463,
        47.043991,
        489.25
      ],
      [
        9.482716,
        47.041801,
        490.0
      ],
      [
        9.48308,
        47.041441,
        491.5
      ],
      [
        9.483283,
        47.041235,
        490.25
      ],
      [
        9.483911,
        47.040577,
        492.0
      ],
      [
        9.484497,
        47.039972,
        491.5
      ],
      [
        9.485791,
        47.038633,
        493.0
      ],
      [
        9.486525,
        47.037868,
        492.0
      ],
      [
        9.488799,
        47.035513,
        491.75
      ],
      [
        9.489545,
        47.034729,
        493.0
      ],
      [
        9.490042,
        47.034242,
        493.25
      ],
      [
        9.490553,
        47.033685,
        493.5
      ],
      [
        9.491084,
        47.033137,
        493.5
      ],
      [
        9.492101,
        47.032085,
        493.5
      ],
      [
        9.496164,
        47.027868,
        494.75
      ],
      [
        9.498168,
        47.025791,
        496.25
      ],
      [
        9.500223,
        47.023664,
        498.0
      ],
      [
        9.500371,
        47.023452,
        498.25
      ],
      [
        9.500401,
        47.02343,
        498.25
      ],
      [
        9.500477,
        47.023465,
        497.0
      ],
      [
        9.501823,
        47.024076,
        497.0
      ],
      [
        9.501881,
        47.024099,
        498.0
      ],
      [
        9.502257,
        47.024265,
        496.5
      ],
      [
        9.503484,
        47.024869,
        495.5
      ],
      [
        9.504046,
        47.025134,
        496.0
      ],
      [
        9.506144,
        47.026236,
        494.0
      ],
      [
        9.506827,
        47.026592,
        494.0
      ],
      [
        9.507637,
        47.02689,
        494.0
      ],
      [
        9.507991,
        47.027001,
        494.0
      ],
      [
        9.508229,
        47.027047,
        494.0
      ],
      [
        9.508472,
        47.027074,
        494.75
      ],
      [
        9.508694,
        47.02709,
        495.5
      ],
      [
        9.509669,
        47.027113,
        501.75
      ],
      [
        9.510009,
        47.027095,
        504.0
      ],
      [
        9.510517,
        47.027014,
        507.25
      ],
      [
        9.510698,
        47.026977,
        508.25
      ],
      [
        9.510794,
        47.026958,
        508.75
      ],
      [
        9.511009,
        47.026854,
        510.25
      ],
      [
        9.511122,
        47.026756,
        511.0
      ],
      [
        9.511296,
        47.026833,
        511.75
      ],
      [
        9.511431,
        47.026948,
        512.25
      ],
      [
        9.511547,
        47.027068,
        512.25
      ],
      [
        9.511632,
        47.027135,
        512.25
      ],
      [
        9.511892,
        47.027303,
        513.25
      ],
      [
        9.512215,
        47.027553,
        513.75
      ],
      [
        9.512418,
        47.027627,
        514.5
      ],
      [
        9.512678,
        47.027548,
        515.75
      ],
      [
        9.51292,
        47.027458,
        516.75
      ],
      [
        9.513071,
        47.027403,
        517.75
      ],
      [
        9.51323,
        47.027311,
        519.0
      ],
      [
        9.513301,
        47.027251,
        519.75
      ],
      [
        9.513246,
        47.027128,
        520.0
      ],
      [
        9.513224,
        47.026986,
        520.75
      ],
      [
        9.513221,
        47.026887,
        521.25
      ],
      [
        9.513244,
        47.026698,
        523.0
      ],
      [
        9.513497,
        47.026639,
        524.5
      ],
      [
        9.513743,
        47.026608,
        525.75
      ],
      [
        9.513963,
        47.026425,
        528.0
      ],
      [
        9.514019,
        47.026378,
        528.5
      ],
      [
        9.514377,
        47.026179,
        531.25
      ],
      [
        9.514173,
        47.025837,
        533.0
      ],
      [
        9.514135,
        47.025772,
        533.0
      ],
      [
        9.514096,
        47.025645,
        533.0
      ],
      [
        9.514033,
        47.025177,
        534.0
      ],
      [
        9.51398,
        47.024952,
        534.5
      ],
      [
        9.513724,
        47.02433,
        532.75
      ],
      [
        9.513527,
        47.023797,
        535.5
      ],
      [
        9.513478,
        47.023614,
        536.0
      ],
      [
        9.513467,
        47.023437,
        536.5
      ],
      [
        9.513471,
        47.023322,
        536.75
      ],
      [
        9.513471,
        47.023311,
        536.75
      ],
      [
        9.513446,
        47.022985,
        534.75
      ],
      [
        9.513441,
        47.022728,
        534.75
      ],
      [
        9.513447,
        47.022553,
        534.75
      ],
      [
        9.513472,
        47.022404,
        534.5
      ],
      [
        9.513965,
        47.021324,
        535.5
      ],
      [
        9.514368,
        47.020436,
        535.0
      ],
      [
        9.514485,
        47.020251,
        535.0
      ],
      [
        9.51535,
        47.019116,
        536.75
      ],
      [
        9.515529,
        47.018969,
        537.0
      ],
      [
        9.516385,
        47.018405,
        540.0
      ],
      [
        9.516469,
        47.018353,
        540.5
      ],
      [
        9.516729,
        47.018171,
        541.5
      ],
      [
        9.517913,
        47.017121,
        544.25
      ],
      [
        9.518022,
        47.017035,
        544.25
      ],
      [
        9.518691,
        47.016703,
        546.75
      ],
      [
        9.519087,
        47.016514,
        548.25
      ],
      [
        9.519267,
        47.016421,
        548.75
      ],
      [
        9.51947,
        47.016346,
        549.5
      ],
      [
        9.520856,
        47.016037,
        553.5
      ],
      [
        9.520965,
        47.016008,
        554.0
      ],
      [
        9.521037,
        47.015981,
        554.0
      ],
      [
        9.521118,
        47.015918,
        553.75
      ],
      [
        9.521161,
        47.01586,
        553.5
      ],
      [
        9.521221,
        47.015742,
        553.25
      ],
      [
        9.521349,
        47.015351,
        551.25
      ],
      [
        9.521407,
        47.014739,
        548.0
      ],
      [
        9.521492,
        47.014543,
        547.5
      ],
      [
        9.521629,
        47.014336,
        547.25
      ],
      [
        9.521665,
        47.014266,
        547.25
      ],
      [
        9.521692,
        47.014187,
        547.0
      ],
      [
        9.521693,
        47.014118,
        546.25
      ],
      [
        9.521679,
        47.014052,
        545.75
      ],
      [
        9.521509,
        47.013705,
        541.5
      ],
      [
        9.52198,
        47.013409,
        540.75
      ],
      [
        9.522376,
        47.013201,
        539.75
      ],
      [
        9.522692,
        47.013009,
        539.75
      ],
      [
        9.522875,
        47.012915,
        539.25
      ],
      [
        9.523255,
        47.012788,
        539.5
      ],
      [
        9.523605,
        47.012672,
        538.25
      ],
      [
        9.523953,
        47.012566,
        538.5
      ],
      [
        9.524056,
        47.012548,
        538.75
      ],
      [
        9.524313,
        47.012484,
        539.25
      ],
      [
        9.524747,
        47.012402,
        539.5
      ],
      [
        9.524921,
        47.012348,
        539.0
      ],
      [
        9.525242,
        47.012221,
        539.5
      ],
      [
        9.525417,
        47.012121,
        538.5
      ],
      [
        9.525815,
        47.011943,
        538.75
      ],
      [
        9.525856,
        47.011914,
        538.5
      ],
      [
        9.525873,
        47.01189,
        538.25
      ],
      [
        9.525924,
        47.011536,
        534.5
      ],
      [
        9.52596,
        47.011494,
        534.25
      ],
      [
        9.526003,
        47.011464,
        534.25
      ],
      [
        9.526135,
        47.011391,
        534.0
      ],
      [
        9.526248,
        47.011352,
        534.0
      ],
      [
        9.526379,
        47.011316,
        534.0
      ],
      [
        9.526551,
        47.011286,
        534.25
      ],
      [
        9.526793,
        47.011258,
        535.0
      ],
      [
        9.526908,
        47.011231,
        535.0
      ],
      [
        9.52714,
        47.011159,
        535.75
      ],
      [
        9.527593,
        47.011047,
        537.5
      ],
      [
        9.527726,
        47.011023,
        538.0
      ],
      [
        9.527865,
        47.011016,
        538.75
      ],
      [
        9.528079,
        47.011036,
        540.25
      ],
      [
        9.528115,
        47.011056,
        540.5
      ],
      [
        9.528349,
        47.010906,
        539.75
      ],
      [
        9.529034,
        47.010649,
        538.0
      ],
      [
        9.529087,
        47.010614,
        537.5
      ],
      [
        9.529117,
        47.010567,
        537.0
      ],
      [
        9.529149,
        47.01052,
        536.5
      ],
      [
        9.529194,
        47.010474,
        536.0
      ],
      [
        9.52935,
        47.010381,
        535.75
      ],
      [
        9.52971,
        47.010191,
        535.0
      ],
      [
        9.529751,
        47.010152,
        534.5
      ],
      [
        9.529757,
        47.010109,
        534.0
      ],
      [
        9.529726,
        47.009973,
        532.5
      ],
      [
        9.529706,
        47.00966,
        529.25
      ],
      [
        9.529688,
        47.009572,
        528.75
      ],
      [
        9.529629,
        47.009454,
        527.5
      ],
      [
        9.529494,
        47.009248,
        525.0
      ],
      [
        9.529452,
        47.009143,
        523.75
      ],
      [
        9.529439,
        47.009086,
        523.5
      ],
      [
        9.529437,
        47.009037,
        523.5
      ],
      [
        9.529459,
        47.009009,
        523.25
      ],
      [
        9.529505,
        47.008973,
        523.25
      ],
      [
        9.529792,
        47.008805,
        522.5
      ],
      [
        9.53003,
        47.008678,
        522.5
      ],
      [
        9.530582,
        47.008426,
        522.5
      ],
      [
        9.530695,
        47.008354,
        522.0
      ],
      [
        9.530777,
        47.008279,
        521.5
      ],
      [
        9.530862,
        47.008171,
        520.75
      ],
      [
        9.530899,
        47.008104,
        520.75
      ],
      [
        9.530969,
        47.00788,
        519.5
      ],
      [
        9.530837,
        47.007783,
        516.0
      ],
      [
        9.530969,
        47.00788,
        519.5
      ],
      [
        9.530899,
        47.008104,
        520.75
      ],
      [
        9.530862,
        47.008171,
        520.75
      ],
      [
        9.530777,
        47.008279,
        521.5
      ],
      [
        9.530695,
        47.008354,
        522.0
      ],
      [
        9.530582,
        47.008426,
        522.5
      ],
      [
        9.53003,
        47.008678,
        522.5
      ],
      [
        9.529792,
        47.008805,
        522.5
      ],
      [
        9.529505,
        47.008973,
        523.25
      ],
      [
        9.529447,
        47.008951,
        523.0
      ],
      [
        9.529352,
        47.008957,
        522.75
      ],
      [
        9.528997,
        47.009038,
        521.75
      ],
      [
        9.52867,
        47.009114,
        522.5
      ],
      [
        9.528462,
        47.009144,
        522.75
      ],
      [
        9.528305,
        47.00917,
        522.75
      ],
      [
        9.527233,
        47.00947,
        522.0
      ],
      [
        9.526997,
        47.009548,
        520.5
      ],
      [
        9.526685,
        47.00965,
        520.5
      ],
      [
        9.526412,
        47.009722,
        520.0
      ],
      [
        9.526135,
        47.009759,
        519.25
      ],
      [
        9.525901,
        47.009774,
        518.75
      ],
      [
        9.525622,
        47.009778,
        517.75
      ],
      [
        9.525382,
        47.00976,
        517.75
      ],
      [
        9.524987,
        47.009763,
        517.0
      ],
      [
        9.524746,
        47.009799,
        516.75
      ],
      [
        9.524265,
        47.009943,
        517.5
      ],
      [
        9.523681,
        47.010077,
        516.25
      ],
      [
        9.523022,
        47.010234,
        517.25
      ],
      [
        9.522956,
        47.010243,
        517.25
      ],
      [
        9.522923,
        47.010247,
        517.0
      ],
      [
        9.522478,
        47.010303,
        516.25
      ],
      [
        9.522408,
        47.01031,
        516.25
      ],
      [
        9.52167,
        47.010373,
        515.0
      ],
      [
        9.521429,
        47.010399,
        514.75
      ],
      [
        9.520779,
        47.010527,
        514.5
      ],
      [
        9.520438,
        47.010549,
        514.5
      ],
      [
        9.520237,
        47.010568,
        514.0
      ],
      [
        9.52007,
        47.010585,
        514.0
      ],
      [
        9.519898,
        47.010612,
        513.75
      ],
      [
        9.519622,
        47.010668,
        513.25
      ],
      [
        9.51883,
        47.010869,
        512.75
      ],
      [
        9.517412,
        47.011414,
        511.75
      ],
      [
        9.516181,
        47.010056,
        502.0
      ],
      [
        9.516019,
        47.009875,
        501.5
      ],
      [
        9.51597,
        47.009813,
        502.0
      ],
      [
        9.515943,
        47.00978,
        502.25
      ],
      [
        9.515836,
        47.009788,
        503.0
      ],
      [
        9.515298,
        47.009924,
        501.25
      ],
      [
        9.514275,
        47.010233,
        502.0
      ],
      [
        9.514114,
        47.010291,
        503.75
      ],
      [
        9.513814,
        47.010331,
        504.25
      ],
      [
        9.513043,
        47.010457,
        501.0
      ],
      [
        9.512234,
        47.010535,
        503.5
      ],
      [
        9.512004,
        47.010548,
        504.5
      ],
      [
        9.511794,
        47.01061,
        504.0
      ],
      [
        9.511661,
        47.010612,
        503.5
      ],
      [
        9.511554,
        47.010603,
        503.5
      ],
      [
        9.511447,
        47.010564,
        503.5
      ],
      [
        9.511111,
        47.010554,
        504.75
      ],
      [
        9.510973,
        47.010546,
        504.5
      ],
      [
        9.510537,
        47.010525,
        504.0
      ],
      [
        9.509096,
        47.010438,
        502.5
      ],
      [
        9.509032,
        47.010442,
        502.75
      ],
      [
        9.508986,
        47.01047,
        502.75
      ],
      [
        9.508963,
        47.010505,
        502.75
      ],
      [
        9.508026,
        47.010467,
        500.5
      ],
      [
        9.507594,
        47.010456,
        501.0
      ],
      [
        9.507554,
        47.010456,
        501.0
      ],
      [
        9.507512,
        47.010455,
        501.0
      ],
      [
        9.507492,
        47.010237,
        502.5
      ],
      [
        9.507473,
        47.010182,
        501.75
      ],
      [
        9.507417,
        47.010124,
        501.25
      ],
      [
        9.507334,
        47.01006,
        500.5
      ],
      [
        9.50721,
        47.010003,
        500.0
      ],
      [
        9.507136,
        47.009987,
        500.5
      ],
      [
        9.507039,
        47.009976,
        501.25
      ],
      [
        9.50675,
        47.009978,
        501.75
      ],
      [
        9.506371,
        47.009992,
        502.0
      ],
      [
        9.506129,
        47.009983,
        502.0
      ],
      [
        9.505931,
        47.009965,
        502.0
      ],
      [
        9.505448,
        47.009863,
        502.0
      ],
      [
        9.505212,
        47.0098,
        502.0
      ],
      [
        9.505125,
        47.009764,
        502.0
      ],
      [
        9.505118,
        47.009681,
        502.0
      ],
      [
        9.505117,
        47.009632,
        502.0
      ],
      [
        9.505104,
        47.009359,
        502.0
      ],
      [
        9.505088,
        47.009287,
        502.0
      ],
      [
        9.505029,
        47.009141,
        502.0
      ],
      [
        9.504921,
        47.00891,
        501.75
      ],
      [
        9.504884,
        47.008829,
        502.0
      ],
      [
        9.504841,
        47.008726,
        502.25
      ],
      [
        9.504811,
        47.008676,
        502.0
      ],
      [
        9.504688,
        47.008488,
        502.5
      ],
      [
        9.504464,
        47.008175,
        503.0
      ],
      [
        9.504406,
        47.008089,
        503.0
      ],
      [
        9.504218,
        47.00781,
        503.75
      ],
      [
        9.50404,
        47.007558,
        504.25
      ],
      [
        9.503969,
        47.007457,
        504.75
      ],
      [
        9.503677,
        47.007047,
        505.25
      ],
      [
        9.503614,
        47.006956,
        505.75
      ],
      [
        9.503167,
        47.006313,
        507.0
      ],
      [
        9.503125,
        47.006254,
        507.0
      ],
      [
        9.502889,
        47.005917,
        507.5
      ],
      [
        9.502708,
        47.005654,
        508.0
      ],
      [
        9.502534,
        47.005411,
        508.75
      ],
      [
        9.502295,
        47.005052,
        508.75
      ],
      [
        9.50203,
        47.004684,
        510.5
      ],
      [
        9.501973,
        47.004605,
        510.5
      ],
      [
        9.501595,
        47.004062,
        511.25
      ],
      [
        9.501366,
        47.003747,
        512.0
      ],
      [
        9.501199,
        47.00349,
        512.75
      ],
      [
        9.501134,
        47.003395,
        512.75
      ],
      [
        9.501114,
        47.003366,
        512.75
      ],
      [
        9.501094,
        47.003336,
        513.0
      ],
      [
        9.501073,
        47.003305,
        513.0
      ],
      [
        9.500958,
        47.003136,
        513.25
      ],
      [
        9.500887,
        47.003146,
        513.5
      ],
      [
        9.50086,
        47.00315,
        513.5
      ],
      [
        9.500712,
        47.003207,
        513.25
      ],
      [
        9.500669,
        47.003213,
        513.0
      ],
      [
        9.500613,
        47.003211,
        513.0
      ],
      [
        9.500574,
        47.003206,
        513.0
      ],
      [
        9.500533,
        47.003202,
        513.0
      ],
      [
        9.500489,
        47.00318,
        513.0
      ],
      [
        9.500439,
        47.003157,
        513.25
      ],
      [
        9.500173,
        47.003027,
        514.25
      ],
      [
        9.50009,
        47.002983,
        514.75
      ],
      [
        9.49994,
        47.00289,
        515.0
      ],
      [
        9.499845,
        47.002816,
        515.0
      ],
      [
        9.499737,
        47.002713,
        515.0
      ],
      [
        9.499705,
        47.002679,
        515.0
      ],
      [
        9.499672,
        47.002646,
        515.0
      ],
      [
        9.499591,
        47.002515,
        515.25
      ],
      [
        9.499526,
        47.002354,
        515.5
      ],
      [
        9.499475,
        47.002232,
        515.75
      ],
      [
        9.49945,
        47.002141,
        516.25
      ],
      [
        9.499259,
        47.001795,
        517.25
      ],
      [
        9.499241,
        47.001766,
        517.25
      ],
      [
        9.499236,
        47.001735,
        517.5
      ],
      [
        9.499153,
        47.001711,
        517.75
      ],
      [
        9.498816,
        47.001623,
        520.25
      ],
      [
        9.498862,
        47.0016,
        520.0
      ],
      [
        9.49889,
        47.001534,
        520.75
      ],
      [
        9.498965,
        47.00142,
        521.5
      ],
      [
        9.499039,
        47.001328,
        521.5
      ],
      [
        9.499151,
        47.001191,
        521.25
      ],
      [
        9.499357,
        47.000992,
        522.25
      ],
      [
        9.499604,
        47.000777,
        521.25
      ],
      [
        9.499768,
        47.000566,
        521.25
      ],
      [
        9.500008,
        47.000204,
        522.0
      ],
      [
        9.500066,
        47.000113,
        522.0
      ],
      [
        9.500107,
        47.000023,
        521.75
      ],
      [
        9.500066,
        47.000113,
        522.0
      ],
      [
        9.500008,
        47.000204,
        522.0
      ],
      [
        9.499768,
        47.000566,
        521.25
      ],
      [
        9.499604,
        47.000777,
        521.25
      ],
      [
        9.499357,
        47.000992,
        522.25
      ],
      [
        9.499151,
        47.001191,
        521.25
      ],
      [
        9.499039,
        47.001328,
        521.5
      ],
      [
        9.498965,
        47.00142,
        521.5
      ],
      [
        9.49889,
        47.001534,
        520.75
      ],
      [
        9.498862,
        47.0016,
        520.0
      ],
      [
        9.498816,
        47.001623,
        520.25
      ],
      [
        9.498791,
        47.001643,
        520.25
      ],
      [
        9.498611,
        47.001855,
        519.75
      ],
      [
        9.498519,
        47.00197,
        520.5
      ],
      [
        9.498441,
        47.002017,
        521.25
      ],
      [
        9.498091,
        47.002202,
        521.25
      ],
      [
        9.49799,
        47.002264,
        521.75
      ],
      [
        9.497879,
        47.002352,
        522.25
      ],
      [
        9.497724,
        47.00253,
        520.25
      ],
      [
        9.497476,
        47.002916,
        521.25
      ],
      [
        9.497389,
        47.003072,
        520.25
      ],
      [
        9.497348,
        47.003175,
        520.75
      ],
      [
        9.497352,
        47.003281,
        521.0
      ],
      [
        9.497372,
        47.003351,
        520.5
      ],
      [
        9.497401,
        47.003406,
        519.75
      ],
      [
        9.497428,
        47.003436,
        519.0
      ],
      [
        9.497512,
        47.003485,
        517.25
      ],
      [
        9.49758,
        47.003665,
        515.75
      ],
      [
        9.497472,
        47.003998,
        515.0
      ],
      [
        9.497383,
        47.004268,
        514.75
      ],
      [
        9.497264,
        47.004606,
        514.75
      ],
      [
        9.497175,
        47.004842,
        515.75
      ],
      [
        9.497143,
        47.004915,
        516.25
      ],
      [
        9.497127,
        47.004997,
        516.0
      ],
      [
        9.497101,
        47.00514,
        516.0
      ],
      [
        9.497074,
        47.005382,
        514.75
      ],
      [
        9.496987,
        47.005534,
        513.75
      ],
      [
        9.496862,
        47.005621,
        514.75
      ],
      [
        9.496326,
        47.00577,
        516.75
      ],
      [
        9.496036,
        47.005872,
        515.25
      ],
      [
        9.495912,
        47.005937,
        516.0
      ],
      [
        9.495819,
        47.006001,
        516.5
      ],
      [
        9.495785,
        47.006061,
        516.75
      ],
      [
        9.495807,
        47.006102,
        516.25
      ],
      [
        9.495869,
        47.006148,
        516.0
      ],
      [
        9.496065,
        47.006217,
        515.5
      ],
      [
        9.496317,
        47.006299,
        513.75
      ],
      [
        9.496379,
        47.006334,
        513.0
      ],
      [
        9.496399,
        47.006383,
        512.75
      ],
      [
        9.496394,
        47.00643,
        512.5
      ],
      [
        9.49632,
        47.006535,
        512.5
      ],
      [
        9.496075,
        47.006851,
        510.75
      ],
      [
        9.495908,
        47.007095,
        509.0
      ],
      [
        9.495897,
        47.007137,
        508.75
      ],
      [
        9.495908,
        47.007188,
        508.25
      ],
      [
        9.495941,
        47.007241,
        507.5
      ],
      [
        9.495997,
        47.007288,
        507.0
      ],
      [
        9.496202,
        47.007382,
        506.5
      ],
      [
        9.496271,
        47.007413,
        506.5
      ],
      [
        9.496423,
        47.007485,
        506.75
      ],
      [
        9.496521,
        47.007529,
        506.75
      ],
      [
        9.496676,
        47.00761,
        506.75
      ],
      [
        9.496898,
        47.007715,
        506.25
      ],
      [
        9.496949,
        47.007743,
        506.0
      ],
      [
        9.496976,
        47.007757,
        506.0
      ],
      [
        9.497072,
        47.007804,
        505.75
      ],
      [
        9.497546,
        47.008076,
        504.75
      ],
      [
        9.497558,
        47.008081,
        504.75
      ],
      [
        9.497605,
        47.00809,
        504.75
      ],
      [
        9.497656,
        47.008104,
        504.75
      ],
      [
        9.497751,
        47.008163,
        504.5
      ],
      [
        9.497936,
        47.008336,
        504.0
      ],
      [
        9.49794,
        47.00834,
        504.0
      ],
      [
        9.498544,
        47.008892,
        502.75
      ],
      [
        9.498615,
        47.008965,
        503.0
      ],
      [
        9.498679,
        47.009005,
        502.75
      ],
      [
        9.498863,
        47.009083,
        503.0
      ],
      [
        9.499045,
        47.00911,
        503.0
      ],
      [
        9.499097,
        47.00911,
        503.0
      ],
      [
        9.499661,
        47.009108,
        502.0
      ],
      [
        9.499671,
        47.009108,
        502.0
      ],
      [
        9.500183,
        47.009107,
        502.0
      ],
      [
        9.500583,
        47.009105,
        501.75
      ],
      [
        9.500637,
        47.009104,
        501.75
      ],
      [
        9.500732,
        47.009103,
        501.5
      ],
      [
        9.500734,
        47.009131,
        501.25
      ],
      [
        9.500754,
        47.009482,
        498.25
      ],
      [
        9.500767,
        47.009624,
        497.5
      ],
      [
        9.50081,
        47.009769,
        497.0
      ],
      [
        9.500975,
        47.010043,
        496.75
      ],
      [
        9.500986,
        47.010059,
        496.75
      ],
      [
        9.501347,
        47.010699,
        496.75
      ],
      [
        9.501233,
        47.010731,
        496.75
      ],
      [
        9.500893,
        47.010834,
        497.0
      ],
      [
        9.500538,
        47.010944,
        496.75
      ],
      [
        9.500304,
        47.011018,
        496.25
      ],
      [
        9.500237,
        47.011039,
        496.0
      ],
      [
        9.500079,
        47.011087,
        496.0
      ],
      [
        9.499957,
        47.011131,
        496.0
      ],
      [
        9.499929,
        47.01114,
        496.0
      ],
      [
        9.499676,
        47.01122,
        496.0
      ],
      [
        9.499444,
        47.011314,
        496.0
      ],
      [
        9.499199,
        47.011449,
        496.0
      ],
      [
        9.497134,
        47.01271,
        495.0
      ],
      [
        9.495659,
        47.013618,
        495.0
      ],
      [
        9.4956,
        47.013647,
        495.0
      ],
      [
        9.495516,
        47.013674,
        495.0
      ],
      [
        9.495417,
        47.013691,
        495.0
      ],
      [
        9.495303,
        47.013689,
        495.0
      ],
      [
        9.495134,
        47.013667,
        495.0
      ],
      [
        9.494357,
        47.013558,
        495.0
      ],
      [
        9.494067,
        47.013517,
        495.0
      ],
      [
        9.494053,
        47.013515,
        495.0
      ],
      [
        9.494004,
        47.013504,
        495.0
      ],
      [
        9.493918,
        47.013486,
        495.0
      ],
      [
        9.49386,
        47.013472,
        495.0
      ],
      [
        9.493785,
        47.013455,
        495.0
      ],
      [
        9.493698,
        47.013432,
        495.0
      ],
      [
        9.493478,
        47.013355,
        494.5
      ],
      [
        9.493401,
        47.01333,
        494.25
      ],
      [
        9.493364,
        47.013324,
        494.0
      ],
      [
        9.493331,
        47.013327,
        494.0
      ],
      [
        9.492948,
        47.013414,
        494.25
      ],
      [
        9.492854,
        47.013441,
        494.25
      ],
      [
        9.492741,
        47.01348,
        494.25
      ],
      [
        9.492655,
        47.013525,
        494.25
      ],
      [
        9.492557,
        47.013576,
        494.0
      ],
      [
        9.49243,
        47.013691,
        494.0
      ],
      [
        9.492378,
        47.013725,
        494.0
      ],
      [
        9.492356,
        47.01377,
        494.0
      ],
      [
        9.492284,
        47.013812,
        494.0
      ],
      [
        9.49222,
        47.013801,
        494.0
      ],
      [
        9.491821,
        47.01383,
        493.5
      ],
      [
        9.491691,
        47.013841,
        493.0
      ],
      [
        9.491373,
        47.013872,
        493.0
      ],
      [
        9.491308,
        47.013863,
        493.25
      ],
      [
        9.49124,
        47.013883,
        493.5
      ],
      [
        9.491148,
        47.013889,
        493.75
      ],
      [
        9.491053,
        47.013904,
        493.75
      ],
      [
        9.490927,
        47.013945,
        493.75
      ],
      [
        9.490281,
        47.014205,
        493.75
      ],
      [
        9.490197,
        47.014241,
        494.0
      ],
      [
        9.489918,
        47.014407,
        494.0
      ],
      [
        9.489785,
        47.014496,
        494.0
      ],
      [
        9.489394,
        47.014713,
        493.75
      ],
      [
        9.48912,
        47.014836,
        493.25
      ],
      [
        9.4888,
        47.014964,
        493.0
      ],
      [
        9.488428,
        47.015073,
        493.0
      ],
      [
        9.488258,
        47.015108,
        493.0
      ],
      [
        9.487897,
        47.015157,
        493.0
      ],
      [
        9.487304,
        47.015196,
        493.0
      ],
      [
        9.486698,
        47.015252,
        493.0
      ],
      [
        9.486522,
        47.015275,
        493.0
      ],
      [
        9.486134,
        47.015364,
        492.5
      ],
      [
        9.485848,
        47.015442,
        492.0
      ],
      [
        9.485547,
        47.015533,
        491.75
      ],
      [
        9.485249,
        47.015632,
        492.0
      ],
      [
        9.484819,
        47.015784,
        492.0
      ],
      [
        9.484352,
        47.015986,
        492.0
      ],
      [
        9.482859,
        47.016688,
        491.0
      ],
      [
        9.48243,
        47.016865,
        491.0
      ],
      [
        9.482202,
        47.016934,
        491.0
      ],
      [
        9.481971,
        47.016988,
        491.75
      ],
      [
        9.481703,
        47.017025,
        491.0
      ],
      [
        9.480972,
        47.017063,
        491.0
      ],
      [
        9.480611,
        47.017068,
        490.5
      ],
      [
        9.480274,
        47.017117,
        490.25
      ],
      [
        9.480026,
        47.017164,
        490.0
      ],
      [
        9.47956,
        47.017282,
        490.0
      ],
      [
        9.479277,
        47.017376,
        490.0
      ],
      [
        9.478246,
        47.017787,
        490.0
      ],
      [
        9.477695,
        47.017964,
        490.0
      ],
      [
        9.477651,
        47.017969,
        490.0
      ],
      [
        9.477602,
        47.017976,
        490.0
      ],
      [
        9.477508,
        47.018005,
        490.0
      ],
      [
        9.477033,
        47.018108,
        490.0
      ],
      [
        9.476774,
        47.01818,
        490.0
      ],
      [
        9.476368,
        47.018332,
        489.75
      ],
      [
        9.475405,
        47.018715,
        489.0
      ],
      [
        9.473329,
        47.019546,
        488.5
      ],
      [
        9.473295,
        47.01956,
        488.5
      ],
      [
        9.473256,
        47.019575,
        488.5
      ],
      [
        9.473192,
        47.019596,
        488.5
      ],
      [
        9.472999,
        47.019648,
        488.75
      ],
      [
        9.472174,
        47.019824,
        489.25
      ],
      [
        9.472067,
        47.019846,
        489.5
      ],
      [
        9.471925,
        47.019869,
        489.25
      ],
      [
        9.470347,
        47.020056,
        488.75
      ],
      [
        9.467692,
        47.020371,
        488.25
      ],
      [
        9.46667,
        47.020503,
        488.75
      ],
      [
        9.466492,
        47.020538,
        489.0
      ],
      [
        9.466182,
        47.020712,
        488.25
      ],
      [
        9.463868,
        47.022318,
        486.25
      ],
      [
        9.46379,
        47.022404,
        486.25
      ],
      [
        9.463746,
        47.022497,
        486.25
      ],
      [
        9.463701,
        47.02272,
        486.25
      ],
      [
        9.463635,
        47.022847,
        486.0
      ],
      [
        9.463291,
        47.02317,
        486.0
      ],
      [
        9.463037,
        47.023465,
        486.25
      ],
      [
        9.462015,
        47.025169,
        486.0
      ],
      [
        9.461846,
        47.025119,
        485.5
      ],
      [
        9.461224,
        47.024932,
        486.0
      ],
      [
        9.460913,
        47.024847,
        486.0
      ],
      [
        9.460837,
        47.024827,
        486.0
      ],
      [
        9.46042,
        47.024743,
        485.5
      ],
      [
        9.460338,
        47.024727,
        485.0
      ],
      [
        9.46023,
        47.024705,
        485.0
      ],
      [
        9.460195,
        47.024698,
        485.0
      ],
      [
        9.45917,
        47.024507,
        485.75
      ],
      [
        9.458584,
        47.024402,
        486.0
      ],
      [
        9.457687,
        47.024241,
        486.0
      ],
      [
        9.456988,
        47.024116,
        486.75
      ],
      [
        9.456674,
        47.024072,
        486.75
      ],
      [
        9.456317,
        47.024038,
        487.5
      ],
      [
        9.455814,
        47.024045,
        488.0
      ],
      [
        9.455543,
        47.024064,
        488.5
      ],
      [
        9.454614,
        47.024172,
        491.0
      ],
      [
        9.454473,
        47.024188,
        491.0
      ],
      [
        9.454376,
        47.024221,
        491.0
      ],
      [
        9.454248,
        47.024221,
        491.5
      ],
      [
        9.454126,
        47.024256,
        492.0
      ],
      [
        9.453901,
        47.024337,
        492.75
      ],
      [
        9.453492,
        47.024444,
        493.75
      ],
      [
        9.453333,
        47.024464,
        494.0
      ],
      [
        9.453266,
        47.024465,
        494.0
      ],
      [
        9.452931,
        47.024459,
        495.25
      ],
      [
        9.452719,
        47.024451,
        496.0
      ],
      [
        9.452551,
        47.024445,
        496.75
      ],
      [
        9.452409,
        47.02444,
        497.25
      ],
      [
        9.452217,
        47.024432,
        498.0
      ],
      [
        9.452108,
        47.024428,
        498.25
      ],
      [
        9.45189,
        47.024422,
        499.0
      ],
      [
        9.451757,
        47.024415,
        499.5
      ],
      [
        9.451561,
        47.024407,
        500.25
      ],
      [
        9.451265,
        47.024395,
        501.25
      ],
      [
        9.451231,
        47.024393,
        501.5
      ],
      [
        9.451091,
        47.024389,
        502.0
      ],
      [
        9.450927,
        47.024382,
        503.25
      ],
      [
        9.450694,
        47.024374,
        504.5
      ],
      [
        9.450661,
        47.024373,
        504.5
      ],
      [
        9.450503,
        47.024368,
        505.0
      ],
      [
        9.450466,
        47.024367,
        505.25
      ],
      [
        9.450246,
        47.024359,
        506.5
      ],
      [
        9.450115,
        47.024355,
        507.25
      ],
      [
        9.449819,
        47.024342,
        509.0
      ],
      [
        9.449708,
        47.024336,
        509.25
      ],
      [
        9.449609,
        47.024334,
        509.75
      ],
      [
        9.449532,
        47.024334,
        510.25
      ],
      [
        9.449302,
        47.024337,
        511.25
      ],
      [
        9.449198,
        47.024344,
        511.5
      ],
      [
        9.449125,
        47.024355,
        511.75
      ],
      [
        9.44901,
        47.024385,
        511.75
      ],
      [
        9.448924,
        47.024408,
        512.0
      ],
      [
        9.448768,
        47.024452,
        511.5
      ],
      [
        9.448758,
        47.024455,
        511.25
      ],
      [
        9.448654,
        47.024484,
        510.75
      ],
      [
        9.448594,
        47.024499,
        510.75
      ],
      [
        9.448545,
        47.024513,
        511.0
      ],
      [
        9.448377,
        47.024571,
        511.75
      ],
      [
        9.447938,
        47.024729,
        510.75
      ],
      [
        9.447701,
        47.024815,
        510.25
      ],
      [
        9.447658,
        47.02483,
        510.0
      ],
      [
        9.447481,
        47.024895,
        509.75
      ],
      [
        9.447293,
        47.024972,
        509.0
      ],
      [
        9.447234,
        47.025003,
        508.75
      ],
      [
        9.447143,
        47.025051,
        508.0
      ],
      [
        9.446826,
        47.025258,
        506.0
      ],
      [
        9.446674,
        47.025361,
        505.0
      ],
      [
        9.446254,
        47.025696,
        502.5
      ],
      [
        9.445789,
        47.02606,
        500.0
      ],
      [
        9.445631,
        47.026174,
        498.75
      ],
      [
        9.445412,
        47.026303,
        497.75
      ],
      [
        9.445273,
        47.026359,
        498.0
      ],
      [
        9.445245,
        47.02637,
        497.75
      ],
      [
        9.445036,
        47.026421,
        496.75
      ],
      [
        9.444877,
        47.026442,
        496.25
      ],
      [
        9.444654,
        47.026458,
        495.75
      ],
      [
        9.444117,
        47.026478,
        495.0
      ],
      [
        9.443857,
        47.026509,
        494.0
      ],
      [
        9.443651,
        47.026561,
        493.25
      ],
      [
        9.443511,
        47.026607,
        493.0
      ],
      [
        9.443104,
        47.026772,
        492.25
      ],
      [
        9.442009,
        47.027234,
        491.75
      ],
      [
        9.441706,
        47.02736,
        492.25
      ],
      [
        9.440745,
        47.027762,
        495.25
      ],
      [
        9.440173,
        47.028005,
        496.5
      ],
      [
        9.439495,
        47.028306,
        497.25
      ],
      [
        9.438932,
        47.02857,
        498.25
      ],
      [
        9.43883,
        47.028622,
        498.25
      ],
      [
        9.438677,
        47.028697,
        499.0
      ],
      [
        9.43855,
        47.028768,
        500.75
      ],
      [
        9.43843,
        47.028837,
        501.0
      ],
      [
        9.438358,
        47.02889,
        498.75
      ],
      [
        9.438287,
        47.028954,
        499.25
      ],
      [
        9.438209,
        47.029049,
        499.25
      ],
      [
        9.438151,
        47.029166,
        498.25
      ],
      [
        9.438122,
        47.02924,
        498.25
      ],
      [
        9.43812,
        47.029246,
        498.25
      ],
      [
        9.438112,
        47.029268,
        498.25
      ],
      [
        9.43809,
        47.02933,
        498.5
      ],
      [
        9.437999,
        47.029621,
        499.0
      ],
      [
        9.437965,
        47.029695,
        499.0
      ],
      [
        9.437905,
        47.029783,
        498.75
      ],
      [
        9.437827,
        47.029869,
        498.25
      ],
      [
        9.437649,
        47.029987,
        498.25
      ],
      [
        9.437429,
        47.030098,
        498.5
      ],
      [
        9.437198,
        47.030203,
        499.0
      ],
      [
        9.437095,
        47.030242,
        499.25
      ],
      [
        9.436884,
        47.030343,
        499.5
      ],
      [
        9.436322,
        47.030667,
        499.75
      ],
      [
        9.436057,
        47.030784,
        500.25
      ],
      [
        9.435913,
        47.030826,
        500.5
      ],
      [
        9.435812,
        47.030847,
        500.75
      ],
      [
        9.43574,
        47.03087,
        500.75
      ],
      [
        9.435654,
        47.030919,
        500.75
      ],
      [
        9.435615,
        47.030949,
        500.75
      ],
      [
        9.435536,
        47.031007,
        501.0
      ],
      [
        9.435342,
        47.031149,
        500.75
      ],
      [
        9.435299,
        47.031182,
        500.5
      ],
      [
        9.435294,
        47.031186,
        500.5
      ],
      [
        9.435018,
        47.031386,
        500.0
      ],
      [
        9.434836,
        47.031527,
        499.25
      ],
      [
        9.434698,
        47.031634,
        499.0
      ],
      [
        9.434681,
        47.031654,
        499.0
      ],
      [
        9.434136,
        47.032079,
        498.5
      ],
      [
        9.434073,
        47.032127,
        498.25
      ],
      [
        9.433997,
        47.032185,
        498.0
      ],
      [
        9.433559,
        47.032515,
        499.0
      ],
      [
        9.433494,
        47.03253,
        499.25
      ],
      [
        9.43344,
        47.032563,
        499.25
      ],
      [
        9.433412,
        47.032599,
        499.25
      ],
      [
        9.433393,
        47.032646,
        499.0
      ],
      [
        9.433263,
        47.032745,
        499.25
      ],
      [
        9.432866,
        47.033044,
        499.5
      ],
      [
        9.432718,
        47.033156,
        500.0
      ],
      [
        9.432744,
        47.033172,
        500.0
      ],
      [
        9.432983,
        47.033314,
        498.5
      ],
      [
        9.433189,
        47.033441,
        496.25
      ],
      [
        9.433255,
        47.033481,
        496.25
      ],
      [
        9.43334,
        47.033533,
        495.75
      ],
      [
        9.433391,
        47.033577,
        495.75
      ],
      [
        9.433431,
        47.033626,
        495.5
      ],
      [
        9.433437,
        47.033695,
        495.0
      ],
      [
        9.433428,
        47.033732,
        494.75
      ],
      [
        9.433398,
        47.033777,
        494.5
      ],
      [
        9.433351,
        47.033824,
        494.25
      ],
      [
        9.433247,
        47.033892,
        494.25
      ],
      [
        9.432748,
        47.03421,
        494.75
      ],
      [
        9.43233,
        47.034479,
        494.25
      ],
      [
        9.432291,
        47.034496,
        494.25
      ],
      [
        9.43225,
        47.034514,
        494.25
      ],
      [
        9.432028,
        47.034275,
        496.0
      ],
      [
        9.431906,
        47.034151,
        497.0
      ],
      [
        9.431819,
        47.034081,
        497.75
      ],
      [
        9.431766,
        47.034029,
        498.25
      ],
      [
        9.431701,
        47.034053,
        498.25
      ],
      [
        9.431627,
        47.034088,
        498.25
      ],
      [
        9.431576,
        47.034126,
        498.0
      ],
      [
        9.431473,
        47.034201,
        497.75
      ],
      [
        9.431329,
        47.034293,
        497.0
      ],
      [
        9.431018,
        47.034473,
        496.0
      ],
      [
        9.43077,
        47.034598,
        495.75
      ],
      [
        9.430706,
        47.03463,
        495.5
      ],
      [
        9.430334,
        47.034824,
        494.25
      ],
      [
        9.430213,
        47.034895,
        494.25
      ],
      [
        9.430068,
        47.034989,
        494.0
      ],
      [
        9.429996,
        47.035049,
        493.5
      ],
      [
        9.42996,
        47.035078,
        493.5
      ],
      [
        9.429836,
        47.035201,
        493.5
      ],
      [
        9.429739,
        47.035312,
        493.5
      ],
      [
        9.429546,
        47.035539,
        493.25
      ],
      [
        9.429437,
        47.035646,
        493.0
      ],
      [
        9.429193,
        47.035839,
        493.5
      ],
      [
        9.428912,
        47.036035,
        492.75
      ],
      [
        9.427959,
        47.036707,
        493.25
      ],
      [
        9.427712,
        47.036897,
        493.25
      ],
      [
        9.427569,
        47.037025,
        493.5
      ],
      [
        9.427482,
        47.037121,
        493.0
      ],
      [
        9.427373,
        47.037265,
        492.25
      ],
      [
        9.427257,
        47.037453,
        492.0
      ],
      [
        9.427185,
        47.037597,
        492.0
      ],
      [
        9.427074,
        47.037852,
        492.25
      ],
      [
        9.426789,
        47.038543,
        491.5
      ],
      [
        9.42673,
        47.038731,
        491.25
      ],
      [
        9.426707,
        47.038838,
        491.0
      ],
      [
        9.426694,
        47.039035,
        490.75
      ],
      [
        9.426708,
        47.039201,
        490.75
      ],
      [
        9.426772,
        47.039547,
        491.0
      ],
      [
        9.426812,
        47.039744,
        489.75
      ],
      [
        9.426909,
        47.040258,
        489.0
      ],
      [
        9.426951,
        47.04048,
        488.75
      ],
      [
        9.426987,
        47.040624,
        488.75
      ],
      [
        9.42701,
        47.040674,
        488.5
      ],
      [
        9.427088,
        47.040751,
        488.5
      ],
      [
        9.427155,
        47.040819,
        488.75
      ],
      [
        9.427183,
        47.040875,
        488.75
      ],
      [
        9.427064,
        47.040911,
        488.75
      ],
      [
        9.426939,
        47.040999,
        489.0
      ],
      [
        9.426851,
        47.041108,
        489.25
      ],
      [
        9.426232,
        47.042188,
        492.0
      ],
      [
        9.425722,
        47.043078,
        493.0
      ],
      [
        9.425598,
        47.043264,
        493.25
      ],
      [
        9.425576,
        47.043291,
        493.25
      ],
      [
        9.425421,
        47.043491,
        493.75
      ],
      [
        9.425271,
        47.043664,
        493.75
      ],
      [
        9.424881,
        47.043978,
        494.75
      ],
      [
        9.424626,
        47.04413,
        494.75
      ],
      [
        9.424346,
        47.044265,
        495.25
      ],
      [
        9.424144,
        47.044351,
        495.25
      ],
      [
        9.423944,
        47.044426,
        495.0
      ],
      [
        9.423308,
        47.044618,
        495.5
      ],
      [
        9.423072,
        47.044688,
        495.0
      ],
      [
        9.422827,
        47.04476,
        495.0
      ],
      [
        9.42263,
        47.044813,
        495.25
      ],
      [
        9.422233,
        47.044947,
        495.0
      ],
      [
        9.422052,
        47.045015,
        495.5
      ],
      [
        9.421743,
        47.045144,
        496.0
      ],
      [
        9.42167,
        47.045175,
        496.0
      ],
      [
        9.421589,
        47.045211,
        496.0
      ],
      [
        9.421454,
        47.04527,
        496.0
      ],
      [
        9.421325,
        47.045329,
        496.0
      ],
      [
        9.421197,
        47.045399,
        496.25
      ],
      [
        9.421159,
        47.045426,
        496.25
      ],
      [
        9.421137,
        47.04544,
        496.25
      ],
      [
        9.421099,
        47.045466,
        496.25
      ],
      [
        9.420944,
        47.04563,
        496.0
      ],
      [
        9.420838,
        47.045795,
        496.0
      ],
      [
        9.420784,
        47.045849,
        496.0
      ],
      [
        9.420674,
        47.045946,
        496.0
      ],
      [
        9.420553,
        47.046036,
        496.0
      ],
      [
        9.420405,
        47.046125,
        495.75
      ],
      [
        9.420331,
        47.046164,
        495.5
      ],
      [
        9.420273,
        47.046192,
        495.0
      ],
      [
        9.420144,
        47.046268,
        494.25
      ],
      [
        9.420065,
        47.046301,
        493.75
      ],
      [
        9.420022,
        47.04632,
        493.5
      ],
      [
        9.419827,
        47.046398,
        494.5
      ],
      [
        9.419791,
        47.04641,
        494.75
      ],
      [
        9.419555,
        47.046484,
        493.75
      ],
      [
        9.419254,
        47.046594,
        494.75
      ],
      [
        9.419155,
        47.046633,
        496.0
      ],
      [
        9.418976,
        47.046731,
        496.5
      ],
      [
        9.418893,
        47.046776,
        496.5
      ],
      [
        9.418768,
        47.046804,
        496.75
      ],
      [
        9.418474,
        47.046923,
        495.0
      ],
      [
        9.418532,
        47.04707,
        495.5
      ],
      [
        9.418477,
        47.047638,
        494.25
      ],
      [
        9.418475,
        47.047734,
        494.0
      ],
      [
        9.418497,
        47.047831,
        494.0
      ],
      [
        9.4185,
        47.047924,
        494.0
      ],
      [
        9.418284,
        47.048281,
        493.5
      ],
      [
        9.418134,
        47.048555,
        492.75
      ],
      [
        9.418039,
        47.048777,
        492.25
      ],
      [
        9.417976,
        47.049043,
        491.75
      ],
      [
        9.417929,
        47.04922,
        492.0
      ],
      [
        9.417833,
        47.049589,
        492.0
      ],
      [
        9.417793,
        47.049756,
        491.75
      ],
      [
        9.417698,
        47.04998,
        490.5
      ],
      [
        9.417637,
        47.050103,
        490.5
      ],
      [
        9.417482,
        47.050292,
        490.75
      ],
      [
        9.417268,
        47.050514,
        489.75
      ],
      [
        9.417172,
        47.050602,
        489.5
      ],
      [
        9.417018,
        47.050708,
        489.25
      ],
      [
        9.416586,
        47.050891,
        488.5
      ],
      [
        9.416296,
        47.051016,
        488.25
      ],
      [
        9.415646,
        47.05136,
        487.75
      ],
      [
        9.415222,
        47.051637,
        486.75
      ],
      [
        9.414573,
        47.052044,
        486.25
      ],
      [
        9.414422,
        47.05215,
        486.25
      ],
      [
        9.414211,
        47.052297,
        485.5
      ],
      [
        9.413846,
        47.052526,
        485.75
      ],
      [
        9.413433,
        47.052735,
        485.25
      ],
      [
        9.413116,
        47.052847,
        484.25
      ],
      [
        9.412609,
        47.053008,
        484.75
      ],
      [
        9.412307,
        47.053118,
        484.0
      ],
      [
        9.412248,
        47.053142,
        484.0
      ],
      [
        9.411029,
        47.053632,
        482.75
      ],
      [
        9.410674,
        47.05375,
        482.5
      ],
      [
        9.410404,
        47.053828,
        482.0
      ],
      [
        9.410163,
        47.05388,
        482.0
      ],
      [
        9.410009,
        47.053907,
        482.0
      ],
      [
        9.409724,
        47.053941,
        482.0
      ],
      [
        9.409424,
        47.05395,
        481.5
      ],
      [
        9.409288,
        47.053963,
        480.75
      ],
      [
        9.409024,
        47.054022,
        480.25
      ],
      [
        9.408192,
        47.054247,
        479.75
      ],
      [
        9.40745,
        47.054441,
        479.75
      ],
      [
        9.407066,
        47.054551,
        478.5
      ],
      [
        9.406341,
        47.054791,
        478.75
      ],
      [
        9.40571,
        47.055004,
        478.5
      ],
      [
        9.404944,
        47.05526,
        478.0
      ],
      [
        9.404346,
        47.055465,
        477.25
      ],
      [
        9.40385,
        47.055722,
        476.5
      ],
      [
        9.403371,
        47.055975,
        476.0
      ],
      [
        9.403141,
        47.056091,
        476.25
      ],
      [
        9.402916,
        47.056219,
        475.75
      ],
      [
        9.402619,
        47.056423,
        475.75
      ],
      [
        9.402218,
        47.056708,
        475.0
      ],
      [
        9.40204,
        47.056835,
        475.0
      ],
      [
        9.401551,
        47.05724,
        474.0
      ],
      [
        9.401529,
        47.057281,
        474.0
      ],
      [
        9.401476,
        47.057336,
        473.75
      ],
      [
        9.401315,
        47.057423,
        473.75
      ],
      [
        9.401292,
        47.057435,
        473.5
      ],
      [
        9.401172,
        47.057537,
        473.25
      ],
      [
        9.4002,
        47.058376,
        473.25
      ],
      [
        9.399996,
        47.058515,
        472.5
      ],
      [
        9.399702,
        47.058671,
        472.75
      ],
      [
        9.399337,
        47.058842,
        472.75
      ],
      [
        9.398835,
        47.059056,
        471.75
      ],
      [
        9.396954,
        47.059785,
        471.0
      ],
      [
        9.396392,
        47.059991,
        470.75
      ],
      [
        9.395973,
        47.060181,
        470.25
      ],
      [
        9.394887,
        47.060748,
        469.5
      ],
      [
        9.393882,
        47.061296,
        468.5
      ],
      [
        9.393493,
        47.061557,
        468.25
      ],
      [
        9.392802,
        47.061969,
        467.75
      ],
      [
        9.391097,
        47.06293,
        465.5
      ],
      [
        9.390073,
        47.063442,
        465.75
      ],
      [
        9.388867,
        47.064013,
        464.25
      ],
      [
        9.385273,
        47.065599,
        462.0
      ],
      [
        9.385157,
        47.065658,
        462.0
      ],
      [
        9.384933,
        47.06576,
        462.5
      ],
      [
        9.382941,
        47.066652,
        461.5
      ],
      [
        9.382654,
        47.066807,
        461.0
      ],
      [
        9.38223,
        47.067011,
        461.0
      ],
      [
        9.380564,
        47.067771,
        460.75
      ],
      [
        9.3798,
        47.068189,
        459.5
      ],
      [
        9.379218,
        47.068495,
        459.25
      ],
      [
        9.378781,
        47.06879,
        458.75
      ],
      [
        9.378113,
        47.069298,
        458.0
      ],
      [
        9.375792,
        47.071125,
        456.75
      ],
      [
        9.374963,
        47.071777,
        456.0
      ],
      [
        9.365836,
        47.078985,
        450.0
      ],
      [
        9.363543,
        47.080807,
        448.75
      ],
      [
        9.362514,
        47.081625,
        448.75
      ],
      [
        9.361901,
        47.082092,
        448.0
      ],
      [
        9.360594,
        47.083125,
        447.0
      ],
      [
        9.358646,
        47.084687,
        446.5
      ],
      [
        9.358479,
        47.084833,
        446.0
      ],
      [
        9.358313,
        47.085008,
        446.75
      ],
      [
        9.358128,
        47.085258,
        446.5
      ],
      [
        9.358002,
        47.085397,
        446.25
      ],
      [
        9.357845,
        47.085545,
        446.5
      ],
      [
        9.35762,
        47.085722,
        446.0
      ],
      [
        9.357139,
        47.086079,
        445.5
      ],
      [
        9.356886,
        47.086235,
        444.75
      ],
      [
        9.356467,
        47.086452,
        445.0
      ],
      [
        9.356194,
        47.086624,
        445.5
      ],
      [
        9.355639,
        47.087102,
        445.0
      ],
      [
        9.354927,
        47.087808,
        444.25
      ],
      [
        9.354724,
        47.088026,
        444.75
      ],
      [
        9.35469,
        47.088058,
        444.75
      ],
      [
        9.354545,
        47.088232,
        444.25
      ],
      [
        9.354444,
        47.088373,
        444.75
      ],
      [
        9.354266,
        47.088664,
        444.0
      ],
      [
        9.354243,
        47.088731,
        444.25
      ],
      [
        9.354243,
        47.088779,
        444.5
      ],
      [
        9.354271,
        47.08882,
        444.75
      ],
      [
        9.354316,
        47.088863,
        445.25
      ],
      [
        9.354346,
        47.088902,
        445.5
      ],
      [
        9.354354,
        47.088937,
        445.25
      ],
      [
        9.354357,
        47.088946,
        445.25
      ],
      [
        9.354365,
        47.08898,
        445.0
      ],
      [
        9.35423,
        47.088998,
        445.0
      ],
      [
        9.354135,
        47.089011,
        444.75
      ],
      [
        9.354056,
        47.08902,
        444.0
      ],
      [
        9.354018,
        47.089025,
        443.75
      ],
      [
        9.353707,
        47.089065,
        444.0
      ],
      [
        9.353649,
        47.089073,
        444.25
      ],
      [
        9.353459,
        47.089097,
        444.5
      ],
      [
        9.353144,
        47.089157,
        444.75
      ],
      [
        9.352869,
        47.089233,
        444.0
      ],
      [
        9.352617,
        47.089321,
        443.5
      ],
      [
        9.352473,
        47.089384,
        443.75
      ],
      [
        9.352223,
        47.089513,
        443.75
      ],
      [
        9.352098,
        47.089586,
        443.25
      ],
      [
        9.351757,
        47.089805,
        443.0
      ],
      [
        9.35163,
        47.089863,
        443.25
      ],
      [
        9.351461,
        47.089929,
        443.0
      ],
      [
        9.35127,
        47.089971,
        443.0
      ],
      [
        9.350641,
        47.090071,
        443.5
      ],
      [
        9.350113,
        47.090159,
        444.0
      ],
      [
        9.350013,
        47.090183,
        444.0
      ],
      [
        9.349908,
        47.090215,
        444.0
      ],
      [
        9.349865,
        47.090233,
        444.0
      ],
      [
        9.349818,
        47.090252,
        444.0
      ],
      [
        9.349751,
        47.090287,
        444.0
      ],
      [
        9.349554,
        47.090414,
        444.5
      ],
      [
        9.349462,
        47.0905,
        444.75
      ],
      [
        9.34933,
        47.090672,
        444.75
      ],
      [
        9.349138,
        47.090921,
        445.0
      ],
      [
        9.348976,
        47.09106,
        445.0
      ],
      [
        9.34886,
        47.091124,
        445.0
      ],
      [
        9.348734,
        47.091181,
        445.25
      ],
      [
        9.3486,
        47.091224,
        445.5
      ],
      [
        9.348565,
        47.091232,
        445.5
      ],
      [
        9.348438,
        47.091259,
        445.25
      ],
      [
        9.348311,
        47.091276,
        445.25
      ],
      [
        9.348166,
        47.091282,
        445.75
      ],
      [
        9.348006,
        47.091271,
        446.0
      ],
      [
        9.347784,
        47.091265,
        446.25
      ],
      [
        9.347679,
        47.091273,
        446.25
      ],
      [
        9.347404,
        47.091332,
        446.25
      ],
      [
        9.347347,
        47.091344,
        446.5
      ],
      [
        9.347261,
        47.091396,
        446.75
      ],
      [
        9.347205,
        47.091421,
        446.75
      ],
      [
        9.34715,
        47.091444,
        446.75
      ],
      [
        9.34713,
        47.091484,
        446.75
      ],
      [
        9.3471,
        47.091508,
        446.75
      ],
      [
        9.347063,
        47.091523,
        446.75
      ],
      [
        9.347012,
        47.091531,
        446.75
      ],
      [
        9.346944,
        47.091521,
        447.0
      ],
      [
        9.346908,
        47.091504,
        447.0
      ],
      [
        9.346878,
        47.091477,
        447.0
      ],
      [
        9.346864,
        47.091446,
        447.0
      ],
      [
        9.346869,
        47.091404,
        447.25
      ],
      [
        9.346797,
        47.091317,
        447.5
      ],
      [
        9.346702,
        47.09119,
        447.75
      ],
      [
        9.346227,
        47.09081,
        448.25
      ],
      [
        9.345689,
        47.090395,
        450.5
      ],
      [
        9.345553,
        47.09031,
        450.75
      ],
      [
        9.345164,
        47.090089,
        451.75
      ],
      [
        9.344754,
        47.089881,
        453.25
      ],
      [
        9.344613,
        47.089816,
        454.0
      ],
      [
        9.344464,
        47.089758,
        454.75
      ],
      [
        9.343938,
        47.08957,
        456.25
      ],
      [
        9.343721,
        47.08951,
        457.25
      ],
      [
        9.343553,
        47.089476,
        458.0
      ],
      [
        9.343244,
        47.089432,
        459.25
      ],
      [
        9.343208,
        47.089426,
        459.25
      ],
      [
        9.34309,
        47.089408,
        459.75
      ],
      [
        9.342938,
        47.089366,
        460.0
      ],
      [
        9.342771,
        47.0893,
        461.0
      ],
      [
        9.342727,
        47.089281,
        461.25
      ],
      [
        9.342103,
        47.088969,
        463.25
      ],
      [
        9.341872,
        47.088856,
        464.25
      ],
      [
        9.341783,
        47.088819,
        464.5
      ],
      [
        9.341647,
        47.088761,
        465.5
      ],
      [
        9.341487,
        47.08871,
        466.5
      ],
      [
        9.341139,
        47.088635,
        468.5
      ],
      [
        9.34077,
        47.088562,
        470.0
      ],
      [
        9.340529,
        47.088514,
        471.75
      ],
      [
        9.340427,
        47.088494,
        472.0
      ],
      [
        9.340072,
        47.088423,
        474.25
      ],
      [
        9.33992,
        47.0884,
        475.5
      ],
      [
        9.339832,
        47.088395,
        476.5
      ],
      [
        9.339836,
        47.088347,
        477.25
      ],
      [
        9.339841,
        47.088311,
        478.25
      ],
      [
        9.33986,
        47.088253,
        479.75
      ],
      [
        9.33989,
        47.088215,
        480.5
      ],
      [
        9.340017,
        47.088111,
        480.25
      ],
      [
        9.340083,
        47.088056,
        480.0
      ],
      [
        9.340537,
        47.087759,
        487.0
      ],
      [
        9.340931,
        47.087376,
        491.5
      ],
      [
        9.341712,
        47.086768,
        500.0
      ],
      [
        9.341876,
        47.086614,
        502.0
      ],
      [
        9.342268,
        47.086162,
        508.0
      ],
      [
        9.342803,
        47.085765,
        513.25
      ],
      [
        9.343286,
        47.08515,
        521.25
      ],
      [
        9.343356,
        47.085095,
        522.25
      ],
      [
        9.343481,
        47.085046,
        523.25
      ],
      [
        9.343679,
        47.084995,
        524.5
      ],
      [
        9.343789,
        47.084951,
        525.0
      ],
      [
        9.343876,
        47.08488,
        525.75
      ],
      [
        9.343934,
        47.084746,
        527.5
      ],
      [
        9.343963,
        47.084644,
        530.75
      ],
      [
        9.344106,
        47.084528,
        532.25
      ],
      [
        9.344573,
        47.084246,
        535.25
      ],
      [
        9.34461,
        47.084163,
        538.0
      ],
      [
        9.344598,
        47.084087,
        539.0
      ],
      [
        9.344611,
        47.083924,
        540.75
      ],
      [
        9.344651,
        47.083739,
        542.0
      ],
      [
        9.344635,
        47.083641,
        543.5
      ],
      [
        9.344521,
        47.083368,
        545.75
      ],
      [
        9.344483,
        47.083241,
        547.75
      ],
      [
        9.344492,
        47.083125,
        549.25
      ],
      [
        9.344611,
        47.08295,
        552.0
      ],
      [
        9.345587,
        47.082231,
        557.25
      ],
      [
        9.345579,
        47.08216,
        558.0
      ],
      [
        9.345462,
        47.082133,
        559.0
      ],
      [
        9.345316,
        47.082196,
        559.75
      ],
      [
        9.345139,
        47.082332,
        561.0
      ],
      [
        9.344888,
        47.082462,
        563.25
      ],
      [
        9.344009,
        47.082675,
        568.75
      ],
      [
        9.3439,
        47.08269,
        570.0
      ],
      [
        9.343833,
        47.082668,
        571.5
      ],
      [
        9.34374,
        47.082745,
        571.25
      ],
      [
        9.343379,
        47.082818,
        574.0
      ],
      [
        9.342988,
        47.082726,
        581.75
      ],
      [
        9.342291,
        47.082703,
        593.0
      ],
      [
        9.342265,
        47.082709,
        593.0
      ],
      [
        9.341549,
        47.082865,
        602.75
      ],
      [
        9.341163,
        47.082995,
        610.75
      ],
      [
        9.340741,
        47.083323,
        613.5
      ],
      [
        9.340562,
        47.083356,
        617.0
      ],
      [
        9.339728,
        47.083482,
        630.25
      ],
      [
        9.339447,
        47.083531,
        631.5
      ],
      [
        9.339148,
        47.083529,
        639.0
      ],
      [
        9.338696,
        47.083605,
        645.75
      ],
      [
        9.338284,
        47.083697,
        651.0
      ],
      [
        9.337911,
        47.083722,
        655.75
      ],
      [
        9.337635,
        47.083701,
        660.5
      ],
      [
        9.337321,
        47.083794,
        662.75
      ],
      [
        9.336848,
        47.083971,
        668.25
      ],
      [
        9.336261,
        47.084232,
        673.5
      ],
      [
        9.335809,
        47.084362,
        681.75
      ],
      [
        9.335002,
        47.084543,
        693.25
      ],
      [
        9.334777,
        47.084524,
        697.5
      ],
      [
        9.33469,
        47.084404,
        702.75
      ],
      [
        9.334619,
        47.084197,
        706.75
      ],
      [
        9.334619,
        47.083605,
        717.0
      ],
      [
        9.334804,
        47.083531,
        717.5
      ],
      [
        9.335011,
        47.083483,
        717.75
      ],
      [
        9.335193,
        47.083416,
        718.25
      ],
      [
        9.335313,
        47.083344,
        719.5
      ],
      [
        9.335526,
        47.083174,
        719.5
      ],
      [
        9.335681,
        47.083047,
        719.5
      ],
      [
        9.335993,
        47.08274,
        720.5
      ],
      [
        9.33601,
        47.082706,
        720.5
      ],
      [
        9.335999,
        47.082626,
        721.0
      ],
      [
        9.334814,
        47.082796,
        724.0
      ],
      [
        9.334733,
        47.082802,
        724.5
      ],
      [
        9.334613,
        47.082795,
        725.0
      ],
      [
        9.334566,
        47.082779,
        725.5
      ],
      [
        9.334541,
        47.08276,
        725.75
      ],
      [
        9.333967,
        47.082979,
        725.5
      ],
      [
        9.334541,
        47.08276,
        725.75
      ],
      [
        9.334566,
        47.082779,
        725.5
      ],
      [
        9.334613,
        47.082795,
        725.0
      ],
      [
        9.334733,
        47.082802,
        724.5
      ],
      [
        9.334814,
        47.082796,
        724.0
      ],
      [
        9.335999,
        47.082626,
        721.0
      ],
      [
        9.336163,
        47.082607,
        720.25
      ],
      [
        9.336238,
        47.082598,
        720.0
      ],
      [
        9.336467,
        47.082551,
        719.0
      ],
      [
        9.336552,
        47.082518,
        718.5
      ],
      [
        9.336663,
        47.082461,
        718.25
      ],
      [
        9.337083,
        47.082204,
        715.75
      ],
      [
        9.337229,
        47.082126,
        715.25
      ],
      [
        9.337341,
        47.082075,
        714.25
      ],
      [
        9.337477,
        47.082019,
        712.75
      ],
      [
        9.33763,
        47.081969,
        711.25
      ],
      [
        9.337867,
        47.081905,
        711.25
      ],
      [
        9.338207,
        47.081829,
        712.5
      ],
      [
        9.338369,
        47.0818,
        710.75
      ],
      [
        9.338453,
        47.081792,
        709.0
      ],
      [
        9.338672,
        47.081791,
        704.25
      ],
      [
        9.338832,
        47.081799,
        702.25
      ],
      [
        9.338896,
        47.081796,
        701.75
      ],
      [
        9.338958,
        47.081787,
        701.25
      ],
      [
        9.339019,
        47.08177,
        701.0
      ],
      [
        9.339056,
        47.081752,
        701.25
      ],
      [
        9.339278,
        47.081597,
        701.0
      ],
      [
        9.33957,
        47.081425,
        701.0
      ],
      [
        9.341143,
        47.080605,
        690.5
      ],
      [
        9.341217,
        47.080591,
        689.75
      ],
      [
        9.341341,
        47.080576,
        688.25
      ],
      [
        9.341408,
        47.080572,
        687.5
      ],
      [
        9.341783,
        47.080542,
        686.5
      ],
      [
        9.341955,
        47.080497,
        687.25
      ],
      [
        9.34319,
        47.079948,
        677.25
      ],
      [
        9.343581,
        47.079848,
        675.75
      ],
      [
        9.343723,
        47.079845,
        675.0
      ],
      [
        9.344144,
        47.07984,
        671.0
      ],
      [
        9.344289,
        47.07984,
        670.5
      ],
      [
        9.344389,
        47.079841,
        670.25
      ],
      [
        9.34477,
        47.079842,
        668.25
      ],
      [
        9.344954,
        47.079827,
        666.75
      ],
      [
        9.345203,
        47.079793,
        664.25
      ],
      [
        9.345368,
        47.079734,
        663.0
      ],
      [
        9.345394,
        47.079725,
        662.75
      ],
      [
        9.3455,
        47.079639,
        661.25
      ],
      [
        9.34558,
        47.079451,
        662.5
      ],
      [
        9.345685,
        47.07933,
        661.5
      ],
      [
        9.3458,
        47.079275,
        660.5
      ],
      [
        9.346142,
        47.079194,
        657.75
      ],
      [
        9.34644,
        47.079127,
        655.0
      ],
      [
        9.346605,
        47.079081,
        653.75
      ],
      [
        9.347543,
        47.078792,
        648.75
      ],
      [
        9.348124,
        47.078714,
        644.5
      ],
      [
        9.348319,
        47.078696,
        642.75
      ],
      [
        9.349003,
        47.078615,
        639.0
      ],
      [
        9.349147,
        47.078612,
        638.0
      ],
      [
        9.349341,
        47.078607,
        636.75
      ],
      [
        9.349684,
        47.078596,
        634.75
      ],
      [
        9.3498,
        47.078584,
        634.5
      ],
      [
        9.349887,
        47.078565,
        634.5
      ],
      [
        9.349971,
        47.078544,
        634.25
      ],
      [
        9.350183,
        47.078475,
        635.0
      ],
      [
        9.350245,
        47.078473,
        634.5
      ],
      [
        9.350301,
        47.078482,
        634.0
      ],
      [
        9.350361,
        47.078503,
        633.5
      ],
      [
        9.350393,
        47.078523,
        632.75
      ],
      [
        9.350415,
        47.078549,
        632.0
      ],
      [
        9.350427,
        47.078601,
        630.25
      ],
      [
        9.350405,
        47.078645,
        628.5
      ],
      [
        9.350384,
        47.078664,
        627.75
      ],
      [
        9.350334,
        47.078689,
        626.75
      ],
      [
        9.350257,
        47.078709,
        626.25
      ],
      [
        9.34998,
        47.078757,
        626.25
      ],
      [
        9.349807,
        47.078796,
        626.0
      ],
      [
        9.349687,
        47.078838,
        625.0
      ],
      [
        9.349565,
        47.078893,
        623.25
      ],
      [
        9.349287,
        47.079051,
        620.75
      ],
      [
        9.349163,
        47.079112,
        620.25
      ],
      [
        9.349006,
        47.079177,
        619.75
      ],
      [
        9.348472,
        47.079359,
        618.25
      ],
      [
        9.348347,
        47.07942,
        615.5
      ],
      [
        9.348223,
        47.079503,
        614.75
      ],
      [
        9.347987,
        47.079721,
        613.75
      ],
      [
        9.34759,
        47.080099,
        608.25
      ],
      [
        9.346997,
        47.080481,
        604.75
      ],
      [
        9.346429,
        47.080701,
        596.25
      ],
      [
        9.345988,
        47.080897,
        595.0
      ],
      [
        9.345796,
        47.08101,
        595.75
      ],
      [
        9.345655,
        47.081236,
        589.25
      ],
      [
        9.345489,
        47.081419,
        587.5
      ],
      [
        9.345352,
        47.081441,
        586.5
      ],
      [
        9.345083,
        47.081447,
        587.75
      ],
      [
        9.344804,
        47.081486,
        588.0
      ],
      [
        9.344627,
        47.081617,
        587.0
      ],
      [
        9.344572,
        47.081748,
        585.75
      ],
      [
        9.344607,
        47.082041,
        578.5
      ],
      [
        9.34452,
        47.082192,
        576.0
      ],
      [
        9.344416,
        47.082299,
        575.0
      ],
      [
        9.34423,
        47.082414,
        574.25
      ],
      [
        9.343867,
        47.082552,
        572.75
      ],
      [
        9.343815,
        47.082617,
        572.75
      ],
      [
        9.343833,
        47.082668,
        571.5
      ],
      [
        9.3439,
        47.08269,
        570.0
      ],
      [
        9.344009,
        47.082675,
        568.75
      ],
      [
        9.344888,
        47.082462,
        563.25
      ],
      [
        9.345139,
        47.082332,
        561.0
      ],
      [
        9.345316,
        47.082196,
        559.75
      ],
      [
        9.345462,
        47.082133,
        559.0
      ],
      [
        9.345579,
        47.08216,
        558.0
      ],
      [
        9.345587,
        47.082231,
        557.25
      ],
      [
        9.344611,
        47.08295,
        552.0
      ],
      [
        9.344492,
        47.083125,
        549.25
      ],
      [
        9.344483,
        47.083241,
        547.75
      ],
      [
        9.344521,
        47.083368,
        545.75
      ],
      [
        9.344635,
        47.083641,
        543.5
      ],
      [
        9.344651,
        47.083739,
        542.0
      ],
      [
        9.344611,
        47.083924,
        540.75
      ],
      [
        9.344598,
        47.084087,
        539.0
      ],
      [
        9.34461,
        47.084163,
        538.0
      ],
      [
        9.344573,
        47.084246,
        535.25
      ],
      [
        9.344106,
        47.084528,
        532.25
      ],
      [
        9.343963,
        47.084644,
        530.75
      ],
      [
        9.343934,
        47.084746,
        527.5
      ],
      [
        9.343876,
        47.08488,
        525.75
      ],
      [
        9.343789,
        47.084951,
        525.0
      ],
      [
        9.343679,
        47.084995,
        524.5
      ],
      [
        9.343481,
        47.085046,
        523.25
      ],
      [
        9.343356,
        47.085095,
        522.25
      ],
      [
        9.343286,
        47.08515,
        521.25
      ],
      [
        9.342803,
        47.085765,
        513.25
      ],
      [
        9.342268,
        47.086162,
        508.0
      ],
      [
        9.341876,
        47.086614,
        502.0
      ],
      [
        9.341712,
        47.086768,
        500.0
      ],
      [
        9.340931,
        47.087376,
        491.5
      ],
      [
        9.340537,
        47.087759,
        487.0
      ],
      [
        9.340083,
        47.088056,
        480.0
      ],
      [
        9.340017,
        47.088111,
        480.25
      ],
      [
        9.33989,
        47.088215,
        480.5
      ],
      [
        9.33986,
        47.088253,
        479.75
      ],
      [
        9.339841,
        47.088311,
        478.25
      ],
      [
        9.339836,
        47.088347,
        477.25
      ],
      [
        9.339832,
        47.088395,
        476.5
      ],
      [
        9.33992,
        47.0884,
        475.5
      ],
      [
        9.340072,
        47.088423,
        474.25
      ],
      [
        9.340427,
        47.088494,
        472.0
      ],
      [
        9.340529,
        47.088514,
        471.75
      ],
      [
        9.34077,
        47.088562,
        470.0
      ],
      [
        9.340758,
        47.088606,
        470.5
      ],
      [
        9.340748,
        47.08865,
        470.25
      ],
      [
        9.340751,
        47.088693,
        470.25
      ],
      [
        9.340783,
        47.08873,
        469.75
      ],
      [
        9.340859,
        47.088788,
        469.25
      ],
      [
        9.341158,
        47.089,
        467.75
      ],
      [
        9.341222,
        47.089041,
        467.5
      ],
      [
        9.341637,
        47.089313,
        465.0
      ],
      [
        9.341977,
        47.089633,
        462.25
      ],
      [
        9.342033,
        47.089704,
        462.0
      ],
      [
        9.342031,
        47.089754,
        461.75
      ],
      [
        9.341919,
        47.089877,
        462.0
      ],
      [
        9.341688,
        47.089976,
        463.0
      ],
      [
        9.341332,
        47.090147,
        462.75
      ],
      [
        9.341266,
        47.090164,
        462.75
      ],
      [
        9.341236,
        47.090241,
        462.5
      ],
      [
        9.34099,
        47.090642,
        460.5
      ],
      [
        9.340964,
        47.090718,
        460.25
      ],
      [
        9.340935,
        47.090859,
        459.75
      ],
      [
        9.340828,
        47.091024,
        459.25
      ],
      [
        9.340582,
        47.091227,
        458.0
      ],
      [
        9.340367,
        47.091648,
        456.0
      ],
      [
        9.340382,
        47.092058,
        454.5
      ],
      [
        9.340419,
        47.092189,
        454.0
      ],
      [
        9.340392,
        47.092516,
        452.75
      ],
      [
        9.340833,
        47.092639,
        452.25
      ],
      [
        9.340967,
        47.092695,
        452.0
      ],
      [
        9.341053,
        47.092753,
        452.0
      ],
      [
        9.341126,
        47.092822,
        451.75
      ],
      [
        9.341089,
        47.092958,
        451.25
      ],
      [
        9.341004,
        47.093248,
        450.25
      ],
      [
        9.340968,
        47.093314,
        450.0
      ],
      [
        9.340777,
        47.093441,
        450.0
      ],
      [
        9.340647,
        47.093604,
        450.5
      ],
      [
        9.340593,
        47.093713,
        450.25
      ],
      [
        9.340459,
        47.09409,
        449.25
      ],
      [
        9.34016,
        47.0949,
        447.5
      ],
      [
        9.339741,
        47.095985,
        445.25
      ],
      [
        9.339719,
        47.096041,
        445.25
      ],
      [
        9.339703,
        47.096089,
        445.0
      ],
      [
        9.33946,
        47.096783,
        444.5
      ],
      [
        9.339452,
        47.096807,
        444.5
      ],
      [
        9.339421,
        47.096892,
        444.0
      ],
      [
        9.339296,
        47.097266,
        443.25
      ],
      [
        9.339218,
        47.097563,
        443.0
      ],
      [
        9.339154,
        47.097773,
        442.75
      ],
      [
        9.339093,
        47.097992,
        441.75
      ],
      [
        9.338136,
        47.101342,
        437.0
      ],
      [
        9.338095,
        47.101454,
        437.0
      ],
      [
        9.338046,
        47.101541,
        437.0
      ],
      [
        9.337953,
        47.101647,
        437.0
      ],
      [
        9.337883,
        47.101755,
        437.0
      ],
      [
        9.337924,
        47.101789,
        437.0
      ],
      [
        9.337987,
        47.101905,
        437.0
      ],
      [
        9.338096,
        47.102215,
        436.75
      ],
      [
        9.338165,
        47.102364,
        435.5
      ],
      [
        9.33829,
        47.102551,
        435.75
      ],
      [
        9.338324,
        47.102602,
        436.25
      ],
      [
        9.337801,
        47.102835,
        435.0
      ],
      [
        9.337665,
        47.102927,
        435.0
      ],
      [
        9.337609,
        47.102983,
        435.25
      ],
      [
        9.33757,
        47.103035,
        435.5
      ],
      [
        9.337546,
        47.103085,
        435.5
      ],
      [
        9.337538,
        47.103132,
        435.5
      ],
      [
        9.337548,
        47.103185,
        435.25
      ],
      [
        9.337575,
        47.103247,
        435.0
      ],
      [
        9.337641,
        47.103356,
        435.0
      ],
      [
        9.337653,
        47.103423,
        435.0
      ],
      [
        9.337642,
        47.103487,
        435.0
      ],
      [
        9.337576,
        47.103608,
        435.0
      ],
      [
        9.337486,
        47.103711,
        435.0
      ],
      [
        9.336887,
        47.104434,
        434.0
      ],
      [
        9.33682,
        47.104506,
        434.0
      ],
      [
        9.336743,
        47.104565,
        434.0
      ],
      [
        9.335404,
        47.10541,
        433.0
      ],
      [
        9.331147,
        47.10748,
        432.0
      ],
      [
        9.330931,
        47.107605,
        432.0
      ],
      [
        9.330958,
        47.107702,
        432.0
      ],
      [
        9.330618,
        47.108349,
        431.75
      ],
      [
        9.328949,
        47.109317,
        431.0
      ],
      [
        9.329664,
        47.110606,
        429.75
      ],
      [
        9.329688,
        47.110659,
        429.75
      ],
      [
        9.329681,
        47.110726,
        429.75
      ],
      [
        9.32965,
        47.110783,
        429.75
      ],
      [
        9.329578,
        47.110853,
        429.25
      ],
      [
        9.326365,
        47.113344,
        429.0
      ],
      [
        9.325556,
        47.113946,
        429.75
      ],
      [
        9.324705,
        47.114603,
        429.0
      ],
      [
        9.324348,
        47.114845,
        428.5
      ],
      [
        9.324268,
        47.114905,
        428.5
      ],
      [
        9.323454,
        47.11545,
        429.0
      ],
      [
        9.322574,
        47.115985,
        428.25
      ],
      [
        9.321731,
        47.116428,
        428.0
      ],
      [
        9.318611,
        47.118025,
        428.0
      ],
      [
        9.31749,
        47.118327,
        432.75
      ],
      [
        9.317349,
        47.118365,
        431.25
      ],
      [
        9.316684,
        47.117445,
        426.0
      ],
      [
        9.31655,
        47.117217,
        426.0
      ],
      [
        9.316446,
        47.116955,
        426.0
      ],
      [
        9.316393,
        47.116691,
        425.75
      ],
      [
        9.316446,
        47.116955,
        426.0
      ],
      [
        9.31655,
        47.117217,
        426.0
      ],
      [
        9.316684,
        47.117445,
        426.0
      ],
      [
        9.317349,
        47.118365,
        431.25
      ],
      [
        9.317401,
        47.118442,
        431.0
      ],
      [
        9.317939,
        47.119203,
        428.75
      ],
      [
        9.317964,
        47.119272,
        428.5
      ],
      [
        9.317964,
        47.119307,
        428.5
      ],
      [
        9.317951,
        47.119346,
        428.5
      ],
      [
        9.317924,
        47.119389,
        428.75
      ],
      [
        9.317883,
        47.119428,
        429.25
      ],
      [
        9.317836,
        47.119456,
        429.5
      ],
      [
        9.317778,
        47.119476,
        429.5
      ],
      [
        9.317098,
        47.119648,
        427.0
      ],
      [
        9.317014,
        47.119675,
        427.0
      ],
      [
        9.316717,
        47.119794,
        427.0
      ],
      [
        9.316577,
        47.119859,
        426.75
      ],
      [
        9.316008,
        47.120117,
        426.0
      ],
      [
        9.315177,
        47.120487,
        426.0
      ],
      [
        9.315042,
        47.120561,
        426.0
      ],
      [
        9.314937,
        47.120621,
        426.0
      ],
      [
        9.314701,
        47.120728,
        425.75
      ],
      [
        9.313899,
        47.121084,
        425.75
      ],
      [
        9.313679,
        47.121175,
        426.0
      ],
      [
        9.313136,
        47.121419,
        426.0
      ],
      [
        9.313094,
        47.121433,
        426.0
      ],
      [
        9.313062,
        47.121445,
        426.0
      ],
      [
        9.313019,
        47.121411,
        426.0
      ],
      [
        9.312942,
        47.121287,
        426.0
      ],
      [
        9.312896,
        47.121214,
        426.0
      ],
      [
        9.312622,
        47.120785,
        425.75
      ],
      [
        9.312498,
        47.120592,
        426.0
      ],
      [
        9.312447,
        47.120509,
        426.0
      ],
      [
        9.312244,
        47.120195,
        426.0
      ],
      [
        9.312234,
        47.120155,
        426.0
      ],
      [
        9.312241,
        47.120102,
        426.0
      ],
      [
        9.311892,
        47.120105,
        426.0
      ],
      [
        9.311601,
        47.120102,
        425.75
      ],
      [
        9.3113,
        47.120094,
        425.5
      ],
      [
        9.311099,
        47.120081,
        425.5
      ],
      [
        9.310737,
        47.120041,
        425.0
      ],
      [
        9.310327,
        47.119972,
        425.0
      ],
      [
        9.310081,
        47.11992,
        425.25
      ],
      [
        9.309632,
        47.119813,
        424.75
      ],
      [
        9.309248,
        47.119721,
        425.0
      ],
      [
        9.309089,
        47.119683,
        425.0
      ],
      [
        9.30819,
        47.119471,
        425.0
      ],
      [
        9.307362,
        47.119252,
        424.5
      ],
      [
        9.30716,
        47.119189,
        424.75
      ],
      [
        9.306791,
        47.119056,
        425.0
      ],
      [
        9.306498,
        47.118951,
        425.0
      ],
      [
        9.306322,
        47.118884,
        425.0
      ],
      [
        9.306044,
        47.118773,
        425.0
      ],
      [
        9.305457,
        47.118538,
        424.5
      ],
      [
        9.304087,
        47.117985,
        423.75
      ],
      [
        9.304037,
        47.117964,
        423.5
      ],
      [
        9.303829,
        47.117881,
        424.0
      ],
      [
        9.302542,
        47.117361,
        425.0
      ],
      [
        9.301025,
        47.11675,
        424.25
      ],
      [
        9.300629,
        47.116589,
        425.0
      ],
      [
        9.30011,
        47.116378,
        424.5
      ],
      [
        9.29815,
        47.115589,
        423.75
      ],
      [
        9.297707,
        47.115424,
        423.75
      ],
      [
        9.297446,
        47.115332,
        424.0
      ],
      [
        9.297078,
        47.11522,
        423.25
      ],
      [
        9.29657,
        47.11509,
        423.25
      ],
      [
        9.296178,
        47.115007,
        424.0
      ],
      [
        9.295763,
        47.114937,
        422.5
      ],
      [
        9.295534,
        47.11491,
        422.75
      ],
      [
        9.295319,
        47.114898,
        422.5
      ],
      [
        9.295217,
        47.114898,
        422.5
      ],
      [
        9.294887,
        47.114911,
        424.0
      ],
      [
        9.294612,
        47.114947,
        425.0
      ],
      [
        9.294477,
        47.114972,
        424.75
      ],
      [
        9.293766,
        47.115143,
        423.75
      ],
      [
        9.293278,
        47.115262,
        425.5
      ],
      [
        9.293011,
        47.115313,
        425.0
      ],
      [
        9.292662,
        47.115359,
        427.25
      ],
      [
        9.292069,
        47.115398,
        423.75
      ],
      [
        9.290531,
        47.115479,
        431.75
      ],
      [
        9.290257,
        47.11548,
        429.5
      ],
      [
        9.290097,
        47.115469,
        430.75
      ],
      [
        9.289961,
        47.115451,
        432.25
      ],
      [
        9.289833,
        47.115423,
        432.75
      ],
      [
        9.289703,
        47.115385,
        432.75
      ],
      [
        9.28957,
        47.115331,
        431.5
      ],
      [
        9.289402,
        47.11524,
        431.0
      ],
      [
        9.289319,
        47.115179,
        432.25
      ],
      [
        9.289239,
        47.115105,
        432.25
      ],
      [
        9.289169,
        47.115024,
        430.25
      ],
      [
        9.289112,
        47.114939,
        430.75
      ],
      [
        9.289004,
        47.114872,
        429.25
      ],
      [
        9.288892,
        47.114667,
        429.25
      ],
      [
        9.288867,
        47.114644,
        428.75
      ],
      [
        9.288816,
        47.114613,
        427.75
      ],
      [
        9.288766,
        47.114544,
        427.5
      ],
      [
        9.288746,
        47.114518,
        427.25
      ],
      [
        9.288717,
        47.114482,
        427.25
      ],
      [
        9.288626,
        47.114371,
        427.5
      ],
      [
        9.288509,
        47.114264,
        427.25
      ],
      [
        9.288384,
        47.114171,
        426.75
      ],
      [
        9.288192,
        47.114057,
        425.75
      ],
      [
        9.287958,
        47.11397,
        426.0
      ],
      [
        9.287278,
        47.113726,
        423.25
      ],
      [
        9.287172,
        47.113681,
        423.0
      ],
      [
        9.287035,
        47.113608,
        423.25
      ],
      [
        9.286956,
        47.113578,
        423.75
      ],
      [
        9.286914,
        47.113569,
        423.75
      ],
      [
        9.286219,
        47.113501,
        423.5
      ],
      [
        9.285727,
        47.113461,
        423.5
      ],
      [
        9.285678,
        47.113457,
        423.5
      ],
      [
        9.285045,
        47.113407,
        423.25
      ],
      [
        9.283767,
        47.113268,
        424.0
      ],
      [
        9.283727,
        47.113268,
        424.0
      ],
      [
        9.283647,
        47.113282,
        423.75
      ],
      [
        9.283437,
        47.113366,
        422.0
      ],
      [
        9.283358,
        47.113378,
        421.75
      ],
      [
        9.283285,
        47.113376,
        421.5
      ],
      [
        9.282251,
        47.113202,
        422.25
      ],
      [
        9.28213,
        47.11317,
        422.75
      ],
      [
        9.281993,
        47.113107,
        424.0
      ],
      [
        9.281841,
        47.113064,
        424.25
      ],
      [
        9.28101,
        47.112987,
        422.0
      ],
      [
        9.27991,
        47.112885,
        424.5
      ],
      [
        9.279679,
        47.112865,
        425.5
      ],
      [
        9.279553,
        47.11287,
        425.0
      ],
      [
        9.279476,
        47.112877,
        424.5
      ],
      [
        9.279433,
        47.112876,
        424.5
      ],
      [
        9.279273,
        47.112852,
        425.0
      ],
      [
        9.279175,
        47.112849,
        425.0
      ],
      [
        9.278879,
        47.112853,
        425.0
      ],
      [
        9.278451,
        47.112869,
        424.5
      ],
      [
        9.278445,
        47.112806,
        426.25
      ],
      [
        9.27844,
        47.112755,
        427.0
      ],
      [
        9.278435,
        47.112699,
        427.0
      ],
      [
        9.278433,
        47.112686,
        427.0
      ],
      [
        9.278419,
        47.112552,
        427.25
      ],
      [
        9.278421,
        47.112422,
        428.0
      ],
      [
        9.278301,
        47.112376,
        428.25
      ],
      [
        9.278248,
        47.11247,
        427.25
      ],
      [
        9.278233,
        47.112584,
        427.0
      ],
      [
        9.278243,
        47.112635,
        427.0
      ],
      [
        9.277711,
        47.112682,
        427.0
      ],
      [
        9.277449,
        47.112717,
        426.75
      ],
      [
        9.277194,
        47.112758,
        426.75
      ],
      [
        9.276891,
        47.112823,
        426.5
      ],
      [
        9.276626,
        47.11289,
        427.0
      ],
      [
        9.276249,
        47.113004,
        428.0
      ],
      [
        9.275827,
        47.113143,
        427.25
      ],
      [
        9.2753,
        47.113307,
        428.0
      ],
      [
        9.274897,
        47.113417,
        428.75
      ],
      [
        9.274697,
        47.113467,
        429.0
      ],
      [
        9.274281,
        47.113559,
        430.25
      ],
      [
        9.273846,
        47.113636,
        431.0
      ],
      [
        9.273264,
        47.11372,
        432.0
      ],
      [
        9.272704,
        47.113775,
        432.0
      ],
      [
        9.2724,
        47.113799,
        433.0
      ],
      [
        9.27194,
        47.113829,
        434.5
      ],
      [
        9.271692,
        47.113847,
        435.25
      ],
      [
        9.27147,
        47.113863,
        435.75
      ],
      [
        9.271345,
        47.113873,
        436.0
      ],
      [
        9.271022,
        47.113913,
        436.0
      ],
      [
        9.270837,
        47.113945,
        436.75
      ],
      [
        9.270709,
        47.113969,
        436.25
      ],
      [
        9.270441,
        47.114035,
        434.25
      ],
      [
        9.270135,
        47.11413,
        434.5
      ],
      [
        9.269814,
        47.114257,
        435.0
      ],
      [
        9.269495,
        47.114393,
        437.25
      ],
      [
        9.269011,
        47.114566,
        438.25
      ],
      [
        9.267034,
        47.115203,
        440.5
      ],
      [
        9.266835,
        47.115254,
        441.75
      ],
      [
        9.266631,
        47.115292,
        441.5
      ],
      [
        9.266451,
        47.115312,
        441.5
      ],
      [
        9.266281,
        47.115324,
        441.25
      ],
      [
        9.265982,
        47.115325,
        440.75
      ],
      [
        9.265803,
        47.115313,
        440.75
      ],
      [
        9.265632,
        47.115293,
        440.75
      ],
      [
        9.264948,
        47.115165,
        441.75
      ],
      [
        9.26459,
        47.115096,
        440.25
      ],
      [
        9.263668,
        47.114936,
        436.0
      ],
      [
        9.2632,
        47.114855,
        435.75
      ],
      [
        9.261805,
        47.114646,
        434.75
      ],
      [
        9.261307,
        47.114573,
        434.0
      ],
      [
        9.26114,
        47.114549,
        432.75
      ],
      [
        9.26031,
        47.114429,
        430.0
      ],
      [
        9.259767,
        47.114373,
        430.25
      ],
      [
        9.259637,
        47.114363,
        430.0
      ],
      [
        9.259222,
        47.114341,
        429.25
      ],
      [
        9.25877,
        47.114328,
        430.5
      ],
      [
        9.258165,
        47.114308,
        429.25
      ],
      [
        9.257815,
        47.114293,
        430.25
      ],
      [
        9.257443,
        47.114255,
        430.25
      ],
      [
        9.257084,
        47.11421,
        429.75
      ],
      [
        9.256771,
        47.114155,
        428.25
      ],
      [
        9.256394,
        47.114074,
        431.0
      ],
      [
        9.256042,
        47.113981,
        430.0
      ],
      [
        9.255915,
        47.11394,
        427.75
      ],
      [
        9.255374,
        47.11378,
        429.0
      ],
      [
        9.255204,
        47.113732,
        428.0
      ],
      [
        9.254976,
        47.113678,
        426.5
      ],
      [
        9.254742,
        47.113637,
        426.0
      ],
      [
        9.254588,
        47.113618,
        426.0
      ],
      [
        9.25453,
        47.113613,
        426.0
      ],
      [
        9.254068,
        47.113583,
        425.75
      ],
      [
        9.253736,
        47.113566,
        426.0
      ],
      [
        9.253356,
        47.113543,
        426.0
      ],
      [
        9.253307,
        47.113541,
        426.0
      ],
      [
        9.253217,
        47.113535,
        426.0
      ],
      [
        9.252973,
        47.113512,
        425.75
      ],
      [
        9.25281,
        47.113486,
        425.5
      ],
      [
        9.252196,
        47.113367,
        425.75
      ],
      [
        9.251484,
        47.113193,
        425.5
      ],
      [
        9.251311,
        47.113147,
        425.5
      ],
      [
        9.251161,
        47.113111,
        425.5
      ],
      [
        9.251062,
        47.11308,
        425.5
      ],
      [
        9.250974,
        47.113068,
        425.25
      ],
      [
        9.250815,
        47.113035,
        425.0
      ],
      [
        9.250763,
        47.113021,
        425.0
      ],
      [
        9.250688,
        47.113026,
        425.0
      ],
      [
        9.250653,
        47.113019,
        425.0
      ],
      [
        9.250596,
        47.112988,
        425.0
      ],
      [
        9.250459,
        47.112964,
        425.0
      ],
      [
        9.250403,
        47.11295,
        425.0
      ],
      [
        9.250311,
        47.112922,
        425.0
      ],
      [
        9.249952,
        47.112888,
        425.25
      ],
      [
        9.249852,
        47.112879,
        425.5
      ],
      [
        9.249705,
        47.112863,
        425.5
      ],
      [
        9.248828,
        47.112783,
        425.75
      ],
      [
        9.248632,
        47.112759,
        426.25
      ],
      [
        9.248208,
        47.112692,
        426.75
      ],
      [
        9.24602,
        47.11233,
        429.75
      ],
      [
        9.245522,
        47.112258,
        427.75
      ],
      [
        9.245127,
        47.112224,
        427.25
      ],
      [
        9.244886,
        47.112212,
        427.0
      ],
      [
        9.244643,
        47.112209,
        426.5
      ],
      [
        9.244279,
        47.112216,
        426.0
      ],
      [
        9.243928,
        47.112241,
        427.25
      ],
      [
        9.242185,
        47.112397,
        426.0
      ],
      [
        9.241876,
        47.112424,
        425.5
      ],
      [
        9.241469,
        47.112452,
        426.25
      ],
      [
        9.241233,
        47.112462,
        426.5
      ],
      [
        9.240748,
        47.112469,
        427.5
      ],
      [
        9.240461,
        47.112465,
        427.75
      ],
      [
        9.240143,
        47.112454,
        427.5
      ],
      [
        9.238771,
        47.11237,
        427.0
      ],
      [
        9.237684,
        47.112304,
        426.0
      ],
      [
        9.236182,
        47.112228,
        426.75
      ],
      [
        9.235848,
        47.112197,
        428.0
      ],
      [
        9.235479,
        47.112146,
        429.5
      ],
      [
        9.235279,
        47.112112,
        430.25
      ],
      [
        9.233862,
        47.111805,
        431.75
      ],
      [
        9.233452,
        47.111723,
        428.75
      ],
      [
        9.232986,
        47.111657,
        429.25
      ],
      [
        9.232743,
        47.111633,
        429.75
      ],
      [
        9.230599,
        47.111447,
        430.75
      ],
      [
        9.229635,
        47.111358,
        429.5
      ],
      [
        9.229347,
        47.111328,
        430.0
      ],
      [
        9.228507,
        47.111248,
        431.5
      ],
      [
        9.228183,
        47.111231,
        432.0
      ],
      [
        9.227663,
        47.11122,
        432.75
      ],
      [
        9.227271,
        47.111228,
        434.75
      ],
      [
        9.225467,
        47.111292,
        429.5
      ],
      [
        9.225222,
        47.111305,
        430.0
      ],
      [
        9.224017,
        47.111403,
        431.75
      ],
      [
        9.223437,
        47.111441,
        432.5
      ],
      [
        9.222522,
        47.111486,
        433.0
      ],
      [
        9.222065,
        47.111515,
        432.75
      ],
      [
        9.221581,
        47.111563,
        436.75
      ],
      [
        9.221591,
        47.111638,
        434.5
      ],
      [
        9.221581,
        47.111653,
        434.25
      ],
      [
        9.221554,
        47.111668,
        434.0
      ],
      [
        9.221505,
        47.111684,
        434.0
      ],
      [
        9.221376,
        47.11171,
        434.25
      ],
      [
        9.220566,
        47.111826,
        433.5
      ],
      [
        9.220483,
        47.111845,
        434.0
      ],
      [
        9.220393,
        47.111883,
        433.75
      ],
      [
        9.220342,
        47.111931,
        432.5
      ],
      [
        9.220324,
        47.111963,
        432.25
      ],
      [
        9.220309,
        47.112018,
        432.5
      ],
      [
        9.220321,
        47.112099,
        432.25
      ],
      [
        9.220381,
        47.112244,
        431.25
      ],
      [
        9.220434,
        47.112353,
        431.0
      ],
      [
        9.22045,
        47.112415,
        430.75
      ],
      [
        9.220441,
        47.11246,
        431.25
      ],
      [
        9.220369,
        47.112539,
        432.25
      ],
      [
        9.219977,
        47.112823,
        431.25
      ],
      [
        9.219899,
        47.112871,
        430.75
      ],
      [
        9.219828,
        47.112899,
        430.75
      ],
      [
        9.219761,
        47.112914,
        431.25
      ],
      [
        9.219691,
        47.112919,
        432.0
      ],
      [
        9.219187,
        47.112937,
        432.75
      ],
      [
        9.218993,
        47.11295,
        431.5
      ],
      [
        9.218803,
        47.112985,
        430.0
      ],
      [
        9.218705,
        47.113018,
        428.75
      ],
      [
        9.218614,
        47.113059,
        426.75
      ],
      [
        9.218567,
        47.113091,
        426.5
      ],
      [
        9.218422,
        47.113282,
        425.0
      ],
      [
        9.218397,
        47.113312,
        425.0
      ],
      [
        9.218312,
        47.113376,
        424.5
      ],
      [
        9.21827,
        47.113394,
        424.5
      ],
      [
        9.218172,
        47.113417,
        425.0
      ],
      [
        9.218187,
        47.113473,
        425.25
      ],
      [
        9.21819,
        47.11357,
        425.75
      ],
      [
        9.218173,
        47.113608,
        425.75
      ],
      [
        9.218098,
        47.113664,
        426.0
      ],
      [
        9.218014,
        47.113688,
        426.0
      ],
      [
        9.21794,
        47.113692,
        426.0
      ],
      [
        9.217854,
        47.113675,
        426.0
      ],
      [
        9.217803,
        47.113652,
        426.0
      ],
      [
        9.217764,
        47.113618,
        425.75
      ],
      [
        9.217738,
        47.113583,
        425.75
      ],
      [
        9.217682,
        47.113423,
        425.25
      ],
      [
        9.217664,
        47.113399,
        425.25
      ],
      [
        9.217616,
        47.113369,
        425.75
      ],
      [
        9.217547,
        47.113356,
        426.25
      ],
      [
        9.217502,
        47.113358,
        426.75
      ],
      [
        9.217253,
        47.113401,
        426.75
      ],
      [
        9.216995,
        47.11343,
        426.5
      ],
      [
        9.21682,
        47.113439,
        426.5
      ],
      [
        9.216605,
        47.113449,
        426.5
      ],
      [
        9.21636,
        47.113455,
        426.5
      ],
      [
        9.216045,
        47.113445,
        426.25
      ],
      [
        9.215864,
        47.113464,
        425.5
      ],
      [
        9.215139,
        47.113453,
        426.25
      ],
      [
        9.215054,
        47.113449,
        426.25
      ],
      [
        9.215038,
        47.113486,
        425.75
      ],
      [
        9.214956,
        47.113711,
        424.25
      ],
      [
        9.21492,
        47.113811,
        424.25
      ],
      [
        9.214898,
        47.113807,
        424.25
      ],
      [
        9.214638,
        47.113786,
        424.25
      ],
      [
        9.214335,
        47.11377,
        424.0
      ],
      [
        9.214224,
        47.113711,
        423.75
      ],
      [
        9.214075,
        47.113444,
        425.25
      ],
      [
        9.214036,
        47.113398,
        425.5
      ],
      [
        9.214003,
        47.113383,
        425.25
      ],
      [
        9.213969,
        47.113375,
        425.25
      ],
      [
        9.21318,
        47.113324,
        423.75
      ],
      [
        9.21311,
        47.113313,
        423.5
      ],
      [
        9.213027,
        47.113287,
        423.25
      ],
      [
        9.212911,
        47.11325,
        423.5
      ],
      [
        9.212092,
        47.113191,
        424.75
      ],
      [
        9.211878,
        47.113172,
        424.75
      ],
      [
        9.211786,
        47.113162,
        424.25
      ],
      [
        9.211731,
        47.113149,
        424.25
      ],
      [
        9.21169,
        47.113138,
        424.25
      ],
      [
        9.211638,
        47.113136,
        424.25
      ],
      [
        9.21079,
        47.113091,
        425.25
      ],
      [
        9.210549,
        47.113148,
        425.0
      ],
      [
        9.210502,
        47.113147,
        425.0
      ],
      [
        9.210284,
        47.11309,
        426.25
      ],
      [
        9.2102,
        47.113077,
        426.5
      ],
      [
        9.209911,
        47.113134,
        425.25
      ],
      [
        9.209848,
        47.113144,
        425.5
      ],
      [
        9.209774,
        47.113146,
        425.75
      ],
      [
        9.209508,
        47.11312,
        428.0
      ],
      [
        9.209083,
        47.113066,
        428.75
      ],
      [
        9.209044,
        47.113066,
        429.25
      ],
      [
        9.209016,
        47.113077,
        429.25
      ],
      [
        9.208972,
        47.11312,
        428.25
      ],
      [
        9.208953,
        47.11313,
        428.0
      ],
      [
        9.208927,
        47.113132,
        428.25
      ],
      [
        9.208738,
        47.113092,
        426.0
      ],
      [
        9.208643,
        47.113038,
        424.75
      ],
      [
        9.208558,
        47.113,
        425.5
      ],
      [
        9.208467,
        47.11298,
        425.75
      ],
      [
        9.207139,
        47.112906,
        422.5
      ],
      [
        9.206701,
        47.112888,
        423.0
      ],
      [
        9.206057,
        47.11288,
        423.0
      ],
      [
        9.205662,
        47.112879,
        423.5
      ],
      [
        9.205212,
        47.112916,
        423.5
      ],
      [
        9.204745,
        47.112973,
        422.5
      ],
      [
        9.204133,
        47.113082,
        423.5
      ],
      [
        9.203992,
        47.113111,
        423.5
      ],
      [
        9.200938,
        47.113857,
        424.0
      ],
      [
        9.200385,
        47.114008,
        423.5
      ],
      [
        9.200152,
        47.114061,
        423.5
      ],
      [
        9.199905,
        47.114098,
        424.0
      ],
      [
        9.19947,
        47.114175,
        425.5
      ],
      [
        9.199352,
        47.114224,
        424.75
      ],
      [
        9.199262,
        47.11425,
        424.0
      ],
      [
        9.199165,
        47.114266,
        423.75
      ],
      [
        9.197608,
        47.114285,
        424.0
      ],
      [
        9.196971,
        47.1143,
        423.5
      ],
      [
        9.19645,
        47.114292,
        424.25
      ],
      [
        9.195932,
        47.114306,
        423.75
      ],
      [
        9.195264,
        47.114334,
        426.25
      ],
      [
        9.194845,
        47.114426,
        425.25
      ],
      [
        9.19381,
        47.114665,
        427.0
      ],
      [
        9.193422,
        47.114754,
        426.75
      ],
      [
        9.193199,
        47.114825,
        426.25
      ],
      [
        9.192496,
        47.115053,
        425.0
      ],
      [
        9.191497,
        47.115296,
        425.0
      ],
      [
        9.19085,
        47.115545,
        424.75
      ],
      [
        9.190734,
        47.115577,
        424.75
      ],
      [
        9.190617,
        47.115595,
        424.75
      ],
      [
        9.190279,
        47.115628,
        425.75
      ],
      [
        9.189807,
        47.115704,
        425.75
      ],
      [
        9.189304,
        47.115776,
        425.0
      ],
      [
        9.189129,
        47.115805,
        425.5
      ],
      [
        9.188821,
        47.115881,
        424.75
      ],
      [
        9.188659,
        47.115897,
        424.5
      ],
      [
        9.18857,
        47.115913,
        424.25
      ],
      [
        9.188512,
        47.115916,
        424.25
      ],
      [
        9.188291,
        47.115887,
        425.25
      ],
      [
        9.188177,
        47.115863,
        425.25
      ],
      [
        9.188143,
        47.11585,
        425.25
      ],
      [
        9.187953,
        47.115773,
        426.5
      ],
      [
        9.187902,
        47.115757,
        427.25
      ],
      [
        9.187838,
        47.11575,
        428.0
      ],
      [
        9.187533,
        47.115717,
        427.75
      ],
      [
        9.187257,
        47.115648,
        428.0
      ],
      [
        9.187039,
        47.115584,
        427.75
      ],
      [
        9.18697,
        47.115553,
        428.0
      ],
      [
        9.186545,
        47.115442,
        426.25
      ],
      [
        9.186427,
        47.115385,
        426.25
      ],
      [
        9.186313,
        47.115353,
        426.0
      ],
      [
        9.186027,
        47.115294,
        425.0
      ],
      [
        9.186033,
        47.115268,
        425.25
      ],
      [
        9.186053,
        47.115223,
        425.75
      ],
      [
        9.186064,
        47.115208,
        425.75
      ],
      [
        9.186081,
        47.115185,
        426.0
      ],
      [
        9.185842,
        47.115116,
        425.75
      ],
      [
        9.185616,
        47.115055,
        425.25
      ],
      [
        9.185489,
        47.115014,
        425.75
      ],
      [
        9.185447,
        47.115001,
        425.75
      ],
      [
        9.185119,
        47.114905,
        426.25
      ],
      [
        9.184877,
        47.114835,
        427.0
      ],
      [
        9.184796,
        47.114811,
        427.5
      ],
      [
        9.184467,
        47.114715,
        429.25
      ],
      [
        9.184388,
        47.114709,
        430.75
      ],
      [
        9.184316,
        47.114714,
        432.5
      ],
      [
        9.184246,
        47.114729,
        433.75
      ],
      [
        9.184149,
        47.114768,
        434.75
      ],
      [
        9.183498,
        47.115164,
        440.0
      ],
      [
        9.183472,
        47.115189,
        440.25
      ],
      [
        9.183446,
        47.115239,
        439.0
      ],
      [
        9.183436,
        47.115381,
        435.5
      ],
      [
        9.183397,
        47.115479,
        435.25
      ],
      [
        9.183304,
        47.115615,
        435.5
      ],
      [
        9.183142,
        47.115765,
        435.5
      ],
      [
        9.18308,
        47.115808,
        435.0
      ],
      [
        9.183012,
        47.115844,
        434.5
      ],
      [
        9.182915,
        47.115882,
        435.25
      ],
      [
        9.18282,
        47.115904,
        436.25
      ],
      [
        9.182741,
        47.115914,
        436.5
      ],
      [
        9.182658,
        47.115917,
        436.0
      ],
      [
        9.182568,
        47.115911,
        436.25
      ],
      [
        9.182495,
        47.115899,
        436.75
      ],
      [
        9.182344,
        47.115863,
        436.5
      ],
      [
        9.182213,
        47.115818,
        436.75
      ],
      [
        9.182138,
        47.115792,
        436.75
      ],
      [
        9.182065,
        47.115768,
        437.25
      ],
      [
        9.182028,
        47.115768,
        436.75
      ],
      [
        9.181986,
        47.11578,
        436.5
      ],
      [
        9.181585,
        47.115953,
        436.25
      ],
      [
        9.181189,
        47.116088,
        436.0
      ],
      [
        9.180981,
        47.116143,
        435.75
      ],
      [
        9.178799,
        47.116593,
        434.0
      ],
      [
        9.178543,
        47.116636,
        434.0
      ],
      [
        9.178291,
        47.116672,
        433.75
      ],
      [
        9.177967,
        47.116707,
        433.5
      ],
      [
        9.176585,
        47.116799,
        432.5
      ],
      [
        9.176381,
        47.116823,
        432.25
      ],
      [
        9.176139,
        47.116841,
        432.25
      ],
      [
        9.175804,
        47.116845,
        432.0
      ],
      [
        9.175593,
        47.116837,
        431.75
      ],
      [
        9.175279,
        47.116811,
        431.5
      ],
      [
        9.175189,
        47.116816,
        431.5
      ],
      [
        9.175123,
        47.116824,
        431.5
      ],
      [
        9.174768,
        47.116897,
        431.25
      ],
      [
        9.174718,
        47.116927,
        431.25
      ],
      [
        9.17463,
        47.116934,
        431.75
      ],
      [
        9.17447,
        47.116961,
        432.75
      ],
      [
        9.174268,
        47.116991,
        433.25
      ],
      [
        9.174191,
        47.116994,
        433.5
      ],
      [
        9.173829,
        47.117001,
        434.5
      ],
      [
        9.173593,
        47.117012,
        435.5
      ],
      [
        9.173383,
        47.117036,
        438.0
      ],
      [
        9.173145,
        47.117106,
        438.0
      ],
      [
        9.173028,
        47.117131,
        437.75
      ],
      [
        9.172906,
        47.117146,
        437.75
      ],
      [
        9.17282,
        47.117147,
        437.75
      ],
      [
        9.172722,
        47.117128,
        437.75
      ],
      [
        9.172679,
        47.1171,
        437.75
      ],
      [
        9.17264,
        47.117113,
        437.5
      ],
      [
        9.172604,
        47.117127,
        437.25
      ],
      [
        9.172471,
        47.117166,
        436.5
      ],
      [
        9.172352,
        47.11718,
        436.0
      ],
      [
        9.171969,
        47.117212,
        432.75
      ],
      [
        9.171922,
        47.117216,
        432.5
      ],
      [
        9.17178,
        47.117231,
        433.0
      ],
      [
        9.171706,
        47.117253,
        433.25
      ],
      [
        9.171585,
        47.11732,
        433.25
      ],
      [
        9.171393,
        47.117426,
        432.5
      ],
      [
        9.17125,
        47.117492,
        430.75
      ],
      [
        9.171131,
        47.117512,
        429.75
      ],
      [
        9.170792,
        47.117608,
        428.25
      ],
      [
        9.170756,
        47.117618,
        428.5
      ],
      [
        9.17041,
        47.117702,
        428.25
      ],
      [
        9.170329,
        47.117737,
        427.5
      ],
      [
        9.170158,
        47.117794,
        425.75
      ],
      [
        9.17014,
        47.117799,
        425.5
      ],
      [
        9.169565,
        47.117934,
        429.0
      ],
      [
        9.169397,
        47.117979,
        429.5
      ],
      [
        9.169302,
        47.118027,
        428.5
      ],
      [
        9.16916,
        47.118113,
        426.25
      ],
      [
        9.16913,
        47.118128,
        426.5
      ],
      [
        9.16895,
        47.118212,
        426.75
      ],
      [
        9.168373,
        47.118404,
        427.0
      ],
      [
        9.167907,
        47.118563,
        426.75
      ],
      [
        9.167384,
        47.118769,
        427.5
      ],
      [
        9.166839,
        47.118982,
        428.0
      ],
      [
        9.166623,
        47.119066,
        429.0
      ],
      [
        9.166237,
        47.119218,
        428.25
      ],
      [
        9.166154,
        47.11925,
        428.5
      ],
      [
        9.165821,
        47.119388,
        428.0
      ],
      [
        9.165123,
        47.119639,
        426.5
      ],
      [
        9.164777,
        47.119747,
        425.5
      ],
      [
        9.164701,
        47.119752,
        426.0
      ],
      [
        9.164656,
        47.119745,
        425.75
      ],
      [
        9.164411,
        47.119704,
        426.75
      ],
      [
        9.164346,
        47.119693,
        428.25
      ],
      [
        9.164297,
        47.119695,
        428.25
      ],
      [
        9.16379,
        47.119813,
        430.5
      ],
      [
        9.163393,
        47.119887,
        431.0
      ],
      [
        9.161546,
        47.120186,
        431.0
      ],
      [
        9.160406,
        47.120365,
        429.25
      ],
      [
        9.160219,
        47.120344,
        430.75
      ],
      [
        9.15983,
        47.120325,
        432.5
      ],
      [
        9.159382,
        47.120261,
        438.0
      ],
      [
        9.159208,
        47.120253,
        439.5
      ],
      [
        9.159059,
        47.120261,
        441.75
      ],
      [
        9.158944,
        47.120284,
        443.0
      ],
      [
        9.158776,
        47.12033,
        442.75
      ],
      [
        9.158306,
        47.12035,
        447.25
      ],
      [
        9.158201,
        47.120333,
        447.0
      ],
      [
        9.157863,
        47.120226,
        449.5
      ],
      [
        9.157679,
        47.120156,
        452.75
      ],
      [
        9.157543,
        47.120132,
        454.0
      ],
      [
        9.156988,
        47.120091,
        460.0
      ],
      [
        9.156796,
        47.120117,
        462.0
      ],
      [
        9.156735,
        47.120143,
        462.25
      ],
      [
        9.156687,
        47.120177,
        462.0
      ],
      [
        9.156655,
        47.120219,
        461.5
      ],
      [
        9.156647,
        47.120266,
        460.5
      ],
      [
        9.156666,
        47.120312,
        462.5
      ],
      [
        9.156811,
        47.120421,
        465.75
      ],
      [
        9.157032,
        47.120536,
        463.25
      ],
      [
        9.157163,
        47.120603,
        460.0
      ],
      [
        9.157402,
        47.120737,
        454.25
      ],
      [
        9.15747,
        47.120786,
        452.25
      ],
      [
        9.157509,
        47.120824,
        451.0
      ],
      [
        9.157548,
        47.120885,
        449.0
      ],
      [
        9.15756,
        47.120947,
        449.25
      ],
      [
        9.157552,
        47.12101,
        448.25
      ],
      [
        9.157529,
        47.121041,
        449.0
      ],
      [
        9.157327,
        47.121203,
        448.0
      ],
      [
        9.157265,
        47.121251,
        445.75
      ],
      [
        9.157035,
        47.121365,
        448.5
      ],
      [
        9.156741,
        47.121487,
        448.5
      ],
      [
        9.156404,
        47.121561,
        451.25
      ],
      [
        9.155998,
        47.121685,
        450.75
      ],
      [
        9.155801,
        47.121722,
        451.75
      ],
      [
        9.155666,
        47.121739,
        452.0
      ],
      [
        9.155245,
        47.121752,
        455.25
      ],
      [
        9.155156,
        47.121762,
        456.0
      ],
      [
        9.154783,
        47.121833,
        459.0
      ],
      [
        9.154623,
        47.121874,
        459.0
      ],
      [
        9.154419,
        47.121963,
        458.5
      ],
      [
        9.154294,
        47.122009,
        458.25
      ],
      [
        9.154221,
        47.122024,
        458.25
      ],
      [
        9.154144,
        47.122031,
        458.0
      ],
      [
        9.153967,
        47.122021,
        457.75
      ],
      [
        9.153572,
        47.122024,
        457.25
      ],
      [
        9.153499,
        47.122016,
        457.0
      ],
      [
        9.153307,
        47.121976,
        457.25
      ],
      [
        9.153189,
        47.121963,
        458.0
      ],
      [
        9.153072,
        47.121966,
        457.0
      ],
      [
        9.152714,
        47.122006,
        457.0
      ],
      [
        9.152492,
        47.122048,
        456.5
      ],
      [
        9.152232,
        47.12216,
        454.25
      ],
      [
        9.152106,
        47.122187,
        455.25
      ],
      [
        9.151967,
        47.12224,
        454.25
      ],
      [
        9.15183,
        47.122282,
        453.5
      ],
      [
        9.151575,
        47.122322,
        455.25
      ],
      [
        9.151315,
        47.122355,
        453.5
      ],
      [
        9.151258,
        47.122349,
        453.25
      ],
      [
        9.151206,
        47.122332,
        454.0
      ],
      [
        9.151014,
        47.12225,
        456.25
      ],
      [
        9.150493,
        47.122141,
        455.5
      ],
      [
        9.150231,
        47.122102,
        455.0
      ],
      [
        9.149781,
        47.12206,
        453.75
      ],
      [
        9.149601,
        47.122054,
        453.75
      ],
      [
        9.148879,
        47.122082,
        451.5
      ],
      [
        9.14858,
        47.122099,
        453.0
      ],
      [
        9.148448,
        47.122114,
        454.5
      ],
      [
        9.148341,
        47.122137,
        454.0
      ],
      [
        9.148262,
        47.122163,
        453.0
      ],
      [
        9.148071,
        47.122253,
        447.25
      ],
      [
        9.147989,
        47.122285,
        446.75
      ],
      [
        9.147729,
        47.122344,
        446.75
      ],
      [
        9.147452,
        47.122393,
        446.75
      ],
      [
        9.147394,
        47.122397,
        446.75
      ],
      [
        9.147338,
        47.12239,
        447.0
      ],
      [
        9.147152,
        47.122361,
        447.0
      ],
      [
        9.147071,
        47.122355,
        448.75
      ],
      [
        9.146951,
        47.122364,
        449.5
      ],
      [
        9.146657,
        47.122429,
        451.0
      ],
      [
        9.146514,
        47.122455,
        447.25
      ],
      [
        9.146438,
        47.12246,
        446.75
      ],
      [
        9.146049,
        47.122444,
        443.75
      ],
      [
        9.146015,
        47.122456,
        443.75
      ],
      [
        9.145991,
        47.122483,
        442.75
      ],
      [
        9.145944,
        47.122576,
        437.75
      ],
      [
        9.145926,
        47.122594,
        436.75
      ],
      [
        9.145895,
        47.122609,
        436.0
      ],
      [
        9.145862,
        47.122616,
        435.75
      ],
      [
        9.145638,
        47.12259,
        435.75
      ],
      [
        9.145438,
        47.122593,
        434.5
      ],
      [
        9.145379,
        47.122602,
        434.0
      ],
      [
        9.145257,
        47.122625,
        433.25
      ],
      [
        9.145205,
        47.122649,
        433.5
      ],
      [
        9.145043,
        47.122774,
        426.0
      ],
      [
        9.145033,
        47.122794,
        425.75
      ],
      [
        9.145036,
        47.122829,
        425.25
      ],
      [
        9.145035,
        47.122851,
        425.25
      ],
      [
        9.145004,
        47.122882,
        425.0
      ],
      [
        9.144804,
        47.122956,
        427.0
      ],
      [
        9.143287,
        47.123241,
        430.25
      ],
      [
        9.142936,
        47.123317,
        427.5
      ],
      [
        9.142437,
        47.123446,
        433.75
      ],
      [
        9.142371,
        47.123442,
        433.75
      ],
      [
        9.141856,
        47.123344,
        434.0
      ],
      [
        9.141617,
        47.12339,
        434.0
      ],
      [
        9.141503,
        47.123425,
        434.25
      ],
      [
        9.141396,
        47.123469,
        434.25
      ],
      [
        9.141264,
        47.12354,
        434.25
      ],
      [
        9.141171,
        47.123606,
        434.5
      ],
      [
        9.141055,
        47.123676,
        434.5
      ],
      [
        9.140795,
        47.123786,
        434.75
      ],
      [
        9.140723,
        47.123826,
        434.75
      ],
      [
        9.140444,
        47.124019,
        435.0
      ],
      [
        9.140312,
        47.124148,
        435.0
      ],
      [
        9.140259,
        47.124241,
        435.0
      ],
      [
        9.140217,
        47.124461,
        435.25
      ],
      [
        9.140188,
        47.124805,
        435.5
      ],
      [
        9.140117,
        47.124891,
        435.25
      ],
      [
        9.140053,
        47.124933,
        435.0
      ],
      [
        9.139977,
        47.124957,
        435.0
      ],
      [
        9.139578,
        47.125027,
        434.25
      ],
      [
        9.139381,
        47.125082,
        434.0
      ],
      [
        9.138984,
        47.12523,
        433.25
      ],
      [
        9.138504,
        47.125398,
        432.5
      ],
      [
        9.137927,
        47.125563,
        431.75
      ],
      [
        9.137524,
        47.125664,
        431.0
      ],
      [
        9.137204,
        47.125732,
        430.5
      ],
      [
        9.136936,
        47.125755,
        430.25
      ],
      [
        9.13623,
        47.125863,
        429.0
      ],
      [
        9.135666,
        47.125933,
        428.25
      ],
      [
        9.133612,
        47.126146,
        425.25
      ],
      [
        9.13354,
        47.126154,
        425.25
      ],
      [
        9.133448,
        47.126188,
        425.5
      ],
      [
        9.133124,
        47.126232,
        426.5
      ],
      [
        9.132824,
        47.126263,
        427.25
      ],
      [
        9.132534,
        47.126282,
        428.0
      ],
      [
        9.1322,
        47.126262,
        428.75
      ],
      [
        9.131863,
        47.126253,
        429.5
      ],
      [
        9.131529,
        47.126227,
        430.5
      ],
      [
        9.131238,
        47.126193,
        431.25
      ],
      [
        9.130974,
        47.126153,
        432.0
      ],
      [
        9.130108,
        47.126026,
        432.0
      ],
      [
        9.129299,
        47.12584,
        433.25
      ],
      [
        9.128905,
        47.12578,
        433.75
      ],
      [
        9.128565,
        47.125742,
        434.5
      ],
      [
        9.128253,
        47.125721,
        435.0
      ],
      [
        9.127854,
        47.12571,
        435.5
      ],
      [
        9.126167,
        47.125687,
        438.25
      ],
      [
        9.124999,
        47.125673,
        440.0
      ],
      [
        9.124669,
        47.125746,
        440.5
      ],
      [
        9.124579,
        47.125754,
        440.75
      ],
      [
        9.124465,
        47.125753,
        440.25
      ],
      [
        9.124246,
        47.125755,
        439.75
      ],
      [
        9.124126,
        47.125786,
        439.25
      ],
      [
        9.124029,
        47.12579,
        439.0
      ],
      [
        9.123888,
        47.125774,
        438.25
      ],
      [
        9.123737,
        47.125757,
        437.75
      ],
      [
        9.123341,
        47.125748,
        436.25
      ],
      [
        9.123149,
        47.125734,
        435.5
      ],
      [
        9.122686,
        47.12568,
        434.0
      ],
      [
        9.122513,
        47.125639,
        434.0
      ],
      [
        9.122442,
        47.125626,
        434.75
      ],
      [
        9.122219,
        47.125601,
        435.75
      ],
      [
        9.121914,
        47.125553,
        435.75
      ],
      [
        9.121784,
        47.125554,
        443.75
      ],
      [
        9.121301,
        47.12554,
        442.25
      ],
      [
        9.120774,
        47.125535,
        433.5
      ],
      [
        9.120582,
        47.125566,
        424.25
      ],
      [
        9.119667,
        47.125765,
        423.25
      ],
      [
        9.11935,
        47.125806,
        421.5
      ],
      [
        9.119222,
        47.12581,
        421.75
      ],
      [
        9.119172,
        47.125807,
        422.0
      ],
      [
        9.119129,
        47.125793,
        422.0
      ],
      [
        9.119101,
        47.125776,
        422.0
      ],
      [
        9.119053,
        47.125627,
        422.25
      ],
      [
        9.11903,
        47.125598,
        422.25
      ],
      [
        9.11895,
        47.125547,
        423.25
      ],
      [
        9.118855,
        47.125527,
        425.75
      ],
      [
        9.118799,
        47.125528,
        425.75
      ],
      [
        9.11873,
        47.125541,
        424.5
      ],
      [
        9.118366,
        47.125649,
        423.5
      ],
      [
        9.118299,
        47.125658,
        423.5
      ],
      [
        9.118202,
        47.125659,
        423.5
      ],
      [
        9.117898,
        47.125777,
        421.25
      ],
      [
        9.117212,
        47.126069,
        423.25
      ],
      [
        9.117005,
        47.126167,
        423.0
      ],
      [
        9.115983,
        47.126614,
        423.5
      ],
      [
        9.115736,
        47.126706,
        423.25
      ],
      [
        9.115464,
        47.126797,
        422.5
      ],
      [
        9.115177,
        47.126881,
        422.75
      ],
      [
        9.114838,
        47.126966,
        422.75
      ],
      [
        9.114202,
        47.127076,
        423.0
      ],
      [
        9.113527,
        47.127143,
        422.0
      ],
      [
        9.11306,
        47.127168,
        422.5
      ],
      [
        9.112618,
        47.127164,
        422.0
      ],
      [
        9.111564,
        47.127109,
        422.5
      ],
      [
        9.111569,
        47.127078,
        422.25
      ],
      [
        9.111568,
        47.126997,
        422.0
      ],
      [
        9.111458,
        47.126733,
        422.75
      ],
      [
        9.111405,
        47.126622,
        423.25
      ],
      [
        9.111373,
        47.126544,
        424.25
      ],
      [
        9.111346,
        47.12649,
        425.0
      ],
      [
        9.111311,
        47.126497,
        425.0
      ],
      [
        9.110888,
        47.126572,
        425.0
      ],
      [
        9.110287,
        47.1267,
        423.75
      ],
      [
        9.109702,
        47.126811,
        424.5
      ],
      [
        9.1086,
        47.127007,
        422.75
      ],
      [
        9.10835,
        47.127047,
        423.25
      ],
      [
        9.108148,
        47.127071,
        423.0
      ],
      [
        9.107957,
        47.127084,
        423.25
      ],
      [
        9.106825,
        47.127117,
        424.0
      ],
      [
        9.104848,
        47.127143,
        422.75
      ],
      [
        9.104787,
        47.127144,
        422.75
      ],
      [
        9.104682,
        47.127145,
        422.75
      ],
      [
        9.101341,
        47.127159,
        423.25
      ],
      [
        9.100464,
        47.127167,
        423.25
      ],
      [
        9.099747,
        47.127188,
        423.0
      ],
      [
        9.099398,
        47.127209,
        423.0
      ],
      [
        9.098689,
        47.127278,
        423.75
      ],
      [
        9.098426,
        47.127312,
        424.0
      ],
      [
        9.097091,
        47.127514,
        422.75
      ],
      [
        9.096302,
        47.127648,
        423.0
      ],
      [
        9.09573,
        47.127797,
        423.25
      ],
      [
        9.095501,
        47.127867,
        423.75
      ],
      [
        9.095133,
        47.127989,
        423.25
      ],
      [
        9.094718,
        47.128126,
        424.75
      ],
      [
        9.094465,
        47.128205,
        426.0
      ],
      [
        9.093985,
        47.128353,
        427.0
      ],
      [
        9.093745,
        47.128428,
        428.5
      ],
      [
        9.09366,
        47.128468,
        429.0
      ],
      [
        9.09362,
        47.128497,
        429.25
      ],
      [
        9.093566,
        47.128559,
        429.25
      ],
      [
        9.093547,
        47.128596,
        429.25
      ],
      [
        9.093534,
        47.128679,
        429.5
      ],
      [
        9.093543,
        47.128723,
        429.75
      ],
      [
        9.093634,
        47.129004,
        430.5
      ],
      [
        9.09364,
        47.129045,
        430.25
      ],
      [
        9.09363,
        47.129077,
        430.5
      ],
      [
        9.093608,
        47.129105,
        431.0
      ],
      [
        9.093575,
        47.129129,
        431.0
      ],
      [
        9.093508,
        47.129152,
        431.0
      ],
      [
        9.093373,
        47.129173,
        430.75
      ],
      [
        9.09344,
        47.129467,
        429.75
      ],
      [
        9.093472,
        47.129701,
        429.0
      ],
      [
        9.093481,
        47.129841,
        428.75
      ],
      [
        9.093479,
        47.130162,
        427.75
      ],
      [
        9.093465,
        47.130347,
        427.25
      ],
      [
        9.093459,
        47.130406,
        427.25
      ],
      [
        9.093401,
        47.130722,
        427.5
      ],
      [
        9.093343,
        47.130972,
        427.25
      ],
      [
        9.093313,
        47.131088,
        426.5
      ],
      [
        9.093261,
        47.131296,
        426.25
      ],
      [
        9.093154,
        47.131725,
        425.75
      ],
      [
        9.093038,
        47.132205,
        426.75
      ],
      [
        9.093,
        47.132329,
        427.0
      ],
      [
        9.09298,
        47.132485,
        427.5
      ],
      [
        9.092992,
        47.132614,
        427.5
      ],
      [
        9.093019,
        47.13273,
        427.75
      ],
      [
        9.093045,
        47.13279,
        428.0
      ],
      [
        9.093114,
        47.132909,
        427.5
      ],
      [
        9.093144,
        47.132951,
        427.5
      ],
      [
        9.093186,
        47.132997,
        427.25
      ],
      [
        9.093224,
        47.133035,
        427.25
      ],
      [
        9.093323,
        47.133124,
        427.25
      ],
      [
        9.093626,
        47.133291,
        426.75
      ],
      [
        9.093815,
        47.133374,
        427.0
      ],
      [
        9.093975,
        47.133435,
        427.25
      ],
      [
        9.094449,
        47.133595,
        426.75
      ],
      [
        9.094604,
        47.133647,
        426.5
      ],
      [
        9.094806,
        47.13371,
        426.0
      ],
      [
        9.095232,
        47.133828,
        424.75
      ],
      [
        9.096103,
        47.134077,
        422.0
      ],
      [
        9.096551,
        47.134201,
        422.0
      ],
      [
        9.096753,
        47.134257,
        421.75
      ],
      [
        9.096851,
        47.134283,
        421.75
      ],
      [
        9.097146,
        47.13436,
        421.75
      ],
      [
        9.097391,
        47.134437,
        421.75
      ],
      [
        9.097521,
        47.134493,
        422.5
      ],
      [
        9.097391,
        47.134437,
        421.75
      ],
      [
        9.097146,
        47.13436,
        421.75
      ],
      [
        9.096851,
        47.134283,
        421.75
      ],
      [
        9.096753,
        47.134257,
        421.75
      ],
      [
        9.096551,
        47.134201,
        422.0
      ],
      [
        9.096103,
        47.134077,
        422.0
      ],
      [
        9.095232,
        47.133828,
        424.75
      ],
      [
        9.094806,
        47.13371,
        426.0
      ],
      [
        9.094604,
        47.133647,
        426.5
      ],
      [
        9.094449,
        47.133595,
        426.75
      ],
      [
        9.093975,
        47.133435,
        427.25
      ],
      [
        9.093815,
        47.133374,
        427.0
      ],
      [
        9.093626,
        47.133291,
        426.75
      ],
      [
        9.093323,
        47.133124,
        427.25
      ],
      [
        9.093062,
        47.133052,
        427.75
      ],
      [
        9.092943,
        47.133019,
        428.0
      ],
      [
        9.092484,
        47.132954,
        427.25
      ],
      [
        9.092414,
        47.13295,
        427.25
      ],
      [
        9.091912,
        47.13292,
        426.5
      ],
      [
        9.091464,
        47.132887,
        426.0
      ],
      [
        9.090651,
        47.132832,
        425.0
      ],
      [
        9.090571,
        47.132826,
        425.0
      ],
      [
        9.090356,
        47.132812,
        425.0
      ],
      [
        9.090003,
        47.132789,
        424.0
      ],
      [
        9.089834,
        47.132771,
        423.75
      ],
      [
        9.089754,
        47.132761,
        423.75
      ],
      [
        9.089496,
        47.132737,
        423.5
      ],
      [
        9.089121,
        47.132729,
        423.75
      ],
      [
        9.08909,
        47.132728,
        423.75
      ],
      [
        9.088474,
        47.132689,
        423.0
      ],
      [
        9.08757,
        47.132624,
        423.75
      ],
      [
        9.087452,
        47.132615,
        424.0
      ],
      [
        9.086259,
        47.132491,
        424.0
      ],
      [
        9.08611,
        47.132472,
        424.0
      ],
      [
        9.086045,
        47.132465,
        424.0
      ],
      [
        9.086167,
        47.131825,
        425.0
      ],
      [
        9.086223,
        47.13147,
        422.75
      ],
      [
        9.086025,
        47.131453,
        422.75
      ],
      [
        9.085577,
        47.131409,
        423.75
      ],
      [
        9.085179,
        47.131349,
        423.0
      ],
      [
        9.083777,
        47.131226,
        421.5
      ],
      [
        9.083492,
        47.131293,
        422.25
      ],
      [
        9.080217,
        47.131019,
        420.25
      ],
      [
        9.079161,
        47.130936,
        420.75
      ],
      [
        9.078885,
        47.130915,
        421.25
      ],
      [
        9.074773,
        47.130565,
        422.0
      ],
      [
        9.072866,
        47.13041,
        422.25
      ],
      [
        9.072233,
        47.130262,
        422.5
      ],
      [
        9.071642,
        47.130215,
        422.0
      ],
      [
        9.071393,
        47.13021,
        422.75
      ],
      [
        9.071114,
        47.130214,
        422.75
      ],
      [
        9.070971,
        47.130201,
        423.25
      ],
      [
        9.070679,
        47.13014,
        422.75
      ],
      [
        9.070509,
        47.130122,
        422.25
      ],
      [
        9.069999,
        47.130123,
        421.0
      ],
      [
        9.06994,
        47.130137,
        421.0
      ],
      [
        9.069892,
        47.130162,
        421.0
      ],
      [
        9.06979,
        47.130257,
        421.5
      ],
      [
        9.069717,
        47.130308,
        421.5
      ],
      [
        9.069669,
        47.130325,
        421.75
      ],
      [
        9.069611,
        47.130333,
        422.0
      ],
      [
        9.069238,
        47.130332,
        422.75
      ],
      [
        9.068709,
        47.130349,
        423.0
      ],
      [
        9.068636,
        47.130333,
        423.25
      ],
      [
        9.068515,
        47.130242,
        422.75
      ],
      [
        9.068477,
        47.130224,
        422.5
      ],
      [
        9.068434,
        47.130215,
        422.5
      ],
      [
        9.06834,
        47.13022,
        422.75
      ],
      [
        9.068039,
        47.130302,
        423.0
      ],
      [
        9.067786,
        47.130385,
        421.5
      ],
      [
        9.067557,
        47.130481,
        422.5
      ],
      [
        9.066733,
        47.130888,
        421.25
      ],
      [
        9.066609,
        47.13096,
        421.0
      ],
      [
        9.066496,
        47.131042,
        421.5
      ],
      [
        9.066152,
        47.131328,
        422.0
      ],
      [
        9.065908,
        47.131525,
        421.5
      ],
      [
        9.065855,
        47.131546,
        421.25
      ],
      [
        9.065707,
        47.13159,
        420.5
      ],
      [
        9.065649,
        47.131624,
        420.0
      ],
      [
        9.065578,
        47.131694,
        419.75
      ],
      [
        9.065551,
        47.131732,
        420.25
      ],
      [
        9.06553,
        47.131808,
        421.75
      ],
      [
        9.065521,
        47.131883,
        423.0
      ],
      [
        9.065476,
        47.132002,
        423.25
      ],
      [
        9.065327,
        47.132234,
        422.5
      ],
      [
        9.065154,
        47.132452,
        422.75
      ],
      [
        9.064719,
        47.132958,
        423.5
      ],
      [
        9.064609,
        47.133054,
        423.25
      ],
      [
        9.064477,
        47.133159,
        422.75
      ],
      [
        9.063586,
        47.133754,
        422.25
      ],
      [
        9.062185,
        47.134626,
        423.0
      ],
      [
        9.059606,
        47.136124,
        423.25
      ],
      [
        9.059648,
        47.136159,
        424.0
      ],
      [
        9.059843,
        47.136047,
        423.75
      ],
      [
        9.059648,
        47.136159,
        424.0
      ],
      [
        9.059606,
        47.136124,
        423.25
      ],
      [
        9.05896,
        47.136488,
        422.25
      ],
      [
        9.057657,
        47.137221,
        423.5
      ],
      [
        9.0566,
        47.137843,
        423.0
      ],
      [
        9.056469,
        47.137914,
        421.75
      ],
      [
        9.055635,
        47.13839,
        421.0
      ],
      [
        9.05519,
        47.138622,
        421.0
      ],
      [
        9.054752,
        47.138831,
        421.25
      ],
      [
        9.054501,
        47.139031,
        421.0
      ],
      [
        9.054225,
        47.139218,
        420.0
      ],
      [
        9.054193,
        47.139229,
        419.75
      ],
      [
        9.053956,
        47.139289,
        419.5
      ],
      [
        9.0538,
        47.13943,
        420.25
      ],
      [
        9.053815,
        47.139499,
        421.0
      ],
      [
        9.053815,
        47.139517,
        421.25
      ],
      [
        9.053791,
        47.139544,
        421.25
      ],
      [
        9.053506,
        47.139772,
        421.0
      ],
      [
        9.053184,
        47.140048,
        421.25
      ],
      [
        9.052548,
        47.14054,
        422.0
      ],
      [
        9.052155,
        47.14087,
        421.75
      ],
      [
        9.051889,
        47.141063,
        421.25
      ],
      [
        9.051342,
        47.141506,
        420.5
      ],
      [
        9.047634,
        47.144172,
        420.25
      ],
      [
        9.046754,
        47.144819,
        420.0
      ],
      [
        9.046886,
        47.144914,
        421.0
      ],
      [
        9.047256,
        47.145257,
        421.0
      ],
      [
        9.048203,
        47.146244,
        420.25
      ],
      [
        9.048581,
        47.146302,
        420.75
      ],
      [
        9.04865,
        47.146308,
        421.0
      ],
      [
        9.048768,
        47.14632,
        421.0
      ],
      [
        9.048931,
        47.146321,
        421.0
      ],
      [
        9.049074,
        47.146308,
        421.5
      ],
      [
        9.049314,
        47.146259,
        421.5
      ],
      [
        9.049742,
        47.146147,
        421.75
      ],
      [
        9.049911,
        47.146103,
        422.0
      ],
      [
        9.050036,
        47.146081,
        422.0
      ],
      [
        9.050172,
        47.146094,
        422.0
      ],
      [
        9.050147,
        47.14619,
        422.0
      ],
      [
        9.050003,
        47.146593,
        422.75
      ],
      [
        9.049984,
        47.146742,
        423.0
      ],
      [
        9.050007,
        47.146922,
        423.0
      ],
      [
        9.050027,
        47.146999,
        423.0
      ],
      [
        9.05009,
        47.147206,
        423.25
      ],
      [
        9.050133,
        47.147408,
        423.75
      ],
      [
        9.050156,
        47.147602,
        423.75
      ],
      [
        9.05018,
        47.147714,
        423.75
      ],
      [
        9.05021,
        47.147824,
        423.75
      ],
      [
        9.050419,
        47.148323,
        423.0
      ],
      [
        9.050445,
        47.148476,
        422.75
      ],
      [
        9.050449,
        47.148586,
        422.5
      ],
      [
        9.050445,
        47.14864,
        422.5
      ],
      [
        9.050429,
        47.148773,
        422.5
      ],
      [
        9.050423,
        47.148827,
        422.5
      ],
      [
        9.050417,
        47.148954,
        422.5
      ],
      [
        9.05042,
        47.149062,
        422.5
      ],
      [
        9.050434,
        47.149175,
        422.5
      ],
      [
        9.050509,
        47.149533,
        422.5
      ],
      [
        9.05052,
        47.149635,
        422.5
      ],
      [
        9.050516,
        47.149725,
        422.5
      ],
      [
        9.050484,
        47.14993,
        423.25
      ],
      [
        9.050379,
        47.150172,
        423.25
      ],
      [
        9.050303,
        47.15029,
        423.0
      ],
      [
        9.050127,
        47.150504,
        423.5
      ],
      [
        9.049903,
        47.150766,
        423.75
      ],
      [
        9.049828,
        47.150868,
        423.75
      ],
      [
        9.049755,
        47.150969,
        423.0
      ],
      [
        9.049666,
        47.151127,
        422.75
      ],
      [
        9.049586,
        47.151289,
        422.75
      ],
      [
        9.049367,
        47.151803,
        421.75
      ],
      [
        9.049285,
        47.151949,
        422.0
      ],
      [
        9.049248,
        47.152011,
        422.0
      ],
      [
        9.048993,
        47.152426,
        422.5
      ],
      [
        9.048931,
        47.152545,
        423.0
      ],
      [
        9.048846,
        47.152811,
        423.0
      ],
      [
        9.048698,
        47.153514,
        423.25
      ],
      [
        9.048687,
        47.153559,
        423.25
      ],
      [
        9.048678,
        47.153626,
        423.0
      ],
      [
        9.048668,
        47.153781,
        422.5
      ],
      [
        9.048709,
        47.154063,
        422.25
      ],
      [
        9.04871,
        47.154114,
        422.25
      ],
      [
        9.048686,
        47.154247,
        422.25
      ],
      [
        9.048676,
        47.154286,
        422.25
      ],
      [
        9.048573,
        47.15447,
        422.0
      ],
      [
        9.048447,
        47.154615,
        422.5
      ],
      [
        9.048267,
        47.154788,
        423.0
      ],
      [
        9.04809,
        47.15494,
        423.0
      ],
      [
        9.048045,
        47.154976,
        423.0
      ],
      [
        9.048105,
        47.155017,
        423.0
      ],
      [
        9.048152,
        47.155064,
        423.0
      ],
      [
        9.048268,
        47.155241,
        423.75
      ],
      [
        9.048303,
        47.155304,
        424.0
      ],
      [
        9.048431,
        47.155536,
        425.25
      ],
      [
        9.048528,
        47.155741,
        425.75
      ],
      [
        9.048542,
        47.155774,
        425.75
      ],
      [
        9.048601,
        47.15591,
        426.0
      ],
      [
        9.048706,
        47.156031,
        426.0
      ],
      [
        9.048801,
        47.156109,
        426.0
      ],
      [
        9.048861,
        47.156147,
        426.0
      ],
      [
        9.049686,
        47.156522,
        427.25
      ],
      [
        9.049786,
        47.156596,
        427.75
      ],
      [
        9.049813,
        47.156643,
        428.0
      ],
      [
        9.049844,
        47.156697,
        428.25
      ],
      [
        9.04986,
        47.156755,
        428.25
      ],
      [
        9.049844,
        47.15683,
        428.25
      ],
      [
        9.049811,
        47.156874,
        428.25
      ],
      [
        9.048984,
        47.157731,
        426.25
      ],
      [
        9.048641,
        47.158044,
        426.0
      ],
      [
        9.048515,
        47.158117,
        425.75
      ],
      [
        9.0479,
        47.158408,
        424.25
      ],
      [
        9.047379,
        47.158685,
        423.5
      ],
      [
        9.047231,
        47.158761,
        423.25
      ],
      [
        9.047155,
        47.158802,
        423.0
      ],
      [
        9.047071,
        47.158826,
        423.0
      ],
      [
        9.046987,
        47.158869,
        423.0
      ],
      [
        9.046592,
        47.15911,
        423.0
      ],
      [
        9.046385,
        47.159238,
        423.0
      ],
      [
        9.046179,
        47.159344,
        423.25
      ],
      [
        9.046064,
        47.159418,
        423.0
      ],
      [
        9.045934,
        47.15946,
        423.0
      ],
      [
        9.045891,
        47.159474,
        423.0
      ],
      [
        9.045902,
        47.159509,
        423.0
      ],
      [
        9.045921,
        47.159586,
        423.0
      ],
      [
        9.045932,
        47.159647,
        423.0
      ],
      [
        9.045949,
        47.159823,
        422.25
      ],
      [
        9.045997,
        47.160051,
        421.0
      ],
      [
        9.045997,
        47.160119,
        420.5
      ],
      [
        9.045991,
        47.160178,
        420.0
      ],
      [
        9.045986,
        47.160234,
        419.75
      ],
      [
        9.045975,
        47.160375,
        419.0
      ],
      [
        9.045982,
        47.160407,
        419.0
      ],
      [
        9.045866,
        47.16043,
        418.75
      ],
      [
        9.045763,
        47.160488,
        418.25
      ],
      [
        9.045528,
        47.160576,
        417.75
      ],
      [
        9.045167,
        47.16071,
        417.25
      ],
      [
        9.044925,
        47.1608,
        417.0
      ],
      [
        9.044876,
        47.160824,
        417.0
      ],
      [
        9.044753,
        47.160896,
        416.75
      ],
      [
        9.04455,
        47.161056,
        416.5
      ],
      [
        9.04442,
        47.161159,
        416.5
      ],
      [
        9.043915,
        47.161491,
        415.5
      ],
      [
        9.043942,
        47.161602,
        415.0
      ],
      [
        9.044134,
        47.161925,
        415.0
      ],
      [
        9.044201,
        47.162008,
        415.0
      ],
      [
        9.044261,
        47.162051,
        415.0
      ],
      [
        9.044373,
        47.162096,
        415.25
      ],
      [
        9.044496,
        47.162112,
        415.5
      ],
      [
        9.044857,
        47.162127,
        416.0
      ],
      [
        9.044986,
        47.162138,
        416.0
      ],
      [
        9.04502,
        47.162251,
        416.0
      ],
      [
        9.044984,
        47.162376,
        415.75
      ],
      [
        9.044633,
        47.162991,
        415.5
      ],
      [
        9.044579,
        47.163056,
        415.25
      ],
      [
        9.044065,
        47.163552,
        414.0
      ],
      [
        9.043983,
        47.163655,
        413.75
      ],
      [
        9.043916,
        47.163777,
        413.25
      ],
      [
        9.044006,
        47.163884,
        413.0
      ],
      [
        9.044417,
        47.164228,
        412.75
      ],
      [
        9.044465,
        47.164265,
        413.0
      ],
      [
        9.044546,
        47.164331,
        413.0
      ],
      [
        9.044596,
        47.164372,
        413.0
      ],
      [
        9.045428,
        47.165058,
        413.75
      ],
      [
        9.049464,
        47.16845,
        415.25
      ],
      [
        9.049578,
        47.168575,
        415.75
      ],
      [
        9.049715,
        47.168799,
        416.5
      ],
      [
        9.050232,
        47.17026,
        417.0
      ],
      [
        9.050269,
        47.170366,
        416.75
      ],
      [
        9.050283,
        47.170405,
        417.0
      ],
      [
        9.050293,
        47.170439,
        417.0
      ],
      [
        9.050519,
        47.171172,
        417.0
      ],
      [
        9.050516,
        47.171233,
        417.0
      ],
      [
        9.05049,
        47.171318,
        417.0
      ],
      [
        9.049659,
        47.172604,
        416.75
      ],
      [
        9.049317,
        47.173138,
        417.25
      ],
      [
        9.048796,
        47.173944,
        417.5
      ],
      [
        9.048756,
        47.174012,
        417.5
      ],
      [
        9.047759,
        47.175548,
        419.75
      ],
      [
        9.047533,
        47.175917,
        420.25
      ],
      [
        9.047171,
        47.176462,
        421.5
      ],
      [
        9.047093,
        47.17658,
        421.25
      ],
      [
        9.046865,
        47.176956,
        422.5
      ],
      [
        9.046347,
        47.177562,
        421.0
      ],
      [
        9.045839,
        47.178152,
        422.0
      ],
      [
        9.044459,
        47.179759,
        421.0
      ],
      [
        9.042491,
        47.181706,
        419.75
      ],
      [
        9.040294,
        47.183362,
        417.0
      ],
      [
        9.039479,
        47.183977,
        417.25
      ],
      [
        9.039462,
        47.18399,
        417.25
      ],
      [
        9.039367,
        47.184061,
        417.5
      ],
      [
        9.03934,
        47.184077,
        417.5
      ],
      [
        9.038566,
        47.184679,
        417.0
      ],
      [
        9.0383,
        47.18491,
        417.5
      ],
      [
        9.038066,
        47.185176,
        418.0
      ],
      [
        9.037787,
        47.185601,
        418.75
      ],
      [
        9.037277,
        47.186472,
        417.0
      ],
      [
        9.035283,
        47.189682,
        416.0
      ],
      [
        9.035164,
        47.189911,
        415.75
      ],
      [
        9.03512,
        47.190031,
        416.0
      ],
      [
        9.034651,
        47.191461,
        416.75
      ],
      [
        9.034025,
        47.193395,
        417.5
      ],
      [
        9.033963,
        47.193446,
        417.5
      ],
      [
        9.033894,
        47.193467,
        417.25
      ],
      [
        9.033825,
        47.19349,
        417.5
      ],
      [
        9.033222,
        47.193696,
        418.25
      ],
      [
        9.032907,
        47.193837,
        418.75
      ],
      [
        9.031795,
        47.195901,
        420.0
      ],
      [
        9.030612,
        47.198095,
        420.75
      ],
      [
        9.030548,
        47.198189,
        420.75
      ],
      [
        9.028789,
        47.199492,
        422.0
      ],
      [
        9.027431,
        47.200483,
        423.0
      ],
      [
        9.026257,
        47.201622,
        423.75
      ],
      [
        9.025692,
        47.202171,
        424.25
      ],
      [
        9.025407,
        47.202472,
        424.75
      ],
      [
        9.022912,
        47.201986,
        422.5
      ],
      [
        9.022328,
        47.201918,
        422.75
      ],
      [
        9.021914,
        47.201905,
        421.75
      ],
      [
        9.020825,
        47.201872,
        421.5
      ],
      [
        9.020372,
        47.201837,
        421.5
      ],
      [
        9.019993,
        47.201797,
        421.75
      ],
      [
        9.019928,
        47.201769,
        421.5
      ],
      [
        9.019905,
        47.201697,
        421.5
      ],
      [
        9.019683,
        47.201721,
        421.0
      ],
      [
        9.01936,
        47.201742,
        421.25
      ],
      [
        9.018819,
        47.201762,
        420.0
      ],
      [
        9.017783,
        47.20175,
        419.5
      ],
      [
        9.015609,
        47.201736,
        417.75
      ],
      [
        9.015321,
        47.201707,
        417.75
      ],
      [
        9.015129,
        47.201629,
        419.25
      ],
      [
        9.014786,
        47.201531,
        423.25
      ],
      [
        9.014246,
        47.201462,
        419.75
      ],
      [
        9.013938,
        47.201441,
        418.75
      ],
      [
        9.013761,
        47.201466,
        419.75
      ],
      [
        9.013435,
        47.201562,
        421.75
      ],
      [
        9.012532,
        47.201888,
        422.0
      ],
      [
        9.01159,
        47.202228,
        417.25
      ],
      [
        9.010849,
        47.202594,
        415.75
      ],
      [
        9.009898,
        47.203068,
        415.0
      ],
      [
        9.0094,
        47.203235,
        415.0
      ],
      [
        9.009147,
        47.203344,
        414.75
      ],
      [
        9.008997,
        47.203279,
        415.0
      ],
      [
        9.008921,
        47.203312,
        415.0
      ],
      [
        9.008711,
        47.203461,
        414.5
      ],
      [
        9.008598,
        47.203578,
        414.0
      ],
      [
        9.0083,
        47.203969,
        414.0
      ],
      [
        9.008182,
        47.20414,
        414.0
      ],
      [
        9.007878,
        47.204404,
        414.0
      ],
      [
        9.007782,
        47.204447,
        414.0
      ],
      [
        9.007708,
        47.204458,
        414.0
      ],
      [
        9.007709,
        47.204497,
        413.75
      ],
      [
        9.007692,
        47.204553,
        414.0
      ],
      [
        9.007661,
        47.204603,
        414.0
      ],
      [
        9.007201,
        47.205019,
        414.0
      ],
      [
        9.006841,
        47.205324,
        414.0
      ],
      [
        9.006188,
        47.205885,
        413.0
      ],
      [
        9.005409,
        47.206519,
        413.0
      ],
      [
        9.003907,
        47.207599,
        411.75
      ],
      [
        9.000133,
        47.21029,
        409.0
      ],
      [
        8.99283,
        47.215509,
        408.0
      ],
      [
        8.99124,
        47.216631,
        408.0
      ],
      [
        8.989176,
        47.218112,
        407.75
      ],
      [
        8.986046,
        47.220375,
        407.5
      ],
      [
        8.985851,
        47.2205,
        407.75
      ],
      [
        8.985527,
        47.220734,
        407.5
      ],
      [
        8.985052,
        47.221095,
        407.75
      ],
      [
        8.983596,
        47.222113,
        408.0
      ],
      [
        8.983153,
        47.222453,
        408.0
      ],
      [
        8.9827,
        47.222746,
        408.0
      ],
      [
        8.982343,
        47.223007,
        408.75
      ],
      [
        8.982329,
        47.223057,
        409.0
      ],
      [
        8.982374,
        47.223163,
        408.75
      ],
      [
        8.982371,
        47.223203,
        408.75
      ],
      [
        8.982306,
        47.223273,
        409.25
      ],
      [
        8.982376,
        47.223309,
        408.75
      ],
      [
        8.982401,
        47.223323,
        408.5
      ],
      [
        8.982696,
        47.223481,
        409.0
      ],
      [
        8.982841,
        47.223571,
        410.25
      ],
      [
        8.982858,
        47.223582,
        410.5
      ],
      [
        8.98291,
        47.223614,
        411.0
      ],
      [
        8.982921,
        47.223673,
        411.0
      ],
      [
        8.982973,
        47.223702,
        411.0
      ],
      [
        8.983156,
        47.223799,
        411.0
      ],
      [
        8.983231,
        47.223832,
        411.0
      ],
      [
        8.98338,
        47.223894,
        411.0
      ],
      [
        8.983542,
        47.223978,
        411.0
      ],
      [
        8.983786,
        47.224107,
        412.75
      ],
      [
        8.984067,
        47.224265,
        415.25
      ],
      [
        8.984132,
        47.224306,
        415.75
      ],
      [
        8.984142,
        47.224317,
        415.75
      ],
      [
        8.98416,
        47.224385,
        416.5
      ],
      [
        8.984246,
        47.224388,
        417.0
      ],
      [
        8.984309,
        47.224403,
        417.5
      ],
      [
        8.984475,
        47.224449,
        419.0
      ],
      [
        8.984516,
        47.224461,
        419.25
      ],
      [
        8.984657,
        47.224517,
        419.75
      ],
      [
        8.984689,
        47.224537,
        420.0
      ],
      [
        8.984743,
        47.224545,
        420.5
      ],
      [
        8.984762,
        47.224566,
        420.75
      ],
      [
        8.9849,
        47.22472,
        421.5
      ],
      [
        8.984937,
        47.224759,
        421.5
      ],
      [
        8.98501,
        47.224837,
        422.0
      ],
      [
        8.985089,
        47.224885,
        422.25
      ],
      [
        8.985304,
        47.224977,
        423.0
      ],
      [
        8.9854,
        47.225018,
        423.25
      ],
      [
        8.985513,
        47.225054,
        423.5
      ],
      [
        8.985569,
        47.225071,
        424.0
      ],
      [
        8.985513,
        47.225054,
        423.5
      ],
      [
        8.9854,
        47.225018,
        423.25
      ],
      [
        8.985304,
        47.224977,
        423.0
      ],
      [
        8.985089,
        47.224885,
        422.25
      ],
      [
        8.98501,
        47.224837,
        422.0
      ],
      [
        8.984937,
        47.224759,
        421.5
      ],
      [
        8.9849,
        47.22472,
        421.5
      ],
      [
        8.984762,
        47.224566,
        420.75
      ],
      [
        8.984743,
        47.224545,
        420.5
      ],
      [
        8.984689,
        47.224537,
        420.0
      ],
      [
        8.984657,
        47.224517,
        419.75
      ],
      [
        8.984516,
        47.224461,
        419.25
      ],
      [
        8.984475,
        47.224449,
        419.0
      ],
      [
        8.984309,
        47.224403,
        417.5
      ],
      [
        8.984246,
        47.224388,
        417.0
      ],
      [
        8.98416,
        47.224385,
        416.5
      ],
      [
        8.984092,
        47.224331,
        415.75
      ],
      [
        8.984067,
        47.224265,
        415.25
      ],
      [
        8.983786,
        47.224107,
        412.75
      ],
      [
        8.983542,
        47.223978,
        411.0
      ],
      [
        8.98338,
        47.223894,
        411.0
      ],
      [
        8.983231,
        47.223832,
        411.0
      ],
      [
        8.983156,
        47.223799,
        411.0
      ],
      [
        8.982973,
        47.223702,
        411.0
      ],
      [
        8.982921,
        47.223673,
        411.0
      ],
      [
        8.98291,
        47.223614,
        411.0
      ],
      [
        8.982858,
        47.223582,
        410.5
      ],
      [
        8.982841,
        47.223571,
        410.25
      ],
      [
        8.982696,
        47.223481,
        409.0
      ],
      [
        8.982401,
        47.223323,
        408.5
      ],
      [
        8.982376,
        47.223309,
        408.75
      ],
      [
        8.982306,
        47.223273,
        409.25
      ],
      [
        8.982069,
        47.223148,
        409.25
      ],
      [
        8.980763,
        47.222464,
        408.5
      ],
      [
        8.979878,
        47.221997,
        408.0
      ],
      [
        8.979487,
        47.221778,
        407.5
      ],
      [
        8.979338,
        47.221697,
        408.0
      ],
      [
        8.979236,
        47.221626,
        408.5
      ],
      [
        8.97908,
        47.221507,
        408.0
      ],
      [
        8.97883,
        47.221384,
        408.0
      ],
      [
        8.978707,
        47.221336,
        408.25
      ],
      [
        8.977899,
        47.220906,
        407.25
      ],
      [
        8.976016,
        47.219913,
        407.25
      ],
      [
        8.974773,
        47.219249,
        406.5
      ],
      [
        8.973389,
        47.218516,
        407.5
      ],
      [
        8.97234,
        47.217962,
        408.0
      ],
      [
        8.972151,
        47.21786,
        408.25
      ],
      [
        8.972092,
        47.217907,
        407.75
      ],
      [
        8.972047,
        47.21794,
        407.25
      ],
      [
        8.972009,
        47.21792,
        407.5
      ],
      [
        8.971982,
        47.217915,
        407.5
      ],
      [
        8.97196,
        47.217915,
        407.5
      ],
      [
        8.971916,
        47.217933,
        407.25
      ],
      [
        8.971699,
        47.218084,
        407.75
      ],
      [
        8.971615,
        47.218121,
        407.75
      ],
      [
        8.970874,
        47.218645,
        408.0
      ],
      [
        8.970789,
        47.218699,
        407.75
      ],
      [
        8.970579,
        47.218839,
        407.75
      ],
      [
        8.970418,
        47.218928,
        408.0
      ],
      [
        8.970113,
        47.219074,
        407.25
      ],
      [
        8.970008,
        47.219099,
        407.0
      ],
      [
        8.969735,
        47.219212,
        407.75
      ],
      [
        8.969699,
        47.219222,
        407.75
      ],
      [
        8.967706,
        47.220027,
        407.75
      ],
      [
        8.967379,
        47.220106,
        407.75
      ],
      [
        8.967245,
        47.220111,
        407.75
      ],
      [
        8.967115,
        47.220105,
        408.0
      ],
      [
        8.967077,
        47.220069,
        408.0
      ],
      [
        8.965851,
        47.220048,
        408.0
      ],
      [
        8.964904,
        47.220035,
        408.0
      ],
      [
        8.962871,
        47.219997,
        411.5
      ],
      [
        8.962344,
        47.219987,
        412.0
      ],
      [
        8.962183,
        47.219984,
        408.75
      ],
      [
        8.961755,
        47.219974,
        408.75
      ],
      [
        8.96052,
        47.219952,
        409.0
      ],
      [
        8.959173,
        47.219977,
        408.75
      ],
      [
        8.955821,
        47.220107,
        408.25
      ],
      [
        8.955798,
        47.220189,
        408.5
      ],
      [
        8.955703,
        47.220834,
        409.25
      ],
      [
        8.955642,
        47.221127,
        410.0
      ],
      [
        8.955564,
        47.221304,
        410.0
      ],
      [
        8.955277,
        47.221836,
        410.25
      ],
      [
        8.955241,
        47.221891,
        410.0
      ],
      [
        8.955148,
        47.222041,
        410.5
      ],
      [
        8.955131,
        47.222067,
        410.75
      ],
      [
        8.955062,
        47.222191,
        411.75
      ],
      [
        8.95496,
        47.222355,
        411.0
      ],
      [
        8.954642,
        47.222348,
        410.75
      ],
      [
        8.954519,
        47.22237,
        410.5
      ],
      [
        8.954346,
        47.222414,
        410.5
      ],
      [
        8.953087,
        47.222925,
        410.0
      ],
      [
        8.952084,
        47.223329,
        409.0
      ],
      [
        8.951721,
        47.223475,
        408.5
      ],
      [
        8.950315,
        47.22403,
        408.0
      ],
      [
        8.949873,
        47.224206,
        408.0
      ],
      [
        8.949456,
        47.224379,
        408.0
      ],
      [
        8.949415,
        47.224396,
        408.0
      ],
      [
        8.949251,
        47.224461,
        407.75
      ],
      [
        8.94896,
        47.224578,
        407.75
      ],
      [
        8.948669,
        47.224703,
        408.5
      ],
      [
        8.948597,
        47.22466,
        408.5
      ],
      [
        8.948496,
        47.224631,
        408.25
      ],
      [
        8.948431,
        47.224624,
        408.0
      ],
      [
        8.948364,
        47.224625,
        408.0
      ],
      [
        8.947912,
        47.224666,
        407.75
      ],
      [
        8.94771,
        47.224685,
        407.75
      ],
      [
        8.946578,
        47.224785,
        407.0
      ],
      [
        8.946528,
        47.22479,
        407.0
      ],
      [
        8.946269,
        47.224818,
        407.25
      ],
      [
        8.945964,
        47.22488,
        407.25
      ],
      [
        8.94413,
        47.224898,
        407.25
      ],
      [
        8.943376,
        47.224906,
        407.25
      ],
      [
        8.94315,
        47.224885,
        407.0
      ],
      [
        8.94312,
        47.224883,
        407.0
      ],
      [
        8.943095,
        47.224883,
        407.0
      ],
      [
        8.943071,
        47.224885,
        407.0
      ],
      [
        8.942485,
        47.224962,
        407.5
      ],
      [
        8.942417,
        47.224967,
        407.75
      ],
      [
        8.941442,
        47.224977,
        407.75
      ],
      [
        8.94059,
        47.224986,
        407.0
      ],
      [
        8.94028,
        47.224995,
        408.75
      ],
      [
        8.939697,
        47.225018,
        407.75
      ],
      [
        8.939462,
        47.225048,
        407.0
      ],
      [
        8.938387,
        47.225234,
        407.5
      ],
      [
        8.937481,
        47.225402,
        407.25
      ],
      [
        8.93703,
        47.225472,
        407.75
      ],
      [
        8.936456,
        47.225546,
        407.0
      ],
      [
        8.93601,
        47.225597,
        407.0
      ],
      [
        8.935664,
        47.22563,
        407.0
      ],
      [
        8.935236,
        47.225649,
        407.5
      ],
      [
        8.934549,
        47.225674,
        407.25
      ],
      [
        8.933782,
        47.225713,
        407.5
      ],
      [
        8.929256,
        47.225971,
        407.75
      ],
      [
        8.928352,
        47.226009,
        407.25
      ],
      [
        8.927509,
        47.226017,
        407.25
      ],
      [
        8.925046,
        47.226016,
        408.5
      ],
      [
        8.924337,
        47.226019,
        408.5
      ],
      [
        8.924013,
        47.226013,
        408.25
      ],
      [
        8.923706,
        47.226007,
        408.25
      ],
      [
        8.919367,
        47.226001,
        406.75
      ],
      [
        8.919072,
        47.226,
        406.75
      ],
      [
        8.91862,
        47.225986,
        406.5
      ],
      [
        8.918202,
        47.225959,
        406.75
      ],
      [
        8.917639,
        47.225905,
        407.0
      ],
      [
        8.917087,
        47.225844,
        408.0
      ],
      [
        8.916622,
        47.225763,
        408.5
      ],
      [
        8.9162,
        47.225681,
        408.25
      ],
      [
        8.915819,
        47.225602,
        409.0
      ],
      [
        8.915409,
        47.225507,
        408.75
      ],
      [
        8.915073,
        47.225425,
        409.25
      ],
      [
        8.914754,
        47.225338,
        409.75
      ],
      [
        8.914359,
        47.225213,
        410.5
      ],
      [
        8.913889,
        47.22504,
        412.5
      ],
      [
        8.91357,
        47.224925,
        411.75
      ],
      [
        8.913427,
        47.224847,
        412.5
      ],
      [
        8.913285,
        47.224713,
        413.75
      ],
      [
        8.913225,
        47.22468,
        413.25
      ],
      [
        8.91315,
        47.22467,
        413.0
      ],
      [
        8.913095,
        47.224674,
        412.75
      ],
      [
        8.913031,
        47.224639,
        412.25
      ],
      [
        8.912592,
        47.224535,
        410.5
      ],
      [
        8.912203,
        47.224413,
        409.75
      ],
      [
        8.911749,
        47.224239,
        409.5
      ],
      [
        8.910305,
        47.223666,
        409.75
      ],
      [
        8.908782,
        47.223072,
        408.5
      ],
      [
        8.908369,
        47.222906,
        408.25
      ],
      [
        8.908142,
        47.222805,
        407.75
      ],
      [
        8.907354,
        47.222489,
        408.25
      ],
      [
        8.906798,
        47.222288,
        408.0
      ],
      [
        8.906071,
        47.222069,
        411.0
      ],
      [
        8.90561,
        47.221938,
        410.75
      ],
      [
        8.904531,
        47.221651,
        412.5
      ],
      [
        8.904246,
        47.221591,
        412.5
      ],
      [
        8.903874,
        47.221523,
        413.5
      ],
      [
        8.903499,
        47.221467,
        414.0
      ],
      [
        8.90278,
        47.221386,
        412.75
      ],
      [
        8.899326,
        47.220984,
        410.75
      ],
      [
        8.898706,
        47.220901,
        412.5
      ],
      [
        8.898151,
        47.2208,
        413.0
      ],
      [
        8.898096,
        47.220788,
        413.0
      ],
      [
        8.89806,
        47.220772,
        412.75
      ],
      [
        8.898021,
        47.220732,
        412.0
      ],
      [
        8.897982,
        47.220614,
        410.25
      ],
      [
        8.897934,
        47.220573,
        409.5
      ],
      [
        8.897854,
        47.220535,
        409.25
      ],
      [
        8.897793,
        47.220519,
        409.25
      ],
      [
        8.897582,
        47.220471,
        409.75
      ],
      [
        8.896695,
        47.220337,
        408.25
      ],
      [
        8.896455,
        47.220283,
        407.75
      ],
      [
        8.895952,
        47.220141,
        410.75
      ],
      [
        8.895809,
        47.220096,
        410.5
      ],
      [
        8.895727,
        47.220085,
        410.25
      ],
      [
        8.89569,
        47.220027,
        409.75
      ],
      [
        8.895489,
        47.219841,
        409.25
      ],
      [
        8.895381,
        47.219716,
        408.5
      ],
      [
        8.895192,
        47.21948,
        409.5
      ],
      [
        8.895068,
        47.219326,
        409.25
      ],
      [
        8.894984,
        47.219254,
        409.0
      ],
      [
        8.894933,
        47.219228,
        409.0
      ],
      [
        8.894872,
        47.21921,
        409.25
      ],
      [
        8.894611,
        47.219172,
        410.0
      ],
      [
        8.894238,
        47.219136,
        410.25
      ],
      [
        8.893591,
        47.219077,
        411.25
      ],
      [
        8.89328,
        47.219058,
        411.25
      ],
      [
        8.893257,
        47.219055,
        411.25
      ],
      [
        8.89153,
        47.218891,
        412.5
      ],
      [
        8.890781,
        47.218807,
        412.5
      ],
      [
        8.890679,
        47.218789,
        412.75
      ],
      [
        8.890508,
        47.218743,
        412.5
      ],
      [
        8.89013,
        47.218659,
        410.25
      ],
      [
        8.889883,
        47.218594,
        410.0
      ],
      [
        8.889548,
        47.21852,
        410.5
      ],
      [
        8.889328,
        47.218457,
        409.5
      ],
      [
        8.888937,
        47.218333,
        407.5
      ],
      [
        8.888231,
        47.218141,
        409.5
      ],
      [
        8.887621,
        47.218005,
        411.5
      ],
      [
        8.88683,
        47.217762,
        411.0
      ],
      [
        8.886388,
        47.21759,
        408.75
      ],
      [
        8.886099,
        47.217499,
        408.0
      ],
      [
        8.885452,
        47.217313,
        408.5
      ],
      [
        8.884723,
        47.217135,
        410.5
      ],
      [
        8.883737,
        47.21695,
        410.0
      ],
      [
        8.883347,
        47.216892,
        409.25
      ],
      [
        8.882836,
        47.216833,
        408.75
      ],
      [
        8.882566,
        47.216821,
        408.0
      ],
      [
        8.882066,
        47.216806,
        408.5
      ],
      [
        8.881485,
        47.216822,
        407.75
      ],
      [
        8.880783,
        47.216881,
        408.75
      ],
      [
        8.88034,
        47.216937,
        408.75
      ],
      [
        8.87906,
        47.217157,
        410.0
      ],
      [
        8.878902,
        47.217177,
        410.0
      ],
      [
        8.877098,
        47.217517,
        408.5
      ],
      [
        8.876229,
        47.217712,
        408.5
      ],
      [
        8.875226,
        47.217895,
        407.75
      ],
      [
        8.874998,
        47.217934,
        408.0
      ],
      [
        8.874374,
        47.218039,
        407.75
      ],
      [
        8.873811,
        47.218085,
        408.25
      ],
      [
        8.872907,
        47.218115,
        408.25
      ],
      [
        8.872647,
        47.218156,
        408.5
      ],
      [
        8.872463,
        47.218172,
        408.75
      ],
      [
        8.872134,
        47.218201,
        408.25
      ],
      [
        8.871319,
        47.218311,
        408.5
      ],
      [
        8.870463,
        47.218501,
        407.5
      ],
      [
        8.870341,
        47.218533,
        407.5
      ],
      [
        8.869887,
        47.218686,
        407.5
      ],
      [
        8.869651,
        47.218773,
        407.5
      ],
      [
        8.869114,
        47.218993,
        408.0
      ],
      [
        8.867684,
        47.2197,
        410.75
      ],
      [
        8.865941,
        47.220632,
        411.0
      ],
      [
        8.865749,
        47.22072,
        411.0
      ],
      [
        8.865683,
        47.220761,
        411.0
      ],
      [
        8.865405,
        47.220906,
        410.75
      ],
      [
        8.865049,
        47.221055,
        410.0
      ],
      [
        8.864487,
        47.221274,
        410.0
      ],
      [
        8.86402,
        47.221439,
        409.25
      ],
      [
        8.863611,
        47.221564,
        409.5
      ],
      [
        8.863197,
        47.221682,
        409.25
      ],
      [
        8.862715,
        47.2218,
        408.75
      ],
      [
        8.862272,
        47.221896,
        409.5
      ],
      [
        8.861853,
        47.221971,
        408.5
      ],
      [
        8.86135,
        47.222047,
        407.5
      ],
      [
        8.861131,
        47.222064,
        407.25
      ],
      [
        8.861001,
        47.22206,
        407.25
      ],
      [
        8.860901,
        47.222072,
        407.25
      ],
      [
        8.860845,
        47.222099,
        407.5
      ],
      [
        8.8608,
        47.222116,
        407.75
      ],
      [
        8.860492,
        47.222175,
        408.25
      ],
      [
        8.855694,
        47.222558,
        407.25
      ],
      [
        8.855467,
        47.222563,
        407.0
      ],
      [
        8.855223,
        47.222549,
        407.0
      ],
      [
        8.855004,
        47.222548,
        407.0
      ],
      [
        8.854427,
        47.222578,
        407.75
      ],
      [
        8.852535,
        47.222734,
        408.75
      ],
      [
        8.850708,
        47.222874,
        410.0
      ],
      [
        8.848853,
        47.223036,
        410.75
      ],
      [
        8.848756,
        47.22306,
        410.5
      ],
      [
        8.848679,
        47.223065,
        410.0
      ],
      [
        8.848602,
        47.223066,
        410.0
      ],
      [
        8.848571,
        47.223071,
        410.0
      ],
      [
        8.848557,
        47.223079,
        410.0
      ],
      [
        8.848534,
        47.223092,
        410.25
      ],
      [
        8.848448,
        47.223126,
        410.5
      ],
      [
        8.84838,
        47.223139,
        410.75
      ],
      [
        8.847919,
        47.223192,
        412.0
      ],
      [
        8.84784,
        47.223191,
        412.75
      ],
      [
        8.847784,
        47.223173,
        413.25
      ],
      [
        8.847694,
        47.223127,
        412.25
      ],
      [
        8.847676,
        47.223122,
        412.0
      ],
      [
        8.847405,
        47.223034,
        410.75
      ],
      [
        8.847381,
        47.22303,
        411.0
      ],
      [
        8.84736,
        47.223045,
        411.0
      ],
      [
        8.847312,
        47.223114,
        411.25
      ],
      [
        8.847307,
        47.223119,
        411.5
      ],
      [
        8.847211,
        47.22322,
        412.0
      ],
      [
        8.847171,
        47.223245,
        412.25
      ],
      [
        8.847127,
        47.223253,
        412.25
      ],
      [
        8.847055,
        47.223252,
        412.75
      ],
      [
        8.846999,
        47.223238,
        413.0
      ],
      [
        8.846723,
        47.223268,
        413.5
      ],
      [
        8.844672,
        47.223457,
        412.75
      ],
      [
        8.843273,
        47.223569,
        412.75
      ],
      [
        8.843097,
        47.223581,
        412.5
      ],
      [
        8.842725,
        47.223611,
        413.0
      ],
      [
        8.842502,
        47.223614,
        413.75
      ],
      [
        8.842436,
        47.223619,
        413.75
      ],
      [
        8.842353,
        47.223625,
        413.25
      ],
      [
        8.841247,
        47.223711,
        414.0
      ],
      [
        8.841157,
        47.223718,
        414.0
      ],
      [
        8.840253,
        47.223793,
        414.0
      ],
      [
        8.840129,
        47.223841,
        414.0
      ],
      [
        8.839846,
        47.223867,
        414.0
      ],
      [
        8.838685,
        47.223966,
        413.25
      ],
      [
        8.836223,
        47.224156,
        413.25
      ],
      [
        8.835786,
        47.22419,
        413.75
      ],
      [
        8.835533,
        47.22421,
        413.75
      ],
      [
        8.833448,
        47.224381,
        412.0
      ],
      [
        8.833322,
        47.224385,
        412.0
      ],
      [
        8.833024,
        47.224423,
        412.0
      ],
      [
        8.832804,
        47.224447,
        411.75
      ],
      [
        8.832754,
        47.224437,
        411.75
      ],
      [
        8.830661,
        47.224604,
        410.5
      ],
      [
        8.830371,
        47.224628,
        410.0
      ],
      [
        8.830325,
        47.224612,
        410.0
      ],
      [
        8.830278,
        47.224537,
        410.0
      ],
      [
        8.830027,
        47.224558,
        410.0
      ],
      [
        8.829607,
        47.224597,
        409.5
      ],
      [
        8.82959,
        47.224609,
        409.5
      ],
      [
        8.829183,
        47.224664,
        407.5
      ],
      [
        8.829175,
        47.224665,
        407.5
      ],
      [
        8.829102,
        47.224671,
        408.0
      ],
      [
        8.82902,
        47.224665,
        408.75
      ],
      [
        8.828546,
        47.224725,
        409.0
      ],
      [
        8.828369,
        47.224742,
        409.0
      ],
      [
        8.828129,
        47.224761,
        408.5
      ],
      [
        8.828052,
        47.224754,
        408.0
      ],
      [
        8.827996,
        47.224773,
        408.25
      ],
      [
        8.827101,
        47.224852,
        408.75
      ],
      [
        8.826315,
        47.224906,
        409.0
      ],
      [
        8.826219,
        47.224899,
        408.75
      ],
      [
        8.826132,
        47.224919,
        408.75
      ],
      [
        8.825042,
        47.225008,
        408.0
      ],
      [
        8.823697,
        47.225117,
        408.75
      ],
      [
        8.823681,
        47.225118,
        408.75
      ],
      [
        8.823389,
        47.225142,
        408.5
      ],
      [
        8.82319,
        47.225129,
        408.0
      ],
      [
        8.822454,
        47.224991,
        408.0
      ],
      [
        8.822201,
        47.224922,
        408.25
      ],
      [
        8.822134,
        47.224886,
        408.25
      ],
      [
        8.822057,
        47.224883,
        408.25
      ],
      [
        8.821787,
        47.224805,
        408.25
      ],
      [
        8.821512,
        47.224735,
        408.0
      ],
      [
        8.821319,
        47.224695,
        408.0
      ],
      [
        8.821118,
        47.224662,
        408.0
      ],
      [
        8.820837,
        47.22463,
        408.0
      ],
      [
        8.82074,
        47.224615,
        408.0
      ],
      [
        8.820698,
        47.224631,
        408.0
      ],
      [
        8.820636,
        47.224637,
        408.0
      ],
      [
        8.820074,
        47.224575,
        408.0
      ],
      [
        8.819631,
        47.224527,
        408.0
      ],
      [
        8.81917,
        47.224477,
        408.0
      ],
      [
        8.818712,
        47.224425,
        408.0
      ],
      [
        8.818269,
        47.224376,
        407.75
      ],
      [
        8.818208,
        47.224357,
        407.75
      ],
      [
        8.817425,
        47.224274,
        408.0
      ],
      [
        8.817371,
        47.224255,
        408.0
      ],
      [
        8.817339,
        47.224235,
        408.0
      ],
      [
        8.817284,
        47.224185,
        408.0
      ],
      [
        8.817236,
        47.224189,
        408.0
      ],
      [
        8.816961,
        47.22416,
        407.75
      ],
      [
        8.816881,
        47.224161,
        408.0
      ],
      [
        8.816808,
        47.224169,
        408.0
      ],
      [
        8.816582,
        47.224146,
        408.0
      ],
      [
        8.816598,
        47.22407,
        407.75
      ],
      [
        8.815998,
        47.224007,
        407.75
      ],
      [
        8.815835,
        47.224013,
        407.75
      ],
      [
        8.81576,
        47.22401,
        408.0
      ],
      [
        8.815692,
        47.224002,
        408.0
      ],
      [
        8.815586,
        47.223977,
        408.0
      ],
      [
        8.815345,
        47.223818,
        408.5
      ],
      [
        8.815285,
        47.223662,
        408.0
      ],
      [
        8.815331,
        47.223558,
        407.75
      ],
      [
        8.815404,
        47.223459,
        407.5
      ],
      [
        8.815198,
        47.2234,
        407.25
      ],
      [
        8.814941,
        47.223343,
        407.25
      ],
      [
        8.814889,
        47.222505,
        407.25
      ],
      [
        8.814857,
        47.221867,
        407.25
      ],
      [
        8.812487,
        47.22074,
        407.0
      ],
      [
        8.812426,
        47.220711,
        407.0
      ],
      [
        8.809862,
        47.21977,
        406.75
      ],
      [
        8.808808,
        47.218917,
        406.75
      ],
      [
        8.808737,
        47.21886,
        406.75
      ],
      [
        8.807781,
        47.218878,
        406.75
      ],
      [
        8.807784,
        47.218945,
        406.75
      ],
      [
        8.807597,
        47.21904,
        407.25
      ],
      [
        8.80758,
        47.219048,
        407.25
      ],
      [
        8.807196,
        47.218728,
        408.0
      ],
      [
        8.807205,
        47.2187,
        408.5
      ],
      [
        8.806218,
        47.217885,
        408.0
      ],
      [
        8.806148,
        47.217844,
        408.25
      ],
      [
        8.805845,
        47.217746,
        408.0
      ],
      [
        8.805762,
        47.21771,
        407.75
      ],
      [
        8.805693,
        47.21767,
        407.75
      ],
      [
        8.805638,
        47.217618,
        407.75
      ],
      [
        8.805523,
        47.217419,
        407.75
      ],
      [
        8.805489,
        47.217383,
        407.75
      ],
      [
        8.805428,
        47.217336,
        407.75
      ],
      [
        8.804447,
        47.216737,
        407.5
      ],
      [
        8.80312,
        47.21594,
        407.5
      ],
      [
        8.801417,
        47.214903,
        408.25
      ],
      [
        8.800438,
        47.214328,
        411.5
      ],
      [
        8.80027,
        47.214218,
        413.75
      ],
      [
        8.800071,
        47.214035,
        411.25
      ],
      [
        8.799982,
        47.213931,
        412.0
      ],
      [
        8.799786,
        47.213714,
        412.5
      ],
      [
        8.799659,
        47.213569,
        413.0
      ],
      [
        8.799521,
        47.213422,
        413.75
      ],
      [
        8.799461,
        47.213355,
        413.75
      ],
      [
        8.799398,
        47.213284,
        413.5
      ],
      [
        8.799428,
        47.213214,
        414.25
      ],
      [
        8.799194,
        47.212946,
        413.25
      ],
      [
        8.798469,
        47.212137,
        411.5
      ],
      [
        8.796594,
        47.210029,
        412.5
      ],
      [
        8.795994,
        47.209418,
        413.25
      ],
      [
        8.795661,
        47.209098,
        413.75
      ],
      [
        8.795056,
        47.208533,
        414.75
      ],
      [
        8.79447,
        47.207979,
        415.75
      ],
      [
        8.794194,
        47.207698,
        414.25
      ],
      [
        8.7937,
        47.207183,
        415.0
      ],
      [
        8.792648,
        47.206083,
        416.0
      ],
      [
        8.792308,
        47.205721,
        415.0
      ],
      [
        8.791817,
        47.205206,
        414.0
      ],
      [
        8.791595,
        47.205017,
        414.0
      ],
      [
        8.791481,
        47.204884,
        413.5
      ],
      [
        8.791278,
        47.204703,
        413.5
      ],
      [
        8.791164,
        47.20457,
        414.0
      ],
      [
        8.791123,
        47.204507,
        414.5
      ],
      [
        8.791039,
        47.204303,
        414.5
      ],
      [
        8.790993,
        47.204189,
        414.5
      ],
      [
        8.790984,
        47.204118,
        414.75
      ],
      [
        8.790982,
        47.203919,
        415.75
      ],
      [
        8.790972,
        47.203874,
        416.0
      ],
      [
        8.790941,
        47.203801,
        416.25
      ],
      [
        8.790844,
        47.203669,
        416.75
      ],
      [
        8.790821,
        47.203613,
        416.75
      ],
      [
        8.790788,
        47.203402,
        417.0
      ],
      [
        8.79074,
        47.203091,
        417.5
      ],
      [
        8.790736,
        47.203064,
        417.5
      ],
      [
        8.790724,
        47.202989,
        417.75
      ],
      [
        8.790699,
        47.202846,
        418.25
      ],
      [
        8.790666,
        47.20267,
        416.5
      ],
      [
        8.790662,
        47.202647,
        416.25
      ],
      [
        8.790609,
        47.202359,
        416.5
      ],
      [
        8.790596,
        47.202293,
        417.5
      ],
      [
        8.790586,
        47.202243,
        418.5
      ],
      [
        8.790582,
        47.202217,
        418.75
      ],
      [
        8.790569,
        47.202181,
        418.75
      ],
      [
        8.790532,
        47.202177,
        418.75
      ],
      [
        8.790499,
        47.202164,
        418.5
      ],
      [
        8.790473,
        47.202145,
        418.5
      ],
      [
        8.790459,
        47.202121,
        418.25
      ],
      [
        8.790457,
        47.202095,
        418.25
      ],
      [
        8.790468,
        47.202071,
        418.25
      ],
      [
        8.790421,
        47.202056,
        418.0
      ],
      [
        8.790379,
        47.202046,
        418.0
      ],
      [
        8.790311,
        47.202032,
        418.0
      ],
      [
        8.78995,
        47.201995,
        418.0
      ],
      [
        8.789687,
        47.202017,
        418.0
      ],
      [
        8.789522,
        47.202018,
        418.0
      ],
      [
        8.789065,
        47.201993,
        417.0
      ],
      [
        8.788711,
        47.201976,
        416.75
      ],
      [
        8.788599,
        47.20197,
        416.75
      ],
      [
        8.788383,
        47.201951,
        416.0
      ],
      [
        8.788127,
        47.201885,
        416.0
      ],
      [
        8.787947,
        47.20187,
        416.0
      ],
      [
        8.78767,
        47.201859,
        416.0
      ],
      [
        8.787572,
        47.201855,
        416.0
      ],
      [
        8.787364,
        47.201848,
        415.5
      ],
      [
        8.786856,
        47.201818,
        415.25
      ],
      [
        8.786652,
        47.201808,
        415.25
      ],
      [
        8.786418,
        47.201796,
        413.5
      ],
      [
        8.786177,
        47.201783,
        413.5
      ],
      [
        8.78583,
        47.201764,
        414.0
      ],
      [
        8.785628,
        47.201753,
        414.0
      ],
      [
        8.785081,
        47.201722,
        413.75
      ],
      [
        8.784782,
        47.201706,
        413.75
      ],
      [
        8.784293,
        47.201678,
        413.0
      ],
      [
        8.783581,
        47.201639,
        413.0
      ],
      [
        8.782758,
        47.201593,
        413.25
      ],
      [
        8.781881,
        47.201548,
        413.75
      ],
      [
        8.781592,
        47.20153,
        414.25
      ],
      [
        8.781177,
        47.201505,
        414.25
      ],
      [
        8.781098,
        47.201504,
        414.5
      ],
      [
        8.781047,
        47.201505,
        414.5
      ],
      [
        8.781029,
        47.20154,
        414.25
      ],
      [
        8.780992,
        47.201568,
        414.25
      ],
      [
        8.780968,
        47.201578,
        414.25
      ],
      [
        8.780915,
        47.201587,
        414.25
      ],
      [
        8.780864,
        47.201582,
        414.25
      ],
      [
        8.780801,
        47.201553,
        414.25
      ],
      [
        8.780776,
        47.201522,
        414.5
      ],
      [
        8.780769,
        47.201488,
        414.75
      ],
      [
        8.780772,
        47.201472,
        414.75
      ],
      [
        8.780806,
        47.201427,
        414.75
      ],
      [
        8.780845,
        47.201407,
        414.75
      ],
      [
        8.780892,
        47.201397,
        414.75
      ],
      [
        8.780887,
        47.201364,
        415.0
      ],
      [
        8.780881,
        47.201312,
        415.25
      ],
      [
        8.780878,
        47.201231,
        415.75
      ],
      [
        8.780898,
        47.201081,
        416.75
      ],
      [
        8.780916,
        47.200785,
        418.0
      ],
      [
        8.780921,
        47.200687,
        418.75
      ],
      [
        8.780931,
        47.200568,
        419.75
      ],
      [
        8.780943,
        47.200433,
        420.25
      ],
      [
        8.780975,
        47.200063,
        420.75
      ],
      [
        8.781,
        47.199908,
        421.5
      ],
      [
        8.781055,
        47.199776,
        422.5
      ],
      [
        8.780886,
        47.199739,
        422.75
      ],
      [
        8.780769,
        47.199735,
        422.75
      ],
      [
        8.780621,
        47.199749,
        422.75
      ],
      [
        8.780395,
        47.199822,
        422.25
      ],
      [
        8.780067,
        47.199917,
        422.25
      ],
      [
        8.779672,
        47.200068,
        420.75
      ],
      [
        8.779409,
        47.200192,
        420.25
      ],
      [
        8.77934,
        47.200226,
        420.0
      ],
      [
        8.779309,
        47.200242,
        420.0
      ],
      [
        8.779199,
        47.200292,
        419.75
      ],
      [
        8.778904,
        47.200427,
        419.0
      ],
      [
        8.778772,
        47.200487,
        419.0
      ],
      [
        8.778664,
        47.200532,
        419.0
      ],
      [
        8.778454,
        47.200628,
        418.75
      ],
      [
        8.778087,
        47.200795,
        418.25
      ],
      [
        8.77773,
        47.200971,
        417.5
      ],
      [
        8.777628,
        47.201005,
        417.5
      ],
      [
        8.777553,
        47.201026,
        417.5
      ],
      [
        8.777502,
        47.201033,
        417.5
      ],
      [
        8.777476,
        47.201037,
        417.25
      ],
      [
        8.77745,
        47.201041,
        417.25
      ],
      [
        8.777315,
        47.201063,
        416.75
      ],
      [
        8.777159,
        47.201105,
        416.0
      ],
      [
        8.776456,
        47.201322,
        415.0
      ],
      [
        8.776416,
        47.201294,
        415.0
      ],
      [
        8.776245,
        47.201218,
        414.5
      ],
      [
        8.776116,
        47.201106,
        415.0
      ],
      [
        8.775095,
        47.201217,
        417.75
      ],
      [
        8.773678,
        47.201371,
        419.75
      ],
      [
        8.772207,
        47.20139,
        419.0
      ],
      [
        8.77201,
        47.201425,
        419.25
      ],
      [
        8.771567,
        47.201597,
        418.75
      ],
      [
        8.771211,
        47.201285,
        422.25
      ],
      [
        8.771024,
        47.20119,
        424.5
      ],
      [
        8.77077,
        47.201117,
        427.0
      ],
      [
        8.769927,
        47.20096,
        433.75
      ],
      [
        8.769745,
        47.200911,
        434.25
      ],
      [
        8.769494,
        47.200775,
        440.0
      ],
      [
        8.769258,
        47.200681,
        443.0
      ],
      [
        8.768862,
        47.200581,
        446.25
      ],
      [
        8.768506,
        47.200521,
        447.75
      ],
      [
        8.767762,
        47.200404,
        450.25
      ],
      [
        8.766625,
        47.200253,
        451.75
      ],
      [
        8.767762,
        47.200404,
        450.25
      ],
      [
        8.768506,
        47.200521,
        447.75
      ],
      [
        8.768862,
        47.200581,
        446.25
      ],
      [
        8.769258,
        47.200681,
        443.0
      ],
      [
        8.769494,
        47.200775,
        440.0
      ],
      [
        8.769745,
        47.200911,
        434.25
      ],
      [
        8.769927,
        47.20096,
        433.75
      ],
      [
        8.77077,
        47.201117,
        427.0
      ],
      [
        8.771024,
        47.20119,
        424.5
      ],
      [
        8.771211,
        47.201285,
        422.25
      ],
      [
        8.771567,
        47.201597,
        418.75
      ],
      [
        8.770811,
        47.201646,
        417.0
      ],
      [
        8.770557,
        47.201687,
        415.5
      ],
      [
        8.770264,
        47.20175,
        413.5
      ],
      [
        8.770016,
        47.201781,
        412.75
      ],
      [
        8.769592,
        47.201771,
        412.0
      ],
      [
        8.769504,
        47.201792,
        411.25
      ],
      [
        8.76925,
        47.201673,
        412.0
      ],
      [
        8.768992,
        47.201598,
        413.75
      ],
      [
        8.767938,
        47.201549,
        415.0
      ],
      [
        8.766316,
        47.201484,
        412.5
      ],
      [
        8.766249,
        47.201385,
        413.5
      ],
      [
        8.765525,
        47.201334,
        413.5
      ],
      [
        8.764688,
        47.201277,
        414.5
      ],
      [
        8.763777,
        47.201149,
        414.25
      ],
      [
        8.763244,
        47.201005,
        414.5
      ],
      [
        8.762614,
        47.200812,
        414.75
      ],
      [
        8.762363,
        47.200748,
        416.0
      ],
      [
        8.762003,
        47.200765,
        415.75
      ],
      [
        8.761092,
        47.200704,
        415.75
      ],
      [
        8.760953,
        47.200705,
        415.75
      ],
      [
        8.760656,
        47.200705,
        415.25
      ],
      [
        8.760688,
        47.200779,
        414.5
      ],
      [
        8.760694,
        47.200845,
        413.75
      ],
      [
        8.76066,
        47.200939,
        413.75
      ],
      [
        8.760207,
        47.201589,
        412.25
      ],
      [
        8.760127,
        47.201699,
        412.25
      ],
      [
        8.759685,
        47.202452,
        412.0
      ],
      [
        8.759445,
        47.202861,
        411.5
      ],
      [
        8.758882,
        47.203778,
        413.5
      ],
      [
        8.758674,
        47.203724,
        413.75
      ],
      [
        8.75778,
        47.203442,
        414.5
      ],
      [
        8.757719,
        47.203408,
        414.5
      ],
      [
        8.757626,
        47.203316,
        414.25
      ],
      [
        8.757588,
        47.203299,
        414.0
      ],
      [
        8.757497,
        47.203283,
        413.75
      ],
      [
        8.757456,
        47.20329,
        414.0
      ],
      [
        8.757417,
        47.203311,
        414.0
      ],
      [
        8.757274,
        47.203499,
        414.75
      ],
      [
        8.757229,
        47.203521,
        414.75
      ],
      [
        8.757183,
        47.203529,
        415.0
      ],
      [
        8.756923,
        47.203536,
        415.25
      ],
      [
        8.756873,
        47.203544,
        415.25
      ],
      [
        8.756845,
        47.203565,
        415.5
      ],
      [
        8.756839,
        47.203598,
        415.25
      ],
      [
        8.75667,
        47.203601,
        416.0
      ],
      [
        8.756408,
        47.203586,
        417.0
      ],
      [
        8.756223,
        47.20356,
        417.0
      ],
      [
        8.7559,
        47.203501,
        417.5
      ],
      [
        8.755571,
        47.203424,
        418.75
      ],
      [
        8.755203,
        47.203358,
        419.75
      ],
      [
        8.754847,
        47.203315,
        420.5
      ],
      [
        8.754464,
        47.203293,
        422.0
      ],
      [
        8.754063,
        47.203276,
        422.5
      ],
      [
        8.753531,
        47.203251,
        424.0
      ],
      [
        8.753394,
        47.203247,
        424.0
      ],
      [
        8.753378,
        47.20335,
        424.0
      ],
      [
        8.753369,
        47.203562,
        424.5
      ],
      [
        8.75337,
        47.203603,
        424.5
      ],
      [
        8.753419,
        47.204135,
        426.5
      ],
      [
        8.753432,
        47.2047,
        425.0
      ],
      [
        8.753443,
        47.204809,
        424.75
      ],
      [
        8.753477,
        47.204972,
        424.5
      ],
      [
        8.753531,
        47.205113,
        424.25
      ],
      [
        8.753859,
        47.205791,
        421.0
      ],
      [
        8.75393,
        47.20594,
        420.5
      ],
      [
        8.75395,
        47.205984,
        420.25
      ],
      [
        8.753977,
        47.206046,
        420.0
      ],
      [
        8.754027,
        47.20615,
        419.75
      ],
      [
        8.754224,
        47.206504,
        419.0
      ],
      [
        8.754303,
        47.206643,
        419.0
      ],
      [
        8.754333,
        47.206751,
        418.25
      ],
      [
        8.754351,
        47.206857,
        417.5
      ],
      [
        8.754073,
        47.206873,
        417.5
      ],
      [
        8.754052,
        47.206875,
        417.5
      ],
      [
        8.75392,
        47.206877,
        417.5
      ],
      [
        8.753772,
        47.206877,
        417.25
      ],
      [
        8.753372,
        47.20686,
        417.5
      ],
      [
        8.752964,
        47.206818,
        417.25
      ],
      [
        8.752622,
        47.206769,
        416.5
      ],
      [
        8.751638,
        47.206626,
        415.5
      ],
      [
        8.751213,
        47.20655,
        415.0
      ],
      [
        8.7508,
        47.206466,
        415.0
      ],
      [
        8.750507,
        47.20639,
        414.5
      ],
      [
        8.750137,
        47.206292,
        412.25
      ],
      [
        8.750039,
        47.206266,
        412.0
      ],
      [
        8.749651,
        47.206174,
        411.5
      ],
      [
        8.74943,
        47.206127,
        411.75
      ],
      [
        8.749139,
        47.206079,
        411.0
      ],
      [
        8.748902,
        47.206052,
        411.0
      ],
      [
        8.748618,
        47.206031,
        410.0
      ],
      [
        8.747148,
        47.205967,
        409.0
      ],
      [
        8.74709,
        47.205963,
        409.0
      ],
      [
        8.74659,
        47.205931,
        409.25
      ],
      [
        8.746266,
        47.2059,
        409.25
      ],
      [
        8.745888,
        47.20585,
        409.0
      ],
      [
        8.745552,
        47.205791,
        409.0
      ],
      [
        8.745109,
        47.205692,
        408.5
      ],
      [
        8.744887,
        47.205634,
        409.0
      ],
      [
        8.744843,
        47.205622,
        409.25
      ],
      [
        8.744605,
        47.205558,
        409.75
      ],
      [
        8.744501,
        47.205525,
        409.75
      ],
      [
        8.744383,
        47.20549,
        410.0
      ],
      [
        8.744248,
        47.205449,
        410.25
      ],
      [
        8.743276,
        47.205148,
        411.5
      ],
      [
        8.74302,
        47.205067,
        410.5
      ],
      [
        8.742567,
        47.204942,
        409.5
      ],
      [
        8.742508,
        47.204928,
        409.25
      ],
      [
        8.742218,
        47.204878,
        409.25
      ],
      [
        8.742084,
        47.204865,
        409.75
      ],
      [
        8.741981,
        47.204855,
        410.25
      ],
      [
        8.7417,
        47.204845,
        410.25
      ],
      [
        8.741391,
        47.204861,
        409.5
      ],
      [
        8.741209,
        47.204863,
        409.75
      ],
      [
        8.741016,
        47.204856,
        409.75
      ],
      [
        8.740726,
        47.204824,
        409.25
      ],
      [
        8.74057,
        47.204794,
        409.0
      ],
      [
        8.740295,
        47.204726,
        408.0
      ],
      [
        8.738843,
        47.20433,
        409.0
      ],
      [
        8.738496,
        47.204246,
        408.75
      ],
      [
        8.738328,
        47.20421,
        408.75
      ],
      [
        8.738203,
        47.20419,
        408.75
      ],
      [
        8.737969,
        47.204157,
        409.0
      ],
      [
        8.737753,
        47.204136,
        409.0
      ],
      [
        8.737542,
        47.204123,
        409.0
      ],
      [
        8.737416,
        47.204121,
        409.0
      ],
      [
        8.736976,
        47.204138,
        410.0
      ],
      [
        8.736644,
        47.20417,
        410.0
      ],
      [
        8.736209,
        47.204229,
        410.75
      ],
      [
        8.735333,
        47.204365,
        409.25
      ],
      [
        8.735173,
        47.204389,
        409.25
      ],
      [
        8.734808,
        47.204437,
        409.0
      ],
      [
        8.734713,
        47.204445,
        408.75
      ],
      [
        8.734499,
        47.204451,
        408.0
      ],
      [
        8.734243,
        47.204433,
        408.0
      ],
      [
        8.73417,
        47.20442,
        408.0
      ],
      [
        8.734044,
        47.204387,
        408.0
      ],
      [
        8.73386,
        47.204324,
        408.0
      ],
      [
        8.733715,
        47.20426,
        408.0
      ],
      [
        8.733605,
        47.204201,
        408.0
      ],
      [
        8.733472,
        47.204121,
        408.0
      ],
      [
        8.733375,
        47.204051,
        408.0
      ],
      [
        8.733084,
        47.203833,
        408.0
      ],
      [
        8.732893,
        47.203688,
        408.0
      ],
      [
        8.732776,
        47.203607,
        408.0
      ],
      [
        8.732622,
        47.2035,
        408.0
      ],
      [
        8.732394,
        47.20333,
        408.0
      ],
      [
        8.732224,
        47.203201,
        408.0
      ],
      [
        8.732138,
        47.203132,
        407.5
      ],
      [
        8.731954,
        47.202992,
        407.25
      ],
      [
        8.73192,
        47.202968,
        407.25
      ],
      [
        8.731808,
        47.202885,
        407.75
      ],
      [
        8.731562,
        47.202719,
        408.0
      ],
      [
        8.731184,
        47.202484,
        408.0
      ],
      [
        8.730993,
        47.202378,
        408.0
      ],
      [
        8.730361,
        47.202064,
        408.5
      ],
      [
        8.730214,
        47.201994,
        408.5
      ],
      [
        8.729941,
        47.201873,
        408.25
      ],
      [
        8.729582,
        47.201723,
        408.75
      ],
      [
        8.729237,
        47.201606,
        409.25
      ],
      [
        8.728976,
        47.201524,
        409.25
      ],
      [
        8.728653,
        47.201436,
        409.0
      ],
      [
        8.728312,
        47.201371,
        409.0
      ],
      [
        8.728091,
        47.201338,
        409.0
      ],
      [
        8.727696,
        47.201293,
        409.0
      ],
      [
        8.727636,
        47.201286,
        409.0
      ],
      [
        8.727573,
        47.201278,
        409.25
      ],
      [
        8.727438,
        47.201263,
        409.25
      ],
      [
        8.726413,
        47.20114,
        408.75
      ],
      [
        8.725574,
        47.201037,
        409.0
      ],
      [
        8.725423,
        47.201021,
        409.0
      ],
      [
        8.724727,
        47.200935,
        408.5
      ],
      [
        8.724692,
        47.200928,
        408.5
      ],
      [
        8.724377,
        47.200859,
        408.75
      ],
      [
        8.724011,
        47.200745,
        408.25
      ],
      [
        8.723798,
        47.200663,
        408.0
      ],
      [
        8.723693,
        47.200615,
        408.0
      ],
      [
        8.723381,
        47.200476,
        408.75
      ],
      [
        8.723168,
        47.200371,
        409.0
      ],
      [
        8.722812,
        47.200204,
        411.0
      ],
      [
        8.722689,
        47.200161,
        411.5
      ],
      [
        8.722529,
        47.200125,
        412.25
      ],
      [
        8.722355,
        47.200105,
        412.75
      ],
      [
        8.722191,
        47.200098,
        413.25
      ],
      [
        8.722033,
        47.200101,
        413.5
      ],
      [
        8.721775,
        47.200129,
        414.75
      ],
      [
        8.721019,
        47.200254,
        412.0
      ],
      [
        8.720519,
        47.200341,
        411.25
      ],
      [
        8.719267,
        47.200557,
        410.75
      ],
      [
        8.718282,
        47.200712,
        412.25
      ],
      [
        8.716993,
        47.200935,
        411.5
      ],
      [
        8.716645,
        47.200999,
        414.0
      ],
      [
        8.716319,
        47.201072,
        411.25
      ],
      [
        8.715964,
        47.201161,
        411.75
      ],
      [
        8.715647,
        47.201254,
        412.0
      ],
      [
        8.715215,
        47.201404,
        409.25
      ],
      [
        8.714811,
        47.201568,
        410.0
      ],
      [
        8.714477,
        47.201723,
        408.25
      ],
      [
        8.714143,
        47.201906,
        408.5
      ],
      [
        8.713935,
        47.202034,
        407.75
      ],
      [
        8.713635,
        47.202242,
        407.75
      ],
      [
        8.713392,
        47.20243,
        408.0
      ],
      [
        8.713248,
        47.202551,
        408.0
      ],
      [
        8.712907,
        47.202854,
        408.75
      ],
      [
        8.712796,
        47.20294,
        408.75
      ],
      [
        8.712287,
        47.20334,
        407.75
      ],
      [
        8.711845,
        47.203695,
        407.75
      ],
      [
        8.711614,
        47.203909,
        408.0
      ],
      [
        8.71155,
        47.203892,
        408.0
      ],
      [
        8.711437,
        47.203862,
        408.0
      ],
      [
        8.711296,
        47.203841,
        408.0
      ],
      [
        8.711218,
        47.203837,
        408.25
      ],
      [
        8.711099,
        47.20386,
        408.25
      ],
      [
        8.710921,
        47.203923,
        408.0
      ],
      [
        8.71085,
        47.203952,
        408.0
      ],
      [
        8.710744,
        47.203993,
        408.5
      ],
      [
        8.71058,
        47.204058,
        409.5
      ],
      [
        8.710385,
        47.204146,
        409.0
      ],
      [
        8.709994,
        47.20431,
        410.75
      ],
      [
        8.709543,
        47.204491,
        411.25
      ],
      [
        8.707595,
        47.205275,
        416.5
      ],
      [
        8.707337,
        47.205373,
        417.0
      ],
      [
        8.707261,
        47.205397,
        417.25
      ],
      [
        8.707199,
        47.205416,
        417.5
      ],
      [
        8.707208,
        47.205433,
        417.25
      ],
      [
        8.70721,
        47.205469,
        417.25
      ],
      [
        8.707193,
        47.205504,
        417.25
      ],
      [
        8.707151,
        47.205535,
        417.25
      ],
      [
        8.707094,
        47.205551,
        417.25
      ],
      [
        8.707096,
        47.205575,
        417.25
      ],
      [
        8.707099,
        47.205637,
        417.0
      ],
      [
        8.707087,
        47.205686,
        416.75
      ],
      [
        8.706907,
        47.205951,
        415.5
      ],
      [
        8.706668,
        47.206161,
        415.75
      ],
      [
        8.706589,
        47.206229,
        415.5
      ],
      [
        8.706405,
        47.206436,
        414.75
      ],
      [
        8.706252,
        47.206623,
        414.0
      ],
      [
        8.706208,
        47.206677,
        413.75
      ],
      [
        8.70616,
        47.20673,
        413.75
      ],
      [
        8.706009,
        47.206852,
        413.75
      ],
      [
        8.705888,
        47.206946,
        413.0
      ],
      [
        8.705333,
        47.2074,
        412.25
      ],
      [
        8.705129,
        47.207303,
        412.75
      ],
      [
        8.704765,
        47.207232,
        413.0
      ],
      [
        8.704367,
        47.207057,
        415.5
      ],
      [
        8.70432,
        47.207087,
        415.25
      ],
      [
        8.704088,
        47.207232,
        416.75
      ],
      [
        8.703941,
        47.20731,
        418.5
      ],
      [
        8.703807,
        47.207361,
        419.25
      ],
      [
        8.703379,
        47.207479,
        420.75
      ],
      [
        8.702977,
        47.207603,
        422.75
      ],
      [
        8.702553,
        47.207878,
        427.25
      ],
      [
        8.702446,
        47.207899,
        428.25
      ],
      [
        8.702115,
        47.207965,
        430.75
      ],
      [
        8.701965,
        47.207987,
        431.5
      ],
      [
        8.701832,
        47.207988,
        432.5
      ],
      [
        8.70193,
        47.208231,
        432.75
      ],
      [
        8.702041,
        47.208534,
        433.0
      ],
      [
        8.702077,
        47.208633,
        433.0
      ],
      [
        8.70217,
        47.208996,
        434.5
      ],
      [
        8.702179,
        47.209082,
        436.25
      ],
      [
        8.702234,
        47.209574,
        436.25
      ],
      [
        8.702235,
        47.209846,
        436.75
      ],
      [
        8.702188,
        47.210235,
        437.25
      ],
      [
        8.702127,
        47.210468,
        437.25
      ],
      [
        8.701938,
        47.210778,
        435.75
      ],
      [
        8.701455,
        47.211179,
        435.75
      ],
      [
        8.701453,
        47.211262,
        435.25
      ],
      [
        8.701276,
        47.211304,
        436.0
      ],
      [
        8.70093,
        47.211558,
        437.25
      ],
      [
        8.700741,
        47.211763,
        437.75
      ],
      [
        8.700235,
        47.212448,
        440.25
      ],
      [
        8.700093,
        47.212694,
        441.25
      ],
      [
        8.700047,
        47.212889,
        440.5
      ],
      [
        8.700035,
        47.213105,
        439.0
      ],
      [
        8.70002,
        47.21339,
        437.5
      ],
      [
        8.700027,
        47.213511,
        436.5
      ],
      [
        8.699973,
        47.21364,
        435.5
      ],
      [
        8.699861,
        47.213753,
        434.25
      ],
      [
        8.699115,
        47.214397,
        429.5
      ],
      [
        8.699062,
        47.214496,
        428.5
      ],
      [
        8.699033,
        47.214685,
        425.75
      ],
      [
        8.699009,
        47.214974,
        422.25
      ],
      [
        8.69874,
        47.215406,
        420.5
      ],
      [
        8.698952,
        47.215487,
        419.75
      ],
      [
        8.699038,
        47.215402,
        419.75
      ],
      [
        8.699079,
        47.215411,
        419.5
      ],
      [
        8.698919,
        47.215583,
        419.5
      ],
      [
        8.698687,
        47.215779,
        419.75
      ],
      [
        8.698591,
        47.21585,
        419.75
      ],
      [
        8.698454,
        47.215951,
        419.75
      ],
      [
        8.698075,
        47.216184,
        419.5
      ],
      [
        8.697015,
        47.216755,
        420.5
      ],
      [
        8.696731,
        47.216907,
        420.25
      ],
      [
        8.696496,
        47.217051,
        420.0
      ],
      [
        8.696377,
        47.217128,
        420.0
      ],
      [
        8.696225,
        47.217213,
        420.0
      ],
      [
        8.695877,
        47.217402,
        419.25
      ],
      [
        8.695524,
        47.217563,
        418.75
      ],
      [
        8.693633,
        47.218572,
        411.5
      ],
      [
        8.693144,
        47.218812,
        410.75
      ],
      [
        8.692455,
        47.219134,
        409.75
      ],
      [
        8.687987,
        47.221128,
        408.25
      ],
      [
        8.687607,
        47.221313,
        409.25
      ],
      [
        8.687171,
        47.221545,
        408.25
      ],
      [
        8.686771,
        47.221774,
        408.5
      ],
      [
        8.686392,
        47.222009,
        409.5
      ],
      [
        8.685771,
        47.222419,
        410.5
      ],
      [
        8.685378,
        47.222679,
        409.75
      ],
      [
        8.685204,
        47.222739,
        410.25
      ],
      [
        8.685018,
        47.222837,
        410.5
      ],
      [
        8.684795,
        47.222937,
        410.25
      ],
      [
        8.684624,
        47.222992,
        410.0
      ],
      [
        8.684475,
        47.223017,
        410.0
      ],
      [
        8.68401,
        47.223085,
        409.75
      ],
      [
        8.683806,
        47.223142,
        409.75
      ],
      [
        8.683601,
        47.223224,
        410.25
      ],
      [
        8.68343,
        47.223308,
        409.5
      ],
      [
        8.683035,
        47.223524,
        409.75
      ],
      [
        8.682757,
        47.223684,
        408.75
      ],
      [
        8.68249,
        47.223827,
        409.0
      ],
      [
        8.681974,
        47.224076,
        408.5
      ],
      [
        8.681371,
        47.22436,
        408.25
      ],
      [
        8.681108,
        47.224493,
        407.75
      ],
      [
        8.680155,
        47.225,
        408.25
      ],
      [
        8.679718,
        47.225205,
        408.75
      ],
      [
        8.679327,
        47.225385,
        408.5
      ],
      [
        8.678717,
        47.225698,
        408.25
      ],
      [
        8.678386,
        47.22589,
        408.5
      ],
      [
        8.678062,
        47.226111,
        408.75
      ],
      [
        8.677743,
        47.226362,
        408.0
      ],
      [
        8.677047,
        47.226855,
        408.25
      ],
      [
        8.676773,
        47.227044,
        408.25
      ],
      [
        8.67653,
        47.227203,
        408.5
      ],
      [
        8.676336,
        47.227297,
        408.5
      ],
      [
        8.676005,
        47.227441,
        408.0
      ],
      [
        8.675825,
        47.227541,
        408.0
      ],
      [
        8.675624,
        47.227679,
        408.0
      ],
      [
        8.675502,
        47.227782,
        408.0
      ],
      [
        8.67537,
        47.227906,
        408.0
      ],
      [
        8.675174,
        47.228117,
        408.25
      ],
      [
        8.675087,
        47.228206,
        408.25
      ],
      [
        8.675012,
        47.22817,
        408.5
      ],
      [
        8.674851,
        47.228093,
        408.75
      ],
      [
        8.674774,
        47.228057,
        408.75
      ],
      [
        8.674589,
        47.227967,
        409.75
      ],
      [
        8.674556,
        47.227991,
        409.75
      ],
      [
        8.674523,
        47.228014,
        409.75
      ],
      [
        8.674504,
        47.228083,
        409.5
      ],
      [
        8.674294,
        47.228531,
        409.5
      ],
      [
        8.674219,
        47.228694,
        409.5
      ],
      [
        8.674199,
        47.228806,
        409.25
      ],
      [
        8.674198,
        47.22892,
        409.0
      ],
      [
        8.674124,
        47.229088,
        409.0
      ],
      [
        8.674042,
        47.229278,
        409.25
      ],
      [
        8.673865,
        47.229285,
        410.0
      ],
      [
        8.673693,
        47.229306,
        410.25
      ],
      [
        8.6733,
        47.229374,
        411.25
      ],
      [
        8.672662,
        47.229533,
        412.0
      ],
      [
        8.672356,
        47.229571,
        413.0
      ],
      [
        8.67237,
        47.229697,
        412.5
      ],
      [
        8.672366,
        47.229737,
        412.25
      ],
      [
        8.672182,
        47.229724,
        412.75
      ],
      [
        8.671821,
        47.229705,
        413.5
      ],
      [
        8.671708,
        47.229708,
        413.75
      ],
      [
        8.671678,
        47.229811,
        413.75
      ],
      [
        8.671577,
        47.230063,
        414.0
      ],
      [
        8.671559,
        47.230106,
        414.25
      ],
      [
        8.671542,
        47.230146,
        414.5
      ],
      [
        8.671507,
        47.230229,
        414.75
      ],
      [
        8.67144,
        47.230384,
        415.0
      ],
      [
        8.671356,
        47.230506,
        415.0
      ],
      [
        8.671134,
        47.230807,
        415.75
      ],
      [
        8.67107,
        47.230871,
        415.75
      ],
      [
        8.670931,
        47.230963,
        415.75
      ],
      [
        8.670641,
        47.231062,
        416.0
      ],
      [
        8.670192,
        47.231264,
        416.0
      ],
      [
        8.670057,
        47.231339,
        415.25
      ],
      [
        8.669792,
        47.231493,
        414.5
      ],
      [
        8.66975,
        47.231539,
        414.25
      ],
      [
        8.669728,
        47.231597,
        414.25
      ],
      [
        8.66973,
        47.231649,
        414.0
      ],
      [
        8.669751,
        47.231697,
        413.75
      ],
      [
        8.669797,
        47.231759,
        413.5
      ],
      [
        8.669849,
        47.231806,
        413.25
      ],
      [
        8.669898,
        47.231871,
        412.5
      ],
      [
        8.669927,
        47.231942,
        411.75
      ],
      [
        8.669924,
        47.232018,
        411.0
      ],
      [
        8.669897,
        47.232103,
        410.5
      ],
      [
        8.669888,
        47.232182,
        409.75
      ],
      [
        8.6699,
        47.232211,
        409.25
      ],
      [
        8.669923,
        47.232263,
        409.0
      ],
      [
        8.669681,
        47.232356,
        409.75
      ],
      [
        8.66963,
        47.232379,
        410.0
      ],
      [
        8.669588,
        47.232402,
        410.0
      ],
      [
        8.669087,
        47.232793,
        408.5
      ],
      [
        8.6689,
        47.232912,
        408.75
      ],
      [
        8.668785,
        47.23298,
        408.75
      ],
      [
        8.66627,
        47.234501,
        407.75
      ],
      [
        8.665837,
        47.234748,
        407.75
      ],
      [
        8.665467,
        47.23499,
        408.25
      ],
      [
        8.664035,
        47.235855,
        408.0
      ],
      [
        8.663519,
        47.236138,
        409.0
      ],
      [
        8.663326,
        47.236231,
        409.5
      ],
      [
        8.663198,
        47.2363,
        409.25
      ],
      [
        8.662693,
        47.236532,
        409.25
      ],
      [
        8.662478,
        47.236632,
        409.25
      ],
      [
        8.662116,
        47.236768,
        410.25
      ],
      [
        8.661926,
        47.23683,
        410.25
      ],
      [
        8.661667,
        47.236915,
        410.5
      ],
      [
        8.661345,
        47.23702,
        410.5
      ],
      [
        8.6609,
        47.237212,
        409.75
      ],
      [
        8.660467,
        47.237459,
        409.75
      ],
      [
        8.660283,
        47.237563,
        409.75
      ],
      [
        8.659941,
        47.237793,
        409.0
      ],
      [
        8.659909,
        47.237814,
        409.0
      ],
      [
        8.659874,
        47.237849,
        409.0
      ],
      [
        8.659785,
        47.237935,
        409.0
      ],
      [
        8.659711,
        47.238023,
        409.0
      ],
      [
        8.659671,
        47.238083,
        408.75
      ],
      [
        8.659579,
        47.238269,
        408.5
      ],
      [
        8.65943,
        47.238739,
        409.0
      ],
      [
        8.659348,
        47.23899,
        409.0
      ],
      [
        8.659157,
        47.239605,
        409.0
      ],
      [
        8.659071,
        47.239891,
        408.5
      ],
      [
        8.658999,
        47.240126,
        408.25
      ],
      [
        8.658992,
        47.240148,
        408.25
      ],
      [
        8.658921,
        47.240377,
        408.0
      ],
      [
        8.65881,
        47.240751,
        408.0
      ],
      [
        8.658724,
        47.241034,
        408.25
      ],
      [
        8.658694,
        47.241132,
        408.5
      ],
      [
        8.658575,
        47.241403,
        408.25
      ],
      [
        8.658552,
        47.241436,
        408.5
      ],
      [
        8.658436,
        47.241611,
        408.5
      ],
      [
        8.658038,
        47.242053,
        409.5
      ],
      [
        8.657723,
        47.242343,
        409.75
      ],
      [
        8.657585,
        47.242466,
        409.25
      ],
      [
        8.657075,
        47.242869,
        409.0
      ],
      [
        8.657003,
        47.242918,
        409.25
      ],
      [
        8.656576,
        47.243207,
        409.75
      ],
      [
        8.6561,
        47.243479,
        410.25
      ],
      [
        8.655482,
        47.243775,
        410.75
      ],
      [
        8.654502,
        47.244178,
        409.0
      ],
      [
        8.653639,
        47.244518,
        408.75
      ],
      [
        8.652532,
        47.244965,
        409.0
      ],
      [
        8.652084,
        47.245137,
        409.5
      ],
      [
        8.651339,
        47.245404,
        410.0
      ],
      [
        8.650595,
        47.245645,
        410.25
      ],
      [
        8.650408,
        47.245693,
        410.75
      ],
      [
        8.650319,
        47.245737,
        410.5
      ],
      [
        8.650232,
        47.245771,
        410.25
      ],
      [
        8.649653,
        47.245894,
        410.25
      ],
      [
        8.649555,
        47.245913,
        410.25
      ],
      [
        8.649244,
        47.245965,
        410.75
      ],
      [
        8.649033,
        47.245995,
        411.0
      ],
      [
        8.648583,
        47.246047,
        410.5
      ],
      [
        8.648287,
        47.246046,
        411.5
      ],
      [
        8.647174,
        47.246166,
        411.5
      ],
      [
        8.645761,
        47.24634,
        411.0
      ],
      [
        8.645023,
        47.246413,
        411.75
      ],
      [
        8.644784,
        47.24644,
        411.5
      ],
      [
        8.644755,
        47.246441,
        411.5
      ],
      [
        8.644337,
        47.246481,
        410.75
      ],
      [
        8.644162,
        47.246499,
        410.25
      ],
      [
        8.642006,
        47.246696,
        410.0
      ],
      [
        8.641818,
        47.246714,
        409.75
      ],
      [
        8.641326,
        47.246777,
        410.0
      ],
      [
        8.640847,
        47.246864,
        410.0
      ],
      [
        8.640306,
        47.246998,
        410.0
      ],
      [
        8.639118,
        47.247332,
        409.5
      ],
      [
        8.638271,
        47.247593,
        409.5
      ],
      [
        8.63762,
        47.247825,
        409.25
      ],
      [
        8.636706,
        47.24815,
        408.75
      ],
      [
        8.634673,
        47.248879,
        409.0
      ],
      [
        8.634011,
        47.249116,
        409.25
      ],
      [
        8.63374,
        47.249213,
        409.25
      ],
      [
        8.633568,
        47.24927,
        409.5
      ],
      [
        8.633427,
        47.24932,
        409.5
      ],
      [
        8.633188,
        47.249403,
        409.75
      ],
      [
        8.633117,
        47.249428,
        409.75
      ],
      [
        8.632996,
        47.249471,
        410.0
      ],
      [
        8.631747,
        47.249905,
        410.5
      ],
      [
        8.629182,
        47.250789,
        410.0
      ],
      [
        8.629023,
        47.250838,
        410.25
      ],
      [
        8.628663,
        47.250928,
        411.5
      ],
      [
        8.627835,
        47.251072,
        409.25
      ],
      [
        8.627853,
        47.251134,
        408.75
      ],
      [
        8.627885,
        47.251201,
        408.5
      ],
      [
        8.6279,
        47.251232,
        408.5
      ],
      [
        8.627915,
        47.251264,
        408.25
      ],
      [
        8.627938,
        47.251312,
        408.25
      ],
      [
        8.627829,
        47.251328,
        408.0
      ],
      [
        8.627649,
        47.251365,
        408.0
      ],
      [
        8.627533,
        47.251392,
        407.75
      ],
      [
        8.627426,
        47.251436,
        407.5
      ],
      [
        8.626924,
        47.251545,
        406.75
      ],
      [
        8.626902,
        47.25155,
        406.75
      ],
      [
        8.62602,
        47.251734,
        407.5
      ],
      [
        8.625852,
        47.251759,
        407.25
      ],
      [
        8.624353,
        47.252068,
        407.0
      ],
      [
        8.624173,
        47.25213,
        406.5
      ],
      [
        8.623614,
        47.25225,
        406.75
      ],
      [
        8.623464,
        47.252262,
        407.25
      ],
      [
        8.622947,
        47.25237,
        406.75
      ],
      [
        8.622766,
        47.252424,
        406.5
      ],
      [
        8.622744,
        47.252431,
        406.5
      ],
      [
        8.622496,
        47.252504,
        406.75
      ],
      [
        8.62213,
        47.252631,
        407.0
      ],
      [
        8.622064,
        47.252659,
        406.75
      ],
      [
        8.621423,
        47.252942,
        406.75
      ],
      [
        8.620969,
        47.253163,
        407.0
      ],
      [
        8.620663,
        47.253303,
        406.75
      ],
      [
        8.620479,
        47.253417,
        406.75
      ],
      [
        8.620198,
        47.253563,
        406.75
      ],
      [
        8.620123,
        47.253608,
        407.0
      ],
      [
        8.620067,
        47.253631,
        407.25
      ],
      [
        8.619942,
        47.253666,
        407.75
      ],
      [
        8.61957,
        47.253815,
        407.75
      ],
      [
        8.619488,
        47.253828,
        408.0
      ],
      [
        8.618784,
        47.254164,
        408.0
      ],
      [
        8.618745,
        47.254201,
        407.75
      ],
      [
        8.618555,
        47.254292,
        407.75
      ],
      [
        8.617584,
        47.254748,
        408.5
      ],
      [
        8.617475,
        47.25479,
        408.5
      ],
      [
        8.617358,
        47.254843,
        407.75
      ],
      [
        8.61726,
        47.254901,
        407.5
      ],
      [
        8.616808,
        47.255083,
        408.5
      ],
      [
        8.616453,
        47.255205,
        408.25
      ],
      [
        8.616198,
        47.255283,
        408.5
      ],
      [
        8.616134,
        47.255306,
        408.5
      ],
      [
        8.61584,
        47.255383,
        407.75
      ],
      [
        8.615275,
        47.255507,
        406.25
      ],
      [
        8.615194,
        47.255524,
        406.75
      ],
      [
        8.614729,
        47.255613,
        408.25
      ],
      [
        8.613663,
        47.255735,
        407.75
      ],
      [
        8.613588,
        47.255736,
        408.0
      ],
      [
        8.61352,
        47.255738,
        408.0
      ],
      [
        8.613196,
        47.25577,
        408.25
      ],
      [
        8.612805,
        47.255826,
        408.0
      ],
      [
        8.612352,
        47.255897,
        409.0
      ],
      [
        8.611902,
        47.255985,
        409.5
      ],
      [
        8.611414,
        47.256112,
        409.0
      ],
      [
        8.611198,
        47.256177,
        409.0
      ],
      [
        8.610955,
        47.256261,
        409.0
      ],
      [
        8.610442,
        47.256467,
        408.75
      ],
      [
        8.610356,
        47.256536,
        408.5
      ],
      [
        8.610324,
        47.256586,
        408.25
      ],
      [
        8.610274,
        47.256776,
        408.0
      ],
      [
        8.61024,
        47.25683,
        408.0
      ],
      [
        8.610189,
        47.256879,
        408.0
      ],
      [
        8.610079,
        47.256934,
        408.0
      ],
      [
        8.609955,
        47.256995,
        407.75
      ],
      [
        8.609789,
        47.257078,
        408.0
      ],
      [
        8.609538,
        47.257203,
        408.5
      ],
      [
        8.609439,
        47.257278,
        408.25
      ],
      [
        8.609382,
        47.25732,
        408.25
      ],
      [
        8.609089,
        47.257456,
        408.0
      ],
      [
        8.608785,
        47.257602,
        408.5
      ],
      [
        8.608702,
        47.257641,
        408.5
      ],
      [
        8.60846,
        47.257752,
        408.0
      ],
      [
        8.608352,
        47.257792,
        407.75
      ],
      [
        8.607254,
        47.258133,
        408.75
      ],
      [
        8.607145,
        47.258172,
        408.5
      ],
      [
        8.607102,
        47.258179,
        408.5
      ],
      [
        8.607047,
        47.258165,
        408.5
      ],
      [
        8.606987,
        47.25813,
        408.75
      ],
      [
        8.606434,
        47.258378,
        407.75
      ],
      [
        8.606367,
        47.258432,
        408.0
      ],
      [
        8.606028,
        47.258583,
        408.0
      ],
      [
        8.605717,
        47.258713,
        407.5
      ],
      [
        8.605625,
        47.258763,
        407.5
      ],
      [
        8.605512,
        47.258784,
        408.0
      ],
      [
        8.605371,
        47.258824,
        408.0
      ],
      [
        8.604666,
        47.259051,
        408.0
      ],
      [
        8.604574,
        47.259104,
        408.0
      ],
      [
        8.604522,
        47.259182,
        407.75
      ],
      [
        8.604462,
        47.259193,
        407.75
      ],
      [
        8.604389,
        47.259221,
        407.5
      ],
      [
        8.604078,
        47.259353,
        407.25
      ],
      [
        8.604008,
        47.259389,
        407.0
      ],
      [
        8.603924,
        47.259466,
        406.75
      ],
      [
        8.603891,
        47.259486,
        406.75
      ],
      [
        8.603826,
        47.259509,
        406.75
      ],
      [
        8.603736,
        47.259514,
        407.0
      ],
      [
        8.603703,
        47.25951,
        407.25
      ],
      [
        8.603522,
        47.25947,
        407.75
      ],
      [
        8.603496,
        47.259469,
        407.75
      ],
      [
        8.603345,
        47.259491,
        407.5
      ],
      [
        8.603176,
        47.25947,
        407.75
      ],
      [
        8.603117,
        47.259469,
        407.75
      ],
      [
        8.603085,
        47.259474,
        407.75
      ],
      [
        8.602846,
        47.259568,
        407.0
      ],
      [
        8.60263,
        47.259638,
        407.25
      ],
      [
        8.602532,
        47.259687,
        407.75
      ],
      [
        8.60243,
        47.259712,
        408.0
      ],
      [
        8.602041,
        47.259869,
        407.5
      ],
      [
        8.601832,
        47.259963,
        407.25
      ],
      [
        8.60135,
        47.260206,
        406.75
      ],
      [
        8.601267,
        47.260252,
        406.75
      ],
      [
        8.601186,
        47.260393,
        407.0
      ],
      [
        8.601158,
        47.260419,
        407.0
      ],
      [
        8.601124,
        47.260442,
        407.25
      ],
      [
        8.600944,
        47.26053,
        407.5
      ],
      [
        8.600698,
        47.260658,
        407.25
      ],
      [
        8.600645,
        47.260677,
        407.25
      ],
      [
        8.600604,
        47.260664,
        407.5
      ],
      [
        8.60056,
        47.260669,
        407.5
      ],
      [
        8.600541,
        47.260678,
        407.5
      ],
      [
        8.60052,
        47.260705,
        407.5
      ],
      [
        8.600322,
        47.260763,
        407.75
      ],
      [
        8.59962,
        47.261023,
        407.75
      ],
      [
        8.599366,
        47.261116,
        407.25
      ],
      [
        8.598807,
        47.261322,
        406.75
      ],
      [
        8.59858,
        47.26141,
        407.75
      ],
      [
        8.598508,
        47.261456,
        407.75
      ],
      [
        8.598147,
        47.261566,
        407.25
      ],
      [
        8.597896,
        47.261631,
        407.5
      ],
      [
        8.597883,
        47.261605,
        407.5
      ],
      [
        8.597843,
        47.261614,
        407.5
      ],
      [
        8.597809,
        47.261509,
        407.5
      ],
      [
        8.597699,
        47.261138,
        407.75
      ],
      [
        8.597695,
        47.26112,
        407.75
      ],
      [
        8.597687,
        47.2611,
        408.0
      ],
      [
        8.597627,
        47.261036,
        408.0
      ],
      [
        8.597584,
        47.26099,
        408.0
      ],
      [
        8.597512,
        47.260915,
        408.0
      ],
      [
        8.597448,
        47.260847,
        408.0
      ],
      [
        8.597493,
        47.260826,
        408.0
      ],
      [
        8.597448,
        47.260847,
        408.0
      ],
      [
        8.597512,
        47.260915,
        408.0
      ],
      [
        8.597584,
        47.26099,
        408.0
      ],
      [
        8.597627,
        47.261036,
        408.0
      ],
      [
        8.597687,
        47.2611,
        408.0
      ],
      [
        8.597695,
        47.26112,
        408.0
      ],
      [
        8.597699,
        47.261138,
        408.0
      ],
      [
        8.597657,
        47.261142,
        408.0
      ],
      [
        8.597598,
        47.261155,
        408.0
      ],
      [
        8.597403,
        47.261214,
        408.25
      ],
      [
        8.597356,
        47.261206,
        408.5
      ],
      [
        8.597216,
        47.261261,
        408.25
      ],
      [
        8.597041,
        47.261286,
        408.5
      ],
      [
        8.597,
        47.261292,
        408.5
      ],
      [
        8.596536,
        47.261379,
        408.0
      ],
      [
        8.596068,
        47.261449,
        409.0
      ],
      [
        8.59585,
        47.261476,
        409.0
      ],
      [
        8.595549,
        47.261513,
        409.0
      ],
      [
        8.595462,
        47.261514,
        409.0
      ],
      [
        8.595422,
        47.261501,
        409.0
      ],
      [
        8.595377,
        47.261482,
        409.0
      ],
      [
        8.595341,
        47.261492,
        409.0
      ],
      [
        8.595275,
        47.261494,
        409.0
      ],
      [
        8.595243,
        47.261487,
        409.0
      ],
      [
        8.595213,
        47.261474,
        409.0
      ],
      [
        8.595055,
        47.261505,
        409.0
      ],
      [
        8.594855,
        47.261542,
        408.75
      ],
      [
        8.594269,
        47.26162,
        410.25
      ],
      [
        8.593994,
        47.26164,
        411.0
      ],
      [
        8.593732,
        47.261666,
        411.5
      ],
      [
        8.59343,
        47.261715,
        412.25
      ],
      [
        8.593264,
        47.261747,
        413.5
      ],
      [
        8.593091,
        47.261795,
        415.0
      ],
      [
        8.592859,
        47.261868,
        415.5
      ],
      [
        8.592514,
        47.262016,
        416.0
      ],
      [
        8.591533,
        47.262583,
        417.0
      ],
      [
        8.591451,
        47.26263,
        417.25
      ],
      [
        8.591348,
        47.262695,
        417.5
      ],
      [
        8.591084,
        47.262871,
        418.25
      ],
      [
        8.591,
        47.262935,
        418.75
      ],
      [
        8.590911,
        47.263003,
        419.0
      ],
      [
        8.590875,
        47.263031,
        419.0
      ],
      [
        8.59055,
        47.263293,
        419.5
      ],
      [
        8.590404,
        47.263415,
        421.0
      ],
      [
        8.590086,
        47.263702,
        421.5
      ],
      [
        8.589998,
        47.263785,
        421.5
      ],
      [
        8.589663,
        47.264064,
        420.25
      ],
      [
        8.589272,
        47.264337,
        420.5
      ],
      [
        8.58882,
        47.264647,
        420.5
      ],
      [
        8.588654,
        47.264792,
        420.25
      ],
      [
        8.588567,
        47.264882,
        419.75
      ],
      [
        8.588347,
        47.265172,
        418.25
      ],
      [
        8.58826,
        47.265312,
        417.75
      ],
      [
        8.58824,
        47.26535,
        417.5
      ],
      [
        8.588191,
        47.265433,
        417.0
      ],
      [
        8.588116,
        47.265556,
        416.75
      ],
      [
        8.587977,
        47.265835,
        416.75
      ],
      [
        8.587939,
        47.265934,
        416.5
      ],
      [
        8.587747,
        47.266452,
        415.25
      ],
      [
        8.587578,
        47.266919,
        414.5
      ],
      [
        8.587556,
        47.267037,
        413.5
      ],
      [
        8.587556,
        47.267129,
        413.0
      ],
      [
        8.587565,
        47.267183,
        412.5
      ],
      [
        8.587604,
        47.267347,
        412.5
      ],
      [
        8.58766,
        47.267492,
        411.75
      ],
      [
        8.587731,
        47.267721,
        410.0
      ],
      [
        8.587761,
        47.267946,
        409.0
      ],
      [
        8.587741,
        47.268083,
        409.0
      ],
      [
        8.587723,
        47.268124,
        409.0
      ],
      [
        8.587682,
        47.268196,
        409.0
      ],
      [
        8.587658,
        47.26824,
        409.0
      ],
      [
        8.587534,
        47.268409,
        408.75
      ],
      [
        8.587414,
        47.268553,
        409.0
      ],
      [
        8.586941,
        47.269118,
        409.0
      ],
      [
        8.586813,
        47.269271,
        409.25
      ],
      [
        8.586587,
        47.269544,
        409.0
      ],
      [
        8.586539,
        47.269602,
        409.0
      ],
      [
        8.58642,
        47.269753,
        408.75
      ],
      [
        8.586253,
        47.269954,
        408.5
      ],
      [
        8.586095,
        47.270116,
        409.0
      ],
      [
        8.58586,
        47.270336,
        408.25
      ],
      [
        8.585246,
        47.270871,
        408.0
      ],
      [
        8.584829,
        47.27122,
        408.0
      ],
      [
        8.584529,
        47.271478,
        408.5
      ],
      [
        8.584367,
        47.271632,
        409.0
      ],
      [
        8.584201,
        47.271816,
        409.0
      ],
      [
        8.583315,
        47.273099,
        408.25
      ],
      [
        8.583173,
        47.273307,
        408.75
      ],
      [
        8.583038,
        47.273496,
        408.5
      ],
      [
        8.582812,
        47.273831,
        408.0
      ],
      [
        8.582634,
        47.274079,
        408.75
      ],
      [
        8.582328,
        47.274544,
        409.25
      ],
      [
        8.582214,
        47.274759,
        409.0
      ],
      [
        8.582085,
        47.275053,
        409.25
      ],
      [
        8.582022,
        47.275231,
        408.75
      ],
      [
        8.581971,
        47.275358,
        408.5
      ],
      [
        8.581784,
        47.275805,
        408.75
      ],
      [
        8.581707,
        47.276037,
        408.0
      ],
      [
        8.581665,
        47.276164,
        408.0
      ],
      [
        8.581626,
        47.276292,
        408.5
      ],
      [
        8.581619,
        47.276317,
        408.5
      ],
      [
        8.581499,
        47.276716,
        408.5
      ],
      [
        8.581456,
        47.276876,
        408.75
      ],
      [
        8.581418,
        47.277048,
        408.75
      ],
      [
        8.5814,
        47.277177,
        408.75
      ],
      [
        8.581385,
        47.277374,
        408.5
      ],
      [
        8.581383,
        47.27757,
        408.0
      ],
      [
        8.581446,
        47.278157,
        408.5
      ],
      [
        8.581483,
        47.278496,
        408.0
      ],
      [
        8.581485,
        47.278515,
        408.0
      ],
      [
        8.581488,
        47.278544,
        408.0
      ],
      [
        8.581518,
        47.278831,
        408.75
      ],
      [
        8.581518,
        47.279044,
        409.0
      ],
      [
        8.581491,
        47.279216,
        409.0
      ],
      [
        8.581461,
        47.279324,
        408.75
      ],
      [
        8.581386,
        47.279508,
        408.75
      ],
      [
        8.581252,
        47.279738,
        408.75
      ],
      [
        8.581159,
        47.279854,
        409.0
      ],
      [
        8.580555,
        47.280528,
        408.25
      ],
      [
        8.580431,
        47.280684,
        409.5
      ],
      [
        8.580328,
        47.280835,
        408.75
      ],
      [
        8.579897,
        47.281634,
        408.75
      ],
      [
        8.579813,
        47.281748,
        408.75
      ],
      [
        8.579716,
        47.281844,
        408.75
      ],
      [
        8.579664,
        47.28189,
        408.5
      ],
      [
        8.579612,
        47.281936,
        408.25
      ],
      [
        8.579452,
        47.282045,
        408.75
      ],
      [
        8.577933,
        47.282972,
        410.25
      ],
      [
        8.577611,
        47.283169,
        411.5
      ],
      [
        8.577441,
        47.283274,
        411.0
      ],
      [
        8.577399,
        47.283307,
        410.25
      ],
      [
        8.577243,
        47.283453,
        409.0
      ],
      [
        8.577164,
        47.283566,
        410.0
      ],
      [
        8.577125,
        47.283656,
        410.5
      ],
      [
        8.576466,
        47.285535,
        409.0
      ],
      [
        8.576403,
        47.285652,
        408.75
      ],
      [
        8.576265,
        47.285844,
        408.75
      ],
      [
        8.576219,
        47.285889,
        408.75
      ],
      [
        8.576085,
        47.286024,
        408.25
      ],
      [
        8.575755,
        47.286321,
        408.5
      ],
      [
        8.575632,
        47.286449,
        408.5
      ],
      [
        8.575135,
        47.287031,
        408.25
      ],
      [
        8.575006,
        47.287203,
        408.0
      ],
      [
        8.57476,
        47.287577,
        408.5
      ],
      [
        8.574544,
        47.287978,
        408.5
      ],
      [
        8.574346,
        47.288412,
        408.5
      ],
      [
        8.574191,
        47.288725,
        407.75
      ],
      [
        8.574057,
        47.28896,
        408.25
      ],
      [
        8.572916,
        47.290674,
        409.25
      ],
      [
        8.572532,
        47.291117,
        408.75
      ],
      [
        8.572459,
        47.291191,
        408.75
      ],
      [
        8.572303,
        47.291342,
        408.75
      ],
      [
        8.571892,
        47.291769,
        409.75
      ],
      [
        8.571635,
        47.292051,
        409.75
      ],
      [
        8.571519,
        47.292166,
        410.0
      ],
      [
        8.571201,
        47.292506,
        409.75
      ],
      [
        8.570118,
        47.293657,
        408.75
      ],
      [
        8.569813,
        47.294005,
        409.5
      ],
      [
        8.569579,
        47.294299,
        408.25
      ],
      [
        8.569287,
        47.29471,
        408.0
      ],
      [
        8.56926,
        47.294747,
        407.75
      ],
      [
        8.56897,
        47.295165,
        408.25
      ],
      [
        8.568717,
        47.295505,
        408.5
      ],
      [
        8.568578,
        47.295674,
        408.25
      ],
      [
        8.568492,
        47.295769,
        407.75
      ],
      [
        8.568296,
        47.295979,
        407.5
      ],
      [
        8.568224,
        47.296054,
        407.5
      ],
      [
        8.568117,
        47.296155,
        407.5
      ],
      [
        8.568076,
        47.296195,
        407.75
      ],
      [
        8.5677,
        47.29656,
        408.5
      ],
      [
        8.56756,
        47.296688,
        408.5
      ],
      [
        8.567144,
        47.297029,
        408.0
      ],
      [
        8.566769,
        47.297305,
        408.0
      ],
      [
        8.566139,
        47.297773,
        408.0
      ],
      [
        8.565872,
        47.297963,
        407.75
      ],
      [
        8.565795,
        47.29802,
        408.0
      ],
      [
        8.565698,
        47.29809,
        408.0
      ],
      [
        8.565593,
        47.298166,
        408.0
      ],
      [
        8.565487,
        47.298247,
        407.75
      ],
      [
        8.564836,
        47.298741,
        408.5
      ],
      [
        8.564239,
        47.29919,
        407.75
      ],
      [
        8.564066,
        47.299336,
        407.75
      ],
      [
        8.563937,
        47.299473,
        407.75
      ],
      [
        8.563831,
        47.2996,
        408.0
      ],
      [
        8.56375,
        47.299736,
        408.25
      ],
      [
        8.56357,
        47.299996,
        408.0
      ],
      [
        8.563402,
        47.30021,
        408.0
      ],
      [
        8.563337,
        47.300283,
        407.75
      ],
      [
        8.562729,
        47.300738,
        408.0
      ],
      [
        8.562356,
        47.301033,
        408.5
      ],
      [
        8.562022,
        47.301392,
        408.5
      ],
      [
        8.561154,
        47.302353,
        408.75
      ],
      [
        8.561012,
        47.302489,
        409.0
      ],
      [
        8.560927,
        47.302558,
        408.5
      ],
      [
        8.560809,
        47.302651,
        408.5
      ],
      [
        8.56071,
        47.302719,
        408.25
      ],
      [
        8.560219,
        47.303111,
        409.0
      ],
      [
        8.559942,
        47.303361,
        408.25
      ],
      [
        8.55977,
        47.303536,
        408.25
      ],
      [
        8.55961,
        47.303716,
        408.75
      ],
      [
        8.559412,
        47.303976,
        408.75
      ],
      [
        8.559343,
        47.304084,
        408.75
      ],
      [
        8.559296,
        47.304162,
        408.5
      ],
      [
        8.559218,
        47.304294,
        408.25
      ],
      [
        8.559088,
        47.30459,
        408.25
      ],
      [
        8.558992,
        47.304892,
        408.5
      ],
      [
        8.558676,
        47.305993,
        408.25
      ],
      [
        8.558549,
        47.306415,
        408.25
      ],
      [
        8.558188,
        47.307719,
        409.0
      ],
      [
        8.558035,
        47.308357,
        408.0
      ],
      [
        8.557919,
        47.309006,
        408.0
      ],
      [
        8.557882,
        47.309267,
        408.5
      ],
      [
        8.557846,
        47.309526,
        408.5
      ],
      [
        8.557825,
        47.309602,
        408.5
      ],
      [
        8.557762,
        47.30973,
        408.75
      ],
      [
        8.55769,
        47.309837,
        408.5
      ],
      [
        8.557577,
        47.309949,
        408.0
      ],
      [
        8.557205,
        47.310221,
        408.0
      ],
      [
        8.55708,
        47.310307,
        407.75
      ],
      [
        8.556997,
        47.310373,
        407.75
      ],
      [
        8.55688,
        47.310501,
        408.25
      ],
      [
        8.556791,
        47.310629,
        408.5
      ],
      [
        8.556292,
        47.311784,
        409.5
      ],
      [
        8.556147,
        47.312114,
        410.25
      ],
      [
        8.556006,
        47.312444,
        412.0
      ],
      [
        8.555952,
        47.312565,
        412.25
      ],
      [
        8.555907,
        47.312671,
        412.25
      ],
      [
        8.555813,
        47.312919,
        412.0
      ],
      [
        8.555679,
        47.31335,
        412.25
      ],
      [
        8.555629,
        47.313498,
        412.0
      ],
      [
        8.555608,
        47.313578,
        411.75
      ],
      [
        8.555451,
        47.314095,
        412.0
      ],
      [
        8.555356,
        47.31441,
        411.75
      ],
      [
        8.555198,
        47.314942,
        412.0
      ],
      [
        8.555142,
        47.315133,
        412.0
      ],
      [
        8.555135,
        47.315156,
        412.0
      ],
      [
        8.555089,
        47.315317,
        411.75
      ],
      [
        8.555043,
        47.315483,
        411.75
      ],
      [
        8.555011,
        47.315603,
        411.75
      ],
      [
        8.55499,
        47.315677,
        412.0
      ],
      [
        8.554879,
        47.316017,
        412.0
      ],
      [
        8.554834,
        47.316153,
        411.75
      ],
      [
        8.554739,
        47.316385,
        411.75
      ],
      [
        8.554735,
        47.316393,
        411.75
      ],
      [
        8.554578,
        47.316633,
        411.25
      ],
      [
        8.554488,
        47.316747,
        410.75
      ],
      [
        8.554318,
        47.316909,
        410.5
      ],
      [
        8.554208,
        47.316995,
        411.0
      ],
      [
        8.553878,
        47.317256,
        410.75
      ],
      [
        8.553806,
        47.317314,
        410.25
      ],
      [
        8.553302,
        47.317722,
        410.25
      ],
      [
        8.552814,
        47.31811,
        408.75
      ],
      [
        8.552738,
        47.318172,
        408.75
      ],
      [
        8.552547,
        47.318322,
        408.75
      ],
      [
        8.552509,
        47.318354,
        408.75
      ],
      [
        8.552386,
        47.318459,
        409.25
      ],
      [
        8.552301,
        47.318543,
        409.5
      ],
      [
        8.552166,
        47.318692,
        409.75
      ],
      [
        8.552013,
        47.318877,
        409.75
      ],
      [
        8.551877,
        47.319071,
        409.5
      ],
      [
        8.551858,
        47.319103,
        409.5
      ],
      [
        8.551832,
        47.319145,
        409.25
      ],
      [
        8.551759,
        47.319264,
        409.25
      ],
      [
        8.551654,
        47.319416,
        409.0
      ],
      [
        8.551571,
        47.319533,
        409.25
      ],
      [
        8.551532,
        47.319589,
        409.25
      ],
      [
        8.551252,
        47.319995,
        409.5
      ],
      [
        8.55097,
        47.320415,
        409.5
      ],
      [
        8.550836,
        47.320641,
        409.5
      ],
      [
        8.550737,
        47.32087,
        409.5
      ],
      [
        8.550645,
        47.321117,
        409.5
      ],
      [
        8.550599,
        47.321336,
        409.5
      ],
      [
        8.550433,
        47.321959,
        409.25
      ],
      [
        8.550392,
        47.322112,
        409.75
      ],
      [
        8.55036,
        47.322223,
        409.75
      ],
      [
        8.550346,
        47.32227,
        409.75
      ],
      [
        8.550315,
        47.322364,
        409.75
      ],
      [
        8.550253,
        47.322513,
        410.0
      ],
      [
        8.55024,
        47.322542,
        409.75
      ],
      [
        8.550179,
        47.32268,
        409.5
      ],
      [
        8.549912,
        47.323184,
        409.25
      ],
      [
        8.549518,
        47.323933,
        408.75
      ],
      [
        8.549335,
        47.324279,
        408.75
      ],
      [
        8.549158,
        47.324638,
        409.0
      ],
      [
        8.54843,
        47.325939,
        409.75
      ],
      [
        8.548188,
        47.326482,
        409.0
      ],
      [
        8.547998,
        47.32702,
        409.0
      ],
      [
        8.547792,
        47.327537,
        407.75
      ],
      [
        8.547696,
        47.327747,
        408.5
      ],
      [
        8.54751,
        47.328124,
        408.5
      ],
      [
        8.547419,
        47.32831,
        408.75
      ],
      [
        8.547093,
        47.328979,
        408.5
      ],
      [
        8.546989,
        47.329191,
        408.0
      ],
      [
        8.54689,
        47.329364,
        408.75
      ],
      [
        8.546852,
        47.32943,
        408.75
      ],
      [
        8.546571,
        47.329825,
        408.5
      ],
      [
        8.54646,
        47.329974,
        408.75
      ],
      [
        8.546194,
        47.33033,
        408.0
      ],
      [
        8.54546,
        47.331324,
        408.5
      ],
      [
        8.544921,
        47.332054,
        408.25
      ],
      [
        8.544856,
        47.332141,
        408.25
      ],
      [
        8.544504,
        47.332602,
        407.75
      ],
      [
        8.544402,
        47.332704,
        408.25
      ],
      [
        8.544175,
        47.332918,
        408.25
      ],
      [
        8.543966,
        47.333116,
        408.5
      ],
      [
        8.543854,
        47.333214,
        408.75
      ],
      [
        8.54373,
        47.333326,
        408.5
      ],
      [
        8.543505,
        47.33352,
        409.0
      ],
      [
        8.543187,
        47.333794,
        409.5
      ],
      [
        8.542777,
        47.3341,
        410.5
      ],
      [
        8.542307,
        47.33445,
        410.5
      ],
      [
        8.541811,
        47.33481,
        411.25
      ],
      [
        8.541741,
        47.334861,
        411.5
      ],
      [
        8.541572,
        47.334983,
        411.0
      ],
      [
        8.541455,
        47.335068,
        410.5
      ],
      [
        8.541368,
        47.335129,
        410.5
      ],
      [
        8.541167,
        47.33527,
        410.0
      ],
      [
        8.541084,
        47.335333,
        409.5
      ],
      [
        8.540812,
        47.335526,
        410.0
      ],
      [
        8.540641,
        47.335653,
        409.5
      ],
      [
        8.540576,
        47.335701,
        409.25
      ],
      [
        8.540453,
        47.335791,
        409.5
      ],
      [
        8.540224,
        47.335947,
        409.25
      ],
      [
        8.539964,
        47.336147,
        409.0
      ],
      [
        8.539675,
        47.336399,
        409.25
      ],
      [
        8.539375,
        47.336736,
        409.25
      ],
      [
        8.539198,
        47.336977,
        409.75
      ],
      [
        8.538926,
        47.33742,
        409.75
      ],
      [
        8.538654,
        47.337956,
        409.75
      ],
      [
        8.538574,
        47.338106,
        410.25
      ],
      [
        8.53835,
        47.338552,
        409.5
      ],
      [
        8.538234,
        47.338783,
        409.75
      ],
      [
        8.538165,
        47.338918,
        410.5
      ],
      [
        8.538016,
        47.339225,
        409.5
      ],
      [
        8.537906,
        47.339442,
        410.0
      ],
      [
        8.537847,
        47.339568,
        409.25
      ],
      [
        8.537814,
        47.339639,
        408.75
      ],
      [
        8.537389,
        47.340468,
        409.0
      ],
      [
        8.537307,
        47.340638,
        409.0
      ],
      [
        8.537166,
        47.340926,
        409.25
      ],
      [
        8.53695,
        47.341374,
        409.75
      ],
      [
        8.536857,
        47.341552,
        410.0
      ],
      [
        8.536733,
        47.341777,
        410.0
      ],
      [
        8.536325,
        47.342379,
        410.0
      ],
      [
        8.536303,
        47.34241,
        410.0
      ],
      [
        8.536289,
        47.342429,
        410.0
      ],
      [
        8.536047,
        47.342751,
        410.0
      ],
      [
        8.535918,
        47.342935,
        409.25
      ],
      [
        8.535697,
        47.34323,
        409.0
      ],
      [
        8.53563,
        47.34332,
        409.0
      ],
      [
        8.535612,
        47.343341,
        408.75
      ],
      [
        8.535595,
        47.343363,
        408.75
      ],
      [
        8.535482,
        47.343574,
        408.5
      ],
      [
        8.535367,
        47.343762,
        407.75
      ],
      [
        8.535188,
        47.344016,
        408.0
      ],
      [
        8.535077,
        47.344089,
        408.0
      ],
      [
        8.534961,
        47.344245,
        408.0
      ],
      [
        8.534862,
        47.34438,
        408.5
      ],
      [
        8.534622,
        47.344714,
        408.25
      ],
      [
        8.534551,
        47.344845,
        408.5
      ],
      [
        8.534503,
        47.344981,
        408.75
      ],
      [
        8.534474,
        47.345136,
        408.75
      ],
      [
        8.534528,
        47.345263,
        408.5
      ],
      [
        8.534468,
        47.345629,
        408.0
      ],
      [
        8.534451,
        47.346282,
        408.0
      ],
      [
        8.534453,
        47.346573,
        408.5
      ],
      [
        8.534451,
        47.347017,
        408.75
      ],
      [
        8.534435,
        47.347817,
        408.0
      ],
      [
        8.534427,
        47.34847,
        409.0
      ],
      [
        8.534424,
        47.348697,
        408.75
      ],
      [
        8.534454,
        47.348832,
        408.75
      ],
      [
        8.534515,
        47.348983,
        409.0
      ],
      [
        8.534524,
        47.349304,
        409.0
      ],
      [
        8.534517,
        47.349983,
        408.75
      ],
      [
        8.534505,
        47.350642,
        408.75
      ],
      [
        8.534496,
        47.350725,
        408.75
      ],
      [
        8.534473,
        47.350969,
        408.25
      ],
      [
        8.534459,
        47.351098,
        408.0
      ],
      [
        8.534359,
        47.352005,
        408.75
      ],
      [
        8.534317,
        47.352555,
        408.0
      ],
      [
        8.534301,
        47.352984,
        409.0
      ],
      [
        8.534309,
        47.353651,
        408.5
      ],
      [
        8.534327,
        47.354143,
        408.0
      ],
      [
        8.534352,
        47.354465,
        408.0
      ],
      [
        8.534383,
        47.354639,
        408.5
      ],
      [
        8.534441,
        47.354926,
        409.0
      ],
      [
        8.53446,
        47.355013,
        408.75
      ],
      [
        8.534476,
        47.355097,
        408.5
      ],
      [
        8.534643,
        47.355649,
        408.0
      ],
      [
        8.534867,
        47.356159,
        408.0
      ],
      [
        8.535086,
        47.356581,
        408.0
      ],
      [
        8.53547,
        47.357202,
        408.0
      ],
      [
        8.53552,
        47.357275,
        408.0
      ],
      [
        8.535559,
        47.357331,
        408.0
      ],
      [
        8.535671,
        47.357361,
        408.0
      ],
      [
        8.535737,
        47.357379,
        408.0
      ],
      [
        8.535708,
        47.357507,
        407.75
      ],
      [
        8.535696,
        47.357604,
        408.0
      ],
      [
        8.535668,
        47.357763,
        408.0
      ],
      [
        8.535588,
        47.359058,
        407.25
      ],
      [
        8.535591,
        47.359285,
        407.0
      ],
      [
        8.535628,
        47.359423,
        407.0
      ],
      [
        8.535624,
        47.359474,
        407.0
      ],
      [
        8.53562,
        47.359529,
        407.0
      ],
      [
        8.535511,
        47.361052,
        408.0
      ],
      [
        8.535507,
        47.361168,
        408.0
      ],
      [
        8.53547,
        47.361473,
        408.0
      ],
      [
        8.535465,
        47.361582,
        408.0
      ],
      [
        8.535419,
        47.362238,
        408.0
      ],
      [
        8.535393,
        47.36251,
        407.75
      ],
      [
        8.535391,
        47.362549,
        407.75
      ],
      [
        8.535386,
        47.362626,
        407.5
      ],
      [
        8.535338,
        47.363355,
        408.0
      ],
      [
        8.535181,
        47.363419,
        408.0
      ],
      [
        8.535157,
        47.363583,
        408.0
      ],
      [
        8.535128,
        47.36366,
        408.0
      ],
      [
        8.53511,
        47.363707,
        408.0
      ],
      [
        8.53509,
        47.363753,
        408.0
      ],
      [
        8.53504,
        47.363864,
        407.75
      ],
      [
        8.534569,
        47.364535,
        408.0
      ],
      [
        8.534546,
        47.364566,
        408.0
      ],
      [
        8.534524,
        47.364598,
        408.0
      ],
      [
        8.534514,
        47.364613,
        408.0
      ],
      [
        8.534193,
        47.365069,
        408.0
      ],
      [
        8.534166,
        47.365108,
        408.0
      ],
      [
        8.534064,
        47.365087,
        408.0
      ],
      [
        8.5334,
        47.364949,
        408.5
      ],
      [
        8.532918,
        47.364849,
        409.0
      ],
      [
        8.532848,
        47.364833,
        409.0
      ],
      [
        8.532822,
        47.364945,
        409.0
      ],
      [
        8.532663,
        47.365245,
        407.75
      ],
      [
        8.532449,
        47.365644,
        409.0
      ],
      [
        8.532487,
        47.365665,
        409.0
      ],
      [
        8.532471,
        47.365697,
        409.0
      ],
      [
        8.532401,
        47.365819,
        409.25
      ],
      [
        8.532386,
        47.365846,
        409.25
      ],
      [
        8.532345,
        47.365915,
        409.5
      ],
      [
        8.532324,
        47.366086,
        409.5
      ],
      [
        8.532321,
        47.366106,
        409.5
      ],
      [
        8.532059,
        47.366406,
        409.75
      ],
      [
        8.531898,
        47.366591,
        410.0
      ],
      [
        8.531771,
        47.366713,
        410.0
      ],
      [
        8.531415,
        47.366984,
        410.5
      ],
      [
        8.531332,
        47.366989,
        410.5
      ],
      [
        8.531228,
        47.367019,
        410.5
      ],
      [
        8.529597,
        47.368192,
        412.25
      ],
      [
        8.529597,
        47.368318,
        412.5
      ],
      [
        8.529131,
        47.368655,
        413.0
      ],
      [
        8.529021,
        47.368732,
        413.0
      ],
      [
        8.529003,
        47.368767,
        412.75
      ],
      [
        8.528953,
        47.368796,
        412.5
      ],
      [
        8.528873,
        47.368842,
        412.0
      ],
      [
        8.529051,
        47.369007,
        411.5
      ],
      [
        8.52905,
        47.369053,
        411.0
      ],
      [
        8.529311,
        47.369242,
        411.25
      ],
      [
        8.529455,
        47.369347,
        410.5
      ],
      [
        8.529496,
        47.369391,
        410.5
      ],
      [
        8.530256,
        47.369992,
        410.75
      ],
      [
        8.530537,
        47.370248,
        411.0
      ],
      [
        8.530991,
        47.370685,
        411.5
      ],
      [
        8.531049,
        47.370756,
        411.5
      ],
      [
        8.531126,
        47.370855,
        412.5
      ],
      [
        8.531174,
        47.370927,
        411.75
      ],
      [
        8.53123,
        47.371021,
        411.25
      ],
      [
        8.531289,
        47.371117,
        411.5
      ],
      [
        8.531369,
        47.371362,
        411.5
      ],
      [
        8.531434,
        47.371488,
        410.5
      ],
      [
        8.53154,
        47.371626,
        410.0
      ],
      [
        8.531632,
        47.371729,
        410.25
      ],
      [
        8.531927,
        47.371986,
        411.25
      ],
      [
        8.531943,
        47.37198,
        411.5
      ],
      [
        8.531976,
        47.371966,
        411.75
      ],
      [
        8.532016,
        47.371949,
        411.75
      ],
      [
        8.532031,
        47.371943,
        411.75
      ],
      [
        8.532205,
        47.372099,
        411.75
      ],
      [
        8.532362,
        47.372243,
        411.75
      ],
      [
        8.532543,
        47.372445,
        412.0
      ],
      [
        8.532673,
        47.372396,
        412.0
      ],
      [
        8.532721,
        47.372393,
        412.0
      ],
      [
        8.532861,
        47.372346,
        411.5
      ],
      [
        8.533017,
        47.372345,
        411.0
      ],
      [
        8.533083,
        47.372415,
        411.0
      ],
      [
        8.533181,
        47.372467,
        411.25
      ],
      [
        8.533268,
        47.372596,
        411.75
      ],
      [
        8.533474,
        47.372743,
        411.5
      ],
      [
        8.533526,
        47.372784,
        411.5
      ],
      [
        8.533545,
        47.372829,
        411.5
      ],
      [
        8.533573,
        47.372895,
        411.5
      ],
      [
        8.533588,
        47.372931,
        411.5
      ],
      [
        8.533568,
        47.37296,
        411.5
      ],
      [
        8.533518,
        47.372976,
        411.5
      ],
      [
        8.533349,
        47.373034,
        411.5
      ],
      [
        8.533313,
        47.37304,
        412.0
      ],
      [
        8.533251,
        47.373032,
        412.0
      ],
      [
        8.533187,
        47.37305,
        412.0
      ],
      [
        8.533115,
        47.373071,
        411.75
      ],
      [
        8.532982,
        47.373101,
        411.75
      ],
      [
        8.532846,
        47.373133,
        411.5
      ],
      [
        8.532505,
        47.373219,
        408.5
      ],
      [
        8.531997,
        47.373357,
        408.25
      ],
      [
        8.531979,
        47.373361,
        408.5
      ],
      [
        8.531903,
        47.373381,
        409.5
      ],
      [
        8.531765,
        47.373402,
        410.25
      ],
      [
        8.531845,
        47.373493,
        410.25
      ],
      [
        8.53197,
        47.373725,
        410.5
      ],
      [
        8.531964,
        47.373814,
        410.75
      ],
      [
        8.532462,
        47.374534,
        410.0
      ],
      [
        8.532323,
        47.374571,
        410.0
      ],
      [
        8.53176,
        47.374843,
        409.75
      ],
      [
        8.53167,
        47.374901,
        409.75
      ],
      [
        8.530929,
        47.375392,
        409.5
      ],
      [
        8.530619,
        47.375593,
        409.75
      ],
      [
        8.530288,
        47.375802,
        409.0
      ],
      [
        8.52994,
        47.376034,
        409.75
      ],
      [
        8.529734,
        47.37617,
        409.0
      ],
      [
        8.529603,
        47.37626,
        409.5
      ],
      [
        8.529472,
        47.376346,
        409.0
      ],
      [
        8.529445,
        47.376363,
        409.0
      ],
      [
        8.528812,
        47.376785,
        409.5
      ],
      [
        8.528761,
        47.376819,
        409.25
      ],
      [
        8.528827,
        47.376876,
        409.25
      ],
      [
        8.528886,
        47.376925,
        409.0
      ],
      [
        8.529174,
        47.377192,
        408.75
      ],
      [
        8.5293,
        47.377307,
        409.0
      ],
      [
        8.529262,
        47.377326,
        409.0
      ],
      [
        8.529227,
        47.377344,
        409.0
      ],
      [
        8.5292,
        47.37732,
        409.0
      ],
      [
        8.529194,
        47.377314,
        409.0
      ],
      [
        8.52867,
        47.377578,
        409.0
      ],
      [
        8.529194,
        47.377314,
        409.0
      ],
      [
        8.529202,
        47.377285,
        409.0
      ],
      [
        8.529108,
        47.3772,
        409.0
      ],
      [
        8.528831,
        47.376951,
        409.0
      ],
      [
        8.52881,
        47.376934,
        409.25
      ],
      [
        8.528773,
        47.376904,
        409.25
      ],
      [
        8.528757,
        47.376912,
        409.25
      ],
      [
        8.527842,
        47.377389,
        410.0
      ],
      [
        8.527783,
        47.37742,
        410.0
      ],
      [
        8.527756,
        47.377434,
        409.75
      ],
      [
        8.52772,
        47.377452,
        409.75
      ],
      [
        8.526767,
        47.37795,
        409.0
      ],
      [
        8.526719,
        47.377974,
        409.0
      ],
      [
        8.526669,
        47.378,
        409.0
      ],
      [
        8.526263,
        47.378216,
        409.0
      ],
      [
        8.526207,
        47.378246,
        409.0
      ],
      [
        8.525938,
        47.378387,
        408.75
      ],
      [
        8.525819,
        47.378449,
        409.0
      ],
      [
        8.52575,
        47.378486,
        409.0
      ],
      [
        8.525673,
        47.378526,
        409.0
      ],
      [
        8.525591,
        47.37857,
        409.0
      ],
      [
        8.525284,
        47.378734,
        409.0
      ],
      [
        8.525224,
        47.378765,
        408.75
      ],
      [
        8.524954,
        47.378903,
        408.0
      ],
      [
        8.524755,
        47.379011,
        408.25
      ],
      [
        8.524279,
        47.379263,
        408.0
      ],
      [
        8.524245,
        47.37928,
        408.0
      ],
      [
        8.524206,
        47.379301,
        408.0
      ],
      [
        8.524019,
        47.379398,
        408.0
      ],
      [
        8.524005,
        47.379406,
        408.0
      ],
      [
        8.523935,
        47.379441,
        408.0
      ],
      [
        8.523867,
        47.379476,
        408.0
      ],
      [
        8.523681,
        47.379577,
        408.0
      ],
      [
        8.523192,
        47.379837,
        408.0
      ],
      [
        8.523166,
        47.37985,
        408.0
      ],
      [
        8.522779,
        47.380049,
        408.0
      ],
      [
        8.522674,
        47.380101,
        408.0
      ],
      [
        8.522625,
        47.380115,
        408.0
      ],
      [
        8.522536,
        47.380117,
        408.0
      ],
      [
        8.522465,
        47.380105,
        408.0
      ],
      [
        8.522172,
        47.380022,
        408.75
      ],
      [
        8.521877,
        47.37992,
        408.75
      ],
      [
        8.521741,
        47.379864,
        408.75
      ],
      [
        8.521613,
        47.379794,
        408.75
      ],
      [
        8.52153,
        47.379739,
        409.25
      ],
      [
        8.521492,
        47.379679,
        409.5
      ],
      [
        8.521475,
        47.379652,
        409.5
      ],
      [
        8.521455,
        47.379627,
        409.5
      ],
      [
        8.52142,
        47.379583,
        409.25
      ],
      [
        8.520982,
        47.37916,
        410.0
      ],
      [
        8.520243,
        47.378442,
        409.5
      ],
      [
        8.520174,
        47.378386,
        409.5
      ],
      [
        8.520023,
        47.378444,
        407.75
      ],
      [
        8.519895,
        47.378492,
        406.75
      ],
      [
        8.519706,
        47.378558,
        405.5
      ],
      [
        8.51969,
        47.378564,
        405.5
      ],
      [
        8.519678,
        47.378568,
        405.5
      ],
      [
        8.519633,
        47.378584,
        406.25
      ],
      [
        8.519498,
        47.378634,
        409.0
      ],
      [
        8.51938,
        47.378681,
        409.75
      ],
      [
        8.519337,
        47.378698,
        409.75
      ],
      [
        8.519308,
        47.37871,
        409.75
      ],
      [
        8.519248,
        47.378734,
        409.75
      ],
      [
        8.519009,
        47.378832,
        410.0
      ],
      [
        8.51844,
        47.379041,
        409.75
      ],
      [
        8.518368,
        47.379053,
        409.75
      ],
      [
        8.518289,
        47.379065,
        409.75
      ],
      [
        8.518066,
        47.379146,
        409.0
      ],
      [
        8.517084,
        47.37946,
        409.25
      ],
      [
        8.51651,
        47.379633,
        409.5
      ],
      [
        8.516495,
        47.379637,
        409.5
      ],
      [
        8.516453,
        47.37965,
        409.25
      ],
      [
        8.516351,
        47.379685,
        409.25
      ],
      [
        8.516151,
        47.379446,
        409.75
      ],
      [
        8.515832,
        47.37954,
        409.75
      ],
      [
        8.515806,
        47.379584,
        410.0
      ],
      [
        8.515663,
        47.379626,
        409.75
      ],
      [
        8.515002,
        47.379821,
        410.0
      ],
      [
        8.514832,
        47.379872,
        410.0
      ],
      [
        8.513846,
        47.38016,
        409.25
      ],
      [
        8.512907,
        47.380437,
        409.0
      ],
      [
        8.512835,
        47.380461,
        409.0
      ],
      [
        8.5128,
        47.380473,
        409.0
      ],
      [
        8.512763,
        47.380485,
        409.0
      ],
      [
        8.512661,
        47.38052,
        409.0
      ],
      [
        8.512589,
        47.380545,
        408.75
      ],
      [
        8.512516,
        47.38057,
        408.75
      ],
      [
        8.512385,
        47.380615,
        409.0
      ],
      [
        8.512362,
        47.380623,
        409.0
      ],
      [
        8.512321,
        47.380638,
        409.0
      ],
      [
        8.512128,
        47.380713,
        409.0
      ],
      [
        8.511702,
        47.380882,
        409.0
      ],
      [
        8.511488,
        47.380964,
        409.0
      ],
      [
        8.511377,
        47.38101,
        408.75
      ],
      [
        8.511233,
        47.381069,
        408.5
      ],
      [
        8.510694,
        47.381291,
        408.5
      ],
      [
        8.510607,
        47.381328,
        408.25
      ],
      [
        8.510066,
        47.38155,
        409.25
      ],
      [
        8.509938,
        47.381603,
        409.25
      ],
      [
        8.509875,
        47.381629,
        409.25
      ],
      [
        8.509798,
        47.381661,
        409.5
      ],
      [
        8.509718,
        47.381694,
        410.25
      ],
      [
        8.509394,
        47.381829,
        412.5
      ],
      [
        8.509317,
        47.381861,
        411.0
      ],
      [
        8.509204,
        47.381908,
        408.75
      ],
      [
        8.509068,
        47.381965,
        408.0
      ],
      [
        8.508942,
        47.382017,
        408.0
      ],
      [
        8.508242,
        47.38231,
        407.5
      ],
      [
        8.507556,
        47.382597,
        408.0
      ],
      [
        8.507334,
        47.382687,
        408.0
      ],
      [
        8.50625,
        47.383143,
        408.0
      ],
      [
        8.506207,
        47.383164,
        408.0
      ],
      [
        8.50608,
        47.383223,
        408.0
      ],
      [
        8.505972,
        47.383274,
        408.0
      ],
      [
        8.505938,
        47.38329,
        408.0
      ],
      [
        8.504122,
        47.384089,
        407.5
      ],
      [
        8.504009,
        47.384139,
        407.0
      ],
      [
        8.503827,
        47.38422,
        407.25
      ],
      [
        8.503284,
        47.384459,
        406.0
      ],
      [
        8.503232,
        47.384478,
        406.0
      ],
      [
        8.503041,
        47.384538,
        406.0
      ],
      [
        8.502888,
        47.384582,
        406.25
      ],
      [
        8.501942,
        47.384859,
        405.75
      ],
      [
        8.501692,
        47.384932,
        405.25
      ],
      [
        8.50106,
        47.385118,
        405.0
      ],
      [
        8.500911,
        47.38516,
        405.0
      ],
      [
        8.500731,
        47.385214,
        405.0
      ],
      [
        8.499636,
        47.385535,
        404.5
      ],
      [
        8.498745,
        47.385797,
        403.75
      ],
      [
        8.49791,
        47.386042,
        403.75
      ],
      [
        8.497842,
        47.386062,
        403.75
      ],
      [
        8.497511,
        47.386159,
        403.75
      ],
      [
        8.496914,
        47.386334,
        402.75
      ],
      [
        8.496748,
        47.386383,
        402.75
      ],
      [
        8.496716,
        47.386392,
        402.75
      ],
      [
        8.496687,
        47.3864,
        403.0
      ],
      [
        8.496613,
        47.386422,
        403.0
      ],
      [
        8.496518,
        47.38645,
        403.5
      ],
      [
        8.496404,
        47.386485,
        403.75
      ],
      [
        8.496363,
        47.386497,
        403.75
      ],
      [
        8.496332,
        47.386507,
        403.75
      ],
      [
        8.495763,
        47.386677,
        402.75
      ],
      [
        8.494614,
        47.387014,
        403.0
      ],
      [
        8.494422,
        47.387064,
        402.75
      ],
      [
        8.494335,
        47.38709,
        402.75
      ],
      [
        8.494164,
        47.387138,
        402.25
      ],
      [
        8.494002,
        47.387191,
        402.0
      ],
      [
        8.493878,
        47.38723,
        402.0
      ],
      [
        8.493596,
        47.387323,
        402.0
      ],
      [
        8.493451,
        47.387375,
        402.0
      ],
      [
        8.493304,
        47.387428,
        401.75
      ],
      [
        8.492833,
        47.387597,
        402.0
      ],
      [
        8.492169,
        47.387839,
        401.25
      ],
      [
        8.491554,
        47.388064,
        401.0
      ],
      [
        8.491506,
        47.388082,
        401.0
      ],
      [
        8.491318,
        47.388147,
        401.0
      ],
      [
        8.491267,
        47.388163,
        401.0
      ],
      [
        8.49121,
        47.388181,
        401.0
      ],
      [
        8.491047,
        47.38825,
        401.0
      ],
      [
        8.490873,
        47.388311,
        401.0
      ],
      [
        8.490847,
        47.388321,
        401.0
      ],
      [
        8.490805,
        47.388336,
        400.75
      ],
      [
        8.490295,
        47.388523,
        400.5
      ],
      [
        8.490183,
        47.388563,
        400.75
      ],
      [
        8.489999,
        47.388638,
        401.0
      ],
      [
        8.489905,
        47.388671,
        401.0
      ],
      [
        8.48971,
        47.388735,
        401.0
      ],
      [
        8.489123,
        47.388949,
        400.75
      ],
      [
        8.488976,
        47.389002,
        400.75
      ],
      [
        8.488956,
        47.388948,
        400.75
      ],
      [
        8.488934,
        47.388892,
        400.75
      ],
      [
        8.488806,
        47.388587,
        401.0
      ],
      [
        8.488679,
        47.388258,
        401.0
      ],
      [
        8.488554,
        47.387957,
        402.0
      ],
      [
        8.488448,
        47.387671,
        403.0
      ],
      [
        8.488342,
        47.387407,
        404.0
      ],
      [
        8.488327,
        47.387371,
        404.0
      ],
      [
        8.488313,
        47.387336,
        404.0
      ],
      [
        8.488286,
        47.387273,
        404.0
      ],
      [
        8.48808,
        47.387307,
        404.0
      ],
      [
        8.487841,
        47.387353,
        404.0
      ],
      [
        8.487446,
        47.387455,
        403.0
      ],
      [
        8.486852,
        47.387663,
        402.5
      ],
      [
        8.486645,
        47.38773,
        402.0
      ],
      [
        8.486549,
        47.387816,
        401.75
      ],
      [
        8.486462,
        47.387848,
        401.75
      ],
      [
        8.485768,
        47.387974,
        402.0
      ],
      [
        8.485429,
        47.388025,
        402.0
      ],
      [
        8.485294,
        47.388046,
        402.0
      ],
      [
        8.485246,
        47.388055,
        402.0
      ],
      [
        8.485126,
        47.388077,
        402.0
      ],
      [
        8.485065,
        47.388088,
        402.0
      ],
      [
        8.484879,
        47.38813,
        401.75
      ],
      [
        8.48442,
        47.388284,
        402.0
      ],
      [
        8.484163,
        47.388395,
        401.75
      ],
      [
        8.48399,
        47.388482,
        402.0
      ],
      [
        8.483838,
        47.388581,
        402.0
      ],
      [
        8.48367,
        47.388685,
        402.0
      ],
      [
        8.483621,
        47.388715,
        402.0
      ],
      [
        8.483339,
        47.388889,
        401.75
      ],
      [
        8.483155,
        47.388995,
        401.75
      ],
      [
        8.482821,
        47.389183,
        401.75
      ],
      [
        8.482618,
        47.389284,
        401.5
      ],
      [
        8.482206,
        47.389488,
        401.5
      ],
      [
        8.481083,
        47.389901,
        401.0
      ],
      [
        8.480799,
        47.390008,
        400.75
      ],
      [
        8.480608,
        47.390095,
        399.75
      ],
      [
        8.480461,
        47.390143,
        399.5
      ],
      [
        8.480285,
        47.390202,
        399.75
      ],
      [
        8.479992,
        47.390331,
        399.5
      ],
      [
        8.479812,
        47.390441,
        399.5
      ],
      [
        8.479596,
        47.390589,
        399.75
      ],
      [
        8.479466,
        47.390695,
        399.25
      ],
      [
        8.479451,
        47.390707,
        399.25
      ],
      [
        8.479421,
        47.39073,
        399.25
      ],
      [
        8.47938,
        47.390763,
        399.25
      ],
      [
        8.479347,
        47.390789,
        399.0
      ],
      [
        8.47922,
        47.390881,
        399.0
      ],
      [
        8.47914,
        47.390942,
        398.75
      ],
      [
        8.479019,
        47.391047,
        399.0
      ],
      [
        8.478882,
        47.391147,
        398.75
      ],
      [
        8.478789,
        47.391223,
        398.5
      ],
      [
        8.478516,
        47.39145,
        398.0
      ],
      [
        8.478383,
        47.391525,
        398.0
      ],
      [
        8.478118,
        47.391755,
        397.5
      ],
      [
        8.47799,
        47.391835,
        397.5
      ],
      [
        8.477807,
        47.391926,
        397.25
      ],
      [
        8.47768,
        47.391976,
        397.0
      ],
      [
        8.476817,
        47.392273,
        397.75
      ],
      [
        8.476552,
        47.392387,
        397.75
      ],
      [
        8.476463,
        47.392415,
        398.0
      ],
      [
        8.476359,
        47.392437,
        398.25
      ],
      [
        8.475594,
        47.392712,
        398.25
      ],
      [
        8.475178,
        47.392855,
        398.5
      ],
      [
        8.474997,
        47.392943,
        398.25
      ],
      [
        8.47492,
        47.392972,
        398.5
      ],
      [
        8.47423,
        47.393215,
        397.75
      ],
      [
        8.474183,
        47.393229,
        397.75
      ],
      [
        8.474048,
        47.393269,
        398.0
      ],
      [
        8.473586,
        47.393434,
        397.75
      ],
      [
        8.47334,
        47.393525,
        397.25
      ],
      [
        8.472803,
        47.393737,
        397.0
      ],
      [
        8.472659,
        47.393794,
        397.0
      ],
      [
        8.472554,
        47.393835,
        397.0
      ],
      [
        8.472437,
        47.393881,
        397.0
      ],
      [
        8.472207,
        47.393958,
        397.25
      ],
      [
        8.472034,
        47.394029,
        397.5
      ],
      [
        8.470379,
        47.394695,
        396.25
      ],
      [
        8.469663,
        47.394964,
        396.75
      ],
      [
        8.469146,
        47.395142,
        396.5
      ],
      [
        8.468366,
        47.395399,
        396.0
      ],
      [
        8.467973,
        47.395536,
        396.0
      ],
      [
        8.467728,
        47.395634,
        396.0
      ],
      [
        8.467483,
        47.395733,
        396.0
      ],
      [
        8.467445,
        47.395748,
        396.0
      ],
      [
        8.467286,
        47.395821,
        396.0
      ],
      [
        8.467138,
        47.395885,
        395.75
      ],
      [
        8.466489,
        47.396181,
        395.5
      ],
      [
        8.466443,
        47.396202,
        395.5
      ],
      [
        8.466266,
        47.396282,
        395.5
      ],
      [
        8.465819,
        47.396461,
        395.5
      ],
      [
        8.465255,
        47.396674,
        395.75
      ],
      [
        8.464861,
        47.396793,
        395.5
      ],
      [
        8.464584,
        47.396857,
        395.5
      ],
      [
        8.464015,
        47.396965,
        395.75
      ],
      [
        8.463838,
        47.396997,
        395.75
      ],
      [
        8.463465,
        47.39708,
        395.5
      ],
      [
        8.463324,
        47.397113,
        395.25
      ],
      [
        8.463009,
        47.397168,
        395.0
      ],
      [
        8.462878,
        47.39719,
        395.0
      ],
      [
        8.462682,
        47.397226,
        395.0
      ],
      [
        8.462652,
        47.397157,
        395.25
      ],
      [
        8.462641,
        47.397131,
        395.25
      ],
      [
        8.46262,
        47.397083,
        395.25
      ],
      [
        8.462584,
        47.396998,
        395.25
      ],
      [
        8.462573,
        47.396969,
        395.25
      ],
      [
        8.462325,
        47.396338,
        396.25
      ],
      [
        8.462255,
        47.396187,
        396.75
      ],
      [
        8.461985,
        47.396254,
        396.25
      ],
      [
        8.460661,
        47.396548,
        397.5
      ],
      [
        8.460625,
        47.396555,
        397.5
      ],
      [
        8.459848,
        47.396717,
        396.75
      ],
      [
        8.459464,
        47.396791,
        397.0
      ],
      [
        8.459418,
        47.396793,
        397.0
      ],
      [
        8.459351,
        47.396796,
        397.0
      ],
      [
        8.459284,
        47.396819,
        396.75
      ],
      [
        8.459055,
        47.396864,
        396.75
      ],
      [
        8.458971,
        47.396888,
        397.0
      ],
      [
        8.458905,
        47.396925,
        397.0
      ],
      [
        8.458869,
        47.396949,
        396.75
      ],
      [
        8.458759,
        47.396969,
        396.75
      ],
      [
        8.458661,
        47.396988,
        396.75
      ],
      [
        8.45862,
        47.396995,
        396.75
      ],
      [
        8.458574,
        47.397004,
        396.75
      ],
      [
        8.45844,
        47.39702,
        396.5
      ],
      [
        8.458275,
        47.397048,
        396.25
      ],
      [
        8.4582,
        47.397077,
        396.0
      ],
      [
        8.457898,
        47.397106,
        396.25
      ],
      [
        8.457841,
        47.397104,
        396.5
      ],
      [
        8.457659,
        47.397123,
        396.5
      ],
      [
        8.45756,
        47.397145,
        396.5
      ],
      [
        8.457342,
        47.39716,
        396.25
      ],
      [
        8.457227,
        47.397176,
        396.25
      ],
      [
        8.457141,
        47.397172,
        396.25
      ],
      [
        8.456764,
        47.397188,
        396.0
      ],
      [
        8.456667,
        47.397167,
        396.0
      ],
      [
        8.456624,
        47.397152,
        396.25
      ],
      [
        8.456592,
        47.397142,
        396.25
      ],
      [
        8.456193,
        47.397175,
        396.25
      ],
      [
        8.456147,
        47.397163,
        396.25
      ],
      [
        8.456097,
        47.397161,
        396.25
      ],
      [
        8.454803,
        47.397203,
        396.25
      ],
      [
        8.454709,
        47.397199,
        396.25
      ],
      [
        8.454634,
        47.397201,
        396.25
      ],
      [
        8.454532,
        47.397202,
        396.25
      ],
      [
        8.454467,
        47.397209,
        396.0
      ],
      [
        8.454378,
        47.397214,
        396.0
      ],
      [
        8.453453,
        47.397181,
        397.5
      ],
      [
        8.453252,
        47.397172,
        397.5
      ],
      [
        8.453056,
        47.397155,
        397.5
      ],
      [
        8.452861,
        47.397133,
        397.5
      ],
      [
        8.452696,
        47.397104,
        397.75
      ],
      [
        8.452565,
        47.397084,
        397.75
      ],
      [
        8.452488,
        47.39707,
        398.0
      ],
      [
        8.452406,
        47.397053,
        398.0
      ],
      [
        8.452322,
        47.397038,
        397.75
      ],
      [
        8.45226,
        47.397028,
        397.75
      ],
      [
        8.452119,
        47.396989,
        397.5
      ],
      [
        8.451688,
        47.396906,
        397.5
      ],
      [
        8.451639,
        47.396896,
        397.5
      ],
      [
        8.451192,
        47.396811,
        397.75
      ],
      [
        8.451093,
        47.396804,
        397.5
      ],
      [
        8.451016,
        47.396789,
        397.5
      ],
      [
        8.45098,
        47.396776,
        397.5
      ],
      [
        8.450907,
        47.396761,
        397.5
      ],
      [
        8.450839,
        47.396747,
        397.5
      ],
      [
        8.45077,
        47.396734,
        397.5
      ],
      [
        8.449721,
        47.396535,
        397.25
      ],
      [
        8.44957,
        47.396507,
        397.5
      ],
      [
        8.449516,
        47.396496,
        397.5
      ],
      [
        8.449426,
        47.396473,
        397.5
      ],
      [
        8.449062,
        47.396404,
        397.5
      ],
      [
        8.449005,
        47.396393,
        397.25
      ],
      [
        8.448771,
        47.396349,
        397.5
      ],
      [
        8.448337,
        47.396266,
        398.0
      ],
      [
        8.44827,
        47.396253,
        397.75
      ],
      [
        8.448126,
        47.39624,
        397.5
      ],
      [
        8.448057,
        47.396241,
        397.5
      ],
      [
        8.448046,
        47.396128,
        397.75
      ],
      [
        8.447965,
        47.396117,
        397.75
      ],
      [
        8.447872,
        47.396093,
        398.0
      ],
      [
        8.447465,
        47.395889,
        399.0
      ],
      [
        8.44733,
        47.395825,
        399.5
      ],
      [
        8.447114,
        47.395742,
        399.5
      ],
      [
        8.447024,
        47.395723,
        399.5
      ],
      [
        8.446807,
        47.395696,
        399.25
      ],
      [
        8.446689,
        47.395688,
        399.5
      ],
      [
        8.446082,
        47.395681,
        399.0
      ],
      [
        8.445288,
        47.395686,
        398.0
      ],
      [
        8.445184,
        47.395674,
        397.75
      ],
      [
        8.445102,
        47.395637,
        397.75
      ],
      [
        8.445038,
        47.395579,
        398.0
      ],
      [
        8.444669,
        47.395246,
        400.25
      ],
      [
        8.444455,
        47.395053,
        401.5
      ],
      [
        8.444375,
        47.394981,
        402.0
      ],
      [
        8.444295,
        47.394909,
        402.25
      ],
      [
        8.444231,
        47.394932,
        402.25
      ],
      [
        8.444132,
        47.394936,
        402.25
      ],
      [
        8.443768,
        47.394922,
        402.5
      ],
      [
        8.443411,
        47.394908,
        402.25
      ],
      [
        8.442813,
        47.394889,
        401.0
      ],
      [
        8.44214,
        47.394866,
        400.0
      ],
      [
        8.441991,
        47.394862,
        399.5
      ],
      [
        8.441642,
        47.394848,
        400.5
      ],
      [
        8.440824,
        47.394817,
        400.75
      ],
      [
        8.440167,
        47.394792,
        401.25
      ],
      [
        8.439728,
        47.394768,
        402.25
      ],
      [
        8.439341,
        47.39474,
        404.0
      ],
      [
        8.439268,
        47.394735,
        404.25
      ],
      [
        8.439181,
        47.394727,
        404.75
      ],
      [
        8.438671,
        47.394683,
        407.25
      ],
      [
        8.438393,
        47.394659,
        408.0
      ],
      [
        8.437977,
        47.394623,
        410.25
      ],
      [
        8.437828,
        47.394608,
        410.5
      ],
      [
        8.437588,
        47.394581,
        410.5
      ],
      [
        8.437305,
        47.394545,
        410.5
      ],
      [
        8.437151,
        47.394524,
        410.5
      ],
      [
        8.436954,
        47.394495,
        410.75
      ],
      [
        8.436813,
        47.394463,
        410.75
      ],
      [
        8.436534,
        47.394416,
        410.5
      ],
      [
        8.436418,
        47.394406,
        410.0
      ],
      [
        8.436314,
        47.394388,
        410.25
      ],
      [
        8.436034,
        47.394332,
        410.75
      ],
      [
        8.43592,
        47.394321,
        410.5
      ],
      [
        8.435764,
        47.394289,
        410.5
      ],
      [
        8.435679,
        47.394259,
        410.5
      ],
      [
        8.435607,
        47.394241,
        410.5
      ],
      [
        8.435172,
        47.394137,
        412.0
      ],
      [
        8.435121,
        47.394112,
        412.0
      ],
      [
        8.435022,
        47.394087,
        412.0
      ],
      [
        8.434937,
        47.394076,
        412.0
      ],
      [
        8.434871,
        47.394059,
        412.0
      ],
      [
        8.434758,
        47.394054,
        412.25
      ],
      [
        8.434689,
        47.394057,
        412.25
      ],
      [
        8.434534,
        47.394079,
        412.0
      ],
      [
        8.434361,
        47.394113,
        412.0
      ],
      [
        8.434271,
        47.394132,
        412.0
      ],
      [
        8.434202,
        47.394036,
        412.0
      ],
      [
        8.434064,
        47.393904,
        412.0
      ],
      [
        8.433924,
        47.393817,
        412.25
      ],
      [
        8.433703,
        47.39373,
        412.0
      ],
      [
        8.433475,
        47.393667,
        411.75
      ],
      [
        8.433239,
        47.393601,
        411.0
      ],
      [
        8.433044,
        47.393548,
        411.25
      ],
      [
        8.4323,
        47.393346,
        410.0
      ],
      [
        8.432188,
        47.393315,
        410.0
      ],
      [
        8.432003,
        47.393264,
        410.0
      ],
      [
        8.431343,
        47.39308,
        409.75
      ],
      [
        8.431,
        47.392985,
        409.25
      ],
      [
        8.43058,
        47.39287,
        409.25
      ],
      [
        8.429883,
        47.392674,
        409.0
      ],
      [
        8.429432,
        47.39255,
        408.0
      ],
      [
        8.429138,
        47.392469,
        408.75
      ],
      [
        8.428904,
        47.392405,
        408.25
      ],
      [
        8.428851,
        47.392468,
        408.0
      ],
      [
        8.428761,
        47.392632,
        408.0
      ],
      [
        8.428719,
        47.392724,
        408.0
      ],
      [
        8.428501,
        47.393211,
        407.25
      ],
      [
        8.428481,
        47.393256,
        407.0
      ],
      [
        8.428448,
        47.393339,
        407.0
      ],
      [
        8.428315,
        47.393693,
        406.75
      ],
      [
        8.428267,
        47.393819,
        406.75
      ],
      [
        8.42818,
        47.393967,
        406.25
      ],
      [
        8.428174,
        47.39398,
        406.25
      ],
      [
        8.428179,
        47.394019,
        406.25
      ],
      [
        8.42812,
        47.394043,
        406.0
      ],
      [
        8.428035,
        47.394101,
        406.0
      ],
      [
        8.427976,
        47.394144,
        406.0
      ],
      [
        8.427928,
        47.394179,
        406.0
      ],
      [
        8.427798,
        47.394243,
        406.75
      ],
      [
        8.42768,
        47.394274,
        406.5
      ],
      [
        8.42756,
        47.394295,
        406.0
      ],
      [
        8.42742,
        47.39431,
        405.5
      ],
      [
        8.426518,
        47.394316,
        405.0
      ],
      [
        8.426195,
        47.394321,
        404.25
      ],
      [
        8.426016,
        47.394321,
        404.0
      ],
      [
        8.425884,
        47.394314,
        404.0
      ],
      [
        8.425752,
        47.394281,
        404.0
      ],
      [
        8.425479,
        47.394248,
        404.0
      ],
      [
        8.42522,
        47.394206,
        403.5
      ],
      [
        8.425001,
        47.394162,
        403.0
      ],
      [
        8.424848,
        47.394175,
        403.0
      ],
      [
        8.424745,
        47.394128,
        403.0
      ],
      [
        8.424297,
        47.394028,
        403.25
      ],
      [
        8.423967,
        47.393959,
        403.0
      ],
      [
        8.423873,
        47.393941,
        402.75
      ],
      [
        8.423696,
        47.393921,
        402.75
      ],
      [
        8.423627,
        47.393907,
        402.75
      ],
      [
        8.422926,
        47.393767,
        405.0
      ],
      [
        8.422808,
        47.393739,
        405.25
      ],
      [
        8.422681,
        47.393694,
        405.5
      ],
      [
        8.422537,
        47.393664,
        405.75
      ],
      [
        8.422064,
        47.393591,
        406.0
      ],
      [
        8.421422,
        47.393494,
        405.25
      ],
      [
        8.420893,
        47.393411,
        404.25
      ],
      [
        8.420226,
        47.393328,
        405.0
      ],
      [
        8.41973,
        47.393273,
        405.0
      ],
      [
        8.419558,
        47.393251,
        405.25
      ],
      [
        8.419516,
        47.393246,
        405.25
      ],
      [
        8.419397,
        47.393253,
        405.0
      ],
      [
        8.419302,
        47.393273,
        405.0
      ],
      [
        8.419255,
        47.393238,
        405.0
      ],
      [
        8.419206,
        47.393223,
        405.0
      ],
      [
        8.418848,
        47.393184,
        405.0
      ],
      [
        8.418727,
        47.393173,
        405.0
      ],
      [
        8.418464,
        47.393167,
        405.0
      ],
      [
        8.418421,
        47.393166,
        405.0
      ],
      [
        8.418133,
        47.393128,
        405.0
      ],
      [
        8.418078,
        47.393132,
        404.75
      ],
      [
        8.417999,
        47.393189,
        405.0
      ],
      [
        8.417971,
        47.393189,
        405.0
      ],
      [
        8.417938,
        47.393188,
        405.0
      ],
      [
        8.417931,
        47.393188,
        405.0
      ],
      [
        8.417911,
        47.393188,
        404.75
      ],
      [
        8.417878,
        47.393259,
        405.0
      ],
      [
        8.417835,
        47.393404,
        404.5
      ],
      [
        8.417787,
        47.393445,
        404.5
      ],
      [
        8.417693,
        47.393742,
        402.0
      ],
      [
        8.417662,
        47.393757,
        401.5
      ],
      [
        8.417585,
        47.393791,
        400.25
      ],
      [
        8.41702,
        47.394045,
        399.75
      ],
      [
        8.416977,
        47.394058,
        400.5
      ],
      [
        8.416891,
        47.394064,
        401.5
      ],
      [
        8.416828,
        47.394049,
        401.75
      ],
      [
        8.416691,
        47.393995,
        402.5
      ],
      [
        8.41661,
        47.393958,
        403.0
      ],
      [
        8.416687,
        47.39392,
        402.5
      ],
      [
        8.416722,
        47.393911,
        402.0
      ],
      [
        8.416763,
        47.39391,
        401.25
      ],
      [
        8.416797,
        47.393924,
        400.75
      ],
      [
        8.416818,
        47.393943,
        400.75
      ],
      [
        8.416823,
        47.393961,
        400.75
      ],
      [
        8.416807,
        47.39399,
        401.25
      ],
      [
        8.416796,
        47.394011,
        401.5
      ],
      [
        8.41664,
        47.394233,
        402.75
      ],
      [
        8.416529,
        47.394394,
        402.25
      ],
      [
        8.416356,
        47.394657,
        400.5
      ],
      [
        8.415943,
        47.394667,
        401.25
      ],
      [
        8.415517,
        47.394704,
        402.0
      ],
      [
        8.41534,
        47.394749,
        401.75
      ],
      [
        8.415193,
        47.394806,
        401.25
      ],
      [
        8.414378,
        47.395262,
        401.75
      ],
      [
        8.413497,
        47.395791,
        400.25
      ],
      [
        8.41316,
        47.396025,
        400.0
      ],
      [
        8.412714,
        47.396305,
        397.75
      ],
      [
        8.412083,
        47.396695,
        393.25
      ],
      [
        8.411978,
        47.396749,
        392.75
      ],
      [
        8.41191,
        47.396786,
        392.5
      ],
      [
        8.411775,
        47.396853,
        393.25
      ],
      [
        8.411573,
        47.396955,
        394.25
      ],
      [
        8.411259,
        47.397138,
        395.5
      ],
      [
        8.411066,
        47.39728,
        397.0
      ],
      [
        8.410808,
        47.397412,
        397.75
      ],
      [
        8.41046,
        47.397536,
        397.75
      ],
      [
        8.409913,
        47.397708,
        398.25
      ],
      [
        8.409602,
        47.397789,
        398.25
      ],
      [
        8.409042,
        47.397919,
        398.0
      ],
      [
        8.408851,
        47.397956,
        398.25
      ],
      [
        8.408321,
        47.398068,
        397.75
      ],
      [
        8.407644,
        47.398187,
        398.25
      ],
      [
        8.40745,
        47.398233,
        398.25
      ],
      [
        8.407404,
        47.398246,
        398.25
      ],
      [
        8.407021,
        47.398353,
        398.75
      ],
      [
        8.406862,
        47.398408,
        398.75
      ],
      [
        8.406231,
        47.398633,
        399.25
      ],
      [
        8.405883,
        47.398761,
        398.5
      ],
      [
        8.405452,
        47.398924,
        399.75
      ],
      [
        8.405083,
        47.399043,
        400.0
      ],
      [
        8.404705,
        47.399152,
        401.0
      ],
      [
        8.40403,
        47.399335,
        401.25
      ],
      [
        8.403924,
        47.399355,
        401.75
      ],
      [
        8.403782,
        47.399372,
        401.5
      ],
      [
        8.403523,
        47.399392,
        401.25
      ],
      [
        8.403082,
        47.39941,
        402.0
      ],
      [
        8.403058,
        47.399411,
        402.0
      ],
      [
        8.402987,
        47.399415,
        402.0
      ],
      [
        8.402917,
        47.399417,
        402.0
      ],
      [
        8.402885,
        47.399419,
        402.0
      ],
      [
        8.402635,
        47.399425,
        402.0
      ],
      [
        8.402405,
        47.399434,
        402.0
      ],
      [
        8.402162,
        47.399461,
        401.75
      ],
      [
        8.402002,
        47.399511,
        401.75
      ],
      [
        8.40085,
        47.399959,
        402.0
      ],
      [
        8.400233,
        47.400215,
        402.0
      ],
      [
        8.400203,
        47.400228,
        402.0
      ],
      [
        8.400182,
        47.400195,
        402.25
      ],
      [
        8.400177,
        47.400187,
        402.25
      ],
      [
        8.400149,
        47.400189,
        402.25
      ],
      [
        8.400102,
        47.400171,
        402.25
      ],
      [
        8.400073,
        47.400139,
        402.25
      ],
      [
        8.400052,
        47.400117,
        402.5
      ],
      [
        8.399996,
        47.399999,
        403.25
      ],
      [
        8.400052,
        47.400117,
        402.5
      ],
      [
        8.400073,
        47.400139,
        402.25
      ],
      [
        8.400102,
        47.400171,
        402.25
      ],
      [
        8.400149,
        47.400189,
        402.25
      ],
      [
        8.400177,
        47.400187,
        402.25
      ],
      [
        8.400182,
        47.400195,
        402.25
      ],
      [
        8.400203,
        47.400228,
        402.0
      ],
      [
        8.400099,
        47.400262,
        402.0
      ],
      [
        8.400022,
        47.400286,
        401.75
      ],
      [
        8.399875,
        47.400329,
        401.25
      ],
      [
        8.39982,
        47.400344,
        401.25
      ],
      [
        8.399234,
        47.400515,
        399.5
      ],
      [
        8.399148,
        47.40054,
        399.0
      ],
      [
        8.398826,
        47.400637,
        398.75
      ],
      [
        8.39837,
        47.400807,
        397.25
      ],
      [
        8.398287,
        47.40084,
        397.0
      ],
      [
        8.398214,
        47.400869,
        397.25
      ],
      [
        8.397974,
        47.400964,
        397.0
      ],
      [
        8.397916,
        47.400993,
        396.75
      ],
      [
        8.397664,
        47.401116,
        396.0
      ],
      [
        8.39762,
        47.401138,
        396.0
      ],
      [
        8.397451,
        47.401224,
        396.0
      ],
      [
        8.397282,
        47.401303,
        396.0
      ],
      [
        8.39721,
        47.401338,
        396.0
      ],
      [
        8.396596,
        47.401628,
        395.0
      ],
      [
        8.39645,
        47.401701,
        395.0
      ],
      [
        8.396387,
        47.401749,
        395.0
      ],
      [
        8.396199,
        47.401941,
        395.5
      ],
      [
        8.396169,
        47.401975,
        395.5
      ],
      [
        8.396128,
        47.402007,
        395.25
      ],
      [
        8.396045,
        47.402068,
        395.0
      ],
      [
        8.395986,
        47.402112,
        394.75
      ],
      [
        8.395955,
        47.402136,
        394.75
      ],
      [
        8.395895,
        47.402183,
        395.25
      ],
      [
        8.395769,
        47.402291,
        397.0
      ],
      [
        8.395431,
        47.402588,
        397.75
      ],
      [
        8.395252,
        47.402767,
        398.25
      ],
      [
        8.395213,
        47.402787,
        398.25
      ],
      [
        8.395208,
        47.402836,
        398.25
      ],
      [
        8.395142,
        47.402927,
        398.25
      ],
      [
        8.394867,
        47.403436,
        398.75
      ],
      [
        8.394795,
        47.403546,
        398.75
      ],
      [
        8.394708,
        47.403662,
        399.0
      ],
      [
        8.394464,
        47.403927,
        398.75
      ],
      [
        8.394279,
        47.404093,
        399.0
      ],
      [
        8.39423,
        47.404136,
        399.0
      ],
      [
        8.394168,
        47.404191,
        398.75
      ],
      [
        8.394078,
        47.404143,
        399.25
      ],
      [
        8.393722,
        47.403956,
        399.75
      ],
      [
        8.393695,
        47.403942,
        399.75
      ],
      [
        8.393479,
        47.403829,
        400.25
      ],
      [
        8.393424,
        47.4038,
        400.5
      ],
      [
        8.393401,
        47.403736,
        400.75
      ],
      [
        8.392858,
        47.403442,
        401.75
      ],
      [
        8.392771,
        47.403406,
        402.0
      ],
      [
        8.392684,
        47.403497,
        401.75
      ],
      [
        8.392481,
        47.403711,
        401.0
      ],
      [
        8.392368,
        47.403827,
        401.0
      ],
      [
        8.392196,
        47.403997,
        401.0
      ],
      [
        8.391855,
        47.404314,
        399.75
      ],
      [
        8.391611,
        47.404539,
        399.0
      ],
      [
        8.391424,
        47.404687,
        399.0
      ],
      [
        8.390565,
        47.405343,
        398.0
      ],
      [
        8.390532,
        47.40538,
        398.0
      ],
      [
        8.390518,
        47.405413,
        398.0
      ],
      [
        8.390393,
        47.4054,
        398.25
      ],
      [
        8.390057,
        47.405636,
        398.0
      ],
      [
        8.389776,
        47.405676,
        398.0
      ],
      [
        8.388876,
        47.405865,
        397.75
      ],
      [
        8.388627,
        47.406025,
        397.0
      ],
      [
        8.387881,
        47.406723,
        397.0
      ],
      [
        8.387665,
        47.406924,
        397.25
      ],
      [
        8.387397,
        47.407171,
        397.25
      ],
      [
        8.387087,
        47.407457,
        397.5
      ],
      [
        8.38665,
        47.407248,
        398.0
      ],
      [
        8.386408,
        47.407132,
        398.75
      ],
      [
        8.386427,
        47.407113,
        398.75
      ],
      [
        8.386432,
        47.407071,
        398.75
      ],
      [
        8.386401,
        47.407036,
        398.75
      ],
      [
        8.386355,
        47.40702,
        399.0
      ],
      [
        8.386293,
        47.407025,
        399.0
      ],
      [
        8.386261,
        47.407041,
        399.25
      ],
      [
        8.386241,
        47.407062,
        399.25
      ],
      [
        8.386239,
        47.407106,
        399.0
      ],
      [
        8.386167,
        47.407146,
        399.0
      ],
      [
        8.385949,
        47.407331,
        399.5
      ],
      [
        8.385498,
        47.407714,
        400.25
      ],
      [
        8.38534,
        47.407848,
        400.25
      ],
      [
        8.384759,
        47.408339,
        400.5
      ],
      [
        8.384421,
        47.408633,
        400.0
      ],
      [
        8.383872,
        47.409095,
        400.25
      ],
      [
        8.383522,
        47.409403,
        400.25
      ],
      [
        8.382917,
        47.409924,
        399.25
      ],
      [
        8.381492,
        47.410938,
        399.5
      ],
      [
        8.379643,
        47.412233,
        400.75
      ],
      [
        8.376293,
        47.414626,
        405.0
      ],
      [
        8.37617,
        47.414705,
        405.0
      ],
      [
        8.375943,
        47.414821,
        405.0
      ],
      [
        8.375266,
        47.415117,
        405.0
      ],
      [
        8.375158,
        47.415168,
        405.0
      ],
      [
        8.374775,
        47.415332,
        405.25
      ],
      [
        8.374388,
        47.415498,
        404.5
      ],
      [
        8.374002,
        47.415664,
        404.75
      ],
      [
        8.373356,
        47.415941,
        404.5
      ],
      [
        8.373604,
        47.416206,
        404.0
      ],
      [
        8.373772,
        47.41638,
        404.0
      ],
      [
        8.373955,
        47.416565,
        403.25
      ],
      [
        8.373991,
        47.416601,
        403.0
      ],
      [
        8.37418,
        47.416793,
        403.0
      ],
      [
        8.374235,
        47.416863,
        403.0
      ],
      [
        8.373604,
        47.417091,
        401.75
      ],
      [
        8.373369,
        47.417168,
        402.75
      ],
      [
        8.373287,
        47.417198,
        402.75
      ],
      [
        8.373251,
        47.417215,
        402.75
      ],
      [
        8.37323,
        47.417226,
        402.75
      ],
      [
        8.372936,
        47.417383,
        402.25
      ],
      [
        8.372879,
        47.417414,
        402.5
      ],
      [
        8.372846,
        47.417432,
        402.5
      ],
      [
        8.372872,
        47.417455,
        402.5
      ],
      [
        8.372884,
        47.417483,
        402.5
      ],
      [
        8.372882,
        47.417512,
        402.5
      ],
      [
        8.372865,
        47.417539,
        402.5
      ],
      [
        8.372836,
        47.41756,
        402.75
      ],
      [
        8.372803,
        47.417572,
        402.75
      ],
      [
        8.37273,
        47.417575,
        403.0
      ],
      [
        8.372667,
        47.417549,
        403.25
      ],
      [
        8.372641,
        47.417565,
        403.25
      ],
      [
        8.372583,
        47.4176,
        403.25
      ],
      [
        8.372318,
        47.417756,
        403.0
      ],
      [
        8.372222,
        47.417828,
        402.75
      ],
      [
        8.372043,
        47.417987,
        402.75
      ],
      [
        8.372016,
        47.41801,
        402.75
      ],
      [
        8.371263,
        47.418677,
        402.25
      ],
      [
        8.371221,
        47.418719,
        402.5
      ],
      [
        8.370519,
        47.419343,
        405.0
      ],
      [
        8.370473,
        47.419384,
        405.0
      ],
      [
        8.370456,
        47.419376,
        405.0
      ],
      [
        8.370278,
        47.419295,
        405.5
      ],
      [
        8.369524,
        47.418961,
        407.5
      ],
      [
        8.369279,
        47.418891,
        407.75
      ],
      [
        8.369135,
        47.418869,
        408.0
      ],
      [
        8.368943,
        47.418853,
        408.5
      ],
      [
        8.368874,
        47.418849,
        408.75
      ],
      [
        8.36874,
        47.418855,
        408.75
      ],
      [
        8.36826,
        47.418896,
        410.0
      ],
      [
        8.368043,
        47.418922,
        410.75
      ],
      [
        8.36789,
        47.41894,
        410.75
      ],
      [
        8.367726,
        47.418977,
        411.0
      ],
      [
        8.367612,
        47.41903,
        411.25
      ],
      [
        8.367556,
        47.419057,
        411.25
      ],
      [
        8.367314,
        47.41917,
        411.5
      ],
      [
        8.367296,
        47.419179,
        411.5
      ],
      [
        8.36702,
        47.419319,
        411.25
      ],
      [
        8.366894,
        47.419388,
        411.0
      ],
      [
        8.366699,
        47.419494,
        410.75
      ],
      [
        8.366492,
        47.419616,
        411.25
      ],
      [
        8.366321,
        47.419725,
        411.0
      ],
      [
        8.365938,
        47.419984,
        412.0
      ],
      [
        8.365579,
        47.420257,
        410.25
      ],
      [
        8.365309,
        47.420482,
        411.25
      ],
      [
        8.365037,
        47.420729,
        411.0
      ],
      [
        8.364808,
        47.420957,
        410.25
      ],
      [
        8.364612,
        47.421193,
        409.25
      ],
      [
        8.364482,
        47.421352,
        409.0
      ],
      [
        8.363985,
        47.422012,
        409.0
      ],
      [
        8.36388,
        47.422144,
        408.5
      ],
      [
        8.363836,
        47.422206,
        408.25
      ],
      [
        8.363512,
        47.422656,
        406.75
      ],
      [
        8.363436,
        47.422757,
        406.0
      ],
      [
        8.363275,
        47.422966,
        405.25
      ],
      [
        8.363178,
        47.42308,
        404.75
      ],
      [
        8.36307,
        47.423209,
        404.25
      ],
      [
        8.362938,
        47.423373,
        403.75
      ],
      [
        8.36238,
        47.424032,
        401.5
      ],
      [
        8.362304,
        47.424124,
        401.75
      ],
      [
        8.362237,
        47.424203,
        401.75
      ],
      [
        8.361612,
        47.424957,
        401.0
      ],
      [
        8.36155,
        47.42503,
        400.75
      ],
      [
        8.361155,
        47.425494,
        401.0
      ],
      [
        8.36101,
        47.425664,
        400.75
      ],
      [
        8.360895,
        47.425795,
        400.75
      ],
      [
        8.360781,
        47.425927,
        400.75
      ],
      [
        8.360635,
        47.426101,
        400.0
      ],
      [
        8.360483,
        47.426277,
        400.25
      ],
      [
        8.360208,
        47.426619,
        400.75
      ],
      [
        8.359916,
        47.426999,
        400.0
      ],
      [
        8.359635,
        47.427381,
        399.75
      ],
      [
        8.359231,
        47.42792,
        399.0
      ],
      [
        8.358964,
        47.428221,
        398.5
      ],
      [
        8.358433,
        47.428722,
        398.5
      ],
      [
        8.358366,
        47.428787,
        398.5
      ],
      [
        8.35821,
        47.428937,
        397.25
      ],
      [
        8.358145,
        47.429,
        397.0
      ],
      [
        8.358111,
        47.429032,
        397.0
      ],
      [
        8.357633,
        47.429465,
        397.0
      ],
      [
        8.357405,
        47.429674,
        397.25
      ],
      [
        8.357033,
        47.430018,
        396.5
      ],
      [
        8.356903,
        47.430152,
        397.0
      ],
      [
        8.35685,
        47.430207,
        397.0
      ],
      [
        8.356764,
        47.430238,
        397.0
      ],
      [
        8.356631,
        47.43035,
        397.25
      ],
      [
        8.356526,
        47.430455,
        397.5
      ],
      [
        8.35645,
        47.430526,
        397.75
      ],
      [
        8.356283,
        47.430681,
        398.25
      ],
      [
        8.356157,
        47.430787,
        398.75
      ],
      [
        8.355949,
        47.430905,
        399.25
      ],
      [
        8.355787,
        47.430962,
        399.5
      ],
      [
        8.355663,
        47.430994,
        400.0
      ],
      [
        8.355151,
        47.431095,
        402.5
      ],
      [
        8.355079,
        47.431119,
        402.5
      ],
      [
        8.35502,
        47.431149,
        402.5
      ],
      [
        8.354875,
        47.431149,
        403.0
      ],
      [
        8.354757,
        47.43117,
        403.75
      ],
      [
        8.354594,
        47.431219,
        404.5
      ],
      [
        8.354365,
        47.431323,
        405.75
      ],
      [
        8.354222,
        47.431404,
        406.0
      ],
      [
        8.353966,
        47.431548,
        407.0
      ],
      [
        8.353787,
        47.431659,
        407.25
      ],
      [
        8.353488,
        47.43184,
        408.75
      ],
      [
        8.353451,
        47.431863,
        408.75
      ],
      [
        8.353438,
        47.431887,
        408.75
      ],
      [
        8.353441,
        47.431943,
        408.75
      ],
      [
        8.353488,
        47.432019,
        409.0
      ],
      [
        8.353503,
        47.432042,
        409.0
      ],
      [
        8.353495,
        47.432077,
        409.0
      ],
      [
        8.353476,
        47.432106,
        409.0
      ],
      [
        8.353139,
        47.432204,
        409.5
      ],
      [
        8.352972,
        47.432266,
        410.25
      ],
      [
        8.35278,
        47.432302,
        410.5
      ],
      [
        8.352585,
        47.432371,
        410.75
      ],
      [
        8.352495,
        47.4324,
        411.0
      ],
      [
        8.351749,
        47.432692,
        410.75
      ],
      [
        8.351713,
        47.432706,
        410.75
      ],
      [
        8.350989,
        47.432998,
        411.0
      ],
      [
        8.350756,
        47.433093,
        410.75
      ],
      [
        8.350596,
        47.433156,
        410.5
      ],
      [
        8.350237,
        47.433296,
        410.75
      ],
      [
        8.349975,
        47.433407,
        410.25
      ],
      [
        8.349527,
        47.433593,
        410.5
      ],
      [
        8.349454,
        47.433623,
        410.75
      ],
      [
        8.349306,
        47.433684,
        410.5
      ],
      [
        8.34915,
        47.433751,
        410.25
      ],
      [
        8.349077,
        47.43378,
        410.25
      ],
      [
        8.348833,
        47.433876,
        410.75
      ],
      [
        8.348524,
        47.433996,
        409.75
      ],
      [
        8.34833,
        47.434072,
        410.0
      ],
      [
        8.348183,
        47.434129,
        410.0
      ],
      [
        8.347518,
        47.434397,
        409.75
      ],
      [
        8.347395,
        47.434447,
        409.75
      ],
      [
        8.347337,
        47.434472,
        409.75
      ],
      [
        8.347113,
        47.434566,
        409.5
      ],
      [
        8.347061,
        47.434588,
        409.75
      ],
      [
        8.346842,
        47.434687,
        410.0
      ],
      [
        8.346663,
        47.43477,
        409.75
      ],
      [
        8.34635,
        47.434932,
        410.0
      ],
      [
        8.346211,
        47.435005,
        409.75
      ],
      [
        8.3458,
        47.435234,
        409.25
      ],
      [
        8.345574,
        47.435362,
        408.5
      ],
      [
        8.345436,
        47.435439,
        408.25
      ],
      [
        8.345397,
        47.435462,
        408.25
      ],
      [
        8.345362,
        47.435432,
        408.25
      ],
      [
        8.345308,
        47.435386,
        408.5
      ],
      [
        8.345243,
        47.435422,
        408.25
      ],
      [
        8.345032,
        47.43554,
        408.0
      ],
      [
        8.344856,
        47.435638,
        408.0
      ],
      [
        8.344792,
        47.435714,
        408.0
      ],
      [
        8.344474,
        47.435932,
        407.5
      ],
      [
        8.343859,
        47.43637,
        408.0
      ],
      [
        8.343275,
        47.436814,
        407.75
      ],
      [
        8.341285,
        47.438266,
        407.0
      ],
      [
        8.339155,
        47.43975,
        406.0
      ],
      [
        8.338321,
        47.440386,
        405.75
      ],
      [
        8.338046,
        47.440642,
        405.0
      ],
      [
        8.337086,
        47.441314,
        405.0
      ],
      [
        8.335051,
        47.442769,
        402.0
      ],
      [
        8.334247,
        47.443273,
        401.0
      ],
      [
        8.33441,
        47.443299,
        401.0
      ],
      [
        8.334305,
        47.443374,
        400.75
      ],
      [
        8.334253,
        47.443411,
        400.5
      ],
      [
        8.334207,
        47.443443,
        400.5
      ],
      [
        8.334135,
        47.443495,
        400.25
      ],
      [
        8.334012,
        47.443584,
        400.0
      ],
      [
        8.333957,
        47.443624,
        399.75
      ],
      [
        8.333823,
        47.443721,
        399.5
      ],
      [
        8.333747,
        47.443774,
        399.5
      ],
      [
        8.332977,
        47.444337,
        400.5
      ],
      [
        8.332516,
        47.444718,
        401.0
      ],
      [
        8.332448,
        47.444773,
        401.25
      ],
      [
        8.332372,
        47.444832,
        401.5
      ],
      [
        8.332104,
        47.445083,
        401.75
      ],
      [
        8.331872,
        47.445334,
        402.25
      ],
      [
        8.331546,
        47.445674,
        402.0
      ],
      [
        8.331387,
        47.445863,
        402.0
      ],
      [
        8.331355,
        47.445901,
        402.0
      ],
      [
        8.331382,
        47.445931,
        402.0
      ],
      [
        8.331392,
        47.445952,
        401.75
      ],
      [
        8.331392,
        47.446064,
        401.75
      ],
      [
        8.331406,
        47.446178,
        401.5
      ],
      [
        8.331399,
        47.446212,
        401.5
      ],
      [
        8.331377,
        47.44624,
        401.5
      ],
      [
        8.331356,
        47.446255,
        401.25
      ],
      [
        8.331324,
        47.446265,
        401.25
      ],
      [
        8.331231,
        47.446271,
        401.25
      ],
      [
        8.331189,
        47.446263,
        401.25
      ],
      [
        8.33116,
        47.446243,
        401.5
      ],
      [
        8.331134,
        47.446277,
        401.25
      ],
      [
        8.331083,
        47.446344,
        401.0
      ],
      [
        8.331028,
        47.446417,
        400.75
      ],
      [
        8.33084,
        47.446673,
        400.75
      ],
      [
        8.330789,
        47.446738,
        400.5
      ],
      [
        8.330736,
        47.446806,
        400.25
      ],
      [
        8.330577,
        47.446995,
        399.75
      ],
      [
        8.330325,
        47.44726,
        399.0
      ],
      [
        8.330191,
        47.447377,
        399.0
      ],
      [
        8.330029,
        47.447511,
        398.75
      ],
      [
        8.329983,
        47.447544,
        398.75
      ],
      [
        8.329731,
        47.44772,
        398.0
      ],
      [
        8.329424,
        47.447955,
        398.0
      ],
      [
        8.32901,
        47.448272,
        397.0
      ],
      [
        8.328901,
        47.448356,
        396.75
      ],
      [
        8.328297,
        47.448829,
        396.75
      ],
      [
        8.328263,
        47.448884,
        396.75
      ],
      [
        8.328024,
        47.449068,
        396.25
      ],
      [
        8.327873,
        47.449195,
        395.75
      ],
      [
        8.327819,
        47.44925,
        396.0
      ],
      [
        8.327793,
        47.449289,
        396.0
      ],
      [
        8.327808,
        47.449321,
        396.0
      ],
      [
        8.327809,
        47.449354,
        396.0
      ],
      [
        8.327796,
        47.449387,
        396.0
      ],
      [
        8.32777,
        47.449415,
        396.0
      ],
      [
        8.327729,
        47.44944,
        396.0
      ],
      [
        8.32768,
        47.449454,
        396.0
      ],
      [
        8.327626,
        47.449458,
        396.0
      ],
      [
        8.327438,
        47.449543,
        396.0
      ],
      [
        8.327243,
        47.44968,
        396.0
      ],
      [
        8.327054,
        47.449773,
        395.75
      ],
      [
        8.327013,
        47.449804,
        396.0
      ],
      [
        8.326522,
        47.450155,
        395.25
      ],
      [
        8.326157,
        47.45044,
        395.0
      ],
      [
        8.326119,
        47.450466,
        395.0
      ],
      [
        8.325247,
        47.451146,
        394.0
      ],
      [
        8.325222,
        47.451166,
        394.0
      ],
      [
        8.325062,
        47.451295,
        394.0
      ],
      [
        8.324574,
        47.45168,
        392.75
      ],
      [
        8.324547,
        47.451702,
        392.75
      ],
      [
        8.324237,
        47.451948,
        392.25
      ],
      [
        8.324176,
        47.451996,
        392.0
      ],
      [
        8.324119,
        47.452071,
        392.0
      ],
      [
        8.324027,
        47.452186,
        392.0
      ],
      [
        8.32401,
        47.452227,
        391.75
      ],
      [
        8.324024,
        47.45226,
        391.75
      ],
      [
        8.324024,
        47.452294,
        391.5
      ],
      [
        8.324009,
        47.452326,
        391.5
      ],
      [
        8.323981,
        47.452354,
        391.5
      ],
      [
        8.323947,
        47.452374,
        391.25
      ],
      [
        8.323907,
        47.452387,
        391.25
      ],
      [
        8.32382,
        47.452391,
        391.25
      ],
      [
        8.323693,
        47.452456,
        391.0
      ],
      [
        8.323453,
        47.452626,
        390.75
      ],
      [
        8.323323,
        47.452693,
        391.0
      ],
      [
        8.3231,
        47.452858,
        390.5
      ],
      [
        8.323031,
        47.452913,
        390.5
      ],
      [
        8.322981,
        47.452954,
        390.25
      ],
      [
        8.322692,
        47.453184,
        389.5
      ],
      [
        8.322383,
        47.453406,
        388.75
      ],
      [
        8.322076,
        47.453582,
        389.0
      ],
      [
        8.321918,
        47.453706,
        388.25
      ],
      [
        8.321802,
        47.453771,
        387.75
      ],
      [
        8.321668,
        47.45384,
        387.75
      ],
      [
        8.321668,
        47.453925,
        387.5
      ],
      [
        8.321025,
        47.454388,
        384.75
      ],
      [
        8.321019,
        47.454437,
        384.0
      ],
      [
        8.32091,
        47.454442,
        384.0
      ],
      [
        8.3208,
        47.454418,
        385.0
      ],
      [
        8.320786,
        47.454412,
        385.0
      ],
      [
        8.320683,
        47.454373,
        386.0
      ],
      [
        8.320524,
        47.454273,
        387.75
      ],
      [
        8.320397,
        47.454184,
        388.0
      ],
      [
        8.320374,
        47.454141,
        387.75
      ],
      [
        8.320304,
        47.453915,
        387.0
      ],
      [
        8.319905,
        47.453948,
        388.0
      ],
      [
        8.319092,
        47.454016,
        388.75
      ],
      [
        8.318878,
        47.45402,
        388.5
      ],
      [
        8.318667,
        47.454012,
        388.5
      ],
      [
        8.318425,
        47.45399,
        387.25
      ],
      [
        8.318269,
        47.453964,
        387.0
      ],
      [
        8.318112,
        47.453931,
        387.25
      ],
      [
        8.317823,
        47.453848,
        388.25
      ],
      [
        8.317361,
        47.453667,
        387.0
      ],
      [
        8.317286,
        47.453634,
        387.0
      ],
      [
        8.31715,
        47.453578,
        387.5
      ],
      [
        8.317074,
        47.453546,
        388.25
      ],
      [
        8.316071,
        47.453131,
        390.25
      ],
      [
        8.31514,
        47.452759,
        391.5
      ],
      [
        8.314944,
        47.452695,
        394.0
      ],
      [
        8.314835,
        47.452683,
        395.0
      ],
      [
        8.31472,
        47.452686,
        395.25
      ],
      [
        8.314655,
        47.452694,
        394.5
      ],
      [
        8.314421,
        47.452748,
        390.25
      ],
      [
        8.314351,
        47.452758,
        389.75
      ],
      [
        8.314218,
        47.452751,
        390.0
      ],
      [
        8.313881,
        47.452697,
        391.25
      ],
      [
        8.313743,
        47.452684,
        391.5
      ],
      [
        8.313491,
        47.452676,
        391.25
      ],
      [
        8.313244,
        47.452684,
        391.0
      ],
      [
        8.313003,
        47.452722,
        390.0
      ],
      [
        8.312782,
        47.452777,
        389.0
      ],
      [
        8.312558,
        47.452851,
        389.0
      ],
      [
        8.312405,
        47.452887,
        389.5
      ],
      [
        8.312361,
        47.452915,
        389.5
      ],
      [
        8.312034,
        47.453169,
        387.5
      ],
      [
        8.311706,
        47.453379,
        386.75
      ],
      [
        8.311253,
        47.453614,
        387.75
      ],
      [
        8.311203,
        47.453734,
        387.5
      ],
      [
        8.311154,
        47.453791,
        387.25
      ],
      [
        8.311035,
        47.453822,
        388.25
      ],
      [
        8.310947,
        47.453861,
        388.25
      ],
      [
        8.310847,
        47.453924,
        387.75
      ],
      [
        8.310754,
        47.454,
        388.75
      ],
      [
        8.310618,
        47.454193,
        388.75
      ],
      [
        8.310432,
        47.454632,
        389.75
      ],
      [
        8.310342,
        47.454822,
        390.5
      ],
      [
        8.310262,
        47.454991,
        392.75
      ],
      [
        8.309672,
        47.456327,
        400.25
      ],
      [
        8.309497,
        47.456692,
        401.5
      ],
      [
        8.309412,
        47.45683,
        402.75
      ],
      [
        8.309236,
        47.457059,
        403.25
      ],
      [
        8.309098,
        47.457205,
        403.5
      ],
      [
        8.308555,
        47.457729,
        403.0
      ],
      [
        8.308525,
        47.457758,
        403.0
      ],
      [
        8.308308,
        47.45796,
        403.0
      ],
      [
        8.308131,
        47.458186,
        402.0
      ],
      [
        8.307904,
        47.458398,
        401.5
      ],
      [
        8.307686,
        47.458542,
        402.0
      ],
      [
        8.307228,
        47.458803,
        400.75
      ],
      [
        8.307177,
        47.458807,
        400.75
      ],
      [
        8.307154,
        47.458815,
        400.75
      ],
      [
        8.30709,
        47.458855,
        400.75
      ],
      [
        8.30706,
        47.458889,
        400.5
      ],
      [
        8.307007,
        47.458892,
        400.75
      ],
      [
        8.306749,
        47.459026,
        401.5
      ],
      [
        8.30658,
        47.459083,
        401.75
      ],
      [
        8.306262,
        47.459171,
        402.75
      ],
      [
        8.305404,
        47.459366,
        407.0
      ],
      [
        8.30527,
        47.459423,
        406.75
      ],
      [
        8.305109,
        47.459512,
        408.25
      ],
      [
        8.30499,
        47.459617,
        409.25
      ],
      [
        8.304803,
        47.459851,
        410.25
      ],
      [
        8.304743,
        47.459877,
        411.25
      ],
      [
        8.304668,
        47.459868,
        411.5
      ],
      [
        8.304582,
        47.459967,
        412.5
      ],
      [
        8.304341,
        47.460085,
        415.75
      ],
      [
        8.304233,
        47.460181,
        417.75
      ],
      [
        8.304232,
        47.460313,
        419.5
      ],
      [
        8.304211,
        47.46043,
        421.25
      ],
      [
        8.304002,
        47.461016,
        431.0
      ],
      [
        8.303922,
        47.461197,
        433.0
      ],
      [
        8.304099,
        47.461536,
        432.75
      ],
      [
        8.30412,
        47.461653,
        432.25
      ],
      [
        8.304123,
        47.461757,
        432.25
      ],
      [
        8.304086,
        47.462013,
        432.25
      ],
      [
        8.304043,
        47.462231,
        432.75
      ],
      [
        8.304025,
        47.46264,
        433.5
      ],
      [
        8.304046,
        47.462882,
        433.25
      ],
      [
        8.304238,
        47.463279,
        435.0
      ],
      [
        8.304302,
        47.463497,
        436.5
      ],
      [
        8.304307,
        47.463651,
        437.5
      ],
      [
        8.304281,
        47.463949,
        439.25
      ],
      [
        8.304266,
        47.464036,
        439.25
      ],
      [
        8.304246,
        47.464077,
        439.5
      ],
      [
        8.304117,
        47.464163,
        440.5
      ],
      [
        8.303968,
        47.464197,
        442.25
      ],
      [
        8.303846,
        47.464262,
        444.0
      ],
      [
        8.303703,
        47.46435,
        445.75
      ],
      [
        8.303572,
        47.464412,
        447.0
      ],
      [
        8.303457,
        47.464495,
        448.25
      ],
      [
        8.30324,
        47.464695,
        451.75
      ],
      [
        8.302998,
        47.464845,
        456.5
      ],
      [
        8.302774,
        47.464926,
        458.5
      ],
      [
        8.30268,
        47.4651,
        459.25
      ],
      [
        8.302624,
        47.465185,
        459.75
      ],
      [
        8.302526,
        47.465267,
        460.75
      ],
      [
        8.302385,
        47.465546,
        458.75
      ],
      [
        8.302265,
        47.465589,
        460.5
      ],
      [
        8.302297,
        47.465627,
        461.0
      ],
      [
        8.302542,
        47.465899,
        460.25
      ],
      [
        8.302712,
        47.465999,
        460.0
      ],
      [
        8.303009,
        47.466094,
        460.5
      ],
      [
        8.303254,
        47.466189,
        460.5
      ],
      [
        8.30383,
        47.466304,
        460.75
      ],
      [
        8.30403,
        47.466378,
        460.5
      ],
      [
        8.304346,
        47.466618,
        461.25
      ],
      [
        8.304402,
        47.466691,
        461.0
      ],
      [
        8.30441,
        47.466772,
        459.5
      ],
      [
        8.304372,
        47.466863,
        459.75
      ],
      [
        8.3043,
        47.46698,
        462.5
      ],
      [
        8.304285,
        47.467066,
        462.25
      ],
      [
        8.304283,
        47.467171,
        461.25
      ],
      [
        8.304265,
        47.467242,
        460.25
      ],
      [
        8.304188,
        47.467295,
        459.75
      ],
      [
        8.30369,
        47.467497,
        459.5
      ],
      [
        8.303287,
        47.467607,
        459.5
      ],
      [
        8.302841,
        47.467654,
        459.0
      ],
      [
        8.302297,
        47.46763,
        457.75
      ],
      [
        8.302027,
        47.467587,
        457.25
      ],
      [
        8.302441,
        47.467582,
        461.25
      ],
      [
        8.302774,
        47.467558,
        464.0
      ],
      [
        8.303046,
        47.467499,
        466.0
      ],
      [
        8.30324,
        47.467443,
        467.75
      ],
      [
        8.303405,
        47.467383,
        468.75
      ],
      [
        8.303588,
        47.467272,
        471.0
      ],
      [
        8.303756,
        47.467117,
        474.5
      ],
      [
        8.303828,
        47.467074,
        474.75
      ],
      [
        8.303835,
        47.466996,
        477.25
      ],
      [
        8.303822,
        47.466896,
        479.0
      ],
      [
        8.303834,
        47.466849,
        479.0
      ],
      [
        8.303793,
        47.466814,
        479.75
      ],
      [
        8.303654,
        47.466778,
        482.5
      ],
      [
        8.303553,
        47.466763,
        485.0
      ],
      [
        8.303431,
        47.466769,
        487.75
      ],
      [
        8.303316,
        47.466795,
        490.5
      ],
      [
        8.303197,
        47.466763,
        494.5
      ],
      [
        8.303159,
        47.466764,
        495.75
      ],
      [
        8.303032,
        47.466787,
        500.0
      ],
      [
        8.302965,
        47.46681,
        502.5
      ],
      [
        8.302862,
        47.466796,
        506.0
      ],
      [
        8.302757,
        47.466761,
        508.5
      ],
      [
        8.302652,
        47.466724,
        509.0
      ],
      [
        8.302561,
        47.466674,
        510.0
      ],
      [
        8.302219,
        47.466538,
        506.25
      ],
      [
        8.302059,
        47.466529,
        506.0
      ],
      [
        8.301903,
        47.466504,
        505.5
      ],
      [
        8.301605,
        47.466322,
        503.75
      ],
      [
        8.301536,
        47.466275,
        504.5
      ],
      [
        8.301515,
        47.466162,
        507.0
      ],
      [
        8.301489,
        47.466074,
        506.25
      ],
      [
        8.301077,
        47.466314,
        507.25
      ],
      [
        8.300642,
        47.466604,
        505.25
      ],
      [
        8.300407,
        47.466557,
        505.0
      ],
      [
        8.300322,
        47.466486,
        504.75
      ],
      [
        8.300208,
        47.466393,
        504.75
      ],
      [
        8.299776,
        47.465686,
        502.25
      ],
      [
        8.299666,
        47.46531,
        502.5
      ],
      [
        8.299669,
        47.465195,
        501.0
      ],
      [
        8.299584,
        47.465033,
        499.0
      ],
      [
        8.299512,
        47.464944,
        499.5
      ],
      [
        8.299351,
        47.464998,
        502.5
      ],
      [
        8.299255,
        47.465009,
        503.0
      ],
      [
        8.298831,
        47.465442,
        497.25
      ],
      [
        8.298432,
        47.466167,
        488.75
      ],
      [
        8.29833,
        47.466312,
        485.5
      ],
      [
        8.298133,
        47.46634,
        484.25
      ],
      [
        8.297887,
        47.466321,
        482.75
      ],
      [
        8.296964,
        47.466121,
        475.75
      ],
      [
        8.296285,
        47.465959,
        471.0
      ],
      [
        8.296019,
        47.465878,
        469.75
      ],
      [
        8.295864,
        47.465874,
        468.0
      ],
      [
        8.295695,
        47.465784,
        468.75
      ],
      [
        8.2954,
        47.465683,
        467.75
      ],
      [
        8.294831,
        47.465426,
        466.0
      ],
      [
        8.294207,
        47.466316,
        437.0
      ],
      [
        8.293983,
        47.46611,
        438.25
      ],
      [
        8.29403,
        47.46594,
        443.75
      ],
      [
        8.294023,
        47.465912,
        444.5
      ],
      [
        8.293986,
        47.465897,
        445.0
      ],
      [
        8.293805,
        47.465978,
        442.0
      ],
      [
        8.293639,
        47.465996,
        442.0
      ],
      [
        8.293471,
        47.465966,
        442.25
      ],
      [
        8.293298,
        47.465894,
        443.5
      ],
      [
        8.292679,
        47.465637,
        442.5
      ],
      [
        8.292424,
        47.465425,
        443.0
      ],
      [
        8.291818,
        47.465054,
        442.0
      ],
      [
        8.291686,
        47.464938,
        441.75
      ],
      [
        8.29157,
        47.464788,
        441.75
      ],
      [
        8.291317,
        47.464567,
        440.5
      ],
      [
        8.291142,
        47.464401,
        439.75
      ],
      [
        8.290962,
        47.464298,
        437.5
      ],
      [
        8.290809,
        47.464149,
        435.75
      ],
      [
        8.290768,
        47.464086,
        436.0
      ],
      [
        8.289665,
        47.463985,
        421.25
      ],
      [
        8.289643,
        47.464109,
        420.0
      ],
      [
        8.289627,
        47.464147,
        419.75
      ],
      [
        8.289537,
        47.464229,
        419.25
      ],
      [
        8.289478,
        47.464123,
        419.0
      ],
      [
        8.289454,
        47.464078,
        419.0
      ],
      [
        8.28938,
        47.463942,
        418.75
      ],
      [
        8.289117,
        47.463835,
        418.5
      ],
      [
        8.289145,
        47.463815,
        418.5
      ],
      [
        8.289147,
        47.463784,
        418.5
      ],
      [
        8.289087,
        47.463597,
        418.0
      ],
      [
        8.288794,
        47.462955,
        417.5
      ],
      [
        8.287853,
        47.461113,
        418.25
      ],
      [
        8.287488,
        47.460477,
        419.75
      ],
      [
        8.287419,
        47.460341,
        419.25
      ],
      [
        8.287349,
        47.460082,
        419.0
      ],
      [
        8.2873,
        47.459811,
        419.25
      ],
      [
        8.287267,
        47.459479,
        420.0
      ],
      [
        8.287251,
        47.459008,
        421.0
      ],
      [
        8.287252,
        47.458727,
        421.0
      ],
      [
        8.287267,
        47.458584,
        421.5
      ],
      [
        8.287318,
        47.458378,
        423.5
      ],
      [
        8.287432,
        47.458033,
        423.75
      ],
      [
        8.287577,
        47.457685,
        423.0
      ],
      [
        8.287744,
        47.45716,
        424.5
      ],
      [
        8.287875,
        47.45677,
        425.25
      ],
      [
        8.287898,
        47.45664,
        425.75
      ],
      [
        8.287894,
        47.456614,
        425.75
      ],
      [
        8.287805,
        47.45655,
        425.0
      ],
      [
        8.28726,
        47.456492,
        421.75
      ],
      [
        8.28662,
        47.456405,
        421.0
      ],
      [
        8.286566,
        47.456399,
        421.0
      ],
      [
        8.286511,
        47.456394,
        421.0
      ],
      [
        8.286385,
        47.456383,
        421.0
      ],
      [
        8.286281,
        47.456368,
        421.25
      ],
      [
        8.285623,
        47.456271,
        424.25
      ],
      [
        8.28554,
        47.456261,
        424.75
      ],
      [
        8.28547,
        47.456669,
        423.0
      ],
      [
        8.285459,
        47.456825,
        423.0
      ],
      [
        8.285398,
        47.456847,
        423.25
      ],
      [
        8.285254,
        47.457233,
        425.0
      ],
      [
        8.285227,
        47.457263,
        425.25
      ],
      [
        8.285095,
        47.457367,
        427.25
      ],
      [
        8.283653,
        47.457078,
        430.75
      ],
      [
        8.283375,
        47.457014,
        432.0
      ],
      [
        8.2825,
        47.456782,
        434.0
      ],
      [
        8.282341,
        47.456749,
        435.25
      ],
      [
        8.282185,
        47.45673,
        436.25
      ],
      [
        8.282072,
        47.456716,
        436.5
      ],
      [
        8.28198,
        47.456706,
        436.75
      ],
      [
        8.281606,
        47.45668,
        439.0
      ],
      [
        8.281509,
        47.456665,
        439.5
      ],
      [
        8.281421,
        47.456653,
        439.75
      ],
      [
        8.281182,
        47.456588,
        441.5
      ],
      [
        8.281092,
        47.456582,
        442.0
      ],
      [
        8.281019,
        47.456589,
        442.5
      ],
      [
        8.280947,
        47.456608,
        442.75
      ],
      [
        8.280843,
        47.456659,
        443.0
      ],
      [
        8.280783,
        47.456711,
        443.0
      ],
      [
        8.280749,
        47.456783,
        442.5
      ],
      [
        8.28074,
        47.456859,
        441.75
      ],
      [
        8.280754,
        47.456899,
        441.0
      ],
      [
        8.280917,
        47.457221,
        440.75
      ],
      [
        8.280936,
        47.457264,
        440.75
      ],
      [
        8.280936,
        47.457295,
        440.75
      ],
      [
        8.280937,
        47.457316,
        440.75
      ],
      [
        8.280906,
        47.457376,
        441.0
      ],
      [
        8.280872,
        47.457416,
        441.25
      ],
      [
        8.280801,
        47.457461,
        441.5
      ],
      [
        8.280728,
        47.457487,
        441.5
      ],
      [
        8.280655,
        47.457497,
        441.25
      ],
      [
        8.280589,
        47.457496,
        441.0
      ],
      [
        8.280253,
        47.457429,
        439.75
      ],
      [
        8.280141,
        47.457425,
        439.25
      ],
      [
        8.280016,
        47.457446,
        438.5
      ],
      [
        8.2798,
        47.45753,
        437.0
      ],
      [
        8.279121,
        47.457816,
        435.5
      ],
      [
        8.278922,
        47.457901,
        437.5
      ],
      [
        8.278846,
        47.45796,
        438.75
      ],
      [
        8.278806,
        47.458012,
        440.0
      ],
      [
        8.278804,
        47.458054,
        440.75
      ],
      [
        8.27874,
        47.458104,
        441.0
      ],
      [
        8.27857,
        47.458189,
        441.25
      ],
      [
        8.27849,
        47.458259,
        441.25
      ],
      [
        8.27843,
        47.458303,
        441.25
      ],
      [
        8.278369,
        47.458315,
        441.0
      ],
      [
        8.278293,
        47.458318,
        441.0
      ],
      [
        8.278235,
        47.458322,
        441.25
      ],
      [
        8.278199,
        47.458318,
        441.25
      ],
      [
        8.278118,
        47.458301,
        441.75
      ],
      [
        8.277953,
        47.458242,
        442.0
      ],
      [
        8.277835,
        47.458211,
        442.25
      ],
      [
        8.277685,
        47.458183,
        442.25
      ],
      [
        8.276534,
        47.457995,
        442.25
      ],
      [
        8.276292,
        47.457953,
        442.5
      ],
      [
        8.275582,
        47.457813,
        443.0
      ],
      [
        8.274901,
        47.45768,
        438.75
      ],
      [
        8.274704,
        47.457653,
        437.25
      ],
      [
        8.274278,
        47.457612,
        436.75
      ],
      [
        8.273623,
        47.457561,
        433.75
      ],
      [
        8.27276,
        47.45748,
        430.5
      ],
      [
        8.272122,
        47.457346,
        428.25
      ],
      [
        8.271733,
        47.457233,
        425.25
      ],
      [
        8.271311,
        47.457082,
        425.25
      ],
      [
        8.270904,
        47.456891,
        423.25
      ],
      [
        8.270603,
        47.45672,
        421.5
      ],
      [
        8.270309,
        47.456514,
        420.75
      ],
      [
        8.270191,
        47.456455,
        420.25
      ],
      [
        8.269887,
        47.456323,
        419.25
      ],
      [
        8.269679,
        47.456249,
        418.75
      ],
      [
        8.269436,
        47.456189,
        417.5
      ],
      [
        8.26916,
        47.456132,
        416.25
      ],
      [
        8.268917,
        47.456094,
        417.75
      ],
      [
        8.26835,
        47.456066,
        416.0
      ],
      [
        8.268092,
        47.456076,
        414.75
      ],
      [
        8.267822,
        47.456107,
        413.25
      ],
      [
        8.267577,
        47.45616,
        412.5
      ],
      [
        8.267375,
        47.456217,
        412.25
      ],
      [
        8.266243,
        47.456636,
        408.75
      ],
      [
        8.265009,
        47.457037,
        403.25
      ],
      [
        8.264354,
        47.457233,
        401.0
      ],
      [
        8.263507,
        47.45738,
        397.75
      ],
      [
        8.26317,
        47.457511,
        398.0
      ],
      [
        8.263068,
        47.457477,
        397.75
      ],
      [
        8.26297,
        47.457446,
        397.5
      ],
      [
        8.262891,
        47.457453,
        397.5
      ],
      [
        8.26265,
        47.457438,
        397.25
      ],
      [
        8.262392,
        47.457447,
        397.0
      ],
      [
        8.262306,
        47.457439,
        396.5
      ],
      [
        8.26226,
        47.457431,
        396.25
      ],
      [
        8.262095,
        47.457423,
        395.25
      ],
      [
        8.261975,
        47.457424,
        394.5
      ],
      [
        8.261801,
        47.457425,
        394.0
      ],
      [
        8.261303,
        47.457458,
        393.5
      ],
      [
        8.260978,
        47.4575,
        392.5
      ],
      [
        8.260439,
        47.457582,
        392.0
      ],
      [
        8.26028,
        47.457618,
        392.0
      ],
      [
        8.26004,
        47.457679,
        392.0
      ],
      [
        8.259931,
        47.457707,
        391.75
      ],
      [
        8.25976,
        47.457669,
        391.0
      ],
      [
        8.259431,
        47.457788,
        391.0
      ],
      [
        8.258674,
        47.458101,
        391.0
      ],
      [
        8.258407,
        47.45821,
        390.5
      ],
      [
        8.258301,
        47.458251,
        390.5
      ],
      [
        8.258216,
        47.458289,
        390.75
      ],
      [
        8.257808,
        47.458448,
        390.25
      ],
      [
        8.257391,
        47.458611,
        389.5
      ],
      [
        8.257279,
        47.458655,
        389.25
      ],
      [
        8.257085,
        47.458713,
        389.0
      ],
      [
        8.256807,
        47.458792,
        388.5
      ],
      [
        8.256689,
        47.458825,
        388.0
      ],
      [
        8.256653,
        47.458836,
        388.0
      ],
      [
        8.256128,
        47.458977,
        388.25
      ],
      [
        8.255903,
        47.459039,
        387.75
      ],
      [
        8.25448,
        47.459409,
        383.25
      ],
      [
        8.252749,
        47.459848,
        381.5
      ],
      [
        8.252538,
        47.459889,
        381.0
      ],
      [
        8.252385,
        47.45991,
        380.75
      ],
      [
        8.252219,
        47.459923,
        380.0
      ],
      [
        8.252046,
        47.459921,
        380.25
      ],
      [
        8.251893,
        47.45991,
        380.25
      ],
      [
        8.251762,
        47.459901,
        380.25
      ],
      [
        8.251724,
        47.459898,
        380.25
      ],
      [
        8.251707,
        47.459932,
        380.5
      ],
      [
        8.251673,
        47.45996,
        380.5
      ],
      [
        8.251627,
        47.459978,
        380.5
      ],
      [
        8.251575,
        47.459984,
        380.5
      ],
      [
        8.251529,
        47.459978,
        380.25
      ],
      [
        8.251488,
        47.459963,
        379.75
      ],
      [
        8.251456,
        47.459941,
        379.25
      ],
      [
        8.251436,
        47.459912,
        379.0
      ],
      [
        8.25143,
        47.459881,
        378.5
      ],
      [
        8.251388,
        47.459877,
        378.0
      ],
      [
        8.25128,
        47.459867,
        378.5
      ],
      [
        8.251181,
        47.459852,
        379.0
      ],
      [
        8.250769,
        47.459732,
        380.25
      ],
      [
        8.250258,
        47.459587,
        380.5
      ],
      [
        8.25006,
        47.45954,
        381.0
      ],
      [
        8.24986,
        47.459514,
        381.25
      ],
      [
        8.249672,
        47.459506,
        381.0
      ],
      [
        8.249477,
        47.459514,
        381.25
      ],
      [
        8.249321,
        47.459529,
        380.75
      ],
      [
        8.249163,
        47.459563,
        380.25
      ],
      [
        8.248922,
        47.459639,
        380.0
      ],
      [
        8.248803,
        47.459695,
        379.75
      ],
      [
        8.24837,
        47.459901,
        380.0
      ],
      [
        8.248291,
        47.459939,
        379.75
      ],
      [
        8.248217,
        47.459971,
        379.5
      ],
      [
        8.247494,
        47.460297,
        379.0
      ],
      [
        8.246934,
        47.46055,
        378.75
      ],
      [
        8.2468,
        47.460603,
        379.0
      ],
      [
        8.246661,
        47.460659,
        379.25
      ],
      [
        8.246613,
        47.460678,
        379.0
      ],
      [
        8.246375,
        47.460777,
        378.75
      ],
      [
        8.246118,
        47.460879,
        379.0
      ],
      [
        8.245966,
        47.460942,
        379.0
      ],
      [
        8.245826,
        47.460996,
        378.75
      ],
      [
        8.245653,
        47.461066,
        378.25
      ],
      [
        8.245552,
        47.461109,
        377.75
      ],
      [
        8.245301,
        47.461234,
        378.0
      ],
      [
        8.245137,
        47.461323,
        377.25
      ],
      [
        8.244988,
        47.461412,
        376.75
      ],
      [
        8.244699,
        47.461593,
        375.0
      ],
      [
        8.244463,
        47.461731,
        374.75
      ],
      [
        8.244412,
        47.461758,
        374.5
      ],
      [
        8.244177,
        47.461891,
        374.0
      ],
      [
        8.243807,
        47.462107,
        373.5
      ],
      [
        8.243619,
        47.462218,
        372.0
      ],
      [
        8.243437,
        47.462337,
        371.5
      ],
      [
        8.243023,
        47.462633,
        370.75
      ],
      [
        8.242782,
        47.462816,
        370.0
      ],
      [
        8.242334,
        47.463175,
        369.0
      ],
      [
        8.241562,
        47.46378,
        368.25
      ],
      [
        8.24153,
        47.463805,
        368.25
      ],
      [
        8.24156,
        47.463829,
        368.25
      ],
      [
        8.24158,
        47.463857,
        368.25
      ],
      [
        8.241587,
        47.463887,
        368.25
      ],
      [
        8.241582,
        47.463918,
        368.25
      ],
      [
        8.241565,
        47.463947,
        368.25
      ],
      [
        8.241528,
        47.463977,
        368.25
      ],
      [
        8.241479,
        47.463996,
        368.25
      ],
      [
        8.241423,
        47.464003,
        368.5
      ],
      [
        8.241456,
        47.464033,
        368.25
      ],
      [
        8.241445,
        47.464058,
        368.25
      ],
      [
        8.241386,
        47.464108,
        368.0
      ],
      [
        8.241307,
        47.464175,
        368.0
      ],
      [
        8.241214,
        47.464231,
        368.0
      ],
      [
        8.24108,
        47.464344,
        367.75
      ],
      [
        8.240951,
        47.464419,
        367.75
      ],
      [
        8.239798,
        47.465413,
        366.5
      ],
      [
        8.239347,
        47.465775,
        366.0
      ],
      [
        8.23847,
        47.466414,
        365.25
      ],
      [
        8.237399,
        47.467123,
        363.75
      ],
      [
        8.237252,
        47.467319,
        364.75
      ],
      [
        8.237207,
        47.467351,
        364.75
      ],
      [
        8.237002,
        47.467414,
        365.75
      ],
      [
        8.236802,
        47.467464,
        364.75
      ],
      [
        8.236659,
        47.467525,
        364.75
      ],
      [
        8.2359,
        47.468002,
        363.0
      ],
      [
        8.235587,
        47.468224,
        360.75
      ],
      [
        8.235399,
        47.468376,
        359.75
      ],
      [
        8.235153,
        47.468609,
        358.75
      ],
      [
        8.235026,
        47.46877,
        357.75
      ],
      [
        8.234952,
        47.468898,
        356.75
      ],
      [
        8.234858,
        47.469101,
        356.0
      ],
      [
        8.234797,
        47.469306,
        355.25
      ],
      [
        8.234766,
        47.46953,
        354.5
      ],
      [
        8.234759,
        47.469691,
        354.0
      ],
      [
        8.234754,
        47.469792,
        353.75
      ],
      [
        8.234805,
        47.470493,
        351.5
      ],
      [
        8.234774,
        47.470973,
        349.5
      ],
      [
        8.234717,
        47.471213,
        348.5
      ],
      [
        8.234544,
        47.471644,
        346.75
      ],
      [
        8.234403,
        47.471879,
        346.0
      ],
      [
        8.234281,
        47.472042,
        345.5
      ],
      [
        8.233214,
        47.473217,
        347.25
      ],
      [
        8.232878,
        47.4736,
        350.75
      ],
      [
        8.232691,
        47.473848,
        351.75
      ],
      [
        8.232478,
        47.474167,
        351.5
      ],
      [
        8.232229,
        47.474591,
        353.5
      ],
      [
        8.2322,
        47.474714,
        354.5
      ],
      [
        8.232126,
        47.474846,
        354.25
      ],
      [
        8.23205,
        47.47492,
        354.0
      ],
      [
        8.231954,
        47.475046,
        354.0
      ],
      [
        8.231634,
        47.475574,
        353.75
      ],
      [
        8.231218,
        47.476096,
        353.25
      ],
      [
        8.23097,
        47.476487,
        352.5
      ],
      [
        8.23067,
        47.476873,
        349.75
      ],
      [
        8.230561,
        47.47708,
        349.0
      ],
      [
        8.230514,
        47.477245,
        348.25
      ],
      [
        8.230525,
        47.477309,
        348.25
      ],
      [
        8.230502,
        47.477352,
        348.0
      ],
      [
        8.230471,
        47.477426,
        347.75
      ],
      [
        8.230411,
        47.477483,
        347.25
      ],
      [
        8.230163,
        47.478176,
        345.0
      ],
      [
        8.230015,
        47.47845,
        343.5
      ],
      [
        8.229766,
        47.478852,
        342.25
      ],
      [
        8.229765,
        47.478886,
        342.0
      ],
      [
        8.229772,
        47.478912,
        342.0
      ],
      [
        8.229792,
        47.478935,
        342.25
      ],
      [
        8.229788,
        47.478943,
        342.25
      ],
      [
        8.229761,
        47.478994,
        342.25
      ],
      [
        8.229755,
        47.479005,
        342.25
      ],
      [
        8.22958,
        47.478958,
        342.0
      ],
      [
        8.22961,
        47.478918,
        342.0
      ],
      [
        8.229654,
        47.478857,
        342.0
      ],
      [
        8.229641,
        47.478854,
        342.0
      ],
      [
        8.22962,
        47.478849,
        342.0
      ],
      [
        8.229516,
        47.478825,
        342.25
      ],
      [
        8.229423,
        47.47882,
        342.25
      ],
      [
        8.228628,
        47.478647,
        341.25
      ],
      [
        8.228285,
        47.478533,
        340.0
      ],
      [
        8.228069,
        47.478389,
        339.75
      ],
      [
        8.227928,
        47.47827,
        339.0
      ],
      [
        8.227807,
        47.478142,
        336.5
      ],
      [
        8.227784,
        47.478117,
        335.75
      ],
      [
        8.227239,
        47.47748,
        334.75
      ],
      [
        8.226862,
        47.477051,
        335.75
      ],
      [
        8.22668,
        47.47683,
        336.75
      ],
      [
        8.226501,
        47.476636,
        337.25
      ],
      [
        8.225955,
        47.475985,
        339.0
      ],
      [
        8.225857,
        47.475885,
        340.25
      ],
      [
        8.225776,
        47.475823,
        341.0
      ],
      [
        8.225677,
        47.475772,
        340.75
      ],
      [
        8.22551,
        47.475713,
        340.0
      ],
      [
        8.225344,
        47.475684,
        339.75
      ],
      [
        8.225166,
        47.47568,
        340.25
      ],
      [
        8.224993,
        47.475713,
        341.25
      ],
      [
        8.22486,
        47.475747,
        343.0
      ],
      [
        8.224702,
        47.475809,
        345.5
      ],
      [
        8.224498,
        47.476068,
        349.25
      ],
      [
        8.224157,
        47.476937,
        349.25
      ],
      [
        8.223954,
        47.477204,
        353.75
      ],
      [
        8.223684,
        47.477457,
        357.5
      ],
      [
        8.223472,
        47.47748,
        360.0
      ],
      [
        8.223393,
        47.477455,
        360.25
      ],
      [
        8.223172,
        47.477592,
        360.75
      ],
      [
        8.223103,
        47.477626,
        360.75
      ],
      [
        8.223042,
        47.477656,
        361.0
      ],
      [
        8.222917,
        47.477709,
        361.0
      ],
      [
        8.22266,
        47.477799,
        360.75
      ],
      [
        8.222425,
        47.477872,
        361.0
      ],
      [
        8.22232,
        47.477908,
        361.0
      ],
      [
        8.222288,
        47.47792,
        361.0
      ],
      [
        8.222084,
        47.477997,
        361.25
      ],
      [
        8.221828,
        47.47813,
        362.25
      ],
      [
        8.221748,
        47.478175,
        362.25
      ],
      [
        8.221639,
        47.478244,
        362.5
      ],
      [
        8.221561,
        47.478308,
        362.25
      ],
      [
        8.221506,
        47.478374,
        361.75
      ],
      [
        8.22144,
        47.478489,
        361.25
      ],
      [
        8.221423,
        47.478522,
        361.25
      ],
      [
        8.221298,
        47.478501,
        361.5
      ],
      [
        8.221274,
        47.478549,
        361.25
      ],
      [
        8.221243,
        47.478603,
        361.0
      ],
      [
        8.221216,
        47.478648,
        361.0
      ],
      [
        8.221093,
        47.478937,
        361.0
      ],
      [
        8.220918,
        47.479333,
        360.75
      ],
      [
        8.220897,
        47.479387,
        360.75
      ],
      [
        8.220843,
        47.479524,
        361.0
      ],
      [
        8.220687,
        47.47991,
        361.25
      ],
      [
        8.220659,
        47.479984,
        361.25
      ],
      [
        8.220541,
        47.480191,
        361.5
      ],
      [
        8.220439,
        47.480168,
        361.5
      ],
      [
        8.220113,
        47.480083,
        361.25
      ],
      [
        8.219973,
        47.480034,
        361.0
      ],
      [
        8.219842,
        47.479978,
        360.75
      ],
      [
        8.219699,
        47.479907,
        360.5
      ],
      [
        8.219616,
        47.479977,
        360.75
      ],
      [
        8.219559,
        47.48003,
        361.0
      ],
      [
        8.219523,
        47.480095,
        361.0
      ],
      [
        8.219319,
        47.480766,
        360.0
      ],
      [
        8.219212,
        47.481071,
        360.0
      ],
      [
        8.219159,
        47.481231,
        360.0
      ],
      [
        8.219107,
        47.48139,
        359.75
      ],
      [
        8.219067,
        47.481511,
        360.0
      ],
      [
        8.219057,
        47.481542,
        360.0
      ],
      [
        8.219021,
        47.481651,
        360.0
      ],
      [
        8.218914,
        47.482011,
        360.0
      ],
      [
        8.218905,
        47.48203,
        360.0
      ],
      [
        8.218887,
        47.482044,
        360.0
      ],
      [
        8.218857,
        47.482053,
        360.0
      ],
      [
        8.21882,
        47.482051,
        360.0
      ],
      [
        8.218461,
        47.481998,
        360.0
      ],
      [
        8.218412,
        47.481998,
        360.0
      ],
      [
        8.21838,
        47.482001,
        360.0
      ],
      [
        8.218351,
        47.482012,
        360.0
      ],
      [
        8.218315,
        47.482047,
        360.0
      ],
      [
        8.218274,
        47.482172,
        360.0
      ],
      [
        8.218072,
        47.482149,
        360.0
      ],
      [
        8.217891,
        47.482144,
        360.0
      ],
      [
        8.217737,
        47.482152,
        360.0
      ],
      [
        8.217539,
        47.482173,
        360.0
      ],
      [
        8.217342,
        47.482208,
        359.25
      ],
      [
        8.217096,
        47.482268,
        359.0
      ],
      [
        8.216089,
        47.482512,
        358.75
      ],
      [
        8.2161,
        47.482539,
        358.0
      ],
      [
        8.216088,
        47.482595,
        357.0
      ],
      [
        8.216049,
        47.482642,
        356.25
      ],
      [
        8.215935,
        47.48271,
        356.25
      ],
      [
        8.215207,
        47.482883,
        354.75
      ],
      [
        8.214997,
        47.482908,
        354.5
      ],
      [
        8.214805,
        47.482911,
        354.5
      ],
      [
        8.214443,
        47.482903,
        353.0
      ],
      [
        8.214286,
        47.482905,
        351.25
      ],
      [
        8.214035,
        47.482883,
        349.25
      ],
      [
        8.213603,
        47.482865,
        348.25
      ],
      [
        8.213522,
        47.48287,
        348.75
      ],
      [
        8.21353,
        47.482902,
        348.75
      ],
      [
        8.213535,
        47.482942,
        349.0
      ],
      [
        8.21353,
        47.483034,
        349.25
      ],
      [
        8.213526,
        47.483282,
        347.75
      ],
      [
        8.21353,
        47.483346,
        347.25
      ],
      [
        8.213457,
        47.48338,
        347.25
      ],
      [
        8.213389,
        47.483391,
        347.5
      ],
      [
        8.213187,
        47.483375,
        348.25
      ],
      [
        8.21265,
        47.483324,
        349.0
      ],
      [
        8.212086,
        47.483229,
        350.25
      ],
      [
        8.211962,
        47.483212,
        350.75
      ],
      [
        8.211862,
        47.483206,
        350.75
      ],
      [
        8.211748,
        47.483253,
        350.25
      ],
      [
        8.211415,
        47.483425,
        350.5
      ],
      [
        8.211042,
        47.483639,
        350.0
      ],
      [
        8.210925,
        47.48372,
        350.5
      ],
      [
        8.210777,
        47.48383,
        351.0
      ],
      [
        8.210324,
        47.484162,
        350.0
      ],
      [
        8.209948,
        47.484399,
        350.0
      ],
      [
        8.209314,
        47.484815,
        350.0
      ],
      [
        8.208906,
        47.4845,
        350.0
      ],
      [
        8.20873,
        47.484389,
        350.0
      ],
      [
        8.208549,
        47.484298,
        350.25
      ],
      [
        8.208525,
        47.484286,
        350.25
      ],
      [
        8.208068,
        47.484106,
        351.0
      ],
      [
        8.208003,
        47.48408,
        351.25
      ],
      [
        8.207457,
        47.483865,
        351.0
      ],
      [
        8.207393,
        47.483846,
        351.0
      ],
      [
        8.207304,
        47.48382,
        351.0
      ],
      [
        8.207187,
        47.484066,
        351.0
      ],
      [
        8.207141,
        47.484147,
        351.0
      ],
      [
        8.207112,
        47.484173,
        350.75
      ],
      [
        8.207072,
        47.484193,
        351.0
      ],
      [
        8.207065,
        47.484243,
        351.0
      ],
      [
        8.207048,
        47.484348,
        351.0
      ],
      [
        8.206882,
        47.48474,
        350.75
      ],
      [
        8.206863,
        47.484954,
        350.0
      ],
      [
        8.206871,
        47.485038,
        349.5
      ],
      [
        8.206904,
        47.485153,
        348.75
      ],
      [
        8.206962,
        47.485272,
        348.0
      ],
      [
        8.207011,
        47.485371,
        347.25
      ],
      [
        8.207067,
        47.485481,
        346.5
      ],
      [
        8.207122,
        47.485604,
        345.25
      ],
      [
        8.207135,
        47.485651,
        344.75
      ],
      [
        8.207135,
        47.485686,
        344.5
      ],
      [
        8.207122,
        47.485717,
        344.25
      ],
      [
        8.207094,
        47.485752,
        343.75
      ],
      [
        8.207032,
        47.485794,
        343.25
      ],
      [
        8.206868,
        47.485845,
        342.25
      ],
      [
        8.206827,
        47.48587,
        341.5
      ],
      [
        8.206807,
        47.485897,
        340.75
      ],
      [
        8.206788,
        47.485954,
        339.25
      ],
      [
        8.206796,
        47.486032,
        339.25
      ],
      [
        8.206813,
        47.486174,
        339.75
      ],
      [
        8.206833,
        47.486267,
        340.0
      ],
      [
        8.206847,
        47.486348,
        340.0
      ],
      [
        8.206858,
        47.486393,
        341.0
      ],
      [
        8.206675,
        47.486417,
        340.5
      ]
    ]
  }
}
