{
  "type": "Feature",
  "properties": {
    "source": "BRouter trekking",
    "coordinateHash": "1a86f9590a341881a2f2db0b1603226e85fe8962331eb499824f0cdfc0ea7fe2"
  },
  "geometry": {
    "type": "LineString",
    "coordinates": [
      [
        -1.320068,
        43.009327,
        952.0
      ],
      [
        -1.320565,
        43.009216,
        955.25
      ],
      [
        -1.320378,
        43.00914,
        953.75
      ],
      [
        -1.320265,
        43.009069,
        952.0
      ],
      [
        -1.320143,
        43.008964,
        950.75
      ],
      [
        -1.319914,
        43.008726,
        949.0
      ],
      [
        -1.319825,
        43.008627,
        948.0
      ],
      [
        -1.319731,
        43.008516,
        947.25
      ],
      [
        -1.319809,
        43.008508,
        947.25
      ],
      [
        -1.31987,
        43.008517,
        947.25
      ],
      [
        -1.319742,
        43.008247,
        945.75
      ],
      [
        -1.319644,
        43.008011,
        945.5
      ],
      [
        -1.31958,
        43.007771,
        943.75
      ],
      [
        -1.319505,
        43.007363,
        942.75
      ],
      [
        -1.319452,
        43.007026,
        941.25
      ],
      [
        -1.319428,
        43.00675,
        940.75
      ],
      [
        -1.319358,
        43.006235,
        939.75
      ],
      [
        -1.319351,
        43.005682,
        937.25
      ],
      [
        -1.31939,
        43.005502,
        936.5
      ],
      [
        -1.319463,
        43.005327,
        936.0
      ],
      [
        -1.31961,
        43.005079,
        935.75
      ],
      [
        -1.319954,
        43.004594,
        934.5
      ],
      [
        -1.320269,
        43.004038,
        932.5
      ],
      [
        -1.320837,
        43.003257,
        930.5
      ],
      [
        -1.321145,
        43.00295,
        929.25
      ],
      [
        -1.321327,
        43.002794,
        927.5
      ],
      [
        -1.321663,
        43.002439,
        925.0
      ],
      [
        -1.321967,
        43.002259,
        923.75
      ],
      [
        -1.322394,
        43.002075,
        923.0
      ],
      [
        -1.323112,
        43.00185,
        923.25
      ],
      [
        -1.323572,
        43.001724,
        923.0
      ],
      [
        -1.324168,
        43.001598,
        921.25
      ],
      [
        -1.324642,
        43.001433,
        920.5
      ],
      [
        -1.324925,
        43.001268,
        919.75
      ],
      [
        -1.325189,
        43.001065,
        919.25
      ],
      [
        -1.326037,
        43.000549,
        918.5
      ],
      [
        -1.327004,
        43.000143,
        915.5
      ],
      [
        -1.327257,
        43.000026,
        915.25
      ],
      [
        -1.327341,
        42.999981,
        915.0
      ],
      [
        -1.327455,
        42.999811,
        915.5
      ],
      [
        -1.327511,
        42.999583,
        916.25
      ],
      [
        -1.327536,
        42.999388,
        916.5
      ],
      [
        -1.32757,
        42.999243,
        916.0
      ],
      [
        -1.327783,
        42.998658,
        914.0
      ],
      [
        -1.327977,
        42.998252,
        913.0
      ],
      [
        -1.328137,
        42.997963,
        912.75
      ],
      [
        -1.328256,
        42.997809,
        912.25
      ],
      [
        -1.328837,
        42.997362,
        910.25
      ],
      [
        -1.329169,
        42.997115,
        908.75
      ],
      [
        -1.329401,
        42.996971,
        908.0
      ],
      [
        -1.329886,
        42.99675,
        906.0
      ],
      [
        -1.330264,
        42.996607,
        905.0
      ],
      [
        -1.330336,
        42.996568,
        904.5
      ],
      [
        -1.330375,
        42.996517,
        904.25
      ],
      [
        -1.330362,
        42.996288,
        903.75
      ],
      [
        -1.330328,
        42.996116,
        903.0
      ],
      [
        -1.330268,
        42.995887,
        902.25
      ],
      [
        -1.329886,
        42.994536,
        904.25
      ],
      [
        -1.329863,
        42.994418,
        904.0
      ],
      [
        -1.32982,
        42.994298,
        904.0
      ],
      [
        -1.329778,
        42.994236,
        904.0
      ],
      [
        -1.329518,
        42.994052,
        903.5
      ],
      [
        -1.329476,
        42.994021,
        903.25
      ],
      [
        -1.329567,
        42.993925,
        903.0
      ],
      [
        -1.32969,
        42.993795,
        902.75
      ],
      [
        -1.330244,
        42.993237,
        900.5
      ],
      [
        -1.330507,
        42.992972,
        899.5
      ],
      [
        -1.330704,
        42.992772,
        898.25
      ],
      [
        -1.330949,
        42.992523,
        897.5
      ],
      [
        -1.33114,
        42.992373,
        896.75
      ],
      [
        -1.331402,
        42.992232,
        895.75
      ],
      [
        -1.331884,
        42.992025,
        894.0
      ],
      [
        -1.332411,
        42.991798,
        893.75
      ],
      [
        -1.333654,
        42.991263,
        894.0
      ],
      [
        -1.33465,
        42.990816,
        895.0
      ],
      [
        -1.334718,
        42.990776,
        895.0
      ],
      [
        -1.334743,
        42.990798,
        895.25
      ],
      [
        -1.334708,
        42.990814,
        894.5
      ],
      [
        -1.334743,
        42.990798,
        895.25
      ],
      [
        -1.334718,
        42.990776,
        895.0
      ],
      [
        -1.33475,
        42.990751,
        895.25
      ],
      [
        -1.334825,
        42.990679,
        895.75
      ],
      [
        -1.334491,
        42.990458,
        896.75
      ],
      [
        -1.334145,
        42.990265,
        895.0
      ],
      [
        -1.33391,
        42.990139,
        894.5
      ],
      [
        -1.333525,
        42.989899,
        893.5
      ],
      [
        -1.334165,
        42.989439,
        892.75
      ],
      [
        -1.334369,
        42.989294,
        892.25
      ],
      [
        -1.334548,
        42.989164,
        891.75
      ],
      [
        -1.334683,
        42.989063,
        891.5
      ],
      [
        -1.334812,
        42.988983,
        891.5
      ],
      [
        -1.334348,
        42.988841,
        890.75
      ],
      [
        -1.333232,
        42.988395,
        890.0
      ],
      [
        -1.333255,
        42.988337,
        890.0
      ],
      [
        -1.33361,
        42.987727,
        889.0
      ],
      [
        -1.333722,
        42.987494,
        889.0
      ],
      [
        -1.333898,
        42.987192,
        888.75
      ],
      [
        -1.33405,
        42.987004,
        888.0
      ],
      [
        -1.334198,
        42.986852,
        888.0
      ],
      [
        -1.334654,
        42.986416,
        887.0
      ],
      [
        -1.335338,
        42.985806,
        885.5
      ],
      [
        -1.335686,
        42.985508,
        885.0
      ],
      [
        -1.335783,
        42.98536,
        885.0
      ],
      [
        -1.335903,
        42.985228,
        884.5
      ],
      [
        -1.336133,
        42.984919,
        883.75
      ],
      [
        -1.336185,
        42.984819,
        883.75
      ],
      [
        -1.336301,
        42.984523,
        883.0
      ],
      [
        -1.337355,
        42.981309,
        881.0
      ],
      [
        -1.338084,
        42.979818,
        878.25
      ],
      [
        -1.338245,
        42.979315,
        879.25
      ],
      [
        -1.338851,
        42.978193,
        878.0
      ],
      [
        -1.339119,
        42.977874,
        877.0
      ],
      [
        -1.3395,
        42.977078,
        875.75
      ],
      [
        -1.339784,
        42.976348,
        875.5
      ],
      [
        -1.339859,
        42.976132,
        875.25
      ],
      [
        -1.339885,
        42.975885,
        875.25
      ],
      [
        -1.339862,
        42.975255,
        874.25
      ],
      [
        -1.339935,
        42.974755,
        871.0
      ],
      [
        -1.339972,
        42.974605,
        870.5
      ],
      [
        -1.340051,
        42.974515,
        870.25
      ],
      [
        -1.340105,
        42.974492,
        870.0
      ],
      [
        -1.340199,
        42.974469,
        870.0
      ],
      [
        -1.340632,
        42.974473,
        869.75
      ],
      [
        -1.340943,
        42.974468,
        869.25
      ],
      [
        -1.341039,
        42.974449,
        869.75
      ],
      [
        -1.341149,
        42.974384,
        870.0
      ],
      [
        -1.34145,
        42.974017,
        870.0
      ],
      [
        -1.341724,
        42.973656,
        869.25
      ],
      [
        -1.341828,
        42.97361,
        869.5
      ],
      [
        -1.341881,
        42.973537,
        869.5
      ],
      [
        -1.341906,
        42.973259,
        868.5
      ],
      [
        -1.341966,
        42.973074,
        868.0
      ],
      [
        -1.34209,
        42.972909,
        867.5
      ],
      [
        -1.342242,
        42.972756,
        867.75
      ],
      [
        -1.342439,
        42.972632,
        867.25
      ],
      [
        -1.342568,
        42.972574,
        867.25
      ],
      [
        -1.342706,
        42.972398,
        866.75
      ],
      [
        -1.342762,
        42.972375,
        866.5
      ],
      [
        -1.3429,
        42.972347,
        866.5
      ],
      [
        -1.342949,
        42.972315,
        866.5
      ],
      [
        -1.342975,
        42.972274,
        866.5
      ],
      [
        -1.343028,
        42.97201,
        866.0
      ],
      [
        -1.343081,
        42.971883,
        865.5
      ],
      [
        -1.343154,
        42.971794,
        865.25
      ],
      [
        -1.34332,
        42.971679,
        865.0
      ],
      [
        -1.343495,
        42.971596,
        865.0
      ],
      [
        -1.343729,
        42.971567,
        866.0
      ],
      [
        -1.343856,
        42.971575,
        866.5
      ],
      [
        -1.343997,
        42.971601,
        866.75
      ],
      [
        -1.344426,
        42.971722,
        868.0
      ],
      [
        -1.345169,
        42.972114,
        870.5
      ],
      [
        -1.345537,
        42.972316,
        873.5
      ],
      [
        -1.345739,
        42.972406,
        873.25
      ],
      [
        -1.346025,
        42.972461,
        873.75
      ],
      [
        -1.346294,
        42.972481,
        873.75
      ],
      [
        -1.34651,
        42.97244,
        872.0
      ],
      [
        -1.34673,
        42.972406,
        870.75
      ],
      [
        -1.346999,
        42.972419,
        870.5
      ],
      [
        -1.347395,
        42.972523,
        871.25
      ],
      [
        -1.347774,
        42.972605,
        870.0
      ],
      [
        -1.347985,
        42.972666,
        869.25
      ],
      [
        -1.348545,
        42.972763,
        869.75
      ],
      [
        -1.348981,
        42.972854,
        867.0
      ],
      [
        -1.349356,
        42.972945,
        865.5
      ],
      [
        -1.349536,
        42.973025,
        864.5
      ],
      [
        -1.349609,
        42.97311,
        863.75
      ],
      [
        -1.349631,
        42.973142,
        863.5
      ],
      [
        -1.349628,
        42.973242,
        862.75
      ],
      [
        -1.349609,
        42.97338,
        862.0
      ],
      [
        -1.349578,
        42.973492,
        862.25
      ],
      [
        -1.349414,
        42.973914,
        862.25
      ],
      [
        -1.349386,
        42.97401,
        862.5
      ],
      [
        -1.349385,
        42.974034,
        862.5
      ],
      [
        -1.349408,
        42.974066,
        862.25
      ],
      [
        -1.349478,
        42.974091,
        861.75
      ],
      [
        -1.349751,
        42.974117,
        862.0
      ],
      [
        -1.349843,
        42.974106,
        862.5
      ],
      [
        -1.35001,
        42.974052,
        863.0
      ],
      [
        -1.351057,
        42.973618,
        862.75
      ],
      [
        -1.351299,
        42.973468,
        862.75
      ],
      [
        -1.35143,
        42.97334,
        862.0
      ],
      [
        -1.351641,
        42.973257,
        862.5
      ],
      [
        -1.35203,
        42.973076,
        863.25
      ],
      [
        -1.352145,
        42.973085,
        863.75
      ],
      [
        -1.352426,
        42.973019,
        865.0
      ],
      [
        -1.352594,
        42.973035,
        866.0
      ],
      [
        -1.35267,
        42.972904,
        865.5
      ],
      [
        -1.352783,
        42.972778,
        866.0
      ],
      [
        -1.352954,
        42.972719,
        866.0
      ],
      [
        -1.35345,
        42.972504,
        870.25
      ],
      [
        -1.353634,
        42.972474,
        871.75
      ],
      [
        -1.353744,
        42.972409,
        872.0
      ],
      [
        -1.353844,
        42.97245,
        873.25
      ],
      [
        -1.353911,
        42.972493,
        874.0
      ],
      [
        -1.354029,
        42.972606,
        874.25
      ],
      [
        -1.35406,
        42.972613,
        874.25
      ],
      [
        -1.354103,
        42.972621,
        874.5
      ],
      [
        -1.354333,
        42.972733,
        875.5
      ],
      [
        -1.35452,
        42.972844,
        876.25
      ],
      [
        -1.354745,
        42.972992,
        877.25
      ],
      [
        -1.355201,
        42.973325,
        877.5
      ],
      [
        -1.355531,
        42.973693,
        877.75
      ],
      [
        -1.355862,
        42.973948,
        876.75
      ],
      [
        -1.357281,
        42.974973,
        865.5
      ],
      [
        -1.357643,
        42.975181,
        863.25
      ],
      [
        -1.35966,
        42.976058,
        854.5
      ],
      [
        -1.359856,
        42.976144,
        854.5
      ],
      [
        -1.36268,
        42.977308,
        862.5
      ],
      [
        -1.363492,
        42.977644,
        867.25
      ],
      [
        -1.364008,
        42.977859,
        870.25
      ],
      [
        -1.365051,
        42.978295,
        875.5
      ],
      [
        -1.365551,
        42.978447,
        877.25
      ],
      [
        -1.36582,
        42.978502,
        876.0
      ],
      [
        -1.365989,
        42.978536,
        875.25
      ],
      [
        -1.366442,
        42.978631,
        873.75
      ],
      [
        -1.366608,
        42.978666,
        873.25
      ],
      [
        -1.366942,
        42.97871,
        873.25
      ],
      [
        -1.367086,
        42.978729,
        872.25
      ],
      [
        -1.367611,
        42.978767,
        869.25
      ],
      [
        -1.367907,
        42.978791,
        867.75
      ],
      [
        -1.368214,
        42.978833,
        867.25
      ],
      [
        -1.36851,
        42.978884,
        867.75
      ],
      [
        -1.369237,
        42.979041,
        869.5
      ],
      [
        -1.369156,
        42.979231,
        868.75
      ],
      [
        -1.369259,
        42.979314,
        868.5
      ],
      [
        -1.369314,
        42.979325,
        868.25
      ],
      [
        -1.3695,
        42.979361,
        867.75
      ],
      [
        -1.369449,
        42.979458,
        868.0
      ],
      [
        -1.369435,
        42.979485,
        868.0
      ],
      [
        -1.369273,
        42.979614,
        869.0
      ],
      [
        -1.369247,
        42.979635,
        869.25
      ],
      [
        -1.369104,
        42.98013,
        870.0
      ],
      [
        -1.369039,
        42.980286,
        870.5
      ],
      [
        -1.369288,
        42.980425,
        871.5
      ],
      [
        -1.369893,
        42.980737,
        869.5
      ],
      [
        -1.370217,
        42.980854,
        870.0
      ],
      [
        -1.370477,
        42.980926,
        871.0
      ],
      [
        -1.371448,
        42.981194,
        874.25
      ],
      [
        -1.37161,
        42.981251,
        874.5
      ],
      [
        -1.372117,
        42.981589,
        876.25
      ],
      [
        -1.372434,
        42.981779,
        876.5
      ],
      [
        -1.372572,
        42.981851,
        876.25
      ],
      [
        -1.372738,
        42.981934,
        875.25
      ],
      [
        -1.372921,
        42.982009,
        875.25
      ],
      [
        -1.373098,
        42.982064,
        875.0
      ],
      [
        -1.3732,
        42.982101,
        874.5
      ],
      [
        -1.373346,
        42.982201,
        873.75
      ],
      [
        -1.373577,
        42.982352,
        873.0
      ],
      [
        -1.373846,
        42.982527,
        871.5
      ],
      [
        -1.374028,
        42.982584,
        871.75
      ],
      [
        -1.374351,
        42.982603,
        871.0
      ],
      [
        -1.374418,
        42.982595,
        870.75
      ],
      [
        -1.374513,
        42.982584,
        870.25
      ],
      [
        -1.37535,
        42.982321,
        868.25
      ],
      [
        -1.375539,
        42.982357,
        869.25
      ],
      [
        -1.375748,
        42.98238,
        870.0
      ],
      [
        -1.375855,
        42.982408,
        870.25
      ],
      [
        -1.37646,
        42.982733,
        872.25
      ],
      [
        -1.376527,
        42.982789,
        872.5
      ],
      [
        -1.376566,
        42.982913,
        873.0
      ],
      [
        -1.376565,
        42.983052,
        873.5
      ],
      [
        -1.376545,
        42.983232,
        874.0
      ],
      [
        -1.376602,
        42.984553,
        876.25
      ],
      [
        -1.376665,
        42.985135,
        876.5
      ],
      [
        -1.376698,
        42.985433,
        874.75
      ],
      [
        -1.376668,
        42.985679,
        874.25
      ],
      [
        -1.376485,
        42.986242,
        876.0
      ],
      [
        -1.376418,
        42.986803,
        875.5
      ],
      [
        -1.376275,
        42.989612,
        889.0
      ],
      [
        -1.376418,
        42.991237,
        894.25
      ],
      [
        -1.376388,
        42.99157,
        894.25
      ],
      [
        -1.376337,
        42.992143,
        896.25
      ],
      [
        -1.376465,
        42.992938,
        899.0
      ],
      [
        -1.376596,
        42.994412,
        900.75
      ],
      [
        -1.376642,
        42.995013,
        901.25
      ],
      [
        -1.376792,
        42.995266,
        900.75
      ],
      [
        -1.37723,
        42.995742,
        905.5
      ],
      [
        -1.377393,
        42.99612,
        908.25
      ],
      [
        -1.377464,
        42.996591,
        908.0
      ],
      [
        -1.377156,
        42.997347,
        902.75
      ],
      [
        -1.377027,
        42.997563,
        902.0
      ],
      [
        -1.376794,
        42.997894,
        900.5
      ],
      [
        -1.376724,
        42.998073,
        896.25
      ],
      [
        -1.37668,
        42.998258,
        895.25
      ],
      [
        -1.376624,
        42.998559,
        894.75
      ],
      [
        -1.376631,
        42.998745,
        893.5
      ],
      [
        -1.376661,
        42.998933,
        892.75
      ],
      [
        -1.376783,
        42.999184,
        893.0
      ],
      [
        -1.376851,
        42.999254,
        892.75
      ],
      [
        -1.376892,
        42.99928,
        892.0
      ],
      [
        -1.376929,
        42.999299,
        891.25
      ],
      [
        -1.376987,
        42.999304,
        891.0
      ],
      [
        -1.377075,
        42.999289,
        891.0
      ],
      [
        -1.377158,
        42.999185,
        891.0
      ],
      [
        -1.377248,
        42.99899,
        893.75
      ],
      [
        -1.377342,
        42.998846,
        895.5
      ],
      [
        -1.377563,
        42.99864,
        897.75
      ],
      [
        -1.377885,
        42.99838,
        898.75
      ],
      [
        -1.378252,
        42.998256,
        898.75
      ],
      [
        -1.378349,
        42.998164,
        898.25
      ],
      [
        -1.378338,
        42.998088,
        897.25
      ],
      [
        -1.378303,
        42.997956,
        894.5
      ],
      [
        -1.378389,
        42.99785,
        893.75
      ],
      [
        -1.378566,
        42.997807,
        895.0
      ],
      [
        -1.379204,
        42.997699,
        889.75
      ],
      [
        -1.379631,
        42.997495,
        885.25
      ],
      [
        -1.37981,
        42.997378,
        883.5
      ],
      [
        -1.380052,
        42.997246,
        882.0
      ],
      [
        -1.380808,
        42.996905,
        874.0
      ],
      [
        -1.380908,
        42.996909,
        873.5
      ],
      [
        -1.381006,
        42.996951,
        873.25
      ],
      [
        -1.381043,
        42.997027,
        872.5
      ],
      [
        -1.380999,
        42.997331,
        872.0
      ],
      [
        -1.381043,
        42.997381,
        871.0
      ],
      [
        -1.381103,
        42.997409,
        870.25
      ],
      [
        -1.381193,
        42.997409,
        870.75
      ],
      [
        -1.381259,
        42.997389,
        871.0
      ],
      [
        -1.381552,
        42.996997,
        867.25
      ],
      [
        -1.381705,
        42.996828,
        866.25
      ],
      [
        -1.381857,
        42.996618,
        865.0
      ],
      [
        -1.38197,
        42.996324,
        863.5
      ],
      [
        -1.382098,
        42.99603,
        860.5
      ],
      [
        -1.382302,
        42.995824,
        858.25
      ],
      [
        -1.382608,
        42.995614,
        855.25
      ],
      [
        -1.382884,
        42.99549,
        854.75
      ],
      [
        -1.383643,
        42.99522,
        851.25
      ],
      [
        -1.383791,
        42.995196,
        850.5
      ],
      [
        -1.38393,
        42.995165,
        849.5
      ],
      [
        -1.384143,
        42.99516,
        849.25
      ],
      [
        -1.384609,
        42.995094,
        847.25
      ],
      [
        -1.384901,
        42.995092,
        846.25
      ],
      [
        -1.385178,
        42.995067,
        846.0
      ],
      [
        -1.385824,
        42.994857,
        844.75
      ],
      [
        -1.386055,
        42.994845,
        844.25
      ],
      [
        -1.386191,
        42.994857,
        844.5
      ],
      [
        -1.386347,
        42.994802,
        843.25
      ],
      [
        -1.386503,
        42.994702,
        842.25
      ],
      [
        -1.386865,
        42.994225,
        839.75
      ],
      [
        -1.387044,
        42.993776,
        837.5
      ],
      [
        -1.387195,
        42.993307,
        836.5
      ],
      [
        -1.387334,
        42.992952,
        836.0
      ],
      [
        -1.387575,
        42.992712,
        835.5
      ],
      [
        -1.387887,
        42.992555,
        834.0
      ],
      [
        -1.388101,
        42.992526,
        833.75
      ],
      [
        -1.388284,
        42.992485,
        832.5
      ],
      [
        -1.388935,
        42.992396,
        828.75
      ],
      [
        -1.389292,
        42.992353,
        828.0
      ],
      [
        -1.38944,
        42.99231,
        827.5
      ],
      [
        -1.389544,
        42.992271,
        827.25
      ],
      [
        -1.38971,
        42.992147,
        826.0
      ],
      [
        -1.389866,
        42.991939,
        826.5
      ],
      [
        -1.389976,
        42.991731,
        824.75
      ],
      [
        -1.390145,
        42.9916,
        823.75
      ],
      [
        -1.390389,
        42.991514,
        822.75
      ],
      [
        -1.39081,
        42.991522,
        820.75
      ],
      [
        -1.391186,
        42.991486,
        820.0
      ],
      [
        -1.391532,
        42.991406,
        818.25
      ],
      [
        -1.391701,
        42.991396,
        817.5
      ],
      [
        -1.392256,
        42.991496,
        817.5
      ],
      [
        -1.392457,
        42.991508,
        817.25
      ],
      [
        -1.3928,
        42.991467,
        816.0
      ],
      [
        -1.393101,
        42.991384,
        814.75
      ],
      [
        -1.393294,
        42.991363,
        814.5
      ],
      [
        -1.393704,
        42.991425,
        815.5
      ],
      [
        -1.393997,
        42.991427,
        815.25
      ],
      [
        -1.394418,
        42.991386,
        813.0
      ],
      [
        -1.394647,
        42.991397,
        811.75
      ],
      [
        -1.3948,
        42.991463,
        812.5
      ],
      [
        -1.395218,
        42.99156,
        810.25
      ],
      [
        -1.395689,
        42.991608,
        809.25
      ],
      [
        -1.395885,
        42.991569,
        809.0
      ],
      [
        -1.396725,
        42.991276,
        807.5
      ],
      [
        -1.397285,
        42.991064,
        805.5
      ],
      [
        -1.397797,
        42.990931,
        805.0
      ],
      [
        -1.399096,
        42.990654,
        804.25
      ],
      [
        -1.399299,
        42.990537,
        804.25
      ],
      [
        -1.399493,
        42.990274,
        802.75
      ],
      [
        -1.399659,
        42.990117,
        801.5
      ],
      [
        -1.399951,
        42.990007,
        802.75
      ],
      [
        -1.400246,
        42.989991,
        801.75
      ],
      [
        -1.400415,
        42.990066,
        801.5
      ],
      [
        -1.400855,
        42.990348,
        800.25
      ],
      [
        -1.40129,
        42.990513,
        797.75
      ],
      [
        -1.401532,
        42.990588,
        797.5
      ],
      [
        -1.401885,
        42.990588,
        796.25
      ],
      [
        -1.402188,
        42.990505,
        795.5
      ],
      [
        -1.402625,
        42.990374,
        794.5
      ],
      [
        -1.403006,
        42.990366,
        794.5
      ],
      [
        -1.404047,
        42.99037,
        793.75
      ],
      [
        -1.404333,
        42.990308,
        793.25
      ],
      [
        -1.404729,
        42.990167,
        793.5
      ],
      [
        -1.405016,
        42.990056,
        792.75
      ],
      [
        -1.405212,
        42.989935,
        791.5
      ],
      [
        -1.405377,
        42.989751,
        790.0
      ],
      [
        -1.405557,
        42.989391,
        787.0
      ],
      [
        -1.405694,
        42.989159,
        788.5
      ],
      [
        -1.405809,
        42.98903,
        790.25
      ],
      [
        -1.406096,
        42.988996,
        788.25
      ],
      [
        -1.406898,
        42.988991,
        788.0
      ],
      [
        -1.407051,
        42.988942,
        786.25
      ],
      [
        -1.407604,
        42.988657,
        783.75
      ],
      [
        -1.408059,
        42.988575,
        782.0
      ],
      [
        -1.408302,
        42.988539,
        780.75
      ],
      [
        -1.408379,
        42.988528,
        781.75
      ],
      [
        -1.408398,
        42.98836,
        781.25
      ],
      [
        -1.408447,
        42.988254,
        781.75
      ],
      [
        -1.408507,
        42.988178,
        782.0
      ],
      [
        -1.408915,
        42.987856,
        779.75
      ],
      [
        -1.409336,
        42.987631,
        781.0
      ],
      [
        -1.409829,
        42.987394,
        781.75
      ],
      [
        -1.410067,
        42.987055,
        779.0
      ],
      [
        -1.410445,
        42.986701,
        778.25
      ],
      [
        -1.410708,
        42.986434,
        777.25
      ],
      [
        -1.411264,
        42.986171,
        776.5
      ],
      [
        -1.411345,
        42.986068,
        776.5
      ],
      [
        -1.411379,
        42.985941,
        776.25
      ],
      [
        -1.411396,
        42.985805,
        775.5
      ],
      [
        -1.411305,
        42.985559,
        775.0
      ],
      [
        -1.41122,
        42.985465,
        775.25
      ],
      [
        -1.410982,
        42.985282,
        773.5
      ],
      [
        -1.410619,
        42.985058,
        773.0
      ],
      [
        -1.410226,
        42.984752,
        772.5
      ],
      [
        -1.409946,
        42.98446,
        773.25
      ],
      [
        -1.40992,
        42.984255,
        773.75
      ],
      [
        -1.409996,
        42.983709,
        770.5
      ],
      [
        -1.409971,
        42.983205,
        770.75
      ],
      [
        -1.409782,
        42.982938,
        770.25
      ],
      [
        -1.409623,
        42.982491,
        768.75
      ],
      [
        -1.409178,
        42.981885,
        767.75
      ],
      [
        -1.408972,
        42.981677,
        767.25
      ],
      [
        -1.408692,
        42.981521,
        766.25
      ],
      [
        -1.408457,
        42.981461,
        766.75
      ],
      [
        -1.408176,
        42.981308,
        766.25
      ],
      [
        -1.407759,
        42.981041,
        767.5
      ],
      [
        -1.407437,
        42.98051,
        767.25
      ],
      [
        -1.407267,
        42.979972,
        764.0
      ],
      [
        -1.406488,
        42.979235,
        764.25
      ],
      [
        -1.406005,
        42.978782,
        765.0
      ],
      [
        -1.405982,
        42.978661,
        763.75
      ],
      [
        -1.406071,
        42.978631,
        762.25
      ],
      [
        -1.406038,
        42.978437,
        762.75
      ],
      [
        -1.405927,
        42.978054,
        762.0
      ],
      [
        -1.405892,
        42.977733,
        761.25
      ],
      [
        -1.406035,
        42.977397,
        761.25
      ],
      [
        -1.406248,
        42.976654,
        758.0
      ],
      [
        -1.406537,
        42.976267,
        760.0
      ],
      [
        -1.406684,
        42.975676,
        757.5
      ],
      [
        -1.406745,
        42.974979,
        761.5
      ],
      [
        -1.406524,
        42.974347,
        758.75
      ],
      [
        -1.406453,
        42.973959,
        756.75
      ],
      [
        -1.406451,
        42.973608,
        755.25
      ],
      [
        -1.406496,
        42.973517,
        755.5
      ],
      [
        -1.406628,
        42.973353,
        755.75
      ],
      [
        -1.406867,
        42.973161,
        756.25
      ],
      [
        -1.407252,
        42.972908,
        757.75
      ],
      [
        -1.407339,
        42.972802,
        757.0
      ],
      [
        -1.407389,
        42.972672,
        756.75
      ],
      [
        -1.407398,
        42.97253,
        756.5
      ],
      [
        -1.407376,
        42.972486,
        756.5
      ],
      [
        -1.407323,
        42.972327,
        755.75
      ],
      [
        -1.407324,
        42.971751,
        754.5
      ],
      [
        -1.407262,
        42.971267,
        753.0
      ],
      [
        -1.407233,
        42.971163,
        753.0
      ],
      [
        -1.407204,
        42.971111,
        752.75
      ],
      [
        -1.407126,
        42.97103,
        752.75
      ],
      [
        -1.40708,
        42.971,
        752.75
      ],
      [
        -1.40695,
        42.970942,
        752.5
      ],
      [
        -1.406872,
        42.9709,
        752.25
      ],
      [
        -1.406835,
        42.970869,
        752.25
      ],
      [
        -1.40683,
        42.970836,
        752.5
      ],
      [
        -1.406838,
        42.970797,
        752.5
      ],
      [
        -1.406881,
        42.970739,
        752.75
      ],
      [
        -1.406898,
        42.970712,
        752.75
      ],
      [
        -1.406904,
        42.970682,
        752.75
      ],
      [
        -1.407022,
        42.9707,
        753.75
      ],
      [
        -1.407148,
        42.970737,
        755.0
      ],
      [
        -1.407275,
        42.970796,
        755.75
      ],
      [
        -1.407476,
        42.97093,
        757.25
      ],
      [
        -1.407585,
        42.970998,
        758.0
      ],
      [
        -1.407703,
        42.971055,
        758.25
      ],
      [
        -1.40785,
        42.971089,
        758.25
      ],
      [
        -1.408027,
        42.971112,
        758.75
      ],
      [
        -1.408176,
        42.971105,
        759.5
      ],
      [
        -1.40834,
        42.971066,
        761.0
      ],
      [
        -1.40875,
        42.970921,
        762.75
      ],
      [
        -1.40901,
        42.970814,
        763.25
      ],
      [
        -1.409237,
        42.970682,
        764.75
      ],
      [
        -1.410256,
        42.969988,
        771.25
      ],
      [
        -1.410777,
        42.969644,
        775.25
      ],
      [
        -1.410946,
        42.969555,
        775.25
      ],
      [
        -1.411066,
        42.969533,
        774.75
      ],
      [
        -1.411179,
        42.969542,
        775.25
      ],
      [
        -1.411254,
        42.969579,
        776.25
      ],
      [
        -1.411315,
        42.969639,
        776.75
      ],
      [
        -1.411478,
        42.96988,
        778.75
      ],
      [
        -1.411554,
        42.969951,
        779.25
      ],
      [
        -1.411691,
        42.97002,
        779.75
      ],
      [
        -1.411867,
        42.970068,
        780.5
      ],
      [
        -1.412016,
        42.97009,
        781.25
      ],
      [
        -1.412336,
        42.970114,
        782.5
      ],
      [
        -1.412542,
        42.970115,
        784.0
      ],
      [
        -1.412772,
        42.970097,
        785.25
      ],
      [
        -1.412873,
        42.970076,
        784.75
      ],
      [
        -1.413022,
        42.970036,
        783.75
      ],
      [
        -1.414413,
        42.96955,
        779.0
      ],
      [
        -1.414764,
        42.969402,
        776.25
      ],
      [
        -1.414808,
        42.969383,
        775.75
      ],
      [
        -1.416999,
        42.968461,
        776.5
      ],
      [
        -1.417,
        42.968433,
        776.5
      ],
      [
        -1.417001,
        42.968395,
        776.75
      ],
      [
        -1.417073,
        42.968264,
        777.75
      ],
      [
        -1.417172,
        42.968157,
        779.0
      ],
      [
        -1.417464,
        42.967915,
        780.5
      ],
      [
        -1.417596,
        42.967837,
        780.75
      ],
      [
        -1.417456,
        42.967654,
        781.5
      ],
      [
        -1.4174,
        42.967557,
        782.5
      ],
      [
        -1.417456,
        42.967654,
        781.5
      ],
      [
        -1.417596,
        42.967837,
        780.75
      ],
      [
        -1.41769,
        42.967784,
        780.75
      ],
      [
        -1.41793,
        42.968094,
        779.25
      ],
      [
        -1.418172,
        42.968038,
        778.5
      ],
      [
        -1.418743,
        42.967942,
        776.5
      ],
      [
        -1.419102,
        42.967919,
        774.75
      ],
      [
        -1.419289,
        42.967944,
        774.25
      ],
      [
        -1.419479,
        42.967986,
        774.25
      ],
      [
        -1.419591,
        42.968017,
        774.0
      ],
      [
        -1.419992,
        42.968124,
        775.0
      ],
      [
        -1.420222,
        42.968182,
        774.5
      ],
      [
        -1.420336,
        42.968199,
        774.0
      ],
      [
        -1.420454,
        42.968207,
        773.25
      ],
      [
        -1.420602,
        42.968201,
        772.75
      ],
      [
        -1.420813,
        42.968162,
        773.5
      ],
      [
        -1.420938,
        42.968127,
        774.25
      ],
      [
        -1.421096,
        42.96807,
        775.0
      ],
      [
        -1.422178,
        42.967592,
        780.25
      ],
      [
        -1.422374,
        42.967524,
        781.5
      ],
      [
        -1.422503,
        42.967497,
        782.0
      ],
      [
        -1.422645,
        42.967477,
        782.75
      ],
      [
        -1.422809,
        42.96747,
        783.0
      ],
      [
        -1.422963,
        42.967483,
        782.25
      ],
      [
        -1.423128,
        42.967503,
        781.5
      ],
      [
        -1.423356,
        42.967548,
        781.0
      ],
      [
        -1.423577,
        42.967561,
        780.5
      ],
      [
        -1.424107,
        42.967531,
        777.5
      ],
      [
        -1.425638,
        42.967327,
        769.25
      ],
      [
        -1.425906,
        42.967273,
        768.5
      ],
      [
        -1.426188,
        42.967162,
        767.25
      ],
      [
        -1.426455,
        42.967042,
        766.25
      ],
      [
        -1.426796,
        42.966925,
        764.25
      ],
      [
        -1.427298,
        42.966809,
        760.5
      ],
      [
        -1.427488,
        42.966717,
        760.25
      ],
      [
        -1.427821,
        42.966481,
        759.25
      ],
      [
        -1.428105,
        42.966331,
        756.25
      ],
      [
        -1.428433,
        42.966213,
        755.25
      ],
      [
        -1.428648,
        42.966125,
        753.25
      ],
      [
        -1.428847,
        42.966009,
        751.5
      ],
      [
        -1.429028,
        42.96586,
        749.75
      ],
      [
        -1.429138,
        42.965813,
        749.75
      ],
      [
        -1.429352,
        42.965749,
        749.0
      ],
      [
        -1.429833,
        42.965561,
        748.5
      ],
      [
        -1.42998,
        42.965522,
        748.0
      ],
      [
        -1.431041,
        42.96533,
        744.75
      ],
      [
        -1.431243,
        42.965268,
        744.75
      ],
      [
        -1.431572,
        42.965144,
        744.75
      ],
      [
        -1.431983,
        42.964958,
        743.5
      ],
      [
        -1.432163,
        42.964861,
        743.25
      ],
      [
        -1.432386,
        42.964702,
        743.5
      ],
      [
        -1.432502,
        42.964627,
        743.75
      ],
      [
        -1.433315,
        42.964198,
        745.5
      ],
      [
        -1.43345,
        42.964111,
        746.25
      ],
      [
        -1.433592,
        42.964048,
        748.25
      ],
      [
        -1.433775,
        42.963991,
        748.5
      ],
      [
        -1.433911,
        42.963946,
        748.25
      ],
      [
        -1.434025,
        42.963897,
        746.5
      ],
      [
        -1.434132,
        42.963841,
        745.25
      ],
      [
        -1.43425,
        42.963769,
        744.75
      ],
      [
        -1.434408,
        42.963704,
        742.75
      ],
      [
        -1.434547,
        42.963656,
        741.0
      ],
      [
        -1.434701,
        42.963624,
        738.25
      ],
      [
        -1.434872,
        42.9636,
        737.0
      ],
      [
        -1.435079,
        42.963598,
        735.5
      ],
      [
        -1.435166,
        42.96361,
        734.75
      ],
      [
        -1.435412,
        42.96363,
        734.25
      ],
      [
        -1.435546,
        42.963619,
        734.0
      ],
      [
        -1.435645,
        42.963599,
        734.75
      ],
      [
        -1.435733,
        42.963548,
        735.25
      ],
      [
        -1.43581,
        42.963489,
        735.5
      ],
      [
        -1.436113,
        42.963287,
        733.75
      ],
      [
        -1.43625,
        42.963204,
        733.5
      ],
      [
        -1.436516,
        42.963084,
        732.5
      ],
      [
        -1.436834,
        42.962964,
        732.5
      ],
      [
        -1.437507,
        42.962795,
        732.0
      ],
      [
        -1.437703,
        42.962718,
        733.0
      ],
      [
        -1.437743,
        42.962669,
        733.25
      ],
      [
        -1.437771,
        42.962626,
        733.25
      ],
      [
        -1.437787,
        42.962573,
        733.25
      ],
      [
        -1.437804,
        42.962388,
        733.75
      ],
      [
        -1.437846,
        42.962343,
        734.5
      ],
      [
        -1.437878,
        42.96233,
        736.0
      ],
      [
        -1.437846,
        42.962343,
        734.5
      ],
      [
        -1.437733,
        42.962062,
        735.25
      ],
      [
        -1.437716,
        42.962041,
        735.5
      ],
      [
        -1.437538,
        42.961811,
        738.0
      ],
      [
        -1.437542,
        42.961757,
        739.25
      ],
      [
        -1.437308,
        42.96156,
        743.25
      ],
      [
        -1.437253,
        42.961506,
        744.75
      ],
      [
        -1.437143,
        42.961409,
        747.0
      ],
      [
        -1.437098,
        42.961316,
        747.5
      ],
      [
        -1.437075,
        42.961241,
        747.75
      ],
      [
        -1.43706,
        42.961134,
        748.5
      ],
      [
        -1.437535,
        42.961095,
        751.75
      ],
      [
        -1.43766,
        42.961085,
        752.5
      ],
      [
        -1.437792,
        42.961082,
        753.5
      ],
      [
        -1.438016,
        42.961066,
        755.25
      ],
      [
        -1.438306,
        42.96092,
        758.75
      ],
      [
        -1.438584,
        42.960779,
        761.75
      ],
      [
        -1.438847,
        42.960678,
        763.75
      ],
      [
        -1.439174,
        42.96059,
        768.75
      ],
      [
        -1.439448,
        42.960525,
        771.5
      ],
      [
        -1.439684,
        42.960519,
        773.25
      ],
      [
        -1.440083,
        42.960529,
        776.25
      ],
      [
        -1.440274,
        42.96057,
        778.75
      ],
      [
        -1.440813,
        42.960716,
        781.5
      ],
      [
        -1.441047,
        42.960761,
        782.5
      ],
      [
        -1.441213,
        42.960772,
        782.75
      ],
      [
        -1.441655,
        42.960743,
        782.5
      ],
      [
        -1.441899,
        42.960759,
        783.0
      ],
      [
        -1.442164,
        42.960788,
        783.25
      ],
      [
        -1.442328,
        42.960835,
        783.5
      ],
      [
        -1.442827,
        42.961084,
        784.75
      ],
      [
        -1.442865,
        42.961167,
        785.75
      ],
      [
        -1.442864,
        42.961223,
        786.25
      ],
      [
        -1.442849,
        42.961265,
        786.75
      ],
      [
        -1.442739,
        42.961368,
        786.25
      ],
      [
        -1.442669,
        42.96145,
        786.5
      ],
      [
        -1.442642,
        42.961579,
        788.25
      ],
      [
        -1.442639,
        42.961679,
        790.0
      ],
      [
        -1.44272,
        42.961777,
        791.5
      ],
      [
        -1.44276,
        42.961802,
        792.25
      ],
      [
        -1.442808,
        42.961821,
        792.75
      ],
      [
        -1.442918,
        42.96184,
        794.0
      ],
      [
        -1.443034,
        42.961829,
        795.25
      ],
      [
        -1.443337,
        42.96176,
        796.5
      ],
      [
        -1.444179,
        42.961603,
        803.75
      ],
      [
        -1.444608,
        42.96154,
        806.5
      ],
      [
        -1.445735,
        42.961424,
        818.0
      ],
      [
        -1.446164,
        42.961361,
        821.75
      ],
      [
        -1.446368,
        42.961308,
        823.5
      ],
      [
        -1.446515,
        42.961242,
        824.5
      ],
      [
        -1.446711,
        42.961118,
        826.25
      ],
      [
        -1.44692,
        42.960961,
        827.5
      ],
      [
        -1.447189,
        42.960665,
        828.5
      ],
      [
        -1.447508,
        42.960247,
        828.5
      ],
      [
        -1.447623,
        42.960169,
        829.0
      ],
      [
        -1.447736,
        42.960119,
        829.0
      ],
      [
        -1.447851,
        42.96008,
        829.25
      ],
      [
        -1.447975,
        42.960057,
        829.0
      ],
      [
        -1.448084,
        42.960053,
        828.5
      ],
      [
        -1.44821,
        42.960069,
        828.75
      ],
      [
        -1.448342,
        42.960106,
        828.75
      ],
      [
        -1.448489,
        42.960178,
        828.5
      ],
      [
        -1.448568,
        42.96021,
        829.0
      ],
      [
        -1.448666,
        42.96025,
        829.5
      ],
      [
        -1.448813,
        42.96029,
        830.0
      ],
      [
        -1.448961,
        42.960321,
        830.5
      ],
      [
        -1.44923,
        42.960355,
        833.0
      ],
      [
        -1.449478,
        42.960412,
        835.0
      ],
      [
        -1.449536,
        42.960436,
        835.25
      ],
      [
        -1.449729,
        42.960557,
        837.0
      ],
      [
        -1.450297,
        42.960944,
        840.0
      ],
      [
        -1.450453,
        42.960964,
        840.5
      ],
      [
        -1.450949,
        42.961224,
        845.0
      ],
      [
        -1.451122,
        42.961278,
        847.5
      ],
      [
        -1.451334,
        42.961299,
        847.5
      ],
      [
        -1.451512,
        42.961309,
        848.0
      ],
      [
        -1.451624,
        42.961307,
        848.0
      ],
      [
        -1.451729,
        42.96129,
        847.75
      ],
      [
        -1.451964,
        42.961204,
        847.0
      ],
      [
        -1.452181,
        42.961084,
        847.0
      ],
      [
        -1.452513,
        42.960816,
        845.5
      ],
      [
        -1.452456,
        42.960716,
        845.25
      ],
      [
        -1.452424,
        42.960575,
        845.0
      ],
      [
        -1.452388,
        42.960326,
        844.5
      ],
      [
        -1.452378,
        42.96004,
        844.0
      ],
      [
        -1.452396,
        42.959787,
        842.75
      ],
      [
        -1.452414,
        42.959692,
        842.5
      ],
      [
        -1.452439,
        42.959615,
        842.25
      ],
      [
        -1.452546,
        42.959429,
        839.75
      ],
      [
        -1.452626,
        42.959221,
        837.25
      ],
      [
        -1.452618,
        42.959109,
        837.5
      ],
      [
        -1.452642,
        42.959004,
        837.0
      ],
      [
        -1.452759,
        42.958774,
        834.25
      ],
      [
        -1.452877,
        42.958844,
        834.25
      ],
      [
        -1.452941,
        42.958864,
        833.5
      ],
      [
        -1.453005,
        42.958876,
        832.75
      ],
      [
        -1.453196,
        42.95872,
        832.5
      ],
      [
        -1.453265,
        42.958697,
        832.5
      ],
      [
        -1.453385,
        42.958638,
        833.25
      ],
      [
        -1.453578,
        42.958621,
        833.5
      ],
      [
        -1.453802,
        42.958612,
        834.5
      ],
      [
        -1.454075,
        42.958672,
        834.75
      ],
      [
        -1.454793,
        42.958713,
        834.75
      ],
      [
        -1.454924,
        42.958667,
        833.5
      ],
      [
        -1.454957,
        42.958639,
        833.25
      ],
      [
        -1.454982,
        42.958601,
        833.0
      ],
      [
        -1.454988,
        42.958555,
        832.0
      ],
      [
        -1.454963,
        42.958508,
        831.5
      ],
      [
        -1.454895,
        42.958418,
        832.25
      ],
      [
        -1.454864,
        42.958099,
        829.25
      ],
      [
        -1.454879,
        42.957907,
        826.25
      ],
      [
        -1.454928,
        42.957657,
        823.0
      ],
      [
        -1.454874,
        42.957455,
        823.75
      ],
      [
        -1.454885,
        42.95718,
        822.0
      ],
      [
        -1.454849,
        42.956957,
        821.25
      ],
      [
        -1.454861,
        42.956535,
        822.0
      ],
      [
        -1.454883,
        42.956224,
        822.25
      ],
      [
        -1.454885,
        42.956096,
        822.5
      ],
      [
        -1.454928,
        42.956006,
        822.5
      ],
      [
        -1.455023,
        42.955912,
        822.5
      ],
      [
        -1.455272,
        42.955693,
        826.0
      ],
      [
        -1.455409,
        42.95559,
        827.0
      ],
      [
        -1.456025,
        42.955459,
        826.5
      ],
      [
        -1.456189,
        42.955433,
        826.25
      ],
      [
        -1.456523,
        42.955379,
        826.5
      ],
      [
        -1.45683,
        42.955312,
        827.25
      ],
      [
        -1.457013,
        42.95524,
        827.0
      ],
      [
        -1.457904,
        42.954468,
        823.0
      ],
      [
        -1.458281,
        42.954226,
        823.0
      ],
      [
        -1.458484,
        42.954035,
        823.25
      ],
      [
        -1.458651,
        42.953841,
        823.75
      ],
      [
        -1.458795,
        42.953711,
        824.75
      ],
      [
        -1.458901,
        42.953663,
        824.75
      ],
      [
        -1.459043,
        42.953662,
        822.75
      ],
      [
        -1.45994,
        42.953879,
        815.5
      ],
      [
        -1.460022,
        42.95388,
        814.5
      ],
      [
        -1.460644,
        42.953862,
        815.5
      ],
      [
        -1.460891,
        42.953866,
        816.5
      ],
      [
        -1.461182,
        42.953898,
        818.25
      ],
      [
        -1.461412,
        42.9539,
        819.75
      ],
      [
        -1.461471,
        42.953885,
        820.0
      ],
      [
        -1.461588,
        42.953836,
        819.5
      ],
      [
        -1.461678,
        42.95381,
        819.25
      ],
      [
        -1.461995,
        42.953716,
        818.75
      ],
      [
        -1.462359,
        42.953637,
        820.5
      ],
      [
        -1.462574,
        42.953587,
        820.75
      ],
      [
        -1.462744,
        42.953581,
        822.0
      ],
      [
        -1.462821,
        42.953561,
        822.25
      ],
      [
        -1.462976,
        42.953467,
        823.0
      ],
      [
        -1.463205,
        42.953288,
        824.0
      ],
      [
        -1.463412,
        42.953142,
        822.75
      ],
      [
        -1.463781,
        42.952787,
        818.0
      ],
      [
        -1.464156,
        42.95256,
        816.5
      ],
      [
        -1.464475,
        42.952382,
        819.75
      ],
      [
        -1.464717,
        42.952123,
        819.25
      ],
      [
        -1.464801,
        42.951951,
        817.75
      ],
      [
        -1.464949,
        42.951597,
        815.75
      ],
      [
        -1.465094,
        42.95141,
        816.75
      ],
      [
        -1.465148,
        42.951272,
        818.75
      ],
      [
        -1.465082,
        42.951076,
        820.0
      ],
      [
        -1.464945,
        42.950895,
        822.25
      ],
      [
        -1.464686,
        42.950632,
        825.75
      ],
      [
        -1.464333,
        42.950367,
        832.5
      ],
      [
        -1.464094,
        42.950251,
        835.25
      ],
      [
        -1.46386,
        42.950201,
        837.0
      ],
      [
        -1.463729,
        42.950155,
        838.0
      ],
      [
        -1.463686,
        42.950099,
        838.75
      ],
      [
        -1.463722,
        42.950013,
        840.75
      ],
      [
        -1.463809,
        42.949926,
        841.25
      ],
      [
        -1.464109,
        42.94984,
        843.5
      ],
      [
        -1.465387,
        42.949432,
        848.25
      ],
      [
        -1.465642,
        42.949295,
        846.5
      ],
      [
        -1.465962,
        42.949093,
        845.5
      ],
      [
        -1.466422,
        42.948749,
        843.5
      ],
      [
        -1.466924,
        42.948276,
        843.75
      ],
      [
        -1.467045,
        42.948089,
        843.25
      ],
      [
        -1.467397,
        42.947437,
        838.5
      ],
      [
        -1.467557,
        42.947129,
        835.0
      ],
      [
        -1.467675,
        42.946643,
        834.5
      ],
      [
        -1.467828,
        42.946301,
        833.0
      ],
      [
        -1.46791,
        42.946145,
        832.25
      ],
      [
        -1.467948,
        42.945936,
        830.0
      ],
      [
        -1.467958,
        42.945822,
        828.75
      ],
      [
        -1.467957,
        42.945675,
        825.25
      ],
      [
        -1.467975,
        42.945627,
        824.25
      ],
      [
        -1.468024,
        42.945589,
        823.5
      ],
      [
        -1.468163,
        42.945521,
        821.75
      ],
      [
        -1.468232,
        42.945483,
        821.0
      ],
      [
        -1.468436,
        42.945305,
        819.0
      ],
      [
        -1.468536,
        42.945204,
        818.0
      ],
      [
        -1.468849,
        42.9447,
        816.25
      ],
      [
        -1.468995,
        42.944481,
        817.0
      ],
      [
        -1.469142,
        42.944092,
        814.75
      ],
      [
        -1.469165,
        42.94406,
        814.75
      ],
      [
        -1.469219,
        42.943826,
        812.75
      ],
      [
        -1.469273,
        42.943753,
        813.0
      ],
      [
        -1.469322,
        42.94365,
        813.0
      ],
      [
        -1.469361,
        42.943511,
        812.5
      ],
      [
        -1.469369,
        42.943452,
        812.25
      ],
      [
        -1.469444,
        42.943327,
        812.75
      ],
      [
        -1.469525,
        42.943218,
        812.75
      ],
      [
        -1.469597,
        42.943101,
        813.0
      ],
      [
        -1.469625,
        42.942951,
        812.75
      ],
      [
        -1.469707,
        42.942855,
        813.0
      ],
      [
        -1.470011,
        42.942416,
        812.5
      ],
      [
        -1.470121,
        42.942295,
        810.75
      ],
      [
        -1.470217,
        42.942212,
        809.5
      ],
      [
        -1.470403,
        42.941954,
        805.5
      ],
      [
        -1.470406,
        42.941935,
        805.25
      ],
      [
        -1.470379,
        42.941778,
        803.0
      ],
      [
        -1.470392,
        42.941732,
        802.5
      ],
      [
        -1.470462,
        42.941612,
        801.25
      ],
      [
        -1.470529,
        42.941573,
        801.75
      ],
      [
        -1.470555,
        42.94152,
        802.5
      ],
      [
        -1.470778,
        42.941272,
        801.25
      ],
      [
        -1.470851,
        42.941145,
        801.75
      ],
      [
        -1.470872,
        42.941089,
        801.75
      ],
      [
        -1.470911,
        42.941072,
        801.75
      ],
      [
        -1.471233,
        42.940321,
        798.5
      ],
      [
        -1.471458,
        42.940038,
        792.0
      ],
      [
        -1.471625,
        42.939881,
        789.25
      ],
      [
        -1.47184,
        42.939581,
        788.25
      ],
      [
        -1.472118,
        42.939281,
        787.25
      ],
      [
        -1.472647,
        42.938881,
        782.25
      ],
      [
        -1.473125,
        42.938595,
        774.5
      ],
      [
        -1.47355,
        42.938405,
        770.25
      ],
      [
        -1.474073,
        42.938198,
        768.25
      ],
      [
        -1.474416,
        42.938074,
        767.75
      ],
      [
        -1.475729,
        42.937758,
        770.0
      ],
      [
        -1.476262,
        42.937715,
        771.25
      ],
      [
        -1.476579,
        42.937642,
        773.0
      ],
      [
        -1.47712,
        42.937485,
        778.25
      ],
      [
        -1.477165,
        42.937479,
        778.5
      ],
      [
        -1.477213,
        42.937473,
        778.75
      ],
      [
        -1.477513,
        42.937515,
        776.0
      ],
      [
        -1.477753,
        42.937546,
        775.5
      ],
      [
        -1.478131,
        42.937616,
        775.25
      ],
      [
        -1.47827,
        42.937611,
        775.0
      ],
      [
        -1.478484,
        42.937629,
        775.25
      ],
      [
        -1.478664,
        42.937635,
        774.75
      ],
      [
        -1.479079,
        42.937707,
        773.75
      ],
      [
        -1.479271,
        42.937766,
        773.0
      ],
      [
        -1.479744,
        42.937855,
        770.5
      ],
      [
        -1.480145,
        42.937953,
        769.5
      ],
      [
        -1.480632,
        42.938055,
        767.75
      ],
      [
        -1.480894,
        42.938129,
        765.75
      ],
      [
        -1.481156,
        42.938182,
        764.5
      ],
      [
        -1.48145,
        42.93823,
        762.25
      ],
      [
        -1.481672,
        42.938238,
        760.0
      ],
      [
        -1.482307,
        42.938361,
        755.25
      ],
      [
        -1.482833,
        42.938485,
        749.5
      ],
      [
        -1.482888,
        42.938486,
        749.0
      ],
      [
        -1.48291,
        42.938492,
        748.75
      ],
      [
        -1.482961,
        42.938601,
        748.75
      ],
      [
        -1.483184,
        42.938724,
        745.25
      ],
      [
        -1.483348,
        42.938742,
        743.25
      ],
      [
        -1.48346,
        42.938736,
        741.75
      ],
      [
        -1.483645,
        42.938679,
        740.25
      ],
      [
        -1.483876,
        42.938593,
        738.0
      ],
      [
        -1.483978,
        42.938563,
        737.0
      ],
      [
        -1.484091,
        42.938554,
        735.75
      ],
      [
        -1.484121,
        42.938545,
        735.25
      ],
      [
        -1.484179,
        42.938513,
        734.75
      ],
      [
        -1.484265,
        42.938481,
        734.25
      ],
      [
        -1.484348,
        42.938488,
        733.5
      ],
      [
        -1.484369,
        42.938505,
        733.5
      ],
      [
        -1.484405,
        42.93852,
        733.25
      ],
      [
        -1.484485,
        42.938536,
        732.5
      ],
      [
        -1.484523,
        42.938516,
        732.0
      ],
      [
        -1.484711,
        42.938523,
        730.0
      ],
      [
        -1.486462,
        42.93848,
        712.5
      ],
      [
        -1.490268,
        42.937007,
        615.75
      ],
      [
        -1.491412,
        42.936589,
        605.5
      ],
      [
        -1.491724,
        42.936435,
        603.5
      ],
      [
        -1.492389,
        42.936218,
        600.75
      ],
      [
        -1.492586,
        42.936138,
        599.0
      ],
      [
        -1.49277,
        42.936062,
        597.75
      ],
      [
        -1.493153,
        42.935906,
        593.75
      ],
      [
        -1.493617,
        42.935473,
        589.0
      ],
      [
        -1.493777,
        42.934668,
        583.25
      ],
      [
        -1.493847,
        42.93447,
        582.0
      ],
      [
        -1.493996,
        42.934093,
        579.0
      ],
      [
        -1.493991,
        42.933574,
        575.0
      ],
      [
        -1.494219,
        42.933129,
        572.5
      ],
      [
        -1.49424,
        42.932889,
        571.25
      ],
      [
        -1.494309,
        42.932652,
        570.25
      ],
      [
        -1.494434,
        42.932225,
        567.0
      ],
      [
        -1.494455,
        42.931071,
        560.75
      ],
      [
        -1.494712,
        42.930505,
        556.5
      ],
      [
        -1.494878,
        42.930485,
        558.0
      ],
      [
        -1.494983,
        42.930498,
        559.5
      ],
      [
        -1.495154,
        42.930489,
        563.0
      ],
      [
        -1.495305,
        42.930463,
        565.0
      ],
      [
        -1.495605,
        42.930377,
        563.75
      ],
      [
        -1.496493,
        42.930153,
        563.5
      ],
      [
        -1.496947,
        42.930073,
        564.25
      ],
      [
        -1.497162,
        42.930033,
        563.25
      ],
      [
        -1.497346,
        42.930042,
        563.5
      ],
      [
        -1.497595,
        42.930075,
        563.75
      ],
      [
        -1.497772,
        42.930132,
        564.25
      ],
      [
        -1.497924,
        42.930207,
        565.0
      ],
      [
        -1.498107,
        42.930265,
        564.5
      ],
      [
        -1.498266,
        42.930286,
        564.25
      ],
      [
        -1.499052,
        42.930339,
        558.25
      ],
      [
        -1.499299,
        42.930381,
        555.25
      ],
      [
        -1.499636,
        42.930402,
        552.0
      ],
      [
        -1.499864,
        42.930399,
        550.25
      ],
      [
        -1.500117,
        42.930385,
        547.75
      ],
      [
        -1.500387,
        42.930377,
        545.5
      ],
      [
        -1.500465,
        42.930368,
        545.0
      ],
      [
        -1.500688,
        42.930335,
        543.75
      ],
      [
        -1.501361,
        42.930202,
        540.75
      ],
      [
        -1.501578,
        42.930185,
        539.75
      ],
      [
        -1.50161,
        42.930182,
        539.5
      ],
      [
        -1.501696,
        42.930149,
        538.75
      ],
      [
        -1.501873,
        42.930137,
        537.75
      ],
      [
        -1.501981,
        42.930136,
        537.0
      ],
      [
        -1.502305,
        42.930178,
        532.75
      ],
      [
        -1.502334,
        42.930182,
        532.25
      ],
      [
        -1.502395,
        42.930147,
        531.25
      ],
      [
        -1.50245,
        42.930107,
        530.5
      ],
      [
        -1.502583,
        42.929986,
        529.5
      ],
      [
        -1.502848,
        42.929838,
        527.25
      ],
      [
        -1.502964,
        42.929822,
        526.25
      ],
      [
        -1.503129,
        42.929831,
        525.75
      ],
      [
        -1.503404,
        42.929869,
        525.0
      ],
      [
        -1.503604,
        42.92989,
        524.5
      ],
      [
        -1.503703,
        42.929922,
        524.5
      ],
      [
        -1.503755,
        42.929938,
        524.5
      ],
      [
        -1.503898,
        42.930001,
        525.0
      ],
      [
        -1.503959,
        42.930028,
        525.0
      ],
      [
        -1.504186,
        42.930127,
        525.0
      ],
      [
        -1.504366,
        42.930206,
        525.0
      ],
      [
        -1.504648,
        42.930335,
        525.75
      ],
      [
        -1.504505,
        42.930607,
        526.25
      ],
      [
        -1.504437,
        42.930589,
        526.0
      ],
      [
        -1.504505,
        42.930607,
        526.25
      ],
      [
        -1.504648,
        42.930335,
        525.75
      ],
      [
        -1.504366,
        42.930206,
        525.0
      ],
      [
        -1.504186,
        42.930127,
        525.0
      ],
      [
        -1.503959,
        42.930028,
        525.0
      ],
      [
        -1.503898,
        42.930001,
        525.0
      ],
      [
        -1.503755,
        42.929938,
        524.5
      ],
      [
        -1.503703,
        42.929922,
        524.5
      ],
      [
        -1.503604,
        42.92989,
        524.75
      ],
      [
        -1.503404,
        42.929869,
        525.25
      ],
      [
        -1.503129,
        42.929831,
        526.25
      ],
      [
        -1.502964,
        42.929822,
        526.25
      ],
      [
        -1.502848,
        42.929838,
        527.25
      ],
      [
        -1.502809,
        42.929775,
        528.25
      ],
      [
        -1.502792,
        42.929608,
        530.25
      ],
      [
        -1.502787,
        42.929491,
        532.0
      ],
      [
        -1.502802,
        42.929269,
        534.75
      ],
      [
        -1.502781,
        42.929192,
        536.5
      ],
      [
        -1.50272,
        42.929144,
        537.5
      ],
      [
        -1.502641,
        42.929089,
        538.5
      ],
      [
        -1.502577,
        42.929031,
        539.25
      ],
      [
        -1.502351,
        42.928756,
        538.0
      ],
      [
        -1.502246,
        42.928553,
        534.0
      ],
      [
        -1.502216,
        42.928392,
        531.0
      ],
      [
        -1.502212,
        42.928226,
        529.25
      ],
      [
        -1.502244,
        42.928038,
        528.5
      ],
      [
        -1.502679,
        42.927582,
        534.75
      ],
      [
        -1.502844,
        42.92736,
        536.0
      ],
      [
        -1.50313,
        42.927217,
        534.25
      ],
      [
        -1.503165,
        42.927165,
        534.5
      ],
      [
        -1.503552,
        42.926973,
        533.25
      ],
      [
        -1.503968,
        42.926805,
        529.75
      ],
      [
        -1.504113,
        42.92673,
        528.25
      ],
      [
        -1.504236,
        42.926601,
        526.75
      ],
      [
        -1.504435,
        42.926158,
        524.75
      ],
      [
        -1.504621,
        42.925872,
        524.25
      ],
      [
        -1.504686,
        42.925702,
        524.5
      ],
      [
        -1.504742,
        42.925477,
        525.0
      ],
      [
        -1.504818,
        42.925275,
        525.25
      ],
      [
        -1.504824,
        42.925102,
        527.0
      ],
      [
        -1.504812,
        42.92495,
        528.5
      ],
      [
        -1.504744,
        42.924728,
        529.75
      ],
      [
        -1.504562,
        42.924342,
        531.0
      ],
      [
        -1.504493,
        42.924241,
        531.0
      ],
      [
        -1.504506,
        42.924177,
        530.5
      ],
      [
        -1.504594,
        42.924036,
        532.75
      ],
      [
        -1.504653,
        42.923901,
        535.5
      ],
      [
        -1.504703,
        42.923823,
        536.75
      ],
      [
        -1.504809,
        42.923837,
        536.25
      ],
      [
        -1.504929,
        42.923819,
        535.75
      ],
      [
        -1.505986,
        42.923565,
        525.25
      ],
      [
        -1.506262,
        42.923485,
        523.0
      ],
      [
        -1.506552,
        42.92336,
        521.25
      ],
      [
        -1.506422,
        42.923204,
        522.75
      ],
      [
        -1.506376,
        42.923116,
        523.25
      ],
      [
        -1.506367,
        42.923021,
        523.75
      ],
      [
        -1.50639,
        42.922908,
        524.5
      ],
      [
        -1.506447,
        42.922777,
        525.0
      ],
      [
        -1.506656,
        42.922392,
        528.25
      ],
      [
        -1.507666,
        42.920493,
        542.0
      ],
      [
        -1.507753,
        42.920356,
        543.0
      ],
      [
        -1.507822,
        42.920297,
        543.0
      ],
      [
        -1.507922,
        42.920251,
        543.0
      ],
      [
        -1.508158,
        42.920174,
        543.0
      ],
      [
        -1.50851,
        42.920086,
        545.25
      ],
      [
        -1.50865,
        42.920041,
        546.5
      ],
      [
        -1.50879,
        42.919979,
        547.5
      ],
      [
        -1.509197,
        42.919744,
        550.0
      ],
      [
        -1.509342,
        42.919629,
        551.75
      ],
      [
        -1.509438,
        42.919619,
        550.75
      ],
      [
        -1.509531,
        42.919587,
        550.75
      ],
      [
        -1.509699,
        42.919491,
        550.5
      ],
      [
        -1.509879,
        42.919424,
        550.5
      ],
      [
        -1.50994,
        42.919331,
        551.5
      ],
      [
        -1.510224,
        42.918985,
        555.0
      ],
      [
        -1.510429,
        42.918677,
        557.75
      ],
      [
        -1.510773,
        42.918291,
        559.25
      ],
      [
        -1.511157,
        42.918179,
        558.75
      ],
      [
        -1.511531,
        42.918215,
        555.0
      ],
      [
        -1.511986,
        42.918132,
        550.5
      ],
      [
        -1.512279,
        42.917905,
        548.5
      ],
      [
        -1.512653,
        42.9175,
        546.25
      ],
      [
        -1.512929,
        42.917334,
        544.0
      ],
      [
        -1.513076,
        42.917107,
        542.25
      ],
      [
        -1.513517,
        42.916825,
        539.0
      ],
      [
        -1.513597,
        42.916678,
        537.25
      ],
      [
        -1.513632,
        42.916556,
        537.75
      ],
      [
        -1.513645,
        42.91631,
        539.75
      ],
      [
        -1.513675,
        42.916044,
        543.0
      ],
      [
        -1.513718,
        42.915804,
        545.25
      ],
      [
        -1.513737,
        42.915517,
        548.0
      ],
      [
        -1.513796,
        42.915211,
        550.75
      ],
      [
        -1.513868,
        42.915191,
        549.5
      ],
      [
        -1.513943,
        42.915146,
        548.0
      ],
      [
        -1.514171,
        42.914983,
        540.75
      ],
      [
        -1.5144,
        42.914849,
        536.5
      ],
      [
        -1.514452,
        42.914883,
        536.0
      ],
      [
        -1.514498,
        42.91489,
        535.5
      ],
      [
        -1.514554,
        42.914887,
        535.0
      ],
      [
        -1.514586,
        42.914867,
        534.75
      ],
      [
        -1.514603,
        42.914824,
        534.0
      ],
      [
        -1.514625,
        42.914706,
        533.0
      ],
      [
        -1.514651,
        42.914679,
        533.0
      ],
      [
        -1.515065,
        42.914465,
        529.0
      ],
      [
        -1.515566,
        42.914195,
        523.75
      ],
      [
        -1.515667,
        42.914124,
        523.0
      ],
      [
        -1.515721,
        42.914051,
        522.25
      ],
      [
        -1.515788,
        42.913814,
        519.25
      ],
      [
        -1.515849,
        42.913755,
        518.25
      ],
      [
        -1.515877,
        42.913727,
        518.25
      ],
      [
        -1.516012,
        42.913656,
        518.0
      ],
      [
        -1.516247,
        42.913508,
        518.25
      ],
      [
        -1.516453,
        42.913355,
        518.0
      ],
      [
        -1.516631,
        42.913257,
        517.0
      ],
      [
        -1.516675,
        42.913215,
        517.0
      ],
      [
        -1.516687,
        42.913157,
        517.75
      ],
      [
        -1.516642,
        42.913019,
        519.25
      ],
      [
        -1.516637,
        42.912848,
        520.0
      ],
      [
        -1.516654,
        42.912701,
        521.5
      ],
      [
        -1.516708,
        42.91252,
        523.75
      ],
      [
        -1.516836,
        42.912231,
        527.75
      ],
      [
        -1.516911,
        42.912117,
        529.5
      ],
      [
        -1.517091,
        42.911944,
        532.25
      ],
      [
        -1.517208,
        42.91178,
        535.75
      ],
      [
        -1.517314,
        42.911579,
        540.5
      ],
      [
        -1.517435,
        42.911395,
        544.5
      ],
      [
        -1.517496,
        42.911283,
        545.5
      ],
      [
        -1.517502,
        42.911106,
        547.75
      ],
      [
        -1.51741,
        42.91109,
        548.75
      ],
      [
        -1.517186,
        42.911035,
        550.75
      ],
      [
        -1.517179,
        42.91101,
        550.5
      ],
      [
        -1.517168,
        42.911001,
        550.75
      ],
      [
        -1.517136,
        42.910992,
        551.0
      ],
      [
        -1.517133,
        42.910918,
        550.5
      ],
      [
        -1.517137,
        42.910711,
        549.25
      ],
      [
        -1.517153,
        42.910652,
        548.75
      ],
      [
        -1.517194,
        42.910571,
        548.25
      ],
      [
        -1.517234,
        42.910523,
        548.5
      ],
      [
        -1.517304,
        42.910473,
        549.0
      ],
      [
        -1.518866,
        42.910298,
        540.75
      ],
      [
        -1.519191,
        42.910268,
        538.0
      ],
      [
        -1.519427,
        42.910231,
        538.0
      ],
      [
        -1.519665,
        42.910166,
        536.25
      ],
      [
        -1.520322,
        42.909954,
        531.25
      ],
      [
        -1.521035,
        42.909713,
        529.5
      ],
      [
        -1.521344,
        42.9096,
        528.5
      ],
      [
        -1.522176,
        42.909232,
        524.5
      ],
      [
        -1.522608,
        42.90912,
        522.25
      ],
      [
        -1.523042,
        42.909061,
        521.0
      ],
      [
        -1.52312,
        42.909065,
        520.25
      ],
      [
        -1.523197,
        42.909093,
        519.0
      ],
      [
        -1.523257,
        42.909134,
        517.25
      ],
      [
        -1.523258,
        42.909175,
        516.25
      ],
      [
        -1.523246,
        42.909222,
        515.5
      ],
      [
        -1.52303,
        42.909448,
        513.0
      ],
      [
        -1.522935,
        42.909564,
        512.0
      ],
      [
        -1.522858,
        42.909703,
        510.0
      ],
      [
        -1.52281,
        42.90987,
        507.75
      ],
      [
        -1.522762,
        42.910079,
        505.25
      ],
      [
        -1.522742,
        42.910178,
        505.25
      ],
      [
        -1.522744,
        42.910294,
        505.75
      ],
      [
        -1.522815,
        42.910428,
        506.0
      ],
      [
        -1.523747,
        42.911477,
        509.0
      ],
      [
        -1.523756,
        42.911487,
        509.0
      ],
      [
        -1.523811,
        42.911556,
        509.25
      ],
      [
        -1.524075,
        42.911828,
        510.25
      ],
      [
        -1.52429,
        42.912073,
        512.0
      ],
      [
        -1.524403,
        42.912156,
        513.25
      ],
      [
        -1.524654,
        42.912266,
        514.75
      ],
      [
        -1.524675,
        42.912362,
        516.75
      ],
      [
        -1.524721,
        42.912443,
        522.5
      ],
      [
        -1.524675,
        42.912362,
        516.75
      ],
      [
        -1.524654,
        42.912266,
        514.75
      ],
      [
        -1.524403,
        42.912156,
        513.25
      ],
      [
        -1.52429,
        42.912073,
        512.0
      ],
      [
        -1.524075,
        42.911828,
        510.25
      ],
      [
        -1.523811,
        42.911556,
        509.25
      ],
      [
        -1.523756,
        42.911487,
        509.0
      ],
      [
        -1.523747,
        42.911477,
        509.0
      ],
      [
        -1.522815,
        42.910428,
        506.0
      ],
      [
        -1.522744,
        42.910294,
        505.75
      ],
      [
        -1.522742,
        42.910178,
        505.25
      ],
      [
        -1.522762,
        42.910079,
        506.5
      ],
      [
        -1.52281,
        42.90987,
        509.5
      ],
      [
        -1.522858,
        42.909703,
        512.0
      ],
      [
        -1.522935,
        42.909564,
        512.0
      ],
      [
        -1.52303,
        42.909448,
        513.0
      ],
      [
        -1.523246,
        42.909222,
        515.5
      ],
      [
        -1.523258,
        42.909175,
        516.25
      ],
      [
        -1.523257,
        42.909134,
        517.25
      ],
      [
        -1.523347,
        42.90909,
        518.0
      ],
      [
        -1.523502,
        42.908994,
        519.25
      ],
      [
        -1.5237,
        42.908832,
        521.5
      ],
      [
        -1.524431,
        42.90827,
        528.75
      ],
      [
        -1.524661,
        42.908032,
        531.0
      ],
      [
        -1.524868,
        42.90787,
        532.0
      ],
      [
        -1.525086,
        42.907802,
        532.0
      ],
      [
        -1.525182,
        42.907757,
        531.5
      ],
      [
        -1.525224,
        42.907702,
        530.75
      ],
      [
        -1.525224,
        42.907659,
        530.25
      ],
      [
        -1.525161,
        42.907454,
        529.75
      ],
      [
        -1.525081,
        42.907321,
        529.0
      ],
      [
        -1.525055,
        42.907297,
        529.25
      ],
      [
        -1.525034,
        42.907209,
        528.25
      ],
      [
        -1.525043,
        42.90708,
        526.75
      ],
      [
        -1.525169,
        42.906807,
        523.25
      ],
      [
        -1.525264,
        42.906673,
        522.0
      ],
      [
        -1.525281,
        42.906591,
        521.5
      ],
      [
        -1.525277,
        42.90651,
        521.25
      ],
      [
        -1.525298,
        42.906458,
        521.0
      ],
      [
        -1.525374,
        42.906428,
        521.0
      ],
      [
        -1.525475,
        42.906411,
        520.75
      ],
      [
        -1.525636,
        42.906394,
        522.0
      ],
      [
        -1.525748,
        42.906405,
        523.5
      ],
      [
        -1.526067,
        42.906534,
        525.5
      ],
      [
        -1.526745,
        42.906952,
        525.0
      ],
      [
        -1.526981,
        42.907066,
        524.5
      ],
      [
        -1.527315,
        42.907155,
        523.5
      ],
      [
        -1.527405,
        42.907192,
        523.5
      ],
      [
        -1.527469,
        42.907235,
        523.25
      ],
      [
        -1.527524,
        42.907313,
        522.25
      ],
      [
        -1.527701,
        42.907436,
        520.75
      ],
      [
        -1.527938,
        42.907505,
        521.0
      ],
      [
        -1.528265,
        42.907586,
        521.25
      ],
      [
        -1.528566,
        42.907626,
        521.25
      ],
      [
        -1.528813,
        42.907625,
        521.0
      ],
      [
        -1.529066,
        42.907596,
        520.25
      ],
      [
        -1.529325,
        42.907553,
        519.75
      ],
      [
        -1.529512,
        42.907513,
        519.5
      ],
      [
        -1.529675,
        42.90746,
        519.0
      ],
      [
        -1.529851,
        42.907413,
        518.0
      ],
      [
        -1.53062,
        42.907088,
        515.75
      ],
      [
        -1.53092,
        42.906951,
        517.0
      ],
      [
        -1.531251,
        42.906812,
        516.0
      ],
      [
        -1.531409,
        42.906746,
        516.25
      ],
      [
        -1.531751,
        42.906581,
        516.5
      ],
      [
        -1.531868,
        42.906515,
        516.25
      ],
      [
        -1.531993,
        42.906442,
        516.25
      ],
      [
        -1.53231,
        42.906273,
        515.25
      ],
      [
        -1.532423,
        42.906194,
        514.5
      ],
      [
        -1.532673,
        42.905986,
        514.0
      ],
      [
        -1.532829,
        42.905914,
        514.0
      ],
      [
        -1.532902,
        42.905887,
        513.5
      ],
      [
        -1.533017,
        42.90587,
        513.0
      ],
      [
        -1.53305,
        42.905862,
        512.75
      ],
      [
        -1.533033,
        42.905816,
        513.25
      ],
      [
        -1.533096,
        42.905795,
        513.25
      ],
      [
        -1.533152,
        42.905743,
        513.5
      ],
      [
        -1.533791,
        42.905044,
        513.5
      ],
      [
        -1.533849,
        42.905001,
        513.25
      ],
      [
        -1.533912,
        42.904916,
        513.0
      ],
      [
        -1.533954,
        42.9048,
        513.25
      ],
      [
        -1.534023,
        42.904683,
        513.0
      ],
      [
        -1.534236,
        42.904494,
        513.0
      ],
      [
        -1.534615,
        42.904086,
        513.0
      ],
      [
        -1.534707,
        42.904012,
        513.0
      ],
      [
        -1.535005,
        42.903839,
        512.0
      ],
      [
        -1.535177,
        42.903708,
        510.75
      ],
      [
        -1.535238,
        42.903603,
        510.25
      ],
      [
        -1.535307,
        42.903412,
        509.75
      ],
      [
        -1.535311,
        42.903358,
        509.75
      ],
      [
        -1.535278,
        42.903184,
        511.0
      ],
      [
        -1.535278,
        42.903153,
        511.25
      ],
      [
        -1.53529,
        42.903135,
        511.25
      ],
      [
        -1.535319,
        42.903117,
        511.5
      ],
      [
        -1.535378,
        42.903102,
        511.75
      ],
      [
        -1.535435,
        42.903102,
        512.0
      ],
      [
        -1.535484,
        42.903113,
        512.0
      ],
      [
        -1.535535,
        42.903139,
        512.0
      ],
      [
        -1.535619,
        42.903163,
        512.0
      ],
      [
        -1.535815,
        42.903172,
        513.0
      ],
      [
        -1.535978,
        42.903144,
        512.75
      ],
      [
        -1.536214,
        42.903035,
        512.25
      ],
      [
        -1.537175,
        42.902537,
        508.0
      ],
      [
        -1.537543,
        42.902367,
        504.25
      ],
      [
        -1.537875,
        42.902225,
        499.75
      ],
      [
        -1.538077,
        42.90209,
        500.75
      ],
      [
        -1.538238,
        42.902015,
        501.25
      ],
      [
        -1.538427,
        42.901974,
        499.5
      ],
      [
        -1.538506,
        42.901928,
        499.25
      ],
      [
        -1.538675,
        42.901848,
        498.75
      ],
      [
        -1.538846,
        42.90173,
        500.75
      ],
      [
        -1.538967,
        42.901616,
        501.0
      ],
      [
        -1.539039,
        42.901519,
        501.25
      ],
      [
        -1.53908,
        42.901437,
        503.0
      ],
      [
        -1.539073,
        42.901385,
        504.75
      ],
      [
        -1.538989,
        42.901326,
        505.75
      ],
      [
        -1.538907,
        42.901221,
        505.5
      ],
      [
        -1.538885,
        42.90118,
        505.25
      ],
      [
        -1.538881,
        42.901134,
        504.5
      ],
      [
        -1.538922,
        42.90109,
        503.75
      ],
      [
        -1.538983,
        42.901075,
        503.5
      ],
      [
        -1.539116,
        42.901058,
        503.0
      ],
      [
        -1.539252,
        42.901057,
        503.0
      ],
      [
        -1.539383,
        42.901066,
        503.0
      ],
      [
        -1.539511,
        42.901086,
        502.5
      ],
      [
        -1.539633,
        42.901083,
        502.0
      ],
      [
        -1.539835,
        42.900984,
        502.75
      ],
      [
        -1.540156,
        42.900832,
        501.5
      ],
      [
        -1.540454,
        42.900676,
        498.5
      ],
      [
        -1.540566,
        42.900641,
        496.5
      ],
      [
        -1.540564,
        42.900675,
        496.0
      ],
      [
        -1.540543,
        42.900744,
        495.5
      ],
      [
        -1.540401,
        42.900936,
        494.0
      ],
      [
        -1.540391,
        42.900997,
        492.75
      ],
      [
        -1.540404,
        42.901022,
        492.25
      ],
      [
        -1.540622,
        42.901255,
        492.5
      ],
      [
        -1.540807,
        42.90147,
        495.0
      ],
      [
        -1.540899,
        42.901463,
        495.25
      ],
      [
        -1.541037,
        42.90151,
        495.25
      ],
      [
        -1.541101,
        42.901541,
        495.5
      ],
      [
        -1.541153,
        42.901593,
        495.75
      ],
      [
        -1.541199,
        42.901669,
        496.0
      ],
      [
        -1.540727,
        42.902063,
        496.25
      ],
      [
        -1.540631,
        42.902143,
        496.5
      ],
      [
        -1.540741,
        42.902212,
        496.75
      ],
      [
        -1.541075,
        42.902069,
        496.75
      ],
      [
        -1.541246,
        42.902283,
        497.0
      ],
      [
        -1.541075,
        42.902069,
        496.75
      ],
      [
        -1.540741,
        42.902212,
        496.75
      ],
      [
        -1.540631,
        42.902143,
        496.5
      ],
      [
        -1.540727,
        42.902063,
        496.25
      ],
      [
        -1.541199,
        42.901669,
        496.0
      ],
      [
        -1.541153,
        42.901593,
        495.75
      ],
      [
        -1.541101,
        42.901541,
        495.5
      ],
      [
        -1.541037,
        42.90151,
        495.25
      ],
      [
        -1.540899,
        42.901463,
        495.25
      ],
      [
        -1.540807,
        42.90147,
        495.0
      ],
      [
        -1.540622,
        42.901255,
        492.5
      ],
      [
        -1.540404,
        42.901022,
        492.25
      ],
      [
        -1.540391,
        42.900997,
        492.75
      ],
      [
        -1.540401,
        42.900936,
        494.0
      ],
      [
        -1.540543,
        42.900744,
        495.5
      ],
      [
        -1.540564,
        42.900675,
        496.0
      ],
      [
        -1.540566,
        42.900641,
        496.5
      ],
      [
        -1.540841,
        42.900351,
        501.0
      ],
      [
        -1.540866,
        42.900306,
        502.0
      ],
      [
        -1.540907,
        42.900183,
        503.25
      ],
      [
        -1.540951,
        42.90011,
        503.75
      ],
      [
        -1.541121,
        42.899829,
        506.5
      ],
      [
        -1.541228,
        42.899623,
        508.0
      ],
      [
        -1.541356,
        42.899347,
        509.75
      ],
      [
        -1.541481,
        42.899126,
        511.25
      ],
      [
        -1.541559,
        42.899006,
        512.5
      ],
      [
        -1.541857,
        42.898545,
        516.75
      ],
      [
        -1.54191,
        42.898452,
        517.5
      ],
      [
        -1.541959,
        42.898357,
        518.5
      ],
      [
        -1.54201,
        42.898193,
        519.0
      ],
      [
        -1.542023,
        42.898088,
        519.5
      ],
      [
        -1.542018,
        42.897986,
        519.75
      ],
      [
        -1.541978,
        42.897835,
        519.75
      ],
      [
        -1.541815,
        42.897328,
        519.75
      ],
      [
        -1.54186,
        42.897109,
        520.25
      ],
      [
        -1.541906,
        42.896964,
        520.25
      ],
      [
        -1.541933,
        42.896921,
        520.0
      ],
      [
        -1.541973,
        42.896884,
        519.75
      ],
      [
        -1.542291,
        42.896757,
        520.5
      ],
      [
        -1.542472,
        42.896684,
        524.25
      ],
      [
        -1.54254,
        42.896687,
        525.5
      ],
      [
        -1.542592,
        42.896711,
        526.25
      ],
      [
        -1.542833,
        42.896903,
        529.25
      ],
      [
        -1.542912,
        42.896954,
        529.75
      ],
      [
        -1.542981,
        42.896984,
        530.0
      ],
      [
        -1.543048,
        42.897005,
        530.75
      ],
      [
        -1.543132,
        42.897004,
        531.0
      ],
      [
        -1.54317,
        42.897,
        531.25
      ],
      [
        -1.543201,
        42.896986,
        531.75
      ],
      [
        -1.54324,
        42.896955,
        532.25
      ],
      [
        -1.543293,
        42.896832,
        534.75
      ],
      [
        -1.543607,
        42.896536,
        536.25
      ],
      [
        -1.54366,
        42.896485,
        536.25
      ],
      [
        -1.543582,
        42.896401,
        538.0
      ],
      [
        -1.543557,
        42.896384,
        538.25
      ],
      [
        -1.543518,
        42.896374,
        538.5
      ],
      [
        -1.543374,
        42.896359,
        539.75
      ],
      [
        -1.543342,
        42.896349,
        540.0
      ],
      [
        -1.543273,
        42.896292,
        540.5
      ],
      [
        -1.543241,
        42.896284,
        540.5
      ],
      [
        -1.543042,
        42.896272,
        541.0
      ],
      [
        -1.543028,
        42.89607,
        541.75
      ],
      [
        -1.543016,
        42.895946,
        542.25
      ],
      [
        -1.543012,
        42.89575,
        543.25
      ],
      [
        -1.54303,
        42.895705,
        543.5
      ],
      [
        -1.543069,
        42.895652,
        544.0
      ],
      [
        -1.54312,
        42.895604,
        544.0
      ],
      [
        -1.543216,
        42.895544,
        544.0
      ],
      [
        -1.543255,
        42.895529,
        544.0
      ],
      [
        -1.544212,
        42.89524,
        539.5
      ],
      [
        -1.544396,
        42.895202,
        538.25
      ],
      [
        -1.544548,
        42.895191,
        539.0
      ],
      [
        -1.544906,
        42.895203,
        539.25
      ],
      [
        -1.545295,
        42.895211,
        536.5
      ],
      [
        -1.545395,
        42.895199,
        535.25
      ],
      [
        -1.545477,
        42.895169,
        534.75
      ],
      [
        -1.545596,
        42.895108,
        534.5
      ],
      [
        -1.545986,
        42.894816,
        532.25
      ],
      [
        -1.546065,
        42.89474,
        531.0
      ],
      [
        -1.546169,
        42.894665,
        531.25
      ],
      [
        -1.546255,
        42.894631,
        531.5
      ],
      [
        -1.546385,
        42.894614,
        530.75
      ],
      [
        -1.546948,
        42.894597,
        527.5
      ],
      [
        -1.547106,
        42.894597,
        525.5
      ],
      [
        -1.547207,
        42.894597,
        524.25
      ],
      [
        -1.547298,
        42.894583,
        523.25
      ],
      [
        -1.54738,
        42.894551,
        522.25
      ],
      [
        -1.547454,
        42.894499,
        522.0
      ],
      [
        -1.547529,
        42.89442,
        521.5
      ],
      [
        -1.547714,
        42.894077,
        519.5
      ],
      [
        -1.547771,
        42.894005,
        518.75
      ],
      [
        -1.547846,
        42.893956,
        518.25
      ],
      [
        -1.547925,
        42.893917,
        517.5
      ],
      [
        -1.548012,
        42.8939,
        516.5
      ],
      [
        -1.54812,
        42.893901,
        515.5
      ],
      [
        -1.548226,
        42.893929,
        515.0
      ],
      [
        -1.548387,
        42.894005,
        514.0
      ],
      [
        -1.549271,
        42.894466,
        507.5
      ],
      [
        -1.549411,
        42.894526,
        507.25
      ],
      [
        -1.549602,
        42.894588,
        505.25
      ],
      [
        -1.549825,
        42.894606,
        503.0
      ],
      [
        -1.549768,
        42.894566,
        504.0
      ],
      [
        -1.549766,
        42.894534,
        504.5
      ],
      [
        -1.549782,
        42.894507,
        504.5
      ],
      [
        -1.549927,
        42.894401,
        504.0
      ],
      [
        -1.550182,
        42.894241,
        504.25
      ],
      [
        -1.550239,
        42.894173,
        504.5
      ],
      [
        -1.550511,
        42.893949,
        505.25
      ],
      [
        -1.550805,
        42.893745,
        506.0
      ],
      [
        -1.55087,
        42.893711,
        505.75
      ],
      [
        -1.55109,
        42.893619,
        505.0
      ],
      [
        -1.551321,
        42.893539,
        505.25
      ],
      [
        -1.551632,
        42.893339,
        509.25
      ],
      [
        -1.551877,
        42.893126,
        511.25
      ],
      [
        -1.551988,
        42.893087,
        510.75
      ],
      [
        -1.552275,
        42.892955,
        511.25
      ],
      [
        -1.552373,
        42.892885,
        511.75
      ],
      [
        -1.552443,
        42.892815,
        512.5
      ],
      [
        -1.552538,
        42.892522,
        515.25
      ],
      [
        -1.552599,
        42.892409,
        516.0
      ],
      [
        -1.553016,
        42.891992,
        516.5
      ],
      [
        -1.553072,
        42.891947,
        516.75
      ],
      [
        -1.553387,
        42.891837,
        518.25
      ],
      [
        -1.553475,
        42.891797,
        519.0
      ],
      [
        -1.553683,
        42.891743,
        519.75
      ],
      [
        -1.553751,
        42.89171,
        520.0
      ],
      [
        -1.553977,
        42.891575,
        520.25
      ],
      [
        -1.554223,
        42.891409,
        521.0
      ],
      [
        -1.554326,
        42.891309,
        521.5
      ],
      [
        -1.554449,
        42.891117,
        521.75
      ],
      [
        -1.554689,
        42.89081,
        519.75
      ],
      [
        -1.554859,
        42.890458,
        523.25
      ],
      [
        -1.55559,
        42.889927,
        516.75
      ],
      [
        -1.555687,
        42.889878,
        515.25
      ],
      [
        -1.555981,
        42.889762,
        511.75
      ],
      [
        -1.556246,
        42.889604,
        512.75
      ],
      [
        -1.556489,
        42.889508,
        512.25
      ],
      [
        -1.556649,
        42.889547,
        508.75
      ],
      [
        -1.556762,
        42.88949,
        508.25
      ],
      [
        -1.556857,
        42.889378,
        510.25
      ],
      [
        -1.557037,
        42.889404,
        505.25
      ],
      [
        -1.55709,
        42.889458,
        501.5
      ],
      [
        -1.55721,
        42.889446,
        498.25
      ],
      [
        -1.557288,
        42.889392,
        498.75
      ],
      [
        -1.557352,
        42.889418,
        496.25
      ],
      [
        -1.557462,
        42.889434,
        493.0
      ],
      [
        -1.557629,
        42.889445,
        489.0
      ],
      [
        -1.557787,
        42.88943,
        486.25
      ],
      [
        -1.557947,
        42.889446,
        484.0
      ],
      [
        -1.558052,
        42.889534,
        481.5
      ],
      [
        -1.558227,
        42.889543,
        481.25
      ],
      [
        -1.558408,
        42.889502,
        481.5
      ],
      [
        -1.55852,
        42.889468,
        481.25
      ],
      [
        -1.558677,
        42.88929,
        480.75
      ],
      [
        -1.558753,
        42.889087,
        481.25
      ],
      [
        -1.559198,
        42.888208,
        484.75
      ],
      [
        -1.559674,
        42.887738,
        483.5
      ],
      [
        -1.560029,
        42.887531,
        482.25
      ],
      [
        -1.560292,
        42.887353,
        484.0
      ],
      [
        -1.560876,
        42.886979,
        483.25
      ],
      [
        -1.561408,
        42.886861,
        481.25
      ],
      [
        -1.561593,
        42.886838,
        481.75
      ],
      [
        -1.561737,
        42.886763,
        483.0
      ],
      [
        -1.562349,
        42.886376,
        482.25
      ],
      [
        -1.562446,
        42.886244,
        483.25
      ],
      [
        -1.562488,
        42.886157,
        484.25
      ],
      [
        -1.562544,
        42.885966,
        484.75
      ],
      [
        -1.562676,
        42.885615,
        483.75
      ],
      [
        -1.562724,
        42.885362,
        483.0
      ],
      [
        -1.562723,
        42.885181,
        482.75
      ],
      [
        -1.562687,
        42.884993,
        483.0
      ],
      [
        -1.562682,
        42.88492,
        482.75
      ],
      [
        -1.562658,
        42.884866,
        483.0
      ],
      [
        -1.562606,
        42.884792,
        483.5
      ],
      [
        -1.562526,
        42.884503,
        483.0
      ],
      [
        -1.562459,
        42.88435,
        483.5
      ],
      [
        -1.562321,
        42.884199,
        485.0
      ],
      [
        -1.562235,
        42.883919,
        483.0
      ],
      [
        -1.562264,
        42.883821,
        481.0
      ],
      [
        -1.562252,
        42.883671,
        479.75
      ],
      [
        -1.562322,
        42.882974,
        478.0
      ],
      [
        -1.562415,
        42.882671,
        476.25
      ],
      [
        -1.562387,
        42.88252,
        478.75
      ],
      [
        -1.562396,
        42.882392,
        480.5
      ],
      [
        -1.562423,
        42.882379,
        479.5
      ],
      [
        -1.562439,
        42.882361,
        479.0
      ],
      [
        -1.562595,
        42.881888,
        485.0
      ],
      [
        -1.562655,
        42.881828,
        484.75
      ],
      [
        -1.562875,
        42.881713,
        482.5
      ],
      [
        -1.562964,
        42.88167,
        481.5
      ],
      [
        -1.562996,
        42.881663,
        480.75
      ],
      [
        -1.563029,
        42.881657,
        480.0
      ],
      [
        -1.563261,
        42.881531,
        477.5
      ],
      [
        -1.5634,
        42.881431,
        476.75
      ],
      [
        -1.563694,
        42.881201,
        476.0
      ],
      [
        -1.563917,
        42.881006,
        474.5
      ],
      [
        -1.563985,
        42.880939,
        474.5
      ],
      [
        -1.564069,
        42.880835,
        474.0
      ],
      [
        -1.564217,
        42.880621,
        474.0
      ],
      [
        -1.56423,
        42.880544,
        474.25
      ],
      [
        -1.564215,
        42.880471,
        474.75
      ],
      [
        -1.564221,
        42.880419,
        475.0
      ],
      [
        -1.564234,
        42.88039,
        475.0
      ],
      [
        -1.564256,
        42.880381,
        474.5
      ],
      [
        -1.564268,
        42.880368,
        474.5
      ],
      [
        -1.564336,
        42.880172,
        474.25
      ],
      [
        -1.564403,
        42.880059,
        474.5
      ],
      [
        -1.564664,
        42.879702,
        473.0
      ],
      [
        -1.56474,
        42.879615,
        473.0
      ],
      [
        -1.564795,
        42.879491,
        473.25
      ],
      [
        -1.564829,
        42.879442,
        473.0
      ],
      [
        -1.564855,
        42.879419,
        472.75
      ],
      [
        -1.564972,
        42.879238,
        472.5
      ],
      [
        -1.565226,
        42.87876,
        471.75
      ],
      [
        -1.565418,
        42.878534,
        471.25
      ],
      [
        -1.565423,
        42.878504,
        471.5
      ],
      [
        -1.565439,
        42.878487,
        471.25
      ],
      [
        -1.56548,
        42.87848,
        471.0
      ],
      [
        -1.565794,
        42.878549,
        471.75
      ],
      [
        -1.565858,
        42.878546,
        472.5
      ],
      [
        -1.565911,
        42.878543,
        473.5
      ],
      [
        -1.566143,
        42.878588,
        477.0
      ],
      [
        -1.56618,
        42.878594,
        477.25
      ],
      [
        -1.565975,
        42.878938,
        477.0
      ],
      [
        -1.566219,
        42.879071,
        483.0
      ],
      [
        -1.566263,
        42.879141,
        485.75
      ],
      [
        -1.566234,
        42.87922,
        486.5
      ],
      [
        -1.566013,
        42.879495,
        489.5
      ],
      [
        -1.566022,
        42.879532,
        490.5
      ],
      [
        -1.566065,
        42.879563,
        492.0
      ],
      [
        -1.566113,
        42.879567,
        493.0
      ],
      [
        -1.56628,
        42.879519,
        494.0
      ],
      [
        -1.566344,
        42.879522,
        494.5
      ],
      [
        -1.566409,
        42.879567,
        495.75
      ],
      [
        -1.566308,
        42.879713,
        497.25
      ],
      [
        -1.566117,
        42.879903,
        498.5
      ],
      [
        -1.566222,
        42.879962,
        500.25
      ],
      [
        -1.566298,
        42.879976,
        500.75
      ],
      [
        -1.566351,
        42.879964,
        501.0
      ],
      [
        -1.566477,
        42.879852,
        500.75
      ],
      [
        -1.566542,
        42.879803,
        501.0
      ],
      [
        -1.566665,
        42.879882,
        503.5
      ],
      [
        -1.566992,
        42.87979,
        507.75
      ],
      [
        -1.56689,
        42.879952,
        509.5
      ],
      [
        -1.566803,
        42.880025,
        509.0
      ],
      [
        -1.566695,
        42.880064,
        507.25
      ],
      [
        -1.566803,
        42.880025,
        509.0
      ],
      [
        -1.56689,
        42.879952,
        509.5
      ],
      [
        -1.566992,
        42.87979,
        507.75
      ],
      [
        -1.566665,
        42.879882,
        503.5
      ],
      [
        -1.566542,
        42.879803,
        501.0
      ],
      [
        -1.566477,
        42.879852,
        500.75
      ],
      [
        -1.566351,
        42.879964,
        501.0
      ],
      [
        -1.566298,
        42.879976,
        500.75
      ],
      [
        -1.566222,
        42.879962,
        500.25
      ],
      [
        -1.566117,
        42.879903,
        498.5
      ],
      [
        -1.566308,
        42.879713,
        497.25
      ],
      [
        -1.566409,
        42.879567,
        495.75
      ],
      [
        -1.56669,
        42.879335,
        495.0
      ],
      [
        -1.566768,
        42.87927,
        495.25
      ],
      [
        -1.567196,
        42.878959,
        496.0
      ],
      [
        -1.567205,
        42.878932,
        495.75
      ],
      [
        -1.567182,
        42.878884,
        494.5
      ],
      [
        -1.567184,
        42.878867,
        494.5
      ],
      [
        -1.567298,
        42.878789,
        495.25
      ],
      [
        -1.567329,
        42.87875,
        495.25
      ],
      [
        -1.567311,
        42.878614,
        493.75
      ],
      [
        -1.567263,
        42.878402,
        489.0
      ],
      [
        -1.567191,
        42.878152,
        483.5
      ],
      [
        -1.567148,
        42.878065,
        481.5
      ],
      [
        -1.567032,
        42.877961,
        479.5
      ],
      [
        -1.566908,
        42.877895,
        478.0
      ],
      [
        -1.566719,
        42.877822,
        477.0
      ],
      [
        -1.566684,
        42.877808,
        477.0
      ],
      [
        -1.567544,
        42.87645,
        476.5
      ],
      [
        -1.567493,
        42.876433,
        476.0
      ],
      [
        -1.568127,
        42.875465,
        474.75
      ],
      [
        -1.569089,
        42.873996,
        475.75
      ],
      [
        -1.569219,
        42.873797,
        476.25
      ],
      [
        -1.569251,
        42.87375,
        476.25
      ],
      [
        -1.569266,
        42.873677,
        476.25
      ],
      [
        -1.569264,
        42.873651,
        476.25
      ],
      [
        -1.569233,
        42.873565,
        476.0
      ],
      [
        -1.569176,
        42.873529,
        476.0
      ],
      [
        -1.569146,
        42.873488,
        475.5
      ],
      [
        -1.569129,
        42.873445,
        475.5
      ],
      [
        -1.569137,
        42.873395,
        475.5
      ],
      [
        -1.569404,
        42.873067,
        474.5
      ],
      [
        -1.569451,
        42.872972,
        474.75
      ],
      [
        -1.569476,
        42.87287,
        474.75
      ],
      [
        -1.569481,
        42.872819,
        474.5
      ],
      [
        -1.569469,
        42.872695,
        474.0
      ],
      [
        -1.569388,
        42.872302,
        471.75
      ],
      [
        -1.569258,
        42.871744,
        467.0
      ],
      [
        -1.569198,
        42.871486,
        467.75
      ],
      [
        -1.569174,
        42.871404,
        468.75
      ],
      [
        -1.569126,
        42.871349,
        469.0
      ],
      [
        -1.569089,
        42.871331,
        469.0
      ],
      [
        -1.569118,
        42.871282,
        469.0
      ],
      [
        -1.569104,
        42.871115,
        468.75
      ],
      [
        -1.569159,
        42.870898,
        469.0
      ],
      [
        -1.569265,
        42.870628,
        468.5
      ],
      [
        -1.569268,
        42.870388,
        468.5
      ],
      [
        -1.569249,
        42.870239,
        468.5
      ],
      [
        -1.569206,
        42.870124,
        468.25
      ],
      [
        -1.568994,
        42.869758,
        468.25
      ],
      [
        -1.568953,
        42.869702,
        469.0
      ],
      [
        -1.568959,
        42.86938,
        471.5
      ],
      [
        -1.568992,
        42.869081,
        473.25
      ],
      [
        -1.568989,
        42.869023,
        473.5
      ],
      [
        -1.568951,
        42.868962,
        474.25
      ],
      [
        -1.568826,
        42.868836,
        478.5
      ],
      [
        -1.568814,
        42.868771,
        478.75
      ],
      [
        -1.568847,
        42.868669,
        477.25
      ],
      [
        -1.568849,
        42.868608,
        477.0
      ],
      [
        -1.568792,
        42.868293,
        476.25
      ],
      [
        -1.568797,
        42.867925,
        476.0
      ],
      [
        -1.56883,
        42.86774,
        475.5
      ],
      [
        -1.56887,
        42.867593,
        474.5
      ],
      [
        -1.568882,
        42.867498,
        474.25
      ],
      [
        -1.568938,
        42.867428,
        474.0
      ],
      [
        -1.569002,
        42.867277,
        474.5
      ],
      [
        -1.569052,
        42.867077,
        475.25
      ],
      [
        -1.569154,
        42.866939,
        472.5
      ],
      [
        -1.569195,
        42.866772,
        473.5
      ],
      [
        -1.569245,
        42.866623,
        474.5
      ],
      [
        -1.569404,
        42.866372,
        471.75
      ],
      [
        -1.569471,
        42.866211,
        473.75
      ],
      [
        -1.569568,
        42.866049,
        474.75
      ],
      [
        -1.569577,
        42.866005,
        475.75
      ],
      [
        -1.569567,
        42.865962,
        477.75
      ],
      [
        -1.569718,
        42.865763,
        478.25
      ],
      [
        -1.569954,
        42.86551,
        478.75
      ],
      [
        -1.569949,
        42.865457,
        479.75
      ],
      [
        -1.569925,
        42.865427,
        481.0
      ],
      [
        -1.569827,
        42.865397,
        484.0
      ],
      [
        -1.569782,
        42.865368,
        485.0
      ],
      [
        -1.569777,
        42.865342,
        485.25
      ],
      [
        -1.569794,
        42.865321,
        484.75
      ],
      [
        -1.569908,
        42.865267,
        483.5
      ],
      [
        -1.570051,
        42.865224,
        482.0
      ],
      [
        -1.570232,
        42.865147,
        481.0
      ],
      [
        -1.570307,
        42.865128,
        480.5
      ],
      [
        -1.57042,
        42.865126,
        479.0
      ],
      [
        -1.570529,
        42.865099,
        478.75
      ],
      [
        -1.570658,
        42.865028,
        478.0
      ],
      [
        -1.570715,
        42.864967,
        477.5
      ],
      [
        -1.570801,
        42.864853,
        477.0
      ],
      [
        -1.570917,
        42.864566,
        476.75
      ],
      [
        -1.570985,
        42.864283,
        475.25
      ],
      [
        -1.570966,
        42.864153,
        476.0
      ],
      [
        -1.571013,
        42.863957,
        475.0
      ],
      [
        -1.57111,
        42.863717,
        475.0
      ],
      [
        -1.571134,
        42.863522,
        477.25
      ],
      [
        -1.571209,
        42.863373,
        476.25
      ],
      [
        -1.571239,
        42.863199,
        475.75
      ],
      [
        -1.571249,
        42.862984,
        475.25
      ],
      [
        -1.571308,
        42.862809,
        473.25
      ],
      [
        -1.571311,
        42.862691,
        473.25
      ],
      [
        -1.571283,
        42.8626,
        474.25
      ],
      [
        -1.571073,
        42.862306,
        478.0
      ],
      [
        -1.571037,
        42.86224,
        478.0
      ],
      [
        -1.570973,
        42.862145,
        477.25
      ],
      [
        -1.570948,
        42.862069,
        475.75
      ],
      [
        -1.570915,
        42.862041,
        475.5
      ],
      [
        -1.570789,
        42.861983,
        475.25
      ],
      [
        -1.570771,
        42.861952,
        474.75
      ],
      [
        -1.570844,
        42.861703,
        473.0
      ],
      [
        -1.570931,
        42.861578,
        473.75
      ],
      [
        -1.571016,
        42.86151,
        475.0
      ],
      [
        -1.571152,
        42.861459,
        475.5
      ],
      [
        -1.571253,
        42.861443,
        474.75
      ],
      [
        -1.571327,
        42.861406,
        475.0
      ],
      [
        -1.57151,
        42.861176,
        476.75
      ],
      [
        -1.572024,
        42.860661,
        470.5
      ],
      [
        -1.572467,
        42.860222,
        467.25
      ],
      [
        -1.572603,
        42.860118,
        466.0
      ],
      [
        -1.572821,
        42.859993,
        465.75
      ],
      [
        -1.573197,
        42.859813,
        463.0
      ],
      [
        -1.573321,
        42.859782,
        462.25
      ],
      [
        -1.573488,
        42.85976,
        461.25
      ],
      [
        -1.57366,
        42.859745,
        460.25
      ],
      [
        -1.573761,
        42.859742,
        460.0
      ],
      [
        -1.573854,
        42.859753,
        459.75
      ],
      [
        -1.574012,
        42.859797,
        460.0
      ],
      [
        -1.574254,
        42.85989,
        460.5
      ],
      [
        -1.574515,
        42.86002,
        461.25
      ],
      [
        -1.574573,
        42.859963,
        461.25
      ],
      [
        -1.574624,
        42.85988,
        460.0
      ],
      [
        -1.574763,
        42.859693,
        458.25
      ],
      [
        -1.575514,
        42.859205,
        459.5
      ],
      [
        -1.576493,
        42.858443,
        460.75
      ],
      [
        -1.57677,
        42.858246,
        461.0
      ],
      [
        -1.576868,
        42.85816,
        461.25
      ],
      [
        -1.577099,
        42.857956,
        461.25
      ],
      [
        -1.577649,
        42.857506,
        463.75
      ],
      [
        -1.577753,
        42.857395,
        464.75
      ],
      [
        -1.577776,
        42.857343,
        464.5
      ],
      [
        -1.577787,
        42.857285,
        464.0
      ],
      [
        -1.577789,
        42.856992,
        461.25
      ],
      [
        -1.577888,
        42.856778,
        460.0
      ],
      [
        -1.577971,
        42.856782,
        461.25
      ],
      [
        -1.578071,
        42.856731,
        462.25
      ],
      [
        -1.578185,
        42.856704,
        463.5
      ],
      [
        -1.57833,
        42.856644,
        464.75
      ],
      [
        -1.578538,
        42.856489,
        468.25
      ],
      [
        -1.578714,
        42.856408,
        470.25
      ],
      [
        -1.578797,
        42.856314,
        470.5
      ],
      [
        -1.578856,
        42.856266,
        470.75
      ],
      [
        -1.578949,
        42.856204,
        470.5
      ],
      [
        -1.579127,
        42.856126,
        470.75
      ],
      [
        -1.579349,
        42.856067,
        472.0
      ],
      [
        -1.579755,
        42.855621,
        474.0
      ],
      [
        -1.580127,
        42.855826,
        478.25
      ],
      [
        -1.580181,
        42.855859,
        478.75
      ],
      [
        -1.580239,
        42.85589,
        479.0
      ],
      [
        -1.580309,
        42.855878,
        479.75
      ],
      [
        -1.580586,
        42.855815,
        483.25
      ],
      [
        -1.580801,
        42.855779,
        486.25
      ],
      [
        -1.580993,
        42.855755,
        491.25
      ],
      [
        -1.580801,
        42.855779,
        486.25
      ],
      [
        -1.580586,
        42.855815,
        483.25
      ],
      [
        -1.580309,
        42.855878,
        479.75
      ],
      [
        -1.580239,
        42.85589,
        479.0
      ],
      [
        -1.580181,
        42.855859,
        478.75
      ],
      [
        -1.580127,
        42.855826,
        478.25
      ],
      [
        -1.579755,
        42.855621,
        474.0
      ],
      [
        -1.579839,
        42.85553,
        473.75
      ],
      [
        -1.580255,
        42.855196,
        473.25
      ],
      [
        -1.580326,
        42.855125,
        471.75
      ],
      [
        -1.580724,
        42.854871,
        469.75
      ],
      [
        -1.581092,
        42.854696,
        471.0
      ],
      [
        -1.581707,
        42.854341,
        470.75
      ],
      [
        -1.581832,
        42.854302,
        471.25
      ],
      [
        -1.582049,
        42.854097,
        470.0
      ],
      [
        -1.58249,
        42.853777,
        468.5
      ],
      [
        -1.583387,
        42.853036,
        460.5
      ],
      [
        -1.583619,
        42.852838,
        459.25
      ],
      [
        -1.583688,
        42.85276,
        459.0
      ],
      [
        -1.583747,
        42.852677,
        459.0
      ],
      [
        -1.583773,
        42.852592,
        458.25
      ],
      [
        -1.583769,
        42.852496,
        456.75
      ],
      [
        -1.5833,
        42.852491,
        456.5
      ],
      [
        -1.58325,
        42.85249,
        456.0
      ],
      [
        -1.583336,
        42.852252,
        455.0
      ],
      [
        -1.583496,
        42.851831,
        451.0
      ],
      [
        -1.583533,
        42.851737,
        452.5
      ],
      [
        -1.583639,
        42.85173,
        452.5
      ],
      [
        -1.583728,
        42.851744,
        452.0
      ],
      [
        -1.583833,
        42.85175,
        451.25
      ],
      [
        -1.583975,
        42.851705,
        451.25
      ],
      [
        -1.584116,
        42.851644,
        451.0
      ],
      [
        -1.584421,
        42.851591,
        450.25
      ],
      [
        -1.584615,
        42.851536,
        449.5
      ],
      [
        -1.584739,
        42.851457,
        449.25
      ],
      [
        -1.584851,
        42.851345,
        449.25
      ],
      [
        -1.584989,
        42.851133,
        449.75
      ],
      [
        -1.58504,
        42.850968,
        449.0
      ],
      [
        -1.585044,
        42.850595,
        448.5
      ],
      [
        -1.58499,
        42.850199,
        448.25
      ],
      [
        -1.584936,
        42.849956,
        447.5
      ],
      [
        -1.584899,
        42.849706,
        448.0
      ],
      [
        -1.584915,
        42.849474,
        447.25
      ],
      [
        -1.584881,
        42.849112,
        446.5
      ],
      [
        -1.584826,
        42.849061,
        447.25
      ],
      [
        -1.584609,
        42.848984,
        450.5
      ],
      [
        -1.58457,
        42.84894,
        451.25
      ],
      [
        -1.584522,
        42.84877,
        452.0
      ],
      [
        -1.584593,
        42.848505,
        450.5
      ],
      [
        -1.584668,
        42.848283,
        450.5
      ],
      [
        -1.584865,
        42.847947,
        450.75
      ],
      [
        -1.584967,
        42.847806,
        451.5
      ],
      [
        -1.585183,
        42.847625,
        449.75
      ],
      [
        -1.585366,
        42.847398,
        449.5
      ],
      [
        -1.585564,
        42.847257,
        448.25
      ],
      [
        -1.585635,
        42.847145,
        447.5
      ],
      [
        -1.585746,
        42.846774,
        446.75
      ],
      [
        -1.585686,
        42.846364,
        450.0
      ],
      [
        -1.585643,
        42.846242,
        451.25
      ],
      [
        -1.585704,
        42.846043,
        451.0
      ],
      [
        -1.585776,
        42.845844,
        453.0
      ],
      [
        -1.585923,
        42.845763,
        451.25
      ],
      [
        -1.586103,
        42.845641,
        450.5
      ],
      [
        -1.586304,
        42.845427,
        448.5
      ],
      [
        -1.586366,
        42.845325,
        449.75
      ],
      [
        -1.586462,
        42.845234,
        449.0
      ],
      [
        -1.586792,
        42.844988,
        446.75
      ],
      [
        -1.58701,
        42.844799,
        446.25
      ],
      [
        -1.587187,
        42.844582,
        446.0
      ],
      [
        -1.587433,
        42.844335,
        445.75
      ],
      [
        -1.587682,
        42.844185,
        446.25
      ],
      [
        -1.587822,
        42.844075,
        446.5
      ],
      [
        -1.587853,
        42.844029,
        446.5
      ],
      [
        -1.58795,
        42.843815,
        447.25
      ],
      [
        -1.588017,
        42.843723,
        446.75
      ],
      [
        -1.58827,
        42.843458,
        445.75
      ],
      [
        -1.588691,
        42.842883,
        444.25
      ],
      [
        -1.588795,
        42.842667,
        443.75
      ],
      [
        -1.589029,
        42.84223,
        442.75
      ],
      [
        -1.589102,
        42.841973,
        444.0
      ],
      [
        -1.589157,
        42.841727,
        443.25
      ],
      [
        -1.589152,
        42.841644,
        443.0
      ],
      [
        -1.589148,
        42.841587,
        443.0
      ],
      [
        -1.589007,
        42.841267,
        443.25
      ],
      [
        -1.58867,
        42.840876,
        444.25
      ],
      [
        -1.588523,
        42.840658,
        444.75
      ],
      [
        -1.588414,
        42.840326,
        445.0
      ],
      [
        -1.588406,
        42.840111,
        444.5
      ],
      [
        -1.58849,
        42.839854,
        444.25
      ],
      [
        -1.588568,
        42.83977,
        445.25
      ],
      [
        -1.588703,
        42.839698,
        444.25
      ],
      [
        -1.588819,
        42.839527,
        443.0
      ],
      [
        -1.588852,
        42.839389,
        443.25
      ],
      [
        -1.588936,
        42.839255,
        443.25
      ],
      [
        -1.589136,
        42.839049,
        442.5
      ],
      [
        -1.589216,
        42.83891,
        443.25
      ],
      [
        -1.589494,
        42.838607,
        443.25
      ],
      [
        -1.590149,
        42.837813,
        441.75
      ],
      [
        -1.590231,
        42.837635,
        442.25
      ],
      [
        -1.590296,
        42.837431,
        442.75
      ],
      [
        -1.590321,
        42.837309,
        442.25
      ],
      [
        -1.590318,
        42.837132,
        442.25
      ],
      [
        -1.590416,
        42.83667,
        441.5
      ],
      [
        -1.590422,
        42.836526,
        441.0
      ],
      [
        -1.590393,
        42.836403,
        441.25
      ],
      [
        -1.590335,
        42.836268,
        442.25
      ],
      [
        -1.590331,
        42.836132,
        442.25
      ],
      [
        -1.590281,
        42.835882,
        442.0
      ],
      [
        -1.590079,
        42.835478,
        442.0
      ],
      [
        -1.589984,
        42.835337,
        440.75
      ],
      [
        -1.589661,
        42.835174,
        441.5
      ],
      [
        -1.589073,
        42.834902,
        441.5
      ],
      [
        -1.588639,
        42.834651,
        441.25
      ],
      [
        -1.588337,
        42.834406,
        440.5
      ],
      [
        -1.588227,
        42.834339,
        440.25
      ],
      [
        -1.588125,
        42.834309,
        440.5
      ],
      [
        -1.587971,
        42.834234,
        440.5
      ],
      [
        -1.587931,
        42.834179,
        440.25
      ],
      [
        -1.587838,
        42.834147,
        441.0
      ],
      [
        -1.587515,
        42.833966,
        440.25
      ],
      [
        -1.587406,
        42.833896,
        440.5
      ],
      [
        -1.587553,
        42.83369,
        441.25
      ],
      [
        -1.587579,
        42.83364,
        442.25
      ],
      [
        -1.587549,
        42.833607,
        441.75
      ],
      [
        -1.587421,
        42.833527,
        441.0
      ],
      [
        -1.587318,
        42.833446,
        440.25
      ],
      [
        -1.587315,
        42.833379,
        441.0
      ],
      [
        -1.58723,
        42.833261,
        438.5
      ],
      [
        -1.587173,
        42.833167,
        437.75
      ],
      [
        -1.587225,
        42.833036,
        439.0
      ],
      [
        -1.58734,
        42.832855,
        440.25
      ],
      [
        -1.587495,
        42.832686,
        439.75
      ],
      [
        -1.587293,
        42.832489,
        438.0
      ],
      [
        -1.587222,
        42.832449,
        437.75
      ],
      [
        -1.58718,
        42.832405,
        437.5
      ],
      [
        -1.587136,
        42.832396,
        437.25
      ],
      [
        -1.587101,
        42.832334,
        437.0
      ],
      [
        -1.586926,
        42.83237,
        435.75
      ],
      [
        -1.586384,
        42.832423,
        435.5
      ],
      [
        -1.586336,
        42.832428,
        436.25
      ],
      [
        -1.586335,
        42.832413,
        436.0
      ],
      [
        -1.58611,
        42.832352,
        439.25
      ],
      [
        -1.586035,
        42.832306,
        439.75
      ],
      [
        -1.585962,
        42.83224,
        440.0
      ],
      [
        -1.585835,
        42.832104,
        441.25
      ],
      [
        -1.585656,
        42.831884,
        442.0
      ],
      [
        -1.585536,
        42.831663,
        442.75
      ],
      [
        -1.585484,
        42.831572,
        443.0
      ],
      [
        -1.585469,
        42.831545,
        443.0
      ],
      [
        -1.585211,
        42.831104,
        443.0
      ],
      [
        -1.585114,
        42.830935,
        443.25
      ],
      [
        -1.585054,
        42.83078,
        443.5
      ],
      [
        -1.584953,
        42.830364,
        444.25
      ],
      [
        -1.584918,
        42.830095,
        445.0
      ],
      [
        -1.584915,
        42.829976,
        445.25
      ],
      [
        -1.584934,
        42.829927,
        445.5
      ],
      [
        -1.58499,
        42.829843,
        445.5
      ],
      [
        -1.585012,
        42.829811,
        445.0
      ],
      [
        -1.585046,
        42.829759,
        444.0
      ],
      [
        -1.585053,
        42.829692,
        443.5
      ],
      [
        -1.584967,
        42.829536,
        445.5
      ],
      [
        -1.584953,
        42.829478,
        445.25
      ],
      [
        -1.584949,
        42.829243,
        445.25
      ],
      [
        -1.584947,
        42.828766,
        447.0
      ],
      [
        -1.585023,
        42.827331,
        449.5
      ],
      [
        -1.585074,
        42.82731,
        449.5
      ],
      [
        -1.585109,
        42.82727,
        449.75
      ],
      [
        -1.585134,
        42.826425,
        451.0
      ],
      [
        -1.585105,
        42.826381,
        451.0
      ],
      [
        -1.585066,
        42.826358,
        451.0
      ],
      [
        -1.584943,
        42.826284,
        451.5
      ],
      [
        -1.584926,
        42.826058,
        452.25
      ],
      [
        -1.584984,
        42.825967,
        452.0
      ],
      [
        -1.584993,
        42.825867,
        452.0
      ],
      [
        -1.584952,
        42.825771,
        452.25
      ],
      [
        -1.584969,
        42.825618,
        452.0
      ],
      [
        -1.585016,
        42.825385,
        452.25
      ],
      [
        -1.585019,
        42.82531,
        452.5
      ],
      [
        -1.585041,
        42.824708,
        455.25
      ],
      [
        -1.585072,
        42.82436,
        457.0
      ],
      [
        -1.58513,
        42.824019,
        458.0
      ],
      [
        -1.58514,
        42.823889,
        458.5
      ],
      [
        -1.585179,
        42.823742,
        458.25
      ],
      [
        -1.585369,
        42.823018,
        459.0
      ],
      [
        -1.585642,
        42.822295,
        458.5
      ],
      [
        -1.585803,
        42.821973,
        458.0
      ],
      [
        -1.585932,
        42.821733,
        458.0
      ],
      [
        -1.585969,
        42.821646,
        458.0
      ],
      [
        -1.585891,
        42.82155,
        458.25
      ],
      [
        -1.58572,
        42.821512,
        458.25
      ],
      [
        -1.585594,
        42.821579,
        458.5
      ],
      [
        -1.585524,
        42.82169,
        458.75
      ],
      [
        -1.585396,
        42.821782,
        458.5
      ],
      [
        -1.585243,
        42.821851,
        458.75
      ],
      [
        -1.585125,
        42.821865,
        459.25
      ],
      [
        -1.583832,
        42.82191,
        463.0
      ],
      [
        -1.583299,
        42.821927,
        464.5
      ],
      [
        -1.583195,
        42.821928,
        466.5
      ],
      [
        -1.583027,
        42.821923,
        469.0
      ],
      [
        -1.582894,
        42.821904,
        469.5
      ],
      [
        -1.582846,
        42.821863,
        469.75
      ],
      [
        -1.582784,
        42.821844,
        470.25
      ],
      [
        -1.582718,
        42.821824,
        470.5
      ],
      [
        -1.582522,
        42.821818,
        470.75
      ],
      [
        -1.582392,
        42.821753,
        471.0
      ],
      [
        -1.582305,
        42.821619,
        471.0
      ],
      [
        -1.582286,
        42.821568,
        471.0
      ],
      [
        -1.582198,
        42.821123,
        471.0
      ],
      [
        -1.582209,
        42.821105,
        471.0
      ],
      [
        -1.582219,
        42.82107,
        471.0
      ],
      [
        -1.582252,
        42.821033,
        470.75
      ],
      [
        -1.58228,
        42.820986,
        471.0
      ],
      [
        -1.582397,
        42.820722,
        471.0
      ],
      [
        -1.582455,
        42.82059,
        470.75
      ],
      [
        -1.582857,
        42.820097,
        468.5
      ],
      [
        -1.58299,
        42.819968,
        468.0
      ],
      [
        -1.583273,
        42.819742,
        466.25
      ],
      [
        -1.583364,
        42.819655,
        465.5
      ],
      [
        -1.583471,
        42.819532,
        465.0
      ],
      [
        -1.583525,
        42.819402,
        465.0
      ],
      [
        -1.583559,
        42.819279,
        465.0
      ],
      [
        -1.58356,
        42.819143,
        465.25
      ],
      [
        -1.583533,
        42.819014,
        465.75
      ],
      [
        -1.583474,
        42.818891,
        466.25
      ],
      [
        -1.583345,
        42.818688,
        467.5
      ],
      [
        -1.58324,
        42.818467,
        468.75
      ],
      [
        -1.583036,
        42.817914,
        472.5
      ],
      [
        -1.58295,
        42.81768,
        473.5
      ],
      [
        -1.582889,
        42.817561,
        474.5
      ],
      [
        -1.582733,
        42.817332,
        476.5
      ],
      [
        -1.58261,
        42.817206,
        477.75
      ],
      [
        -1.582733,
        42.817332,
        476.5
      ],
      [
        -1.582889,
        42.817561,
        474.5
      ],
      [
        -1.58295,
        42.81768,
        473.5
      ],
      [
        -1.583036,
        42.817914,
        472.5
      ],
      [
        -1.58324,
        42.818467,
        468.75
      ],
      [
        -1.583345,
        42.818688,
        467.5
      ],
      [
        -1.583474,
        42.818891,
        466.25
      ],
      [
        -1.583533,
        42.819014,
        465.75
      ],
      [
        -1.58356,
        42.819143,
        465.25
      ],
      [
        -1.583559,
        42.819279,
        465.0
      ],
      [
        -1.583525,
        42.819402,
        465.0
      ],
      [
        -1.583471,
        42.819532,
        465.0
      ],
      [
        -1.583364,
        42.819655,
        465.5
      ],
      [
        -1.583273,
        42.819742,
        466.25
      ],
      [
        -1.58299,
        42.819968,
        468.0
      ],
      [
        -1.582857,
        42.820097,
        468.5
      ],
      [
        -1.582455,
        42.82059,
        470.75
      ],
      [
        -1.58235,
        42.820721,
        471.0
      ],
      [
        -1.582286,
        42.820792,
        471.0
      ],
      [
        -1.582193,
        42.820857,
        471.0
      ],
      [
        -1.582039,
        42.820939,
        471.5
      ],
      [
        -1.581973,
        42.820952,
        471.75
      ],
      [
        -1.581933,
        42.820973,
        472.0
      ],
      [
        -1.581903,
        42.821002,
        472.25
      ],
      [
        -1.581885,
        42.821036,
        472.5
      ],
      [
        -1.581882,
        42.821072,
        472.5
      ],
      [
        -1.581892,
        42.821107,
        472.5
      ],
      [
        -1.581924,
        42.821145,
        472.0
      ],
      [
        -1.581971,
        42.821172,
        471.75
      ],
      [
        -1.582005,
        42.821255,
        471.75
      ],
      [
        -1.582108,
        42.821416,
        471.25
      ],
      [
        -1.582196,
        42.82164,
        471.0
      ],
      [
        -1.582212,
        42.821711,
        471.0
      ],
      [
        -1.582207,
        42.821792,
        471.0
      ],
      [
        -1.582214,
        42.821853,
        471.0
      ],
      [
        -1.582232,
        42.821896,
        471.0
      ],
      [
        -1.582219,
        42.821926,
        471.0
      ],
      [
        -1.582213,
        42.821969,
        471.0
      ],
      [
        -1.582237,
        42.822016,
        471.0
      ],
      [
        -1.582264,
        42.822054,
        471.25
      ],
      [
        -1.582303,
        42.822079,
        471.0
      ],
      [
        -1.582363,
        42.822096,
        470.75
      ],
      [
        -1.582465,
        42.822107,
        470.5
      ],
      [
        -1.582572,
        42.822107,
        470.0
      ],
      [
        -1.582668,
        42.8221,
        469.75
      ],
      [
        -1.582765,
        42.822084,
        469.5
      ],
      [
        -1.58281,
        42.822076,
        469.25
      ],
      [
        -1.582859,
        42.822047,
        469.25
      ],
      [
        -1.582882,
        42.82202,
        469.25
      ],
      [
        -1.583015,
        42.821976,
        469.0
      ],
      [
        -1.583194,
        42.821961,
        466.25
      ],
      [
        -1.583293,
        42.821958,
        464.5
      ],
      [
        -1.583828,
        42.821941,
        463.25
      ],
      [
        -1.583967,
        42.821936,
        464.0
      ],
      [
        -1.585181,
        42.821898,
        459.0
      ],
      [
        -1.585239,
        42.8219,
        458.75
      ],
      [
        -1.585345,
        42.821917,
        458.75
      ],
      [
        -1.585495,
        42.821966,
        458.75
      ],
      [
        -1.585545,
        42.821987,
        459.0
      ],
      [
        -1.585642,
        42.822002,
        458.5
      ],
      [
        -1.585803,
        42.821973,
        458.0
      ],
      [
        -1.585932,
        42.821733,
        458.0
      ],
      [
        -1.586011,
        42.821751,
        457.25
      ],
      [
        -1.586174,
        42.821767,
        456.25
      ],
      [
        -1.586619,
        42.821796,
        455.0
      ],
      [
        -1.586896,
        42.821793,
        454.5
      ],
      [
        -1.587043,
        42.821748,
        454.25
      ],
      [
        -1.58722,
        42.821677,
        453.75
      ],
      [
        -1.587515,
        42.82153,
        453.75
      ],
      [
        -1.587661,
        42.821577,
        453.5
      ],
      [
        -1.587991,
        42.821482,
        452.75
      ],
      [
        -1.588636,
        42.821271,
        452.75
      ],
      [
        -1.589022,
        42.821177,
        451.25
      ],
      [
        -1.589247,
        42.821047,
        451.25
      ],
      [
        -1.589816,
        42.820873,
        451.75
      ],
      [
        -1.589923,
        42.820898,
        451.75
      ],
      [
        -1.590193,
        42.820927,
        451.0
      ],
      [
        -1.590525,
        42.820928,
        450.0
      ],
      [
        -1.591071,
        42.820947,
        446.0
      ],
      [
        -1.591318,
        42.821062,
        446.25
      ],
      [
        -1.591632,
        42.821375,
        443.0
      ],
      [
        -1.591744,
        42.821462,
        442.25
      ],
      [
        -1.59217,
        42.821793,
        439.5
      ],
      [
        -1.592388,
        42.822089,
        435.5
      ],
      [
        -1.592832,
        42.822719,
        433.25
      ],
      [
        -1.593207,
        42.823322,
        432.5
      ],
      [
        -1.593312,
        42.823466,
        432.25
      ],
      [
        -1.593431,
        42.823564,
        432.5
      ],
      [
        -1.593845,
        42.823778,
        433.5
      ],
      [
        -1.594027,
        42.823938,
        434.75
      ],
      [
        -1.594163,
        42.824102,
        436.5
      ],
      [
        -1.594316,
        42.824348,
        439.75
      ],
      [
        -1.594508,
        42.824571,
        440.25
      ],
      [
        -1.594625,
        42.824643,
        441.0
      ],
      [
        -1.594836,
        42.824742,
        441.5
      ],
      [
        -1.594996,
        42.824798,
        440.5
      ],
      [
        -1.595151,
        42.824831,
        439.25
      ],
      [
        -1.595236,
        42.82484,
        439.0
      ],
      [
        -1.595632,
        42.82485,
        439.0
      ],
      [
        -1.595742,
        42.824853,
        439.25
      ],
      [
        -1.596046,
        42.824887,
        438.5
      ],
      [
        -1.596228,
        42.824886,
        439.0
      ],
      [
        -1.596292,
        42.8249,
        439.0
      ],
      [
        -1.596359,
        42.824898,
        439.5
      ],
      [
        -1.596577,
        42.824962,
        440.25
      ],
      [
        -1.596789,
        42.825041,
        440.25
      ],
      [
        -1.596955,
        42.825153,
        439.75
      ],
      [
        -1.597142,
        42.825325,
        440.0
      ],
      [
        -1.597343,
        42.825597,
        440.75
      ],
      [
        -1.597445,
        42.825805,
        440.25
      ],
      [
        -1.597587,
        42.826235,
        440.5
      ],
      [
        -1.597626,
        42.826706,
        439.25
      ],
      [
        -1.597663,
        42.827013,
        439.75
      ],
      [
        -1.597722,
        42.827211,
        440.0
      ],
      [
        -1.597802,
        42.827379,
        441.0
      ],
      [
        -1.597928,
        42.827568,
        441.0
      ],
      [
        -1.597959,
        42.827611,
        441.0
      ],
      [
        -1.598098,
        42.827794,
        441.0
      ],
      [
        -1.598177,
        42.827876,
        441.0
      ],
      [
        -1.598161,
        42.827899,
        441.0
      ],
      [
        -1.598145,
        42.827935,
        441.0
      ],
      [
        -1.598142,
        42.827973,
        441.0
      ],
      [
        -1.598151,
        42.828011,
        441.0
      ],
      [
        -1.598182,
        42.828058,
        440.75
      ],
      [
        -1.598231,
        42.828095,
        440.25
      ],
      [
        -1.598294,
        42.828118,
        440.0
      ],
      [
        -1.598364,
        42.828126,
        439.75
      ],
      [
        -1.598434,
        42.828117,
        439.75
      ],
      [
        -1.598649,
        42.828212,
        438.25
      ],
      [
        -1.600241,
        42.829243,
        435.0
      ],
      [
        -1.600506,
        42.829407,
        435.0
      ],
      [
        -1.600916,
        42.829611,
        434.75
      ],
      [
        -1.601386,
        42.829773,
        434.0
      ],
      [
        -1.601594,
        42.829799,
        433.5
      ],
      [
        -1.602659,
        42.829946,
        425.75
      ],
      [
        -1.602704,
        42.829952,
        425.5
      ],
      [
        -1.603586,
        42.830071,
        424.0
      ],
      [
        -1.603774,
        42.830158,
        424.0
      ],
      [
        -1.603952,
        42.830029,
        424.0
      ],
      [
        -1.6046,
        42.829612,
        423.0
      ],
      [
        -1.604702,
        42.829561,
        423.5
      ],
      [
        -1.604752,
        42.829591,
        423.25
      ],
      [
        -1.604858,
        42.82961,
        422.5
      ],
      [
        -1.604965,
        42.82975,
        422.0
      ],
      [
        -1.605273,
        42.830289,
        422.0
      ],
      [
        -1.605345,
        42.830416,
        421.5
      ],
      [
        -1.605437,
        42.831251,
        421.25
      ],
      [
        -1.60546,
        42.831343,
        421.0
      ],
      [
        -1.605459,
        42.831415,
        421.0
      ],
      [
        -1.60541,
        42.831577,
        421.5
      ],
      [
        -1.605362,
        42.831606,
        422.0
      ],
      [
        -1.605321,
        42.831707,
        422.25
      ],
      [
        -1.605264,
        42.83185,
        422.25
      ],
      [
        -1.60517,
        42.832096,
        421.75
      ],
      [
        -1.605032,
        42.832246,
        423.25
      ],
      [
        -1.604993,
        42.832411,
        422.0
      ],
      [
        -1.604591,
        42.832717,
        422.75
      ],
      [
        -1.604544,
        42.832816,
        422.75
      ],
      [
        -1.604388,
        42.833008,
        422.75
      ],
      [
        -1.604156,
        42.833314,
        424.0
      ],
      [
        -1.604119,
        42.833421,
        423.5
      ],
      [
        -1.604085,
        42.833556,
        423.0
      ],
      [
        -1.604046,
        42.833853,
        423.0
      ],
      [
        -1.604035,
        42.834288,
        423.75
      ],
      [
        -1.604009,
        42.834397,
        424.25
      ],
      [
        -1.603862,
        42.834761,
        426.0
      ],
      [
        -1.603809,
        42.834871,
        426.0
      ],
      [
        -1.603684,
        42.834921,
        427.25
      ],
      [
        -1.603579,
        42.835253,
        430.5
      ],
      [
        -1.603564,
        42.835331,
        431.5
      ],
      [
        -1.603531,
        42.835553,
        433.5
      ],
      [
        -1.603536,
        42.835653,
        433.5
      ],
      [
        -1.60352,
        42.835815,
        434.5
      ],
      [
        -1.603417,
        42.836114,
        433.0
      ],
      [
        -1.603447,
        42.836112,
        432.75
      ],
      [
        -1.603495,
        42.836111,
        432.5
      ],
      [
        -1.603661,
        42.836112,
        432.0
      ],
      [
        -1.603824,
        42.836134,
        432.25
      ],
      [
        -1.603661,
        42.836112,
        432.5
      ],
      [
        -1.603495,
        42.836111,
        432.75
      ],
      [
        -1.603447,
        42.836112,
        432.75
      ],
      [
        -1.603417,
        42.836114,
        433.0
      ],
      [
        -1.60352,
        42.835815,
        434.5
      ],
      [
        -1.603536,
        42.835653,
        433.5
      ],
      [
        -1.603531,
        42.835553,
        433.5
      ],
      [
        -1.603564,
        42.835331,
        431.5
      ],
      [
        -1.603579,
        42.835253,
        430.5
      ],
      [
        -1.603684,
        42.834921,
        427.25
      ],
      [
        -1.603809,
        42.834871,
        426.0
      ],
      [
        -1.603862,
        42.834761,
        426.0
      ],
      [
        -1.604009,
        42.834397,
        424.25
      ],
      [
        -1.604035,
        42.834288,
        423.75
      ],
      [
        -1.604046,
        42.833853,
        423.0
      ],
      [
        -1.604085,
        42.833556,
        423.0
      ],
      [
        -1.604119,
        42.833421,
        423.5
      ],
      [
        -1.604156,
        42.833314,
        424.0
      ],
      [
        -1.604388,
        42.833008,
        422.75
      ],
      [
        -1.604544,
        42.832816,
        422.75
      ],
      [
        -1.604591,
        42.832717,
        422.75
      ],
      [
        -1.604993,
        42.832411,
        422.0
      ],
      [
        -1.605032,
        42.832246,
        423.25
      ],
      [
        -1.60517,
        42.832096,
        421.75
      ],
      [
        -1.605264,
        42.83185,
        422.25
      ],
      [
        -1.605321,
        42.831707,
        422.25
      ],
      [
        -1.605362,
        42.831606,
        422.0
      ],
      [
        -1.60541,
        42.831577,
        421.5
      ],
      [
        -1.605459,
        42.831415,
        421.0
      ],
      [
        -1.60546,
        42.831343,
        421.0
      ],
      [
        -1.605437,
        42.831251,
        421.25
      ],
      [
        -1.605345,
        42.830416,
        421.5
      ],
      [
        -1.605273,
        42.830289,
        422.0
      ],
      [
        -1.604965,
        42.82975,
        422.0
      ],
      [
        -1.604858,
        42.82961,
        422.5
      ],
      [
        -1.604752,
        42.829591,
        423.25
      ],
      [
        -1.604702,
        42.829561,
        423.5
      ],
      [
        -1.604659,
        42.829485,
        423.5
      ],
      [
        -1.604658,
        42.829424,
        423.5
      ],
      [
        -1.604643,
        42.829404,
        423.25
      ],
      [
        -1.604623,
        42.829398,
        423.0
      ],
      [
        -1.604507,
        42.829406,
        422.75
      ],
      [
        -1.604465,
        42.829415,
        422.75
      ],
      [
        -1.604447,
        42.829408,
        422.5
      ],
      [
        -1.60444,
        42.829185,
        421.0
      ],
      [
        -1.604645,
        42.828932,
        421.0
      ],
      [
        -1.604691,
        42.828857,
        421.25
      ],
      [
        -1.604784,
        42.828706,
        420.75
      ],
      [
        -1.60488,
        42.828503,
        420.5
      ],
      [
        -1.604999,
        42.828151,
        421.75
      ],
      [
        -1.605114,
        42.827856,
        420.5
      ],
      [
        -1.605247,
        42.827603,
        420.25
      ],
      [
        -1.605311,
        42.82755,
        420.0
      ],
      [
        -1.605358,
        42.827523,
        420.0
      ],
      [
        -1.605903,
        42.827455,
        421.25
      ],
      [
        -1.60606,
        42.827421,
        421.75
      ],
      [
        -1.606189,
        42.827366,
        421.75
      ],
      [
        -1.606219,
        42.827343,
        421.5
      ],
      [
        -1.606298,
        42.827275,
        421.5
      ],
      [
        -1.606344,
        42.827215,
        421.5
      ],
      [
        -1.606425,
        42.827149,
        420.5
      ],
      [
        -1.606609,
        42.827047,
        420.0
      ],
      [
        -1.607862,
        42.82628,
        419.75
      ],
      [
        -1.60796,
        42.826212,
        420.0
      ],
      [
        -1.608155,
        42.826053,
        420.25
      ],
      [
        -1.609564,
        42.824612,
        420.75
      ],
      [
        -1.60992,
        42.824194,
        421.5
      ],
      [
        -1.610257,
        42.823775,
        420.75
      ],
      [
        -1.610356,
        42.823693,
        420.5
      ],
      [
        -1.610615,
        42.823368,
        420.75
      ],
      [
        -1.611106,
        42.82278,
        422.75
      ],
      [
        -1.611301,
        42.822629,
        421.25
      ],
      [
        -1.611363,
        42.822566,
        422.0
      ],
      [
        -1.611398,
        42.822511,
        422.75
      ],
      [
        -1.611416,
        42.82241,
        422.25
      ],
      [
        -1.611423,
        42.822312,
        422.0
      ],
      [
        -1.611441,
        42.822239,
        421.75
      ],
      [
        -1.611846,
        42.821868,
        421.0
      ],
      [
        -1.612449,
        42.82133,
        421.0
      ],
      [
        -1.612916,
        42.820954,
        420.25
      ],
      [
        -1.613123,
        42.820819,
        421.75
      ],
      [
        -1.613761,
        42.820502,
        420.75
      ],
      [
        -1.615483,
        42.819683,
        421.0
      ],
      [
        -1.615684,
        42.819617,
        420.25
      ],
      [
        -1.615822,
        42.819586,
        420.0
      ],
      [
        -1.61592,
        42.819586,
        419.5
      ],
      [
        -1.616125,
        42.819636,
        420.0
      ],
      [
        -1.616201,
        42.819622,
        420.0
      ],
      [
        -1.616391,
        42.819569,
        420.25
      ],
      [
        -1.616512,
        42.819546,
        419.75
      ],
      [
        -1.616604,
        42.819523,
        419.5
      ],
      [
        -1.616859,
        42.8195,
        419.75
      ],
      [
        -1.617152,
        42.819498,
        420.0
      ],
      [
        -1.617385,
        42.819545,
        419.75
      ],
      [
        -1.617992,
        42.819723,
        421.75
      ],
      [
        -1.618362,
        42.81992,
        420.0
      ],
      [
        -1.618754,
        42.820194,
        419.75
      ],
      [
        -1.619066,
        42.820425,
        419.25
      ],
      [
        -1.619765,
        42.820899,
        420.0
      ],
      [
        -1.620974,
        42.82167,
        419.5
      ],
      [
        -1.621258,
        42.821792,
        419.25
      ],
      [
        -1.621428,
        42.821889,
        419.25
      ],
      [
        -1.621478,
        42.821939,
        419.5
      ],
      [
        -1.621521,
        42.821964,
        419.25
      ],
      [
        -1.6216,
        42.821997,
        418.5
      ],
      [
        -1.621813,
        42.822112,
        419.0
      ],
      [
        -1.621996,
        42.8222,
        420.25
      ],
      [
        -1.6222,
        42.822228,
        420.0
      ],
      [
        -1.622304,
        42.822229,
        420.0
      ],
      [
        -1.622586,
        42.822197,
        419.25
      ],
      [
        -1.622689,
        42.822205,
        419.0
      ],
      [
        -1.622923,
        42.822267,
        419.0
      ],
      [
        -1.623061,
        42.822272,
        419.0
      ],
      [
        -1.62326,
        42.822265,
        419.25
      ],
      [
        -1.624286,
        42.82218,
        418.75
      ],
      [
        -1.624594,
        42.822149,
        418.75
      ],
      [
        -1.624763,
        42.822141,
        418.0
      ],
      [
        -1.624891,
        42.822124,
        417.0
      ],
      [
        -1.625036,
        42.822114,
        416.25
      ],
      [
        -1.625285,
        42.822134,
        417.0
      ],
      [
        -1.62604,
        42.822027,
        417.25
      ],
      [
        -1.626442,
        42.82192,
        417.75
      ],
      [
        -1.6265,
        42.821926,
        417.75
      ],
      [
        -1.626623,
        42.822,
        418.0
      ],
      [
        -1.626709,
        42.822017,
        418.25
      ],
      [
        -1.626742,
        42.82205,
        418.25
      ],
      [
        -1.62726,
        42.8219,
        419.0
      ],
      [
        -1.627443,
        42.821846,
        419.75
      ],
      [
        -1.629275,
        42.82134,
        419.25
      ],
      [
        -1.629854,
        42.821186,
        419.5
      ],
      [
        -1.630229,
        42.821252,
        419.0
      ],
      [
        -1.630625,
        42.821304,
        419.0
      ],
      [
        -1.631328,
        42.821362,
        418.75
      ],
      [
        -1.633285,
        42.821466,
        418.0
      ],
      [
        -1.634153,
        42.821523,
        418.0
      ],
      [
        -1.63424,
        42.821563,
        417.5
      ],
      [
        -1.634314,
        42.821516,
        417.25
      ],
      [
        -1.634653,
        42.821436,
        417.0
      ],
      [
        -1.634843,
        42.821374,
        417.0
      ],
      [
        -1.635065,
        42.82129,
        417.25
      ],
      [
        -1.635378,
        42.821187,
        417.25
      ],
      [
        -1.636264,
        42.820945,
        416.75
      ],
      [
        -1.636426,
        42.820907,
        417.25
      ],
      [
        -1.637379,
        42.820723,
        415.0
      ],
      [
        -1.637436,
        42.820716,
        415.0
      ],
      [
        -1.637528,
        42.820881,
        414.75
      ],
      [
        -1.637659,
        42.821165,
        415.5
      ],
      [
        -1.63771,
        42.821183,
        415.5
      ],
      [
        -1.637766,
        42.821257,
        416.0
      ],
      [
        -1.6379,
        42.821722,
        417.25
      ],
      [
        -1.637906,
        42.821745,
        417.0
      ],
      [
        -1.637945,
        42.821749,
        417.0
      ],
      [
        -1.63797,
        42.821736,
        417.0
      ],
      [
        -1.638554,
        42.821379,
        418.0
      ],
      [
        -1.638762,
        42.821224,
        418.0
      ],
      [
        -1.638907,
        42.8211,
        418.75
      ],
      [
        -1.639015,
        42.820977,
        418.0
      ],
      [
        -1.639126,
        42.820813,
        418.5
      ],
      [
        -1.639135,
        42.820802,
        418.75
      ],
      [
        -1.639209,
        42.820653,
        418.75
      ],
      [
        -1.639202,
        42.820629,
        418.75
      ],
      [
        -1.639184,
        42.820624,
        418.75
      ],
      [
        -1.639181,
        42.820588,
        418.75
      ],
      [
        -1.639182,
        42.820558,
        418.75
      ],
      [
        -1.639223,
        42.82054,
        419.0
      ],
      [
        -1.639242,
        42.820516,
        419.0
      ],
      [
        -1.639301,
        42.820135,
        420.5
      ],
      [
        -1.639314,
        42.819954,
        421.25
      ],
      [
        -1.639277,
        42.819653,
        422.75
      ],
      [
        -1.639166,
        42.819326,
        424.25
      ],
      [
        -1.63911,
        42.819222,
        424.5
      ],
      [
        -1.639002,
        42.819069,
        425.25
      ],
      [
        -1.638884,
        42.818926,
        426.5
      ],
      [
        -1.638785,
        42.818828,
        426.75
      ],
      [
        -1.638648,
        42.818714,
        427.0
      ],
      [
        -1.638307,
        42.818491,
        428.0
      ],
      [
        -1.637907,
        42.818244,
        429.75
      ],
      [
        -1.637822,
        42.818168,
        430.5
      ],
      [
        -1.637752,
        42.818081,
        431.0
      ],
      [
        -1.637695,
        42.817977,
        430.75
      ],
      [
        -1.637666,
        42.817871,
        431.0
      ],
      [
        -1.637662,
        42.817781,
        431.5
      ],
      [
        -1.637673,
        42.8177,
        431.5
      ],
      [
        -1.637704,
        42.817602,
        432.0
      ],
      [
        -1.637786,
        42.817476,
        434.5
      ],
      [
        -1.63789,
        42.817364,
        433.75
      ],
      [
        -1.637988,
        42.817293,
        434.0
      ],
      [
        -1.638966,
        42.816843,
        442.5
      ],
      [
        -1.639044,
        42.816806,
        443.5
      ],
      [
        -1.639094,
        42.816846,
        442.5
      ],
      [
        -1.639174,
        42.816914,
        441.5
      ],
      [
        -1.639213,
        42.816946,
        441.0
      ],
      [
        -1.639251,
        42.816945,
        441.25
      ],
      [
        -1.639275,
        42.816934,
        441.5
      ],
      [
        -1.639292,
        42.816926,
        441.5
      ],
      [
        -1.639935,
        42.816621,
        444.0
      ],
      [
        -1.639952,
        42.81661,
        444.0
      ],
      [
        -1.639981,
        42.816593,
        444.25
      ],
      [
        -1.639995,
        42.816584,
        444.25
      ],
      [
        -1.640115,
        42.816515,
        444.5
      ],
      [
        -1.640858,
        42.816048,
        448.25
      ],
      [
        -1.640948,
        42.816018,
        448.5
      ],
      [
        -1.640957,
        42.816021,
        448.5
      ],
      [
        -1.640999,
        42.816033,
        448.5
      ],
      [
        -1.64106,
        42.81597,
        448.75
      ],
      [
        -1.64111,
        42.815983,
        448.75
      ],
      [
        -1.64122,
        42.815995,
        449.0
      ],
      [
        -1.641481,
        42.816017,
        449.0
      ],
      [
        -1.64175,
        42.816052,
        449.0
      ],
      [
        -1.641811,
        42.816039,
        449.25
      ],
      [
        -1.642257,
        42.815841,
        450.0
      ],
      [
        -1.642244,
        42.815926,
        450.0
      ],
      [
        -1.64257,
        42.816373,
        449.0
      ],
      [
        -1.642716,
        42.816316,
        449.25
      ],
      [
        -1.642897,
        42.816246,
        449.5
      ],
      [
        -1.643142,
        42.816171,
        449.5
      ],
      [
        -1.643142,
        42.816086,
        449.5
      ],
      [
        -1.643163,
        42.816042,
        449.5
      ],
      [
        -1.643404,
        42.815948,
        448.75
      ],
      [
        -1.643595,
        42.815886,
        448.5
      ],
      [
        -1.6445,
        42.815621,
        448.5
      ],
      [
        -1.645024,
        42.815464,
        448.25
      ],
      [
        -1.645099,
        42.815441,
        448.25
      ],
      [
        -1.646539,
        42.815003,
        447.25
      ],
      [
        -1.646742,
        42.814946,
        447.0
      ],
      [
        -1.646752,
        42.814967,
        447.0
      ],
      [
        -1.646814,
        42.814954,
        447.0
      ],
      [
        -1.646868,
        42.814951,
        447.0
      ],
      [
        -1.646902,
        42.814955,
        447.0
      ],
      [
        -1.646935,
        42.814969,
        447.0
      ],
      [
        -1.646993,
        42.814998,
        447.0
      ],
      [
        -1.647121,
        42.815054,
        446.75
      ],
      [
        -1.647508,
        42.815249,
        447.0
      ],
      [
        -1.647564,
        42.815289,
        446.75
      ],
      [
        -1.647745,
        42.815418,
        446.75
      ],
      [
        -1.647798,
        42.815464,
        447.0
      ],
      [
        -1.647845,
        42.815518,
        447.0
      ],
      [
        -1.647871,
        42.815564,
        446.75
      ],
      [
        -1.647885,
        42.815607,
        446.75
      ],
      [
        -1.647911,
        42.815666,
        446.75
      ],
      [
        -1.648003,
        42.81575,
        446.75
      ],
      [
        -1.648161,
        42.815875,
        446.75
      ],
      [
        -1.648212,
        42.815894,
        446.75
      ],
      [
        -1.648396,
        42.815925,
        447.0
      ],
      [
        -1.648465,
        42.815962,
        447.0
      ],
      [
        -1.64849,
        42.815988,
        447.0
      ],
      [
        -1.649414,
        42.816813,
        445.25
      ],
      [
        -1.649492,
        42.816862,
        445.0
      ],
      [
        -1.64951,
        42.816874,
        445.0
      ],
      [
        -1.649527,
        42.816883,
        444.75
      ],
      [
        -1.649564,
        42.816855,
        445.0
      ],
      [
        -1.649609,
        42.816816,
        445.0
      ],
      [
        -1.649631,
        42.816797,
        445.0
      ],
      [
        -1.649822,
        42.816768,
        445.25
      ],
      [
        -1.64998,
        42.816651,
        446.0
      ],
      [
        -1.650285,
        42.816424,
        446.0
      ],
      [
        -1.650232,
        42.816388,
        446.0
      ],
      [
        -1.650159,
        42.81634,
        446.0
      ],
      [
        -1.650131,
        42.816322,
        446.0
      ],
      [
        -1.650955,
        42.815717,
        446.0
      ],
      [
        -1.651079,
        42.815659,
        446.0
      ],
      [
        -1.651145,
        42.815651,
        446.0
      ],
      [
        -1.651245,
        42.815627,
        445.75
      ],
      [
        -1.651408,
        42.81557,
        445.75
      ],
      [
        -1.651484,
        42.815533,
        446.0
      ],
      [
        -1.651549,
        42.815492,
        446.0
      ],
      [
        -1.651766,
        42.815338,
        445.75
      ],
      [
        -1.651786,
        42.815326,
        445.75
      ],
      [
        -1.652093,
        42.815114,
        446.0
      ],
      [
        -1.652315,
        42.814949,
        445.75
      ],
      [
        -1.652572,
        42.814717,
        445.0
      ],
      [
        -1.652652,
        42.814653,
        445.0
      ],
      [
        -1.652701,
        42.814626,
        445.0
      ],
      [
        -1.652755,
        42.814611,
        445.0
      ],
      [
        -1.652842,
        42.8146,
        445.0
      ],
      [
        -1.652858,
        42.814575,
        445.0
      ],
      [
        -1.652925,
        42.81448,
        445.0
      ],
      [
        -1.652944,
        42.81445,
        445.0
      ],
      [
        -1.652968,
        42.814361,
        445.0
      ],
      [
        -1.652995,
        42.814334,
        445.0
      ],
      [
        -1.653023,
        42.814308,
        445.0
      ],
      [
        -1.654321,
        42.813114,
        444.0
      ],
      [
        -1.654359,
        42.813083,
        444.0
      ],
      [
        -1.654391,
        42.813076,
        444.0
      ],
      [
        -1.654427,
        42.813077,
        444.0
      ],
      [
        -1.654511,
        42.813099,
        444.0
      ],
      [
        -1.654558,
        42.813102,
        444.25
      ],
      [
        -1.654616,
        42.813104,
        444.5
      ],
      [
        -1.65464,
        42.813102,
        444.5
      ],
      [
        -1.654638,
        42.813055,
        444.5
      ],
      [
        -1.654669,
        42.812928,
        444.25
      ],
      [
        -1.654744,
        42.812772,
        444.0
      ],
      [
        -1.654827,
        42.812667,
        444.0
      ],
      [
        -1.654921,
        42.812578,
        444.0
      ],
      [
        -1.654853,
        42.812534,
        444.0
      ],
      [
        -1.654759,
        42.812478,
        444.0
      ],
      [
        -1.654727,
        42.812458,
        444.0
      ],
      [
        -1.654683,
        42.812431,
        444.0
      ],
      [
        -1.654546,
        42.812433,
        444.0
      ],
      [
        -1.654358,
        42.81244,
        444.5
      ],
      [
        -1.654376,
        42.812386,
        444.5
      ],
      [
        -1.654425,
        42.812229,
        445.0
      ],
      [
        -1.654426,
        42.812133,
        445.0
      ],
      [
        -1.654422,
        42.81206,
        445.0
      ],
      [
        -1.65437,
        42.811903,
        445.25
      ],
      [
        -1.654306,
        42.811783,
        445.75
      ],
      [
        -1.653599,
        42.81061,
        447.75
      ],
      [
        -1.653536,
        42.810498,
        448.0
      ],
      [
        -1.653506,
        42.810449,
        448.0
      ],
      [
        -1.653329,
        42.810173,
        448.0
      ],
      [
        -1.65324,
        42.810083,
        448.0
      ],
      [
        -1.652968,
        42.809894,
        448.0
      ],
      [
        -1.652646,
        42.809676,
        448.25
      ],
      [
        -1.652686,
        42.809638,
        448.0
      ],
      [
        -1.652716,
        42.80961,
        448.0
      ],
      [
        -1.652768,
        42.809569,
        448.0
      ],
      [
        -1.652902,
        42.809634,
        448.0
      ],
      [
        -1.652932,
        42.809635,
        448.0
      ],
      [
        -1.652956,
        42.809614,
        448.0
      ],
      [
        -1.653215,
        42.809182,
        447.75
      ],
      [
        -1.653228,
        42.80915,
        448.0
      ],
      [
        -1.653224,
        42.80914,
        448.0
      ],
      [
        -1.653158,
        42.809118,
        448.0
      ],
      [
        -1.653168,
        42.809099,
        448.0
      ],
      [
        -1.653101,
        42.809077,
        448.0
      ],
      [
        -1.653119,
        42.809044,
        448.0
      ],
      [
        -1.65319,
        42.808927,
        448.0
      ],
      [
        -1.653217,
        42.808882,
        448.0
      ],
      [
        -1.653282,
        42.808902,
        448.0
      ],
      [
        -1.653331,
        42.8089,
        448.0
      ],
      [
        -1.653378,
        42.808887,
        448.0
      ],
      [
        -1.653727,
        42.808672,
        447.5
      ],
      [
        -1.654324,
        42.808297,
        447.0
      ],
      [
        -1.654372,
        42.808256,
        447.0
      ],
      [
        -1.654411,
        42.808204,
        447.0
      ],
      [
        -1.654446,
        42.808157,
        447.0
      ],
      [
        -1.654481,
        42.808112,
        447.0
      ],
      [
        -1.654576,
        42.808147,
        447.0
      ],
      [
        -1.654618,
        42.808142,
        447.0
      ],
      [
        -1.655055,
        42.807876,
        446.25
      ],
      [
        -1.655103,
        42.807843,
        446.0
      ],
      [
        -1.655837,
        42.807417,
        446.25
      ],
      [
        -1.656344,
        42.807114,
        446.0
      ],
      [
        -1.65641,
        42.807074,
        445.75
      ],
      [
        -1.656825,
        42.806831,
        445.0
      ],
      [
        -1.656862,
        42.806801,
        445.0
      ],
      [
        -1.656874,
        42.806768,
        445.0
      ],
      [
        -1.656858,
        42.806731,
        445.0
      ],
      [
        -1.656841,
        42.806711,
        445.0
      ],
      [
        -1.656896,
        42.806658,
        445.0
      ],
      [
        -1.656972,
        42.806585,
        445.0
      ],
      [
        -1.657013,
        42.806547,
        445.0
      ],
      [
        -1.657092,
        42.806585,
        445.0
      ],
      [
        -1.657139,
        42.806602,
        445.0
      ],
      [
        -1.657175,
        42.806608,
        445.0
      ],
      [
        -1.657238,
        42.8066,
        444.75
      ],
      [
        -1.657305,
        42.806571,
        444.75
      ],
      [
        -1.65735,
        42.80655,
        444.75
      ],
      [
        -1.657596,
        42.80644,
        444.0
      ],
      [
        -1.657905,
        42.806299,
        443.5
      ],
      [
        -1.657959,
        42.806274,
        443.25
      ],
      [
        -1.657975,
        42.806253,
        443.25
      ],
      [
        -1.657969,
        42.806234,
        443.25
      ],
      [
        -1.658043,
        42.806167,
        443.0
      ],
      [
        -1.658108,
        42.806109,
        443.0
      ],
      [
        -1.658172,
        42.806141,
        443.0
      ],
      [
        -1.6582,
        42.806143,
        443.0
      ],
      [
        -1.658284,
        42.806093,
        443.0
      ],
      [
        -1.65889,
        42.805665,
        439.25
      ],
      [
        -1.659501,
        42.805203,
        434.75
      ],
      [
        -1.65949,
        42.805195,
        435.0
      ],
      [
        -1.659468,
        42.80518,
        435.5
      ],
      [
        -1.659567,
        42.805109,
        435.0
      ],
      [
        -1.659902,
        42.804841,
        431.75
      ],
      [
        -1.659974,
        42.804748,
        430.5
      ],
      [
        -1.660037,
        42.804604,
        429.5
      ],
      [
        -1.660091,
        42.804495,
        429.0
      ],
      [
        -1.660164,
        42.804398,
        428.5
      ],
      [
        -1.660182,
        42.80436,
        428.25
      ],
      [
        -1.660224,
        42.804368,
        428.25
      ],
      [
        -1.660309,
        42.80438,
        428.25
      ],
      [
        -1.660399,
        42.804374,
        428.25
      ],
      [
        -1.660437,
        42.804362,
        428.25
      ],
      [
        -1.660498,
        42.804317,
        427.75
      ],
      [
        -1.660807,
        42.803903,
        427.0
      ],
      [
        -1.661024,
        42.803642,
        426.5
      ],
      [
        -1.661589,
        42.803007,
        424.5
      ],
      [
        -1.661908,
        42.802676,
        421.25
      ],
      [
        -1.662068,
        42.802523,
        419.75
      ],
      [
        -1.662507,
        42.802188,
        416.5
      ],
      [
        -1.66267,
        42.802074,
        415.0
      ],
      [
        -1.662689,
        42.802089,
        415.0
      ],
      [
        -1.662735,
        42.802124,
        415.25
      ],
      [
        -1.662761,
        42.80216,
        415.5
      ],
      [
        -1.662852,
        42.802172,
        415.5
      ],
      [
        -1.663105,
        42.802042,
        414.5
      ],
      [
        -1.663231,
        42.801991,
        413.5
      ],
      [
        -1.663439,
        42.801887,
        412.75
      ],
      [
        -1.663533,
        42.801827,
        412.5
      ],
      [
        -1.663649,
        42.801717,
        412.0
      ],
      [
        -1.663696,
        42.801688,
        412.0
      ],
      [
        -1.663751,
        42.801664,
        411.75
      ],
      [
        -1.663959,
        42.801605,
        411.0
      ],
      [
        -1.664205,
        42.801549,
        410.5
      ],
      [
        -1.664418,
        42.801486,
        410.75
      ],
      [
        -1.664528,
        42.80146,
        411.0
      ],
      [
        -1.664631,
        42.801444,
        411.0
      ],
      [
        -1.664789,
        42.801451,
        411.0
      ],
      [
        -1.664884,
        42.801455,
        411.0
      ],
      [
        -1.664954,
        42.801394,
        411.0
      ],
      [
        -1.665178,
        42.801368,
        410.75
      ],
      [
        -1.665198,
        42.801289,
        410.5
      ],
      [
        -1.665214,
        42.801227,
        410.25
      ],
      [
        -1.665097,
        42.801238,
        410.0
      ],
      [
        -1.665122,
        42.801136,
        409.5
      ],
      [
        -1.665181,
        42.800921,
        411.0
      ],
      [
        -1.665199,
        42.800863,
        411.5
      ],
      [
        -1.665216,
        42.800835,
        411.75
      ],
      [
        -1.665251,
        42.800818,
        411.75
      ],
      [
        -1.665295,
        42.800819,
        411.75
      ],
      [
        -1.665395,
        42.800834,
        411.5
      ],
      [
        -1.665411,
        42.800799,
        411.5
      ],
      [
        -1.66543,
        42.800758,
        411.25
      ],
      [
        -1.66541,
        42.80073,
        411.5
      ],
      [
        -1.665405,
        42.800703,
        411.5
      ],
      [
        -1.665404,
        42.800595,
        411.5
      ],
      [
        -1.665412,
        42.800538,
        411.5
      ],
      [
        -1.665479,
        42.800408,
        411.5
      ],
      [
        -1.665559,
        42.800273,
        412.0
      ],
      [
        -1.665902,
        42.799836,
        413.0
      ],
      [
        -1.665923,
        42.799788,
        413.0
      ],
      [
        -1.665926,
        42.799761,
        413.0
      ],
      [
        -1.665894,
        42.799685,
        412.75
      ],
      [
        -1.665893,
        42.799666,
        412.75
      ],
      [
        -1.666499,
        42.798578,
        409.5
      ],
      [
        -1.666604,
        42.798429,
        409.75
      ],
      [
        -1.666947,
        42.798038,
        410.0
      ],
      [
        -1.667162,
        42.797827,
        410.0
      ],
      [
        -1.667209,
        42.7978,
        410.25
      ],
      [
        -1.667544,
        42.79764,
        410.25
      ],
      [
        -1.667865,
        42.797449,
        410.25
      ],
      [
        -1.668251,
        42.797184,
        411.0
      ],
      [
        -1.668378,
        42.797085,
        411.0
      ],
      [
        -1.668511,
        42.796966,
        411.0
      ],
      [
        -1.668703,
        42.796751,
        411.75
      ],
      [
        -1.66917,
        42.796114,
        413.75
      ],
      [
        -1.66928,
        42.796027,
        413.25
      ],
      [
        -1.669366,
        42.795972,
        413.75
      ],
      [
        -1.669591,
        42.795838,
        415.25
      ],
      [
        -1.669759,
        42.795748,
        414.5
      ],
      [
        -1.670007,
        42.795652,
        416.75
      ],
      [
        -1.670253,
        42.795581,
        419.25
      ],
      [
        -1.670697,
        42.795467,
        414.25
      ],
      [
        -1.671038,
        42.795357,
        416.25
      ],
      [
        -1.671173,
        42.795304,
        416.75
      ],
      [
        -1.671423,
        42.795185,
        414.75
      ],
      [
        -1.671543,
        42.795117,
        414.75
      ],
      [
        -1.671718,
        42.795004,
        415.5
      ],
      [
        -1.671823,
        42.794927,
        415.0
      ],
      [
        -1.671926,
        42.794842,
        415.0
      ],
      [
        -1.672222,
        42.794576,
        416.5
      ],
      [
        -1.672338,
        42.794483,
        416.75
      ],
      [
        -1.672563,
        42.794322,
        417.25
      ],
      [
        -1.672854,
        42.794075,
        418.25
      ],
      [
        -1.672932,
        42.794038,
        418.25
      ],
      [
        -1.673011,
        42.794018,
        418.5
      ],
      [
        -1.673068,
        42.794018,
        418.5
      ],
      [
        -1.67313,
        42.79403,
        418.25
      ],
      [
        -1.673147,
        42.794025,
        418.5
      ],
      [
        -1.673169,
        42.794006,
        418.5
      ],
      [
        -1.673188,
        42.793983,
        418.5
      ],
      [
        -1.673214,
        42.793948,
        418.75
      ],
      [
        -1.67321,
        42.793936,
        418.75
      ],
      [
        -1.673166,
        42.793898,
        418.75
      ],
      [
        -1.673127,
        42.793814,
        419.25
      ],
      [
        -1.673127,
        42.793723,
        419.5
      ],
      [
        -1.673154,
        42.793658,
        419.75
      ],
      [
        -1.673274,
        42.793476,
        420.5
      ],
      [
        -1.673326,
        42.793382,
        420.75
      ],
      [
        -1.67342,
        42.793182,
        422.75
      ],
      [
        -1.67376,
        42.792398,
        429.75
      ],
      [
        -1.673879,
        42.792172,
        431.0
      ],
      [
        -1.674081,
        42.791846,
        432.25
      ],
      [
        -1.674372,
        42.791451,
        434.75
      ],
      [
        -1.674433,
        42.791371,
        435.25
      ],
      [
        -1.674589,
        42.791143,
        436.75
      ],
      [
        -1.674681,
        42.790981,
        438.0
      ],
      [
        -1.674763,
        42.790818,
        439.0
      ],
      [
        -1.674814,
        42.790703,
        439.75
      ],
      [
        -1.674848,
        42.79063,
        439.75
      ],
      [
        -1.674915,
        42.790477,
        441.75
      ],
      [
        -1.674992,
        42.790256,
        444.0
      ],
      [
        -1.675067,
        42.789968,
        446.5
      ],
      [
        -1.675094,
        42.789823,
        448.0
      ],
      [
        -1.675128,
        42.789565,
        451.0
      ],
      [
        -1.67514,
        42.789368,
        453.5
      ],
      [
        -1.675157,
        42.788968,
        458.5
      ],
      [
        -1.675169,
        42.788648,
        459.5
      ],
      [
        -1.675198,
        42.788542,
        459.75
      ],
      [
        -1.675244,
        42.788461,
        460.0
      ],
      [
        -1.675166,
        42.788426,
        460.0
      ],
      [
        -1.67518,
        42.788383,
        460.0
      ],
      [
        -1.675179,
        42.788356,
        460.25
      ],
      [
        -1.675211,
        42.78836,
        460.0
      ],
      [
        -1.675237,
        42.788355,
        460.0
      ],
      [
        -1.675266,
        42.788339,
        460.0
      ],
      [
        -1.67528,
        42.788322,
        460.0
      ],
      [
        -1.675284,
        42.788299,
        460.25
      ],
      [
        -1.675278,
        42.788282,
        460.25
      ],
      [
        -1.675322,
        42.788259,
        460.75
      ],
      [
        -1.67539,
        42.788238,
        461.25
      ],
      [
        -1.675454,
        42.788206,
        461.5
      ],
      [
        -1.675656,
        42.788071,
        461.75
      ],
      [
        -1.675722,
        42.788026,
        462.25
      ],
      [
        -1.67598,
        42.787874,
        464.0
      ],
      [
        -1.676062,
        42.787858,
        464.0
      ],
      [
        -1.676083,
        42.787884,
        464.25
      ],
      [
        -1.676118,
        42.7879,
        464.25
      ],
      [
        -1.676175,
        42.787901,
        464.5
      ],
      [
        -1.676221,
        42.787878,
        464.5
      ],
      [
        -1.676234,
        42.787859,
        464.25
      ],
      [
        -1.676239,
        42.787836,
        464.25
      ],
      [
        -1.67629,
        42.787705,
        463.5
      ],
      [
        -1.676322,
        42.787617,
        462.75
      ],
      [
        -1.676241,
        42.787677,
        463.25
      ],
      [
        -1.676173,
        42.787724,
        463.75
      ],
      [
        -1.676131,
        42.787705,
        463.5
      ],
      [
        -1.675998,
        42.787628,
        463.25
      ],
      [
        -1.675798,
        42.787478,
        462.75
      ],
      [
        -1.676315,
        42.786661,
        458.25
      ],
      [
        -1.67633,
        42.786637,
        457.5
      ],
      [
        -1.676499,
        42.786353,
        457.5
      ],
      [
        -1.676761,
        42.785941,
        457.75
      ],
      [
        -1.676832,
        42.785964,
        457.5
      ],
      [
        -1.677023,
        42.786026,
        457.0
      ],
      [
        -1.677002,
        42.785804,
        457.75
      ],
      [
        -1.677017,
        42.785601,
        457.5
      ],
      [
        -1.677098,
        42.785629,
        457.25
      ],
      [
        -1.677496,
        42.785766,
        457.0
      ],
      [
        -1.678042,
        42.785949,
        456.0
      ],
      [
        -1.67812,
        42.785968,
        456.0
      ],
      [
        -1.678209,
        42.785965,
        456.0
      ],
      [
        -1.678288,
        42.785944,
        456.0
      ],
      [
        -1.678385,
        42.785908,
        455.75
      ],
      [
        -1.678452,
        42.785853,
        455.5
      ],
      [
        -1.678721,
        42.785582,
        453.75
      ],
      [
        -1.678786,
        42.785517,
        453.0
      ],
      [
        -1.678837,
        42.785467,
        452.5
      ],
      [
        -1.678954,
        42.785347,
        451.25
      ],
      [
        -1.679015,
        42.785287,
        451.0
      ],
      [
        -1.679366,
        42.784936,
        448.0
      ],
      [
        -1.679735,
        42.784564,
        445.25
      ],
      [
        -1.679782,
        42.784517,
        444.75
      ],
      [
        -1.679948,
        42.784477,
        443.5
      ],
      [
        -1.680135,
        42.78434,
        442.25
      ],
      [
        -1.680259,
        42.78424,
        440.75
      ],
      [
        -1.680323,
        42.784174,
        440.0
      ],
      [
        -1.680548,
        42.783886,
        438.0
      ],
      [
        -1.680675,
        42.783687,
        438.5
      ],
      [
        -1.680787,
        42.783528,
        437.75
      ],
      [
        -1.680969,
        42.783319,
        436.75
      ],
      [
        -1.681188,
        42.783041,
        435.75
      ],
      [
        -1.681451,
        42.782743,
        434.75
      ],
      [
        -1.681576,
        42.78264,
        434.5
      ],
      [
        -1.681808,
        42.782498,
        434.0
      ],
      [
        -1.682091,
        42.782333,
        433.75
      ],
      [
        -1.682403,
        42.782092,
        433.25
      ],
      [
        -1.682496,
        42.782013,
        433.5
      ],
      [
        -1.68258,
        42.781934,
        433.5
      ],
      [
        -1.682601,
        42.781889,
        433.5
      ],
      [
        -1.682607,
        42.781822,
        433.25
      ],
      [
        -1.682697,
        42.781807,
        433.0
      ],
      [
        -1.683388,
        42.781527,
        434.0
      ],
      [
        -1.683657,
        42.781398,
        434.0
      ],
      [
        -1.685517,
        42.780293,
        435.75
      ],
      [
        -1.685929,
        42.780041,
        436.75
      ],
      [
        -1.686004,
        42.780034,
        436.75
      ],
      [
        -1.686044,
        42.780032,
        436.75
      ],
      [
        -1.686054,
        42.780068,
        436.75
      ],
      [
        -1.68609,
        42.780093,
        436.75
      ],
      [
        -1.686114,
        42.780099,
        437.0
      ],
      [
        -1.686164,
        42.780093,
        437.0
      ],
      [
        -1.686201,
        42.780068,
        437.0
      ],
      [
        -1.686211,
        42.780032,
        437.25
      ],
      [
        -1.686192,
        42.779998,
        437.25
      ],
      [
        -1.686174,
        42.779987,
        437.25
      ],
      [
        -1.686128,
        42.779976,
        437.0
      ],
      [
        -1.686104,
        42.779979,
        437.0
      ],
      [
        -1.686099,
        42.779957,
        437.25
      ],
      [
        -1.68612,
        42.779924,
        437.5
      ],
      [
        -1.686166,
        42.779892,
        437.75
      ],
      [
        -1.686556,
        42.779618,
        440.0
      ],
      [
        -1.687377,
        42.778991,
        442.25
      ],
      [
        -1.687704,
        42.77874,
        442.5
      ],
      [
        -1.68799,
        42.778521,
        443.0
      ],
      [
        -1.68825,
        42.778345,
        442.75
      ],
      [
        -1.688488,
        42.778242,
        443.25
      ],
      [
        -1.688661,
        42.778198,
        443.25
      ],
      [
        -1.688751,
        42.778183,
        443.0
      ],
      [
        -1.688833,
        42.778177,
        442.75
      ],
      [
        -1.688956,
        42.778172,
        442.5
      ],
      [
        -1.689466,
        42.778185,
        442.5
      ],
      [
        -1.689781,
        42.778164,
        442.5
      ],
      [
        -1.691004,
        42.778046,
        446.5
      ],
      [
        -1.691768,
        42.777961,
        449.5
      ],
      [
        -1.692875,
        42.777859,
        455.0
      ],
      [
        -1.693317,
        42.777813,
        459.5
      ],
      [
        -1.693452,
        42.777754,
        461.5
      ],
      [
        -1.693527,
        42.777696,
        462.75
      ],
      [
        -1.693586,
        42.777625,
        463.5
      ],
      [
        -1.693638,
        42.777507,
        464.25
      ],
      [
        -1.69399,
        42.776389,
        476.5
      ],
      [
        -1.694119,
        42.776033,
        475.25
      ],
      [
        -1.694275,
        42.775709,
        473.5
      ],
      [
        -1.69419,
        42.775535,
        472.75
      ],
      [
        -1.694159,
        42.775348,
        472.0
      ],
      [
        -1.694261,
        42.773212,
        476.0
      ],
      [
        -1.694289,
        42.772907,
        476.75
      ],
      [
        -1.694285,
        42.772719,
        476.75
      ],
      [
        -1.694333,
        42.772721,
        477.25
      ],
      [
        -1.694375,
        42.772706,
        477.5
      ],
      [
        -1.694997,
        42.772253,
        483.0
      ],
      [
        -1.695225,
        42.772096,
        485.5
      ],
      [
        -1.695333,
        42.772034,
        486.0
      ],
      [
        -1.695782,
        42.771823,
        486.75
      ],
      [
        -1.696192,
        42.771647,
        488.5
      ],
      [
        -1.696602,
        42.771452,
        493.0
      ],
      [
        -1.69681,
        42.771384,
        494.5
      ],
      [
        -1.696964,
        42.77136,
        496.0
      ],
      [
        -1.697488,
        42.771303,
        497.25
      ],
      [
        -1.697713,
        42.771255,
        497.25
      ],
      [
        -1.698011,
        42.771145,
        496.25
      ],
      [
        -1.698281,
        42.771011,
        496.5
      ],
      [
        -1.699169,
        42.770428,
        491.25
      ],
      [
        -1.699346,
        42.770297,
        490.5
      ],
      [
        -1.700555,
        42.76908,
        489.25
      ],
      [
        -1.700685,
        42.768921,
        489.75
      ],
      [
        -1.700915,
        42.768557,
        490.0
      ],
      [
        -1.701195,
        42.76806,
        490.25
      ],
      [
        -1.701555,
        42.767467,
        493.5
      ],
      [
        -1.701681,
        42.767328,
        493.0
      ],
      [
        -1.701803,
        42.767216,
        492.25
      ],
      [
        -1.702141,
        42.76696,
        491.0
      ],
      [
        -1.702487,
        42.76672,
        490.5
      ],
      [
        -1.702844,
        42.766502,
        489.75
      ],
      [
        -1.703023,
        42.766401,
        489.0
      ],
      [
        -1.703561,
        42.766138,
        489.0
      ],
      [
        -1.703758,
        42.766049,
        489.5
      ],
      [
        -1.703962,
        42.765967,
        490.25
      ],
      [
        -1.704148,
        42.76587,
        490.75
      ],
      [
        -1.70432,
        42.765784,
        490.0
      ],
      [
        -1.704928,
        42.765423,
        490.0
      ],
      [
        -1.705078,
        42.765347,
        490.0
      ],
      [
        -1.705222,
        42.765283,
        490.0
      ],
      [
        -1.705371,
        42.765239,
        489.75
      ],
      [
        -1.705566,
        42.765199,
        489.75
      ],
      [
        -1.706975,
        42.764879,
        493.0
      ],
      [
        -1.707086,
        42.764851,
        493.5
      ],
      [
        -1.707205,
        42.764806,
        494.25
      ],
      [
        -1.707607,
        42.764584,
        496.75
      ],
      [
        -1.707878,
        42.764462,
        497.25
      ],
      [
        -1.708057,
        42.764351,
        497.5
      ],
      [
        -1.708197,
        42.764211,
        499.5
      ],
      [
        -1.708534,
        42.763849,
        499.0
      ],
      [
        -1.708927,
        42.763472,
        498.0
      ],
      [
        -1.709212,
        42.763167,
        498.75
      ],
      [
        -1.709323,
        42.763121,
        498.75
      ],
      [
        -1.709396,
        42.763103,
        498.75
      ],
      [
        -1.709661,
        42.763062,
        498.75
      ],
      [
        -1.709759,
        42.763054,
        499.25
      ],
      [
        -1.710076,
        42.762996,
        502.5
      ],
      [
        -1.710141,
        42.762959,
        503.75
      ],
      [
        -1.710205,
        42.76291,
        504.75
      ],
      [
        -1.710365,
        42.762701,
        505.75
      ],
      [
        -1.71044,
        42.762636,
        506.75
      ],
      [
        -1.710576,
        42.762563,
        508.25
      ],
      [
        -1.710782,
        42.762475,
        509.5
      ],
      [
        -1.710938,
        42.762336,
        510.0
      ],
      [
        -1.711055,
        42.762218,
        510.5
      ],
      [
        -1.711223,
        42.762073,
        512.0
      ],
      [
        -1.711308,
        42.761985,
        512.5
      ],
      [
        -1.711494,
        42.761887,
        514.0
      ],
      [
        -1.711644,
        42.761799,
        515.25
      ],
      [
        -1.711778,
        42.761737,
        516.0
      ],
      [
        -1.71203,
        42.761652,
        517.5
      ],
      [
        -1.712233,
        42.761566,
        518.25
      ],
      [
        -1.712351,
        42.761499,
        518.0
      ],
      [
        -1.712479,
        42.761386,
        517.75
      ],
      [
        -1.712577,
        42.76124,
        518.25
      ],
      [
        -1.712679,
        42.761109,
        518.5
      ],
      [
        -1.71285,
        42.760932,
        519.75
      ],
      [
        -1.712912,
        42.760854,
        520.25
      ],
      [
        -1.712971,
        42.760751,
        520.75
      ],
      [
        -1.7132,
        42.760252,
        524.0
      ],
      [
        -1.713286,
        42.760045,
        525.5
      ],
      [
        -1.713606,
        42.759493,
        530.5
      ],
      [
        -1.714093,
        42.758514,
        537.0
      ],
      [
        -1.714242,
        42.758266,
        538.75
      ],
      [
        -1.714724,
        42.757361,
        545.0
      ],
      [
        -1.714972,
        42.756971,
        547.5
      ],
      [
        -1.715115,
        42.756769,
        549.0
      ],
      [
        -1.715236,
        42.756652,
        550.5
      ],
      [
        -1.715346,
        42.756493,
        551.25
      ],
      [
        -1.71567,
        42.756096,
        553.0
      ],
      [
        -1.715763,
        42.755995,
        553.25
      ],
      [
        -1.716075,
        42.755561,
        554.75
      ],
      [
        -1.71698,
        42.754574,
        563.5
      ],
      [
        -1.71739,
        42.754115,
        570.25
      ],
      [
        -1.717475,
        42.754032,
        571.75
      ],
      [
        -1.717549,
        42.75393,
        573.75
      ],
      [
        -1.717644,
        42.75376,
        576.0
      ],
      [
        -1.717699,
        42.753698,
        577.25
      ],
      [
        -1.717844,
        42.753577,
        580.0
      ],
      [
        -1.718014,
        42.753409,
        583.5
      ],
      [
        -1.718098,
        42.753304,
        585.75
      ],
      [
        -1.71818,
        42.753155,
        588.25
      ],
      [
        -1.718324,
        42.752708,
        595.0
      ],
      [
        -1.718422,
        42.752494,
        598.25
      ],
      [
        -1.718492,
        42.752378,
        600.0
      ],
      [
        -1.718545,
        42.752305,
        601.0
      ],
      [
        -1.718681,
        42.752198,
        603.0
      ],
      [
        -1.719033,
        42.751952,
        606.75
      ],
      [
        -1.719267,
        42.751741,
        607.25
      ],
      [
        -1.7196,
        42.751391,
        604.5
      ],
      [
        -1.719663,
        42.751311,
        603.75
      ],
      [
        -1.719758,
        42.751091,
        603.25
      ],
      [
        -1.719779,
        42.75103,
        602.75
      ],
      [
        -1.719803,
        42.750919,
        602.25
      ],
      [
        -1.719808,
        42.750713,
        601.75
      ],
      [
        -1.719825,
        42.750652,
        601.25
      ],
      [
        -1.719876,
        42.750556,
        600.0
      ],
      [
        -1.719891,
        42.750508,
        599.75
      ],
      [
        -1.71989,
        42.750442,
        599.75
      ],
      [
        -1.719853,
        42.750359,
        600.5
      ],
      [
        -1.719808,
        42.750315,
        601.25
      ],
      [
        -1.719766,
        42.750225,
        602.0
      ],
      [
        -1.719748,
        42.750131,
        602.5
      ],
      [
        -1.719758,
        42.750063,
        602.25
      ],
      [
        -1.719784,
        42.749982,
        602.25
      ],
      [
        -1.719847,
        42.749895,
        602.5
      ],
      [
        -1.719923,
        42.74983,
        602.75
      ],
      [
        -1.720237,
        42.749648,
        604.25
      ],
      [
        -1.720615,
        42.749449,
        606.5
      ],
      [
        -1.721566,
        42.748916,
        616.25
      ],
      [
        -1.72185,
        42.748766,
        619.0
      ],
      [
        -1.722007,
        42.748673,
        620.5
      ],
      [
        -1.722423,
        42.74844,
        622.0
      ],
      [
        -1.72267,
        42.748315,
        621.5
      ],
      [
        -1.722733,
        42.748275,
        621.75
      ],
      [
        -1.722842,
        42.748151,
        622.5
      ],
      [
        -1.723059,
        42.747954,
        624.0
      ],
      [
        -1.723059,
        42.747954,
        624.0
      ],
      [
        -1.722842,
        42.748151,
        622.5
      ],
      [
        -1.722733,
        42.748275,
        621.75
      ],
      [
        -1.722894,
        42.748479,
        619.25
      ],
      [
        -1.72324,
        42.748927,
        614.0
      ],
      [
        -1.723286,
        42.748976,
        613.75
      ],
      [
        -1.723387,
        42.748911,
        613.5
      ],
      [
        -1.723708,
        42.748949,
        610.5
      ],
      [
        -1.723953,
        42.749009,
        607.75
      ],
      [
        -1.726953,
        42.750273,
        575.75
      ],
      [
        -1.728239,
        42.750811,
        565.25
      ],
      [
        -1.730753,
        42.751878,
        552.25
      ],
      [
        -1.731716,
        42.752286,
        547.0
      ],
      [
        -1.731847,
        42.752322,
        546.5
      ],
      [
        -1.731983,
        42.752319,
        546.0
      ],
      [
        -1.732955,
        42.752244,
        543.0
      ],
      [
        -1.733701,
        42.752199,
        540.75
      ],
      [
        -1.734514,
        42.75214,
        538.5
      ],
      [
        -1.734775,
        42.752104,
        538.75
      ],
      [
        -1.735222,
        42.751909,
        539.0
      ],
      [
        -1.735369,
        42.751851,
        539.25
      ],
      [
        -1.735859,
        42.751655,
        539.0
      ],
      [
        -1.736004,
        42.751622,
        539.25
      ],
      [
        -1.736166,
        42.751632,
        540.0
      ],
      [
        -1.736327,
        42.751707,
        543.0
      ],
      [
        -1.736694,
        42.751944,
        539.75
      ],
      [
        -1.736826,
        42.752,
        538.25
      ],
      [
        -1.736988,
        42.752021,
        537.25
      ],
      [
        -1.737383,
        42.751993,
        536.75
      ],
      [
        -1.737549,
        42.752016,
        536.5
      ],
      [
        -1.737745,
        42.752099,
        536.25
      ],
      [
        -1.737885,
        42.752191,
        536.0
      ],
      [
        -1.738811,
        42.75327,
        529.5
      ],
      [
        -1.738883,
        42.753398,
        528.75
      ],
      [
        -1.739632,
        42.755242,
        521.0
      ],
      [
        -1.739734,
        42.755452,
        520.25
      ],
      [
        -1.740574,
        42.755018,
        524.0
      ],
      [
        -1.740837,
        42.754869,
        524.75
      ],
      [
        -1.740936,
        42.754787,
        524.5
      ],
      [
        -1.741062,
        42.75466,
        524.0
      ],
      [
        -1.741144,
        42.754567,
        523.75
      ],
      [
        -1.741339,
        42.754318,
        522.5
      ],
      [
        -1.741947,
        42.753538,
        521.25
      ],
      [
        -1.743487,
        42.751565,
        515.5
      ],
      [
        -1.743703,
        42.751352,
        516.75
      ],
      [
        -1.74382,
        42.751247,
        517.25
      ],
      [
        -1.744042,
        42.751087,
        518.5
      ],
      [
        -1.744431,
        42.750865,
        521.5
      ],
      [
        -1.74478,
        42.750727,
        523.25
      ],
      [
        -1.745154,
        42.750629,
        526.5
      ],
      [
        -1.745457,
        42.750578,
        529.25
      ],
      [
        -1.74621,
        42.750469,
        535.5
      ],
      [
        -1.746576,
        42.750388,
        537.25
      ],
      [
        -1.747,
        42.750237,
        540.0
      ],
      [
        -1.747541,
        42.749972,
        543.25
      ],
      [
        -1.747901,
        42.749773,
        544.0
      ],
      [
        -1.748117,
        42.749641,
        544.75
      ],
      [
        -1.748287,
        42.749509,
        544.75
      ],
      [
        -1.748419,
        42.749395,
        545.5
      ],
      [
        -1.748593,
        42.749184,
        546.0
      ],
      [
        -1.748735,
        42.748933,
        546.5
      ],
      [
        -1.748985,
        42.748348,
        548.75
      ],
      [
        -1.749087,
        42.748171,
        550.25
      ],
      [
        -1.749258,
        42.747962,
        552.0
      ],
      [
        -1.749445,
        42.747818,
        553.25
      ],
      [
        -1.749656,
        42.747684,
        554.0
      ],
      [
        -1.749864,
        42.747589,
        555.0
      ],
      [
        -1.750076,
        42.747522,
        556.75
      ],
      [
        -1.750475,
        42.74746,
        558.75
      ],
      [
        -1.750898,
        42.74745,
        561.75
      ],
      [
        -1.751737,
        42.747515,
        564.25
      ],
      [
        -1.752043,
        42.747582,
        565.25
      ],
      [
        -1.752802,
        42.747818,
        568.75
      ],
      [
        -1.753291,
        42.74796,
        573.5
      ],
      [
        -1.753568,
        42.748017,
        575.25
      ],
      [
        -1.75391,
        42.748039,
        576.5
      ],
      [
        -1.754118,
        42.748045,
        577.75
      ],
      [
        -1.754402,
        42.748024,
        578.5
      ],
      [
        -1.754681,
        42.747984,
        579.5
      ],
      [
        -1.754921,
        42.74793,
        580.0
      ],
      [
        -1.755161,
        42.747849,
        580.5
      ],
      [
        -1.755571,
        42.747663,
        583.0
      ],
      [
        -1.755887,
        42.747451,
        584.0
      ],
      [
        -1.756322,
        42.747099,
        586.25
      ],
      [
        -1.756628,
        42.746817,
        588.5
      ],
      [
        -1.756851,
        42.746498,
        592.0
      ],
      [
        -1.756938,
        42.74624,
        593.5
      ],
      [
        -1.757032,
        42.745649,
        599.0
      ],
      [
        -1.757064,
        42.745483,
        600.75
      ],
      [
        -1.757139,
        42.745267,
        602.5
      ],
      [
        -1.757197,
        42.745153,
        603.5
      ],
      [
        -1.757256,
        42.745067,
        603.75
      ],
      [
        -1.757403,
        42.744888,
        605.25
      ],
      [
        -1.757663,
        42.744668,
        609.5
      ],
      [
        -1.757891,
        42.744528,
        611.0
      ],
      [
        -1.758193,
        42.744329,
        613.75
      ],
      [
        -1.758395,
        42.744168,
        615.75
      ],
      [
        -1.759067,
        42.743501,
        623.25
      ],
      [
        -1.759299,
        42.743321,
        626.0
      ],
      [
        -1.759659,
        42.743132,
        628.0
      ],
      [
        -1.759839,
        42.743064,
        630.0
      ],
      [
        -1.760011,
        42.74301,
        631.75
      ],
      [
        -1.760213,
        42.742965,
        632.5
      ],
      [
        -1.760416,
        42.742938,
        633.5
      ],
      [
        -1.761717,
        42.742851,
        640.0
      ],
      [
        -1.761938,
        42.742818,
        643.0
      ],
      [
        -1.76302,
        42.742584,
        648.75
      ],
      [
        -1.763425,
        42.742478,
        653.75
      ],
      [
        -1.763652,
        42.742396,
        655.5
      ],
      [
        -1.763866,
        42.742284,
        656.0
      ],
      [
        -1.76412,
        42.742126,
        659.0
      ],
      [
        -1.764339,
        42.741973,
        660.0
      ],
      [
        -1.764634,
        42.74175,
        663.0
      ],
      [
        -1.764987,
        42.741442,
        667.75
      ],
      [
        -1.765178,
        42.741147,
        671.0
      ],
      [
        -1.765241,
        42.740934,
        672.0
      ],
      [
        -1.765245,
        42.740723,
        673.0
      ],
      [
        -1.76522,
        42.740411,
        674.0
      ],
      [
        -1.765145,
        42.740045,
        675.5
      ],
      [
        -1.764996,
        42.739135,
        667.75
      ],
      [
        -1.76488,
        42.738562,
        664.0
      ],
      [
        -1.764808,
        42.738279,
        662.25
      ],
      [
        -1.764683,
        42.738,
        658.5
      ],
      [
        -1.764409,
        42.737606,
        654.75
      ],
      [
        -1.76404,
        42.73705,
        650.25
      ],
      [
        -1.763866,
        42.736604,
        644.0
      ],
      [
        -1.763647,
        42.735848,
        638.75
      ],
      [
        -1.763441,
        42.735007,
        633.0
      ],
      [
        -1.763364,
        42.7346,
        627.75
      ],
      [
        -1.763416,
        42.73375,
        618.75
      ],
      [
        -1.763441,
        42.733079,
        611.75
      ],
      [
        -1.763518,
        42.732701,
        608.0
      ],
      [
        -1.76366,
        42.732295,
        603.25
      ],
      [
        -1.763892,
        42.731888,
        599.25
      ],
      [
        -1.764175,
        42.731501,
        594.5
      ],
      [
        -1.764972,
        42.730811,
        586.5
      ],
      [
        -1.765281,
        42.730518,
        583.5
      ],
      [
        -1.765431,
        42.730351,
        580.75
      ],
      [
        -1.765577,
        42.730159,
        578.75
      ],
      [
        -1.76586,
        42.729828,
        576.25
      ],
      [
        -1.76604,
        42.72946,
        573.0
      ],
      [
        -1.766159,
        42.729079,
        570.5
      ],
      [
        -1.766232,
        42.728606,
        567.5
      ],
      [
        -1.766253,
        42.727613,
        558.75
      ],
      [
        -1.766486,
        42.727152,
        556.25
      ],
      [
        -1.766548,
        42.727006,
        554.5
      ],
      [
        -1.766566,
        42.726929,
        553.25
      ],
      [
        -1.76656,
        42.72682,
        552.25
      ],
      [
        -1.766522,
        42.726779,
        552.25
      ],
      [
        -1.766465,
        42.726717,
        552.0
      ],
      [
        -1.766331,
        42.726651,
        552.0
      ],
      [
        -1.766139,
        42.726656,
        552.0
      ],
      [
        -1.765928,
        42.726697,
        551.75
      ],
      [
        -1.765514,
        42.726733,
        550.25
      ],
      [
        -1.764791,
        42.726606,
        549.75
      ],
      [
        -1.764181,
        42.726371,
        548.0
      ],
      [
        -1.764233,
        42.726318,
        547.75
      ],
      [
        -1.764261,
        42.726257,
        547.5
      ],
      [
        -1.764262,
        42.726192,
        547.25
      ],
      [
        -1.764237,
        42.72613,
        547.25
      ],
      [
        -1.764188,
        42.726077,
        547.5
      ],
      [
        -1.764129,
        42.726041,
        547.5
      ],
      [
        -1.76406,
        42.726018,
        547.5
      ],
      [
        -1.763985,
        42.726009,
        547.25
      ],
      [
        -1.763909,
        42.726015,
        547.25
      ],
      [
        -1.763832,
        42.726037,
        547.0
      ],
      [
        -1.763766,
        42.726075,
        546.75
      ],
      [
        -1.763719,
        42.726125,
        546.75
      ],
      [
        -1.763692,
        42.726183,
        547.25
      ],
      [
        -1.763584,
        42.72614,
        546.25
      ],
      [
        -1.763411,
        42.726087,
        546.0
      ],
      [
        -1.763121,
        42.725941,
        546.0
      ],
      [
        -1.762734,
        42.725661,
        545.75
      ],
      [
        -1.762389,
        42.725294,
        543.25
      ],
      [
        -1.762099,
        42.724815,
        540.75
      ],
      [
        -1.76201,
        42.724434,
        541.75
      ],
      [
        -1.762092,
        42.724428,
        541.5
      ],
      [
        -1.762168,
        42.724404,
        541.25
      ],
      [
        -1.762231,
        42.724365,
        541.25
      ],
      [
        -1.762272,
        42.72432,
        541.25
      ],
      [
        -1.762295,
        42.724269,
        541.5
      ],
      [
        -1.7623,
        42.724215,
        541.5
      ],
      [
        -1.762285,
        42.724163,
        541.5
      ],
      [
        -1.76224,
        42.724102,
        541.0
      ],
      [
        -1.76217,
        42.724057,
        540.75
      ],
      [
        -1.762084,
        42.72403,
        541.0
      ],
      [
        -1.76199,
        42.724027,
        541.25
      ],
      [
        -1.762024,
        42.723419,
        537.5
      ],
      [
        -1.762131,
        42.720169,
        514.0
      ],
      [
        -1.762114,
        42.719472,
        509.5
      ],
      [
        -1.762018,
        42.71914,
        507.25
      ],
      [
        -1.759778,
        42.716048,
        485.25
      ],
      [
        -1.759349,
        42.715457,
        480.75
      ],
      [
        -1.75913,
        42.715155,
        478.5
      ],
      [
        -1.759015,
        42.715015,
        478.5
      ],
      [
        -1.75896,
        42.714939,
        479.25
      ],
      [
        -1.758822,
        42.714705,
        480.25
      ],
      [
        -1.75875,
        42.714555,
        480.5
      ],
      [
        -1.758671,
        42.714324,
        480.75
      ],
      [
        -1.758604,
        42.713976,
        481.0
      ],
      [
        -1.75846,
        42.712947,
        484.25
      ],
      [
        -1.758441,
        42.712691,
        485.25
      ],
      [
        -1.75845,
        42.712533,
        485.25
      ],
      [
        -1.758486,
        42.712383,
        486.25
      ],
      [
        -1.75855,
        42.712193,
        486.75
      ],
      [
        -1.758701,
        42.711867,
        486.0
      ],
      [
        -1.758836,
        42.7116,
        485.75
      ],
      [
        -1.758981,
        42.711404,
        485.0
      ],
      [
        -1.759368,
        42.710972,
        489.75
      ],
      [
        -1.759445,
        42.710845,
        491.5
      ],
      [
        -1.759503,
        42.710715,
        492.25
      ],
      [
        -1.759524,
        42.710466,
        493.5
      ],
      [
        -1.759498,
        42.7101,
        493.0
      ],
      [
        -1.759501,
        42.710049,
        492.75
      ],
      [
        -1.759527,
        42.709993,
        492.5
      ],
      [
        -1.75948,
        42.710021,
        492.75
      ],
      [
        -1.759188,
        42.709788,
        493.75
      ],
      [
        -1.759006,
        42.709735,
        494.5
      ],
      [
        -1.758102,
        42.709655,
        496.75
      ],
      [
        -1.757753,
        42.709644,
        497.5
      ],
      [
        -1.757422,
        42.709642,
        497.75
      ],
      [
        -1.755712,
        42.709632,
        496.25
      ],
      [
        -1.755354,
        42.709642,
        495.25
      ],
      [
        -1.7546,
        42.70976,
        492.25
      ],
      [
        -1.753428,
        42.709926,
        493.0
      ],
      [
        -1.752525,
        42.710193,
        491.25
      ],
      [
        -1.752117,
        42.71031,
        493.75
      ],
      [
        -1.751926,
        42.71033,
        495.25
      ],
      [
        -1.751723,
        42.710335,
        497.75
      ],
      [
        -1.751345,
        42.710326,
        500.5
      ],
      [
        -1.75089,
        42.710276,
        504.25
      ],
      [
        -1.750667,
        42.710241,
        504.75
      ],
      [
        -1.750379,
        42.710178,
        505.25
      ],
      [
        -1.749775,
        42.710017,
        506.75
      ],
      [
        -1.749014,
        42.709833,
        507.5
      ],
      [
        -1.748876,
        42.709785,
        507.25
      ],
      [
        -1.748773,
        42.709742,
        507.0
      ],
      [
        -1.748134,
        42.70937,
        504.5
      ],
      [
        -1.747894,
        42.709207,
        505.25
      ],
      [
        -1.747786,
        42.709121,
        505.75
      ],
      [
        -1.747705,
        42.709027,
        506.5
      ],
      [
        -1.74765,
        42.708886,
        507.25
      ],
      [
        -1.747619,
        42.708428,
        510.75
      ],
      [
        -1.747582,
        42.708268,
        512.5
      ],
      [
        -1.747512,
        42.70814,
        514.0
      ],
      [
        -1.747358,
        42.707941,
        517.25
      ],
      [
        -1.74733,
        42.707848,
        517.5
      ],
      [
        -1.74733,
        42.707808,
        517.5
      ],
      [
        -1.747341,
        42.70761,
        516.5
      ],
      [
        -1.747531,
        42.706321,
        510.5
      ],
      [
        -1.747584,
        42.706167,
        509.75
      ],
      [
        -1.747852,
        42.705795,
        506.25
      ],
      [
        -1.747763,
        42.705453,
        506.0
      ],
      [
        -1.747648,
        42.70493,
        508.25
      ],
      [
        -1.747654,
        42.704748,
        509.5
      ],
      [
        -1.747696,
        42.704616,
        510.5
      ],
      [
        -1.747795,
        42.704367,
        513.0
      ],
      [
        -1.747845,
        42.704146,
        515.75
      ],
      [
        -1.748508,
        42.704095,
        512.75
      ],
      [
        -1.748777,
        42.704054,
        510.25
      ],
      [
        -1.74893,
        42.703985,
        509.75
      ],
      [
        -1.749019,
        42.703875,
        511.25
      ],
      [
        -1.749057,
        42.703581,
        509.75
      ],
      [
        -1.749055,
        42.703378,
        510.25
      ],
      [
        -1.749019,
        42.703327,
        510.25
      ],
      [
        -1.748922,
        42.703244,
        510.0
      ],
      [
        -1.748828,
        42.70321,
        510.0
      ],
      [
        -1.748768,
        42.703163,
        510.0
      ],
      [
        -1.748689,
        42.703066,
        509.75
      ],
      [
        -1.748689,
        42.702988,
        509.5
      ],
      [
        -1.748818,
        42.702799,
        508.5
      ],
      [
        -1.748918,
        42.70267,
        507.5
      ],
      [
        -1.749017,
        42.702521,
        507.25
      ],
      [
        -1.749185,
        42.702164,
        505.75
      ],
      [
        -1.749215,
        42.702047,
        505.25
      ],
      [
        -1.749228,
        42.701871,
        505.25
      ],
      [
        -1.749256,
        42.701756,
        505.25
      ],
      [
        -1.749378,
        42.701587,
        505.0
      ],
      [
        -1.749553,
        42.701435,
        504.25
      ],
      [
        -1.749648,
        42.701308,
        503.75
      ],
      [
        -1.749783,
        42.701196,
        503.0
      ],
      [
        -1.749885,
        42.701079,
        502.75
      ],
      [
        -1.749933,
        42.700996,
        502.5
      ],
      [
        -1.750339,
        42.700798,
        500.5
      ],
      [
        -1.750622,
        42.700695,
        499.5
      ],
      [
        -1.750732,
        42.700616,
        499.0
      ],
      [
        -1.750836,
        42.700489,
        498.5
      ],
      [
        -1.751435,
        42.699927,
        494.0
      ],
      [
        -1.751697,
        42.699722,
        493.5
      ],
      [
        -1.751863,
        42.69962,
        492.0
      ],
      [
        -1.751946,
        42.699561,
        491.5
      ],
      [
        -1.752229,
        42.699412,
        491.75
      ],
      [
        -1.752351,
        42.699336,
        490.75
      ],
      [
        -1.752464,
        42.699226,
        490.5
      ],
      [
        -1.752543,
        42.699096,
        490.25
      ],
      [
        -1.752646,
        42.699055,
        489.75
      ],
      [
        -1.752713,
        42.699109,
        489.25
      ],
      [
        -1.752751,
        42.699168,
        489.0
      ],
      [
        -1.752749,
        42.699243,
        487.5
      ],
      [
        -1.752765,
        42.699314,
        486.0
      ],
      [
        -1.7528,
        42.699362,
        484.5
      ],
      [
        -1.752864,
        42.699361,
        483.75
      ],
      [
        -1.752967,
        42.699377,
        482.0
      ],
      [
        -1.753052,
        42.699371,
        481.25
      ],
      [
        -1.753112,
        42.699332,
        481.5
      ],
      [
        -1.753296,
        42.699017,
        486.0
      ],
      [
        -1.75331,
        42.698942,
        487.0
      ],
      [
        -1.753484,
        42.698826,
        486.25
      ],
      [
        -1.753647,
        42.698664,
        485.5
      ],
      [
        -1.753806,
        42.698462,
        485.25
      ],
      [
        -1.753845,
        42.698352,
        485.0
      ],
      [
        -1.753869,
        42.698198,
        485.0
      ],
      [
        -1.753974,
        42.697832,
        483.0
      ],
      [
        -1.754059,
        42.697717,
        482.0
      ],
      [
        -1.75446,
        42.6975,
        480.75
      ],
      [
        -1.754541,
        42.697418,
        480.25
      ],
      [
        -1.754573,
        42.697325,
        480.25
      ],
      [
        -1.754559,
        42.697258,
        480.5
      ],
      [
        -1.754547,
        42.697127,
        480.25
      ],
      [
        -1.754649,
        42.696981,
        479.25
      ],
      [
        -1.75471,
        42.696838,
        478.5
      ],
      [
        -1.754799,
        42.696573,
        477.25
      ],
      [
        -1.754862,
        42.696531,
        477.25
      ],
      [
        -1.754916,
        42.69653,
        477.0
      ],
      [
        -1.754949,
        42.696575,
        477.0
      ],
      [
        -1.755008,
        42.696615,
        476.75
      ],
      [
        -1.755058,
        42.696613,
        475.5
      ],
      [
        -1.755111,
        42.696595,
        474.5
      ],
      [
        -1.75521,
        42.696557,
        473.0
      ],
      [
        -1.755275,
        42.69652,
        472.5
      ],
      [
        -1.755356,
        42.696439,
        471.75
      ],
      [
        -1.755498,
        42.696248,
        469.0
      ],
      [
        -1.755575,
        42.696094,
        468.25
      ],
      [
        -1.755651,
        42.695901,
        464.25
      ],
      [
        -1.755809,
        42.695726,
        462.5
      ],
      [
        -1.756112,
        42.695584,
        455.75
      ],
      [
        -1.756284,
        42.695495,
        453.75
      ],
      [
        -1.756431,
        42.69545,
        452.0
      ],
      [
        -1.756611,
        42.695463,
        449.75
      ],
      [
        -1.756804,
        42.695495,
        448.0
      ],
      [
        -1.757126,
        42.69558,
        446.5
      ],
      [
        -1.757356,
        42.695639,
        446.25
      ],
      [
        -1.757649,
        42.695597,
        445.75
      ],
      [
        -1.757925,
        42.695495,
        444.5
      ],
      [
        -1.758263,
        42.695317,
        441.25
      ],
      [
        -1.758998,
        42.695008,
        438.5
      ],
      [
        -1.759161,
        42.69497,
        438.0
      ],
      [
        -1.759618,
        42.694864,
        437.0
      ],
      [
        -1.759824,
        42.694801,
        436.5
      ],
      [
        -1.760221,
        42.694661,
        436.25
      ],
      [
        -1.760398,
        42.694495,
        435.25
      ],
      [
        -1.760513,
        42.694184,
        435.75
      ],
      [
        -1.760559,
        42.694007,
        436.0
      ],
      [
        -1.760659,
        42.693689,
        437.75
      ],
      [
        -1.760715,
        42.693694,
        438.25
      ],
      [
        -1.761017,
        42.693655,
        440.25
      ],
      [
        -1.761343,
        42.693566,
        440.25
      ],
      [
        -1.76179,
        42.693305,
        439.25
      ],
      [
        -1.762082,
        42.69319,
        439.0
      ],
      [
        -1.762418,
        42.69312,
        436.5
      ],
      [
        -1.76269,
        42.693158,
        433.25
      ],
      [
        -1.763003,
        42.693238,
        431.75
      ],
      [
        -1.763089,
        42.693244,
        431.75
      ],
      [
        -1.763187,
        42.693219,
        432.0
      ],
      [
        -1.763464,
        42.693037,
        432.25
      ],
      [
        -1.764218,
        42.69269,
        432.75
      ],
      [
        -1.764422,
        42.692547,
        431.5
      ],
      [
        -1.76467,
        42.692289,
        431.25
      ],
      [
        -1.764923,
        42.6921,
        432.25
      ],
      [
        -1.765123,
        42.691874,
        433.5
      ],
      [
        -1.765317,
        42.691574,
        433.75
      ],
      [
        -1.765531,
        42.691317,
        435.5
      ],
      [
        -1.765823,
        42.691174,
        437.75
      ],
      [
        -1.766226,
        42.690973,
        437.5
      ],
      [
        -1.766715,
        42.690667,
        437.25
      ],
      [
        -1.767194,
        42.690337,
        436.5
      ],
      [
        -1.767382,
        42.69026,
        437.25
      ],
      [
        -1.767568,
        42.690213,
        438.25
      ],
      [
        -1.767715,
        42.690202,
        438.5
      ],
      [
        -1.768131,
        42.690197,
        439.25
      ],
      [
        -1.768277,
        42.690172,
        439.5
      ],
      [
        -1.768392,
        42.690128,
        440.25
      ],
      [
        -1.768478,
        42.690081,
        441.25
      ],
      [
        -1.768554,
        42.69001,
        442.0
      ],
      [
        -1.768723,
        42.689819,
        442.75
      ],
      [
        -1.768753,
        42.689798,
        442.75
      ],
      [
        -1.768824,
        42.689749,
        442.75
      ],
      [
        -1.76892,
        42.689715,
        443.0
      ],
      [
        -1.768982,
        42.689711,
        443.25
      ],
      [
        -1.769045,
        42.689707,
        443.5
      ],
      [
        -1.769325,
        42.689709,
        443.25
      ],
      [
        -1.769408,
        42.68952,
        443.0
      ],
      [
        -1.769482,
        42.689383,
        443.0
      ],
      [
        -1.7695,
        42.689353,
        443.0
      ],
      [
        -1.769529,
        42.68925,
        443.0
      ],
      [
        -1.769617,
        42.688907,
        441.25
      ],
      [
        -1.76983,
        42.688579,
        440.75
      ],
      [
        -1.769921,
        42.688488,
        440.5
      ],
      [
        -1.770091,
        42.688136,
        440.0
      ],
      [
        -1.770103,
        42.688095,
        440.0
      ],
      [
        -1.769823,
        42.688025,
        439.75
      ],
      [
        -1.769755,
        42.68801,
        439.75
      ],
      [
        -1.769709,
        42.687999,
        439.75
      ],
      [
        -1.769518,
        42.68795,
        439.5
      ],
      [
        -1.769408,
        42.687849,
        438.5
      ],
      [
        -1.769073,
        42.687506,
        432.75
      ],
      [
        -1.768321,
        42.686826,
        422.25
      ],
      [
        -1.768197,
        42.686731,
        420.5
      ],
      [
        -1.767781,
        42.686497,
        416.25
      ],
      [
        -1.76759,
        42.686371,
        415.75
      ],
      [
        -1.767476,
        42.686245,
        414.25
      ],
      [
        -1.767369,
        42.686052,
        412.25
      ],
      [
        -1.767264,
        42.685856,
        410.25
      ],
      [
        -1.767147,
        42.685695,
        409.0
      ],
      [
        -1.766457,
        42.684643,
        402.5
      ],
      [
        -1.766181,
        42.684192,
        400.75
      ],
      [
        -1.765958,
        42.683895,
        399.5
      ],
      [
        -1.765872,
        42.683817,
        399.0
      ],
      [
        -1.765767,
        42.683724,
        399.0
      ],
      [
        -1.765452,
        42.683475,
        399.0
      ],
      [
        -1.765224,
        42.683312,
        399.0
      ],
      [
        -1.765106,
        42.683205,
        399.0
      ],
      [
        -1.765256,
        42.683025,
        398.0
      ],
      [
        -1.767085,
        42.680395,
        391.0
      ],
      [
        -1.767269,
        42.680134,
        390.25
      ],
      [
        -1.767592,
        42.679557,
        388.75
      ],
      [
        -1.767899,
        42.678936,
        387.5
      ],
      [
        -1.76879,
        42.677199,
        384.75
      ],
      [
        -1.768946,
        42.676999,
        385.0
      ],
      [
        -1.769093,
        42.676949,
        385.0
      ],
      [
        -1.76929,
        42.676861,
        385.25
      ],
      [
        -1.769379,
        42.676797,
        385.5
      ],
      [
        -1.769443,
        42.676727,
        385.75
      ],
      [
        -1.769518,
        42.676621,
        385.5
      ],
      [
        -1.769543,
        42.676519,
        385.25
      ],
      [
        -1.769585,
        42.676455,
        385.25
      ],
      [
        -1.769652,
        42.676399,
        385.0
      ],
      [
        -1.76992,
        42.676236,
        383.75
      ],
      [
        -1.770197,
        42.676187,
        383.0
      ],
      [
        -1.771557,
        42.676188,
        382.25
      ],
      [
        -1.7743,
        42.676204,
        380.25
      ],
      [
        -1.780329,
        42.676223,
        378.0
      ],
      [
        -1.781875,
        42.676238,
        377.25
      ],
      [
        -1.782021,
        42.676237,
        377.25
      ],
      [
        -1.782134,
        42.676235,
        377.0
      ],
      [
        -1.783341,
        42.676233,
        375.75
      ],
      [
        -1.78433,
        42.676262,
        375.25
      ],
      [
        -1.784535,
        42.676273,
        375.75
      ],
      [
        -1.784648,
        42.676311,
        376.25
      ],
      [
        -1.784785,
        42.676372,
        376.5
      ],
      [
        -1.784852,
        42.676409,
        376.5
      ],
      [
        -1.784938,
        42.676481,
        376.75
      ],
      [
        -1.785,
        42.676593,
        377.25
      ],
      [
        -1.785055,
        42.676628,
        377.75
      ],
      [
        -1.784954,
        42.676702,
        378.5
      ],
      [
        -1.784892,
        42.676834,
        380.75
      ],
      [
        -1.7846,
        42.67721,
        388.75
      ],
      [
        -1.78444,
        42.677449,
        392.0
      ],
      [
        -1.784359,
        42.67758,
        393.25
      ],
      [
        -1.78423,
        42.67778,
        396.5
      ],
      [
        -1.784175,
        42.677868,
        398.25
      ],
      [
        -1.784115,
        42.678021,
        401.5
      ],
      [
        -1.784092,
        42.678126,
        403.25
      ],
      [
        -1.784091,
        42.67819,
        404.5
      ],
      [
        -1.784149,
        42.678352,
        407.25
      ],
      [
        -1.784185,
        42.678498,
        408.75
      ],
      [
        -1.784195,
        42.678583,
        409.75
      ],
      [
        -1.784212,
        42.678635,
        410.25
      ],
      [
        -1.784289,
        42.67869,
        410.75
      ],
      [
        -1.78437,
        42.678749,
        411.25
      ],
      [
        -1.784477,
        42.678891,
        412.0
      ],
      [
        -1.784575,
        42.679159,
        412.75
      ],
      [
        -1.784639,
        42.679335,
        413.0
      ],
      [
        -1.78469,
        42.679383,
        413.0
      ],
      [
        -1.784792,
        42.679421,
        413.0
      ],
      [
        -1.784844,
        42.679631,
        413.0
      ],
      [
        -1.784853,
        42.679668,
        413.0
      ],
      [
        -1.784985,
        42.680029,
        413.0
      ],
      [
        -1.784995,
        42.680106,
        413.0
      ],
      [
        -1.784863,
        42.680341,
        413.5
      ],
      [
        -1.784705,
        42.680615,
        414.0
      ],
      [
        -1.784602,
        42.680807,
        414.25
      ],
      [
        -1.784462,
        42.681041,
        414.75
      ],
      [
        -1.784273,
        42.681356,
        415.0
      ],
      [
        -1.7842,
        42.681333,
        415.0
      ],
      [
        -1.783994,
        42.68129,
        415.75
      ],
      [
        -1.783963,
        42.68137,
        415.75
      ],
      [
        -1.783797,
        42.68193,
        416.75
      ],
      [
        -1.783768,
        42.682164,
        416.5
      ],
      [
        -1.783698,
        42.682474,
        416.0
      ],
      [
        -1.783637,
        42.682733,
        415.75
      ],
      [
        -1.783476,
        42.683272,
        415.25
      ],
      [
        -1.783436,
        42.683358,
        409.75
      ],
      [
        -1.783476,
        42.683272,
        415.25
      ],
      [
        -1.783637,
        42.682733,
        415.75
      ],
      [
        -1.783698,
        42.682474,
        416.0
      ],
      [
        -1.783768,
        42.682164,
        416.5
      ],
      [
        -1.783797,
        42.68193,
        416.75
      ],
      [
        -1.783963,
        42.68137,
        415.75
      ],
      [
        -1.783994,
        42.68129,
        415.75
      ],
      [
        -1.7842,
        42.681333,
        415.0
      ],
      [
        -1.784273,
        42.681356,
        415.0
      ],
      [
        -1.784607,
        42.681505,
        415.0
      ],
      [
        -1.784925,
        42.681593,
        414.25
      ],
      [
        -1.785136,
        42.681603,
        414.0
      ],
      [
        -1.785212,
        42.68159,
        414.0
      ],
      [
        -1.785258,
        42.681581,
        414.0
      ],
      [
        -1.785638,
        42.681506,
        413.25
      ],
      [
        -1.785726,
        42.681493,
        413.0
      ],
      [
        -1.785883,
        42.681483,
        412.75
      ],
      [
        -1.786621,
        42.681495,
        412.0
      ],
      [
        -1.786694,
        42.681496,
        411.75
      ],
      [
        -1.786679,
        42.681321,
        411.5
      ],
      [
        -1.786667,
        42.681189,
        411.25
      ],
      [
        -1.786636,
        42.680944,
        411.0
      ],
      [
        -1.786626,
        42.680861,
        411.0
      ],
      [
        -1.786598,
        42.680553,
        411.0
      ],
      [
        -1.786584,
        42.680426,
        411.25
      ],
      [
        -1.786592,
        42.680219,
        411.25
      ],
      [
        -1.786594,
        42.680154,
        411.25
      ],
      [
        -1.786661,
        42.679995,
        411.0
      ],
      [
        -1.786669,
        42.679976,
        410.75
      ],
      [
        -1.786808,
        42.679641,
        410.5
      ],
      [
        -1.78683,
        42.679571,
        410.5
      ],
      [
        -1.786904,
        42.679342,
        410.5
      ],
      [
        -1.787049,
        42.679127,
        409.5
      ],
      [
        -1.787097,
        42.679047,
        409.25
      ],
      [
        -1.787264,
        42.678923,
        408.75
      ],
      [
        -1.787489,
        42.678845,
        407.5
      ],
      [
        -1.78769,
        42.678776,
        406.25
      ],
      [
        -1.787963,
        42.678699,
        404.5
      ],
      [
        -1.788088,
        42.678687,
        404.0
      ],
      [
        -1.788193,
        42.678696,
        403.75
      ],
      [
        -1.788408,
        42.678734,
        403.75
      ],
      [
        -1.788474,
        42.67873,
        403.25
      ],
      [
        -1.788558,
        42.678715,
        402.75
      ],
      [
        -1.788617,
        42.678665,
        401.25
      ],
      [
        -1.788775,
        42.678619,
        400.0
      ],
      [
        -1.788947,
        42.678601,
        399.5
      ],
      [
        -1.78899,
        42.678596,
        399.25
      ],
      [
        -1.789116,
        42.678597,
        398.75
      ],
      [
        -1.789569,
        42.678664,
        397.25
      ],
      [
        -1.789945,
        42.678694,
        396.5
      ],
      [
        -1.790494,
        42.678718,
        394.25
      ],
      [
        -1.791117,
        42.67869,
        390.75
      ],
      [
        -1.791402,
        42.678659,
        389.5
      ],
      [
        -1.791673,
        42.678604,
        387.75
      ],
      [
        -1.791801,
        42.678569,
        389.0
      ],
      [
        -1.792026,
        42.678496,
        390.0
      ],
      [
        -1.792265,
        42.678389,
        388.75
      ],
      [
        -1.792642,
        42.678221,
        385.75
      ],
      [
        -1.793126,
        42.678023,
        382.25
      ],
      [
        -1.793656,
        42.677897,
        379.0
      ],
      [
        -1.794191,
        42.677816,
        375.25
      ],
      [
        -1.794631,
        42.677764,
        372.5
      ],
      [
        -1.795147,
        42.677681,
        370.0
      ],
      [
        -1.795705,
        42.677586,
        367.5
      ],
      [
        -1.795719,
        42.677481,
        366.0
      ],
      [
        -1.795759,
        42.677428,
        365.25
      ],
      [
        -1.795813,
        42.677377,
        364.5
      ],
      [
        -1.795912,
        42.677323,
        364.0
      ],
      [
        -1.796033,
        42.677292,
        363.75
      ],
      [
        -1.796224,
        42.677261,
        363.25
      ],
      [
        -1.796645,
        42.677212,
        362.75
      ],
      [
        -1.799547,
        42.677219,
        357.0
      ],
      [
        -1.801385,
        42.677227,
        357.0
      ],
      [
        -1.80173,
        42.677232,
        357.0
      ],
      [
        -1.801775,
        42.677232,
        357.0
      ],
      [
        -1.801955,
        42.677235,
        357.0
      ],
      [
        -1.802302,
        42.677239,
        357.0
      ],
      [
        -1.802486,
        42.677251,
        357.0
      ],
      [
        -1.802592,
        42.677257,
        356.75
      ],
      [
        -1.802861,
        42.677286,
        356.5
      ],
      [
        -1.802952,
        42.677263,
        356.25
      ],
      [
        -1.803034,
        42.677257,
        356.25
      ],
      [
        -1.804035,
        42.67726,
        355.0
      ],
      [
        -1.80415,
        42.677255,
        355.0
      ],
      [
        -1.804275,
        42.677237,
        355.0
      ],
      [
        -1.804381,
        42.677197,
        354.75
      ],
      [
        -1.804476,
        42.677152,
        354.75
      ],
      [
        -1.805442,
        42.676681,
        353.5
      ],
      [
        -1.805659,
        42.676568,
        353.0
      ],
      [
        -1.80575,
        42.67654,
        353.25
      ],
      [
        -1.805826,
        42.67652,
        353.75
      ],
      [
        -1.80593,
        42.676511,
        354.0
      ],
      [
        -1.805985,
        42.676509,
        354.0
      ],
      [
        -1.806053,
        42.676518,
        354.0
      ],
      [
        -1.806074,
        42.676466,
        354.0
      ],
      [
        -1.80613,
        42.676415,
        354.0
      ],
      [
        -1.806209,
        42.676405,
        354.25
      ],
      [
        -1.806288,
        42.676409,
        354.5
      ],
      [
        -1.806382,
        42.676405,
        355.0
      ],
      [
        -1.806464,
        42.676392,
        355.0
      ],
      [
        -1.806551,
        42.676366,
        354.75
      ],
      [
        -1.806617,
        42.676323,
        354.75
      ],
      [
        -1.806809,
        42.676118,
        354.0
      ],
      [
        -1.807194,
        42.675709,
        352.75
      ],
      [
        -1.807449,
        42.675568,
        353.0
      ],
      [
        -1.807545,
        42.675527,
        352.75
      ],
      [
        -1.807597,
        42.675505,
        352.75
      ],
      [
        -1.807772,
        42.675451,
        352.75
      ],
      [
        -1.807921,
        42.675354,
        352.5
      ],
      [
        -1.80809,
        42.675228,
        352.75
      ],
      [
        -1.808984,
        42.674612,
        351.5
      ],
      [
        -1.809078,
        42.674545,
        351.75
      ],
      [
        -1.809166,
        42.674482,
        351.75
      ],
      [
        -1.809793,
        42.674038,
        352.0
      ],
      [
        -1.81009,
        42.673847,
        352.25
      ],
      [
        -1.810247,
        42.673775,
        352.75
      ],
      [
        -1.810331,
        42.673747,
        353.0
      ],
      [
        -1.810495,
        42.673711,
        353.0
      ],
      [
        -1.812055,
        42.673465,
        349.0
      ],
      [
        -1.812728,
        42.673355,
        348.75
      ],
      [
        -1.812833,
        42.673325,
        348.75
      ],
      [
        -1.812908,
        42.67328,
        348.25
      ],
      [
        -1.812957,
        42.673215,
        348.0
      ],
      [
        -1.812971,
        42.673152,
        347.75
      ],
      [
        -1.812972,
        42.673084,
        347.75
      ],
      [
        -1.812962,
        42.673,
        347.5
      ],
      [
        -1.812812,
        42.672452,
        347.0
      ],
      [
        -1.812856,
        42.672443,
        347.0
      ],
      [
        -1.813197,
        42.67237,
        346.75
      ],
      [
        -1.813887,
        42.672233,
        346.0
      ],
      [
        -1.814482,
        42.672132,
        345.75
      ],
      [
        -1.814521,
        42.672125,
        345.75
      ],
      [
        -1.815011,
        42.672039,
        345.0
      ],
      [
        -1.815444,
        42.671963,
        345.0
      ],
      [
        -1.815566,
        42.671936,
        344.75
      ],
      [
        -1.815681,
        42.671913,
        344.75
      ],
      [
        -1.8157,
        42.67191,
        344.75
      ],
      [
        -1.815927,
        42.671863,
        344.5
      ],
      [
        -1.816531,
        42.671731,
        344.0
      ],
      [
        -1.817983,
        42.671484,
        343.0
      ],
      [
        -1.818052,
        42.671451,
        343.0
      ],
      [
        -1.818225,
        42.67137,
        339.0
      ],
      [
        -1.819365,
        42.670874,
        341.75
      ],
      [
        -1.81941,
        42.670845,
        343.0
      ],
      [
        -1.819468,
        42.670808,
        344.25
      ],
      [
        -1.819348,
        42.670618,
        342.5
      ],
      [
        -1.819311,
        42.670523,
        342.75
      ],
      [
        -1.819264,
        42.67026,
        344.0
      ],
      [
        -1.819268,
        42.670122,
        344.25
      ],
      [
        -1.819256,
        42.66994,
        344.0
      ],
      [
        -1.819224,
        42.669821,
        343.25
      ],
      [
        -1.819192,
        42.669783,
        343.0
      ],
      [
        -1.819168,
        42.66977,
        343.0
      ],
      [
        -1.819121,
        42.669744,
        342.5
      ],
      [
        -1.819124,
        42.669681,
        342.5
      ],
      [
        -1.819353,
        42.669429,
        341.75
      ],
      [
        -1.819506,
        42.669273,
        342.0
      ],
      [
        -1.819556,
        42.669231,
        342.0
      ],
      [
        -1.819626,
        42.6692,
        342.0
      ],
      [
        -1.820868,
        42.668805,
        343.25
      ],
      [
        -1.821206,
        42.668706,
        342.75
      ],
      [
        -1.821714,
        42.668516,
        343.0
      ],
      [
        -1.822035,
        42.6684,
        342.75
      ],
      [
        -1.822203,
        42.66835,
        343.0
      ],
      [
        -1.822362,
        42.668313,
        342.75
      ],
      [
        -1.822469,
        42.668297,
        342.5
      ],
      [
        -1.822482,
        42.668295,
        342.5
      ],
      [
        -1.822525,
        42.66824,
        342.25
      ],
      [
        -1.822668,
        42.668192,
        342.25
      ],
      [
        -1.823757,
        42.667929,
        342.25
      ],
      [
        -1.824173,
        42.667817,
        341.5
      ],
      [
        -1.824791,
        42.667595,
        341.0
      ],
      [
        -1.825111,
        42.66747,
        341.0
      ],
      [
        -1.825859,
        42.667213,
        340.0
      ],
      [
        -1.826376,
        42.667027,
        339.0
      ],
      [
        -1.826484,
        42.666974,
        340.25
      ],
      [
        -1.826544,
        42.666898,
        340.5
      ],
      [
        -1.826598,
        42.666839,
        340.25
      ],
      [
        -1.826679,
        42.66679,
        340.0
      ],
      [
        -1.82679,
        42.666734,
        339.0
      ],
      [
        -1.8269,
        42.666726,
        339.0
      ],
      [
        -1.826993,
        42.66673,
        339.0
      ],
      [
        -1.82714,
        42.666752,
        339.25
      ],
      [
        -1.827195,
        42.666751,
        339.0
      ],
      [
        -1.827291,
        42.666728,
        338.75
      ],
      [
        -1.828386,
        42.66648,
        338.25
      ],
      [
        -1.828873,
        42.666338,
        339.0
      ],
      [
        -1.829009,
        42.666292,
        339.0
      ],
      [
        -1.829121,
        42.666243,
        338.5
      ],
      [
        -1.829543,
        42.665988,
        337.75
      ],
      [
        -1.829721,
        42.665893,
        337.0
      ],
      [
        -1.829827,
        42.665846,
        337.25
      ],
      [
        -1.830418,
        42.665696,
        339.5
      ],
      [
        -1.830866,
        42.665612,
        339.75
      ],
      [
        -1.831266,
        42.665517,
        338.25
      ],
      [
        -1.831472,
        42.665437,
        337.75
      ],
      [
        -1.831889,
        42.665258,
        337.75
      ],
      [
        -1.832834,
        42.664886,
        338.25
      ],
      [
        -1.833186,
        42.664723,
        338.25
      ],
      [
        -1.833537,
        42.66455,
        338.5
      ],
      [
        -1.833927,
        42.664384,
        338.25
      ],
      [
        -1.834035,
        42.664353,
        338.75
      ],
      [
        -1.834234,
        42.664327,
        340.25
      ],
      [
        -1.834434,
        42.66432,
        341.25
      ],
      [
        -1.834838,
        42.664276,
        341.25
      ],
      [
        -1.835698,
        42.664134,
        342.25
      ],
      [
        -1.83636,
        42.664054,
        343.25
      ],
      [
        -1.837157,
        42.664015,
        343.5
      ],
      [
        -1.837366,
        42.663994,
        343.75
      ],
      [
        -1.837545,
        42.663975,
        344.25
      ],
      [
        -1.837687,
        42.663934,
        344.75
      ],
      [
        -1.838366,
        42.663692,
        345.0
      ],
      [
        -1.838488,
        42.66366,
        345.0
      ],
      [
        -1.838853,
        42.663607,
        345.75
      ],
      [
        -1.839233,
        42.663569,
        347.25
      ],
      [
        -1.839781,
        42.66355,
        350.25
      ],
      [
        -1.839938,
        42.663521,
        350.5
      ],
      [
        -1.839984,
        42.663498,
        350.25
      ],
      [
        -1.840255,
        42.663285,
        348.75
      ],
      [
        -1.840548,
        42.663078,
        345.25
      ],
      [
        -1.840835,
        42.662862,
        344.5
      ],
      [
        -1.841039,
        42.662717,
        344.25
      ],
      [
        -1.841221,
        42.662602,
        344.0
      ],
      [
        -1.841294,
        42.662536,
        343.75
      ],
      [
        -1.841449,
        42.662325,
        344.5
      ],
      [
        -1.841499,
        42.662278,
        344.75
      ],
      [
        -1.841564,
        42.662232,
        344.5
      ],
      [
        -1.841773,
        42.662115,
        343.25
      ],
      [
        -1.842102,
        42.661969,
        341.25
      ],
      [
        -1.84238,
        42.661864,
        340.25
      ],
      [
        -1.842738,
        42.661769,
        341.5
      ],
      [
        -1.842898,
        42.661736,
        341.25
      ],
      [
        -1.843232,
        42.6617,
        342.0
      ],
      [
        -1.843518,
        42.661653,
        342.25
      ],
      [
        -1.843676,
        42.661621,
        342.5
      ],
      [
        -1.84383,
        42.661575,
        342.75
      ],
      [
        -1.844216,
        42.661456,
        342.5
      ],
      [
        -1.844537,
        42.661339,
        342.0
      ],
      [
        -1.844638,
        42.661312,
        342.25
      ],
      [
        -1.844719,
        42.661303,
        342.75
      ],
      [
        -1.844828,
        42.661316,
        341.75
      ],
      [
        -1.845035,
        42.661382,
        339.5
      ],
      [
        -1.845177,
        42.661406,
        339.0
      ],
      [
        -1.845259,
        42.661448,
        339.25
      ],
      [
        -1.845419,
        42.661517,
        340.5
      ],
      [
        -1.845543,
        42.66161,
        341.25
      ],
      [
        -1.845702,
        42.661769,
        346.75
      ],
      [
        -1.846025,
        42.662069,
        353.0
      ],
      [
        -1.846144,
        42.66216,
        354.25
      ],
      [
        -1.846175,
        42.662202,
        354.5
      ],
      [
        -1.846199,
        42.66226,
        354.5
      ],
      [
        -1.846207,
        42.662324,
        354.25
      ],
      [
        -1.846221,
        42.662363,
        354.5
      ],
      [
        -1.846246,
        42.662399,
        354.75
      ],
      [
        -1.846316,
        42.662468,
        355.25
      ],
      [
        -1.846649,
        42.662729,
        359.5
      ],
      [
        -1.846692,
        42.662776,
        359.75
      ],
      [
        -1.846713,
        42.662819,
        360.5
      ],
      [
        -1.846775,
        42.663014,
        362.75
      ],
      [
        -1.846869,
        42.663219,
        364.25
      ],
      [
        -1.847098,
        42.663589,
        368.75
      ],
      [
        -1.847105,
        42.663624,
        369.0
      ],
      [
        -1.847094,
        42.663748,
        370.25
      ],
      [
        -1.84715,
        42.663914,
        372.75
      ],
      [
        -1.847185,
        42.663972,
        372.25
      ],
      [
        -1.847233,
        42.664027,
        371.75
      ],
      [
        -1.84741,
        42.664189,
        375.0
      ],
      [
        -1.847562,
        42.664356,
        377.75
      ],
      [
        -1.847806,
        42.664581,
        380.75
      ],
      [
        -1.847931,
        42.664708,
        382.25
      ],
      [
        -1.848072,
        42.664882,
        385.25
      ],
      [
        -1.848173,
        42.665041,
        387.25
      ],
      [
        -1.848232,
        42.665109,
        388.25
      ],
      [
        -1.848296,
        42.665169,
        389.0
      ],
      [
        -1.848483,
        42.66529,
        390.5
      ],
      [
        -1.848597,
        42.665372,
        393.0
      ],
      [
        -1.848746,
        42.665601,
        397.25
      ],
      [
        -1.848841,
        42.665685,
        397.75
      ],
      [
        -1.848967,
        42.66575,
        399.25
      ],
      [
        -1.849037,
        42.665772,
        400.75
      ],
      [
        -1.849114,
        42.665786,
        402.25
      ],
      [
        -1.849585,
        42.665831,
        409.0
      ],
      [
        -1.849723,
        42.665885,
        410.75
      ],
      [
        -1.84987,
        42.665927,
        412.75
      ],
      [
        -1.850016,
        42.66594,
        415.0
      ],
      [
        -1.849942,
        42.665994,
        413.25
      ],
      [
        -1.849871,
        42.666018,
        412.25
      ],
      [
        -1.849762,
        42.666116,
        410.5
      ],
      [
        -1.849871,
        42.666018,
        412.25
      ],
      [
        -1.849942,
        42.665994,
        413.25
      ],
      [
        -1.850016,
        42.66594,
        415.0
      ],
      [
        -1.850531,
        42.665988,
        421.0
      ],
      [
        -1.850707,
        42.666029,
        422.75
      ],
      [
        -1.850794,
        42.666059,
        423.5
      ],
      [
        -1.851496,
        42.666351,
        430.0
      ],
      [
        -1.851776,
        42.666521,
        436.0
      ],
      [
        -1.851838,
        42.666552,
        437.0
      ],
      [
        -1.851929,
        42.666587,
        438.25
      ],
      [
        -1.852226,
        42.666678,
        441.5
      ],
      [
        -1.852897,
        42.666852,
        451.25
      ],
      [
        -1.853066,
        42.666913,
        452.0
      ],
      [
        -1.85326,
        42.667003,
        456.75
      ],
      [
        -1.853444,
        42.667129,
        461.75
      ],
      [
        -1.853531,
        42.667177,
        462.75
      ],
      [
        -1.853663,
        42.667218,
        463.25
      ],
      [
        -1.854721,
        42.667461,
        468.75
      ],
      [
        -1.855739,
        42.667707,
        472.0
      ],
      [
        -1.855898,
        42.667764,
        471.75
      ],
      [
        -1.856009,
        42.667779,
        471.25
      ],
      [
        -1.856052,
        42.667772,
        471.0
      ],
      [
        -1.856151,
        42.667781,
        470.5
      ],
      [
        -1.856996,
        42.667948,
        467.5
      ],
      [
        -1.857383,
        42.66806,
        469.0
      ],
      [
        -1.857565,
        42.668127,
        471.25
      ],
      [
        -1.857735,
        42.668199,
        473.0
      ],
      [
        -1.857996,
        42.66839,
        475.75
      ],
      [
        -1.858118,
        42.668459,
        475.5
      ],
      [
        -1.858658,
        42.668735,
        473.75
      ],
      [
        -1.858729,
        42.668784,
        473.0
      ],
      [
        -1.858786,
        42.668835,
        472.5
      ],
      [
        -1.858862,
        42.668946,
        472.0
      ],
      [
        -1.858788,
        42.668965,
        472.25
      ],
      [
        -1.858724,
        42.668999,
        472.25
      ],
      [
        -1.858675,
        42.669044,
        472.25
      ],
      [
        -1.858642,
        42.669103,
        472.0
      ],
      [
        -1.858636,
        42.669167,
        472.0
      ],
      [
        -1.858655,
        42.669229,
        472.75
      ],
      [
        -1.858699,
        42.669284,
        473.25
      ],
      [
        -1.858764,
        42.669327,
        472.75
      ],
      [
        -1.858838,
        42.669353,
        472.0
      ],
      [
        -1.858919,
        42.669362,
        471.25
      ],
      [
        -1.859001,
        42.669353,
        471.0
      ],
      [
        -1.859076,
        42.669328,
        471.0
      ],
      [
        -1.859138,
        42.669288,
        471.0
      ],
      [
        -1.859166,
        42.66926,
        471.0
      ],
      [
        -1.859187,
        42.669228,
        470.75
      ],
      [
        -1.85937,
        42.66923,
        469.5
      ],
      [
        -1.859693,
        42.669255,
        467.0
      ],
      [
        -1.859808,
        42.669263,
        466.25
      ],
      [
        -1.859933,
        42.669264,
        465.5
      ],
      [
        -1.860102,
        42.669258,
        464.25
      ],
      [
        -1.860334,
        42.669228,
        462.25
      ],
      [
        -1.860445,
        42.669208,
        461.25
      ],
      [
        -1.860722,
        42.669159,
        458.75
      ],
      [
        -1.861064,
        42.669151,
        456.25
      ],
      [
        -1.861139,
        42.669156,
        455.75
      ],
      [
        -1.861242,
        42.66916,
        455.0
      ],
      [
        -1.861356,
        42.669164,
        454.0
      ],
      [
        -1.861524,
        42.669167,
        453.5
      ],
      [
        -1.861588,
        42.669154,
        453.25
      ],
      [
        -1.86184,
        42.669053,
        451.25
      ],
      [
        -1.861887,
        42.669021,
        450.75
      ],
      [
        -1.861929,
        42.668938,
        450.25
      ],
      [
        -1.86196,
        42.668938,
        450.0
      ],
      [
        -1.861995,
        42.668938,
        450.0
      ],
      [
        -1.862116,
        42.668938,
        450.0
      ],
      [
        -1.86216,
        42.668937,
        450.0
      ],
      [
        -1.862441,
        42.668928,
        449.25
      ],
      [
        -1.862515,
        42.668922,
        449.25
      ],
      [
        -1.862564,
        42.668893,
        449.25
      ],
      [
        -1.862645,
        42.668891,
        449.5
      ],
      [
        -1.863106,
        42.668927,
        450.0
      ],
      [
        -1.863347,
        42.668919,
        449.0
      ],
      [
        -1.863376,
        42.668913,
        449.0
      ],
      [
        -1.863409,
        42.668893,
        449.0
      ],
      [
        -1.863749,
        42.668952,
        449.75
      ],
      [
        -1.863811,
        42.668821,
        449.25
      ],
      [
        -1.863871,
        42.668703,
        449.25
      ],
      [
        -1.863943,
        42.668714,
        449.25
      ],
      [
        -1.863994,
        42.668714,
        449.25
      ],
      [
        -1.864063,
        42.668703,
        449.25
      ],
      [
        -1.864637,
        42.668716,
        450.0
      ],
      [
        -1.865018,
        42.668722,
        449.5
      ],
      [
        -1.865431,
        42.668758,
        450.0
      ],
      [
        -1.866448,
        42.668898,
        453.25
      ],
      [
        -1.866972,
        42.668957,
        455.75
      ],
      [
        -1.867398,
        42.669018,
        458.0
      ],
      [
        -1.86802,
        42.66916,
        457.0
      ],
      [
        -1.868255,
        42.669254,
        456.0
      ],
      [
        -1.868646,
        42.669357,
        453.75
      ],
      [
        -1.86899,
        42.669421,
        453.5
      ],
      [
        -1.869103,
        42.669427,
        453.75
      ],
      [
        -1.86939,
        42.669416,
        455.25
      ],
      [
        -1.869461,
        42.669418,
        455.75
      ],
      [
        -1.869563,
        42.66943,
        456.25
      ],
      [
        -1.869639,
        42.66942,
        456.25
      ],
      [
        -1.869759,
        42.669369,
        456.0
      ],
      [
        -1.869927,
        42.669336,
        455.75
      ],
      [
        -1.869973,
        42.669329,
        455.75
      ],
      [
        -1.87009,
        42.669342,
        455.5
      ],
      [
        -1.870249,
        42.66938,
        455.25
      ],
      [
        -1.870386,
        42.669424,
        454.75
      ],
      [
        -1.870716,
        42.66955,
        455.0
      ],
      [
        -1.871091,
        42.669675,
        453.5
      ],
      [
        -1.871328,
        42.669767,
        453.0
      ],
      [
        -1.871416,
        42.669814,
        453.0
      ],
      [
        -1.871566,
        42.669944,
        453.25
      ],
      [
        -1.871644,
        42.669979,
        453.0
      ],
      [
        -1.871748,
        42.669995,
        452.75
      ],
      [
        -1.872032,
        42.670045,
        453.25
      ],
      [
        -1.87224,
        42.670089,
        453.5
      ],
      [
        -1.872668,
        42.670199,
        454.25
      ],
      [
        -1.872919,
        42.670238,
        454.0
      ],
      [
        -1.873029,
        42.670262,
        453.75
      ],
      [
        -1.873128,
        42.670297,
        453.5
      ],
      [
        -1.873178,
        42.670331,
        453.25
      ],
      [
        -1.873297,
        42.670441,
        453.25
      ],
      [
        -1.873356,
        42.670478,
        453.25
      ],
      [
        -1.873494,
        42.670534,
        452.5
      ],
      [
        -1.873565,
        42.670554,
        452.25
      ],
      [
        -1.87406,
        42.670636,
        451.0
      ],
      [
        -1.874666,
        42.670815,
        447.5
      ],
      [
        -1.874869,
        42.670854,
        446.5
      ],
      [
        -1.875614,
        42.670942,
        444.75
      ],
      [
        -1.87576,
        42.670962,
        444.75
      ],
      [
        -1.875872,
        42.671005,
        445.0
      ],
      [
        -1.876571,
        42.671205,
        445.0
      ],
      [
        -1.876726,
        42.671233,
        445.25
      ],
      [
        -1.876866,
        42.671229,
        445.5
      ],
      [
        -1.87692,
        42.671222,
        445.5
      ],
      [
        -1.87706,
        42.671191,
        445.75
      ],
      [
        -1.877293,
        42.671127,
        446.5
      ],
      [
        -1.877737,
        42.670985,
        445.75
      ],
      [
        -1.877873,
        42.670956,
        445.0
      ],
      [
        -1.878063,
        42.670938,
        444.5
      ],
      [
        -1.87831,
        42.670961,
        443.5
      ],
      [
        -1.878692,
        42.671034,
        441.0
      ],
      [
        -1.879336,
        42.671129,
        437.5
      ],
      [
        -1.879541,
        42.671175,
        437.25
      ],
      [
        -1.879687,
        42.671237,
        437.75
      ],
      [
        -1.87996,
        42.671383,
        438.25
      ],
      [
        -1.880186,
        42.671523,
        439.25
      ],
      [
        -1.880471,
        42.67172,
        440.5
      ],
      [
        -1.880615,
        42.671784,
        440.75
      ],
      [
        -1.880655,
        42.671793,
        440.75
      ],
      [
        -1.880939,
        42.671931,
        441.5
      ],
      [
        -1.881056,
        42.672009,
        441.25
      ],
      [
        -1.881248,
        42.672196,
        441.75
      ],
      [
        -1.881432,
        42.672359,
        442.75
      ],
      [
        -1.881653,
        42.672528,
        443.0
      ],
      [
        -1.882326,
        42.672996,
        446.0
      ],
      [
        -1.882618,
        42.673253,
        447.5
      ],
      [
        -1.88276,
        42.673358,
        448.0
      ],
      [
        -1.882858,
        42.673445,
        448.75
      ],
      [
        -1.883031,
        42.673641,
        450.25
      ],
      [
        -1.88324,
        42.673853,
        451.5
      ],
      [
        -1.88338,
        42.673962,
        453.25
      ],
      [
        -1.883493,
        42.674034,
        454.5
      ],
      [
        -1.88361,
        42.674097,
        454.25
      ],
      [
        -1.883704,
        42.674143,
        454.0
      ],
      [
        -1.883803,
        42.674181,
        454.25
      ],
      [
        -1.88463,
        42.674428,
        458.75
      ],
      [
        -1.884738,
        42.674475,
        459.75
      ],
      [
        -1.884947,
        42.674602,
        462.75
      ],
      [
        -1.885141,
        42.674701,
        464.0
      ],
      [
        -1.885376,
        42.6748,
        465.5
      ],
      [
        -1.885491,
        42.674839,
        465.5
      ],
      [
        -1.885567,
        42.674857,
        465.5
      ],
      [
        -1.885657,
        42.674848,
        465.5
      ],
      [
        -1.885722,
        42.674862,
        465.75
      ],
      [
        -1.88597,
        42.674934,
        466.5
      ],
      [
        -1.886804,
        42.675106,
        468.25
      ],
      [
        -1.8875,
        42.675261,
        468.0
      ],
      [
        -1.887727,
        42.675297,
        467.75
      ],
      [
        -1.887948,
        42.675375,
        467.75
      ],
      [
        -1.888382,
        42.675557,
        466.75
      ],
      [
        -1.888455,
        42.675582,
        467.0
      ],
      [
        -1.8886,
        42.675596,
        467.0
      ],
      [
        -1.888684,
        42.675593,
        467.0
      ],
      [
        -1.888598,
        42.67563,
        467.0
      ],
      [
        -1.888542,
        42.675685,
        467.0
      ],
      [
        -1.888535,
        42.675737,
        467.0
      ],
      [
        -1.888538,
        42.675796,
        467.0
      ],
      [
        -1.888573,
        42.675847,
        467.0
      ],
      [
        -1.888605,
        42.675894,
        467.0
      ],
      [
        -1.889111,
        42.676348,
        467.0
      ],
      [
        -1.889527,
        42.676148,
        469.25
      ],
      [
        -1.889581,
        42.676115,
        469.75
      ],
      [
        -1.889637,
        42.67637,
        469.0
      ],
      [
        -1.889629,
        42.676417,
        468.75
      ],
      [
        -1.889625,
        42.676573,
        468.0
      ],
      [
        -1.889577,
        42.676641,
        467.5
      ],
      [
        -1.889549,
        42.676745,
        466.75
      ],
      [
        -1.889589,
        42.677042,
        464.75
      ],
      [
        -1.889733,
        42.677461,
        461.0
      ],
      [
        -1.889761,
        42.67759,
        460.0
      ],
      [
        -1.889713,
        42.677604,
        460.25
      ],
      [
        -1.889675,
        42.677629,
        460.25
      ],
      [
        -1.889654,
        42.677661,
        460.0
      ],
      [
        -1.889649,
        42.677695,
        460.0
      ],
      [
        -1.88966,
        42.677729,
        459.75
      ],
      [
        -1.889687,
        42.677758,
        459.25
      ],
      [
        -1.889725,
        42.677778,
        458.75
      ],
      [
        -1.889771,
        42.677788,
        458.75
      ],
      [
        -1.889818,
        42.677786,
        458.5
      ],
      [
        -1.889854,
        42.677775,
        458.5
      ],
      [
        -1.889884,
        42.677757,
        458.5
      ],
      [
        -1.889907,
        42.677733,
        458.5
      ],
      [
        -1.890446,
        42.677939,
        456.5
      ],
      [
        -1.8908,
        42.67806,
        454.0
      ],
      [
        -1.891171,
        42.678151,
        456.5
      ],
      [
        -1.891587,
        42.67819,
        456.5
      ],
      [
        -1.891917,
        42.67819,
        456.25
      ],
      [
        -1.892311,
        42.678158,
        454.75
      ],
      [
        -1.895722,
        42.677696,
        451.75
      ],
      [
        -1.89656,
        42.677589,
        452.75
      ],
      [
        -1.896832,
        42.677549,
        452.5
      ],
      [
        -1.898463,
        42.677106,
        443.25
      ],
      [
        -1.899879,
        42.676722,
        435.25
      ],
      [
        -1.902647,
        42.675755,
        422.5
      ],
      [
        -1.903356,
        42.675516,
        420.0
      ],
      [
        -1.903818,
        42.675312,
        417.5
      ],
      [
        -1.904663,
        42.674838,
        415.75
      ],
      [
        -1.905522,
        42.674253,
        411.75
      ],
      [
        -1.906029,
        42.673916,
        407.75
      ],
      [
        -1.906632,
        42.673629,
        405.0
      ],
      [
        -1.90724,
        42.6734,
        403.5
      ],
      [
        -1.907978,
        42.673222,
        398.5
      ],
      [
        -1.908467,
        42.673133,
        395.25
      ],
      [
        -1.908716,
        42.673088,
        394.5
      ],
      [
        -1.909621,
        42.673042,
        391.25
      ],
      [
        -1.910098,
        42.673078,
        390.25
      ],
      [
        -1.91057,
        42.673156,
        384.5
      ],
      [
        -1.910912,
        42.673211,
        381.75
      ],
      [
        -1.911141,
        42.673248,
        382.25
      ],
      [
        -1.912695,
        42.673639,
        377.75
      ],
      [
        -1.915042,
        42.674389,
        372.75
      ],
      [
        -1.915681,
        42.674593,
        373.0
      ],
      [
        -1.922219,
        42.67677,
        387.25
      ],
      [
        -1.922763,
        42.676975,
        387.25
      ],
      [
        -1.923152,
        42.677207,
        388.25
      ],
      [
        -1.923279,
        42.677315,
        388.75
      ],
      [
        -1.923318,
        42.677375,
        389.0
      ],
      [
        -1.923363,
        42.67741,
        389.0
      ],
      [
        -1.923419,
        42.677436,
        389.0
      ],
      [
        -1.923515,
        42.677453,
        389.0
      ],
      [
        -1.923721,
        42.677558,
        388.5
      ],
      [
        -1.923947,
        42.677662,
        387.75
      ],
      [
        -1.924818,
        42.678332,
        385.5
      ],
      [
        -1.92522,
        42.678571,
        384.0
      ],
      [
        -1.925566,
        42.678747,
        382.75
      ],
      [
        -1.925887,
        42.678884,
        382.75
      ],
      [
        -1.926152,
        42.67899,
        382.5
      ],
      [
        -1.926529,
        42.679103,
        382.0
      ],
      [
        -1.926754,
        42.679151,
        381.5
      ],
      [
        -1.927008,
        42.679192,
        381.5
      ],
      [
        -1.927248,
        42.679222,
        382.0
      ],
      [
        -1.927473,
        42.67924,
        381.75
      ],
      [
        -1.927743,
        42.679253,
        382.0
      ],
      [
        -1.928068,
        42.679246,
        382.5
      ],
      [
        -1.928434,
        42.679216,
        382.0
      ],
      [
        -1.929007,
        42.67912,
        382.0
      ],
      [
        -1.929308,
        42.679061,
        383.25
      ],
      [
        -1.929799,
        42.678945,
        385.5
      ],
      [
        -1.930053,
        42.678892,
        385.0
      ],
      [
        -1.930635,
        42.678795,
        384.75
      ],
      [
        -1.930853,
        42.678768,
        385.0
      ],
      [
        -1.931185,
        42.678758,
        385.25
      ],
      [
        -1.931503,
        42.678757,
        385.25
      ],
      [
        -1.931917,
        42.678784,
        383.5
      ],
      [
        -1.931965,
        42.67879,
        383.5
      ],
      [
        -1.932445,
        42.678828,
        387.0
      ],
      [
        -1.933261,
        42.678884,
        391.5
      ],
      [
        -1.933532,
        42.678891,
        393.25
      ],
      [
        -1.933859,
        42.678884,
        395.5
      ],
      [
        -1.93541,
        42.678785,
        405.25
      ],
      [
        -1.936655,
        42.678699,
        411.0
      ],
      [
        -1.936964,
        42.678661,
        411.0
      ],
      [
        -1.93742,
        42.678591,
        412.5
      ],
      [
        -1.938269,
        42.678418,
        415.5
      ],
      [
        -1.938681,
        42.678316,
        418.0
      ],
      [
        -1.938978,
        42.678226,
        420.25
      ],
      [
        -1.939197,
        42.678143,
        422.75
      ],
      [
        -1.93931,
        42.678089,
        423.5
      ],
      [
        -1.939661,
        42.677832,
        426.0
      ],
      [
        -1.939757,
        42.67775,
        427.25
      ],
      [
        -1.939875,
        42.677627,
        429.5
      ],
      [
        -1.940647,
        42.676699,
        434.25
      ],
      [
        -1.940913,
        42.67642,
        435.75
      ],
      [
        -1.941127,
        42.676222,
        438.0
      ],
      [
        -1.941379,
        42.676025,
        439.5
      ],
      [
        -1.941599,
        42.675879,
        441.25
      ],
      [
        -1.941776,
        42.67578,
        442.0
      ],
      [
        -1.942195,
        42.675572,
        443.25
      ],
      [
        -1.942793,
        42.675359,
        446.25
      ],
      [
        -1.943062,
        42.675361,
        446.5
      ],
      [
        -1.943164,
        42.675357,
        447.0
      ],
      [
        -1.943223,
        42.675343,
        447.25
      ],
      [
        -1.943295,
        42.675291,
        447.0
      ],
      [
        -1.943318,
        42.675256,
        447.0
      ],
      [
        -1.943362,
        42.675198,
        448.25
      ],
      [
        -1.94331,
        42.675171,
        448.25
      ],
      [
        -1.943215,
        42.675139,
        448.0
      ],
      [
        -1.94318,
        42.675131,
        447.75
      ],
      [
        -1.943141,
        42.675132,
        447.5
      ],
      [
        -1.943143,
        42.675075,
        448.0
      ],
      [
        -1.943166,
        42.675018,
        449.0
      ],
      [
        -1.943647,
        42.673955,
        458.0
      ],
      [
        -1.943778,
        42.673685,
        460.0
      ],
      [
        -1.943831,
        42.673613,
        461.0
      ],
      [
        -1.944002,
        42.673465,
        463.75
      ],
      [
        -1.944029,
        42.673447,
        464.25
      ],
      [
        -1.944343,
        42.673218,
        467.0
      ],
      [
        -1.94475,
        42.672948,
        468.0
      ],
      [
        -1.945045,
        42.672748,
        466.75
      ],
      [
        -1.94511,
        42.672699,
        466.25
      ],
      [
        -1.944966,
        42.672583,
        467.5
      ],
      [
        -1.94526,
        42.672384,
        467.25
      ],
      [
        -1.945347,
        42.672322,
        467.5
      ],
      [
        -1.945324,
        42.672267,
        468.25
      ],
      [
        -1.945266,
        42.672122,
        470.0
      ],
      [
        -1.945126,
        42.671853,
        473.0
      ],
      [
        -1.945057,
        42.671657,
        474.0
      ],
      [
        -1.944861,
        42.671548,
        476.0
      ],
      [
        -1.944696,
        42.671476,
        477.25
      ],
      [
        -1.944628,
        42.671421,
        477.75
      ],
      [
        -1.944566,
        42.671292,
        478.25
      ],
      [
        -1.944524,
        42.671014,
        479.0
      ],
      [
        -1.94443,
        42.670995,
        478.5
      ],
      [
        -1.944387,
        42.670971,
        477.75
      ],
      [
        -1.944339,
        42.670929,
        477.0
      ],
      [
        -1.944312,
        42.670863,
        476.5
      ],
      [
        -1.944309,
        42.670798,
        476.5
      ],
      [
        -1.944338,
        42.670612,
        477.0
      ],
      [
        -1.944335,
        42.670546,
        477.0
      ],
      [
        -1.944362,
        42.670476,
        478.0
      ],
      [
        -1.94435,
        42.670313,
        479.0
      ],
      [
        -1.944246,
        42.669955,
        479.5
      ],
      [
        -1.944098,
        42.66979,
        480.75
      ],
      [
        -1.944078,
        42.669722,
        482.0
      ],
      [
        -1.944086,
        42.669637,
        480.5
      ],
      [
        -1.944175,
        42.669369,
        477.0
      ],
      [
        -1.944238,
        42.66925,
        476.75
      ],
      [
        -1.944243,
        42.669182,
        476.0
      ],
      [
        -1.944234,
        42.669123,
        475.75
      ],
      [
        -1.944132,
        42.668793,
        476.25
      ],
      [
        -1.944088,
        42.668694,
        476.75
      ],
      [
        -1.944047,
        42.668635,
        476.75
      ],
      [
        -1.943935,
        42.668564,
        476.75
      ],
      [
        -1.943766,
        42.668487,
        477.0
      ],
      [
        -1.943487,
        42.668382,
        477.25
      ],
      [
        -1.943404,
        42.668367,
        477.0
      ],
      [
        -1.943295,
        42.668471,
        475.5
      ],
      [
        -1.943116,
        42.668676,
        474.5
      ],
      [
        -1.943024,
        42.668756,
        474.25
      ],
      [
        -1.942796,
        42.66892,
        473.25
      ],
      [
        -1.942709,
        42.668991,
        471.75
      ],
      [
        -1.94265,
        42.669027,
        471.0
      ],
      [
        -1.942597,
        42.669018,
        470.75
      ],
      [
        -1.94252,
        42.668959,
        471.25
      ],
      [
        -1.942391,
        42.668813,
        470.5
      ],
      [
        -1.942296,
        42.668742,
        469.25
      ],
      [
        -1.942197,
        42.668694,
        467.75
      ],
      [
        -1.942069,
        42.668699,
        465.25
      ],
      [
        -1.941974,
        42.668726,
        463.0
      ],
      [
        -1.942069,
        42.668699,
        465.25
      ],
      [
        -1.942197,
        42.668694,
        467.75
      ],
      [
        -1.942296,
        42.668742,
        469.25
      ],
      [
        -1.942391,
        42.668813,
        470.5
      ],
      [
        -1.94252,
        42.668959,
        471.25
      ],
      [
        -1.942597,
        42.669018,
        470.75
      ],
      [
        -1.94265,
        42.669027,
        471.0
      ],
      [
        -1.942709,
        42.668991,
        471.75
      ],
      [
        -1.942796,
        42.66892,
        473.25
      ],
      [
        -1.943024,
        42.668756,
        474.25
      ],
      [
        -1.943116,
        42.668676,
        474.5
      ],
      [
        -1.943295,
        42.668471,
        475.5
      ],
      [
        -1.943404,
        42.668367,
        477.0
      ],
      [
        -1.943487,
        42.668382,
        477.25
      ],
      [
        -1.943766,
        42.668487,
        477.0
      ],
      [
        -1.943935,
        42.668564,
        476.75
      ],
      [
        -1.944047,
        42.668635,
        476.75
      ],
      [
        -1.944088,
        42.668694,
        476.75
      ],
      [
        -1.944132,
        42.668793,
        476.25
      ],
      [
        -1.944234,
        42.669123,
        475.75
      ],
      [
        -1.944243,
        42.669182,
        476.0
      ],
      [
        -1.944238,
        42.66925,
        476.75
      ],
      [
        -1.944175,
        42.669369,
        477.0
      ],
      [
        -1.944086,
        42.669637,
        480.5
      ],
      [
        -1.944078,
        42.669722,
        482.0
      ],
      [
        -1.944098,
        42.66979,
        480.75
      ],
      [
        -1.944246,
        42.669955,
        479.5
      ],
      [
        -1.94435,
        42.670313,
        479.0
      ],
      [
        -1.944362,
        42.670476,
        478.0
      ],
      [
        -1.944335,
        42.670546,
        477.0
      ],
      [
        -1.944338,
        42.670612,
        477.0
      ],
      [
        -1.944309,
        42.670798,
        476.5
      ],
      [
        -1.944312,
        42.670863,
        476.5
      ],
      [
        -1.944339,
        42.670929,
        477.0
      ],
      [
        -1.944387,
        42.670971,
        477.75
      ],
      [
        -1.94443,
        42.670995,
        478.5
      ],
      [
        -1.944524,
        42.671014,
        479.0
      ],
      [
        -1.944566,
        42.671292,
        478.25
      ],
      [
        -1.944628,
        42.671421,
        477.75
      ],
      [
        -1.944696,
        42.671476,
        477.25
      ],
      [
        -1.944861,
        42.671548,
        476.0
      ],
      [
        -1.945057,
        42.671657,
        474.0
      ],
      [
        -1.945126,
        42.671853,
        473.0
      ],
      [
        -1.945266,
        42.672122,
        470.0
      ],
      [
        -1.945482,
        42.672088,
        469.5
      ],
      [
        -1.945525,
        42.672086,
        469.5
      ],
      [
        -1.94558,
        42.672096,
        469.0
      ],
      [
        -1.94565,
        42.672128,
        467.75
      ],
      [
        -1.945841,
        42.672238,
        464.5
      ],
      [
        -1.94616,
        42.671993,
        462.0
      ],
      [
        -1.946389,
        42.671898,
        459.25
      ],
      [
        -1.946426,
        42.67188,
        459.0
      ],
      [
        -1.946792,
        42.671631,
        455.75
      ],
      [
        -1.947116,
        42.671394,
        454.0
      ],
      [
        -1.947316,
        42.671264,
        453.0
      ],
      [
        -1.947427,
        42.671221,
        452.5
      ],
      [
        -1.94756,
        42.671183,
        452.75
      ],
      [
        -1.947578,
        42.671177,
        452.75
      ],
      [
        -1.948217,
        42.670989,
        456.25
      ],
      [
        -1.94852,
        42.670876,
        458.25
      ],
      [
        -1.948716,
        42.670752,
        460.75
      ],
      [
        -1.949005,
        42.670543,
        461.5
      ],
      [
        -1.94936,
        42.670316,
        464.25
      ],
      [
        -1.949713,
        42.670113,
        466.75
      ],
      [
        -1.95006,
        42.669929,
        469.75
      ],
      [
        -1.950418,
        42.669764,
        471.0
      ],
      [
        -1.950495,
        42.669651,
        471.25
      ],
      [
        -1.950634,
        42.669608,
        471.75
      ],
      [
        -1.950938,
        42.669495,
        472.75
      ],
      [
        -1.951038,
        42.669477,
        473.25
      ],
      [
        -1.951087,
        42.669456,
        473.75
      ],
      [
        -1.95119,
        42.669386,
        474.25
      ],
      [
        -1.951305,
        42.669324,
        474.5
      ],
      [
        -1.951517,
        42.669265,
        475.25
      ],
      [
        -1.951637,
        42.669212,
        475.5
      ],
      [
        -1.952781,
        42.668783,
        479.0
      ],
      [
        -1.953638,
        42.668477,
        480.25
      ],
      [
        -1.9546,
        42.668173,
        480.75
      ],
      [
        -1.954729,
        42.668138,
        480.5
      ],
      [
        -1.955007,
        42.668084,
        479.0
      ],
      [
        -1.9552,
        42.66796,
        479.75
      ],
      [
        -1.955268,
        42.66793,
        479.75
      ],
      [
        -1.956263,
        42.667722,
        479.75
      ],
      [
        -1.957516,
        42.667445,
        480.0
      ],
      [
        -1.957606,
        42.667462,
        480.25
      ],
      [
        -1.957644,
        42.66746,
        480.25
      ],
      [
        -1.957733,
        42.667438,
        480.25
      ],
      [
        -1.957848,
        42.667382,
        480.25
      ],
      [
        -1.957956,
        42.667345,
        480.0
      ],
      [
        -1.958543,
        42.667169,
        481.25
      ],
      [
        -1.958883,
        42.66711,
        483.0
      ],
      [
        -1.959091,
        42.667051,
        483.25
      ],
      [
        -1.959571,
        42.666958,
        484.75
      ],
      [
        -1.959775,
        42.666907,
        486.25
      ],
      [
        -1.960544,
        42.666686,
        491.5
      ],
      [
        -1.960912,
        42.666598,
        491.25
      ],
      [
        -1.960954,
        42.666578,
        491.25
      ],
      [
        -1.960978,
        42.666559,
        491.25
      ],
      [
        -1.960997,
        42.666498,
        491.75
      ],
      [
        -1.961007,
        42.666401,
        492.5
      ],
      [
        -1.960866,
        42.666202,
        492.25
      ],
      [
        -1.960771,
        42.666039,
        492.0
      ],
      [
        -1.960776,
        42.66597,
        491.25
      ],
      [
        -1.960834,
        42.665857,
        490.0
      ],
      [
        -1.960908,
        42.665769,
        489.5
      ],
      [
        -1.961977,
        42.665238,
        486.75
      ],
      [
        -1.962044,
        42.665192,
        486.75
      ],
      [
        -1.962101,
        42.665138,
        486.25
      ],
      [
        -1.962114,
        42.665086,
        486.0
      ],
      [
        -1.962113,
        42.665011,
        485.25
      ],
      [
        -1.962065,
        42.664898,
        485.25
      ],
      [
        -1.961859,
        42.664586,
        485.75
      ],
      [
        -1.96181,
        42.664465,
        486.0
      ],
      [
        -1.961806,
        42.664406,
        486.0
      ],
      [
        -1.961813,
        42.664323,
        486.25
      ],
      [
        -1.962022,
        42.663896,
        487.75
      ],
      [
        -1.962256,
        42.663479,
        488.5
      ],
      [
        -1.962586,
        42.663081,
        487.0
      ],
      [
        -1.962847,
        42.662827,
        484.5
      ],
      [
        -1.963724,
        42.662177,
        477.25
      ],
      [
        -1.964955,
        42.66129,
        475.25
      ],
      [
        -1.965074,
        42.661211,
        475.25
      ],
      [
        -1.965537,
        42.660905,
        478.5
      ],
      [
        -1.965671,
        42.66078,
        477.5
      ],
      [
        -1.96575,
        42.660669,
        476.5
      ],
      [
        -1.966024,
        42.660112,
        478.0
      ],
      [
        -1.966391,
        42.659339,
        478.25
      ],
      [
        -1.966677,
        42.658773,
        481.0
      ],
      [
        -1.96684,
        42.65851,
        481.25
      ],
      [
        -1.966974,
        42.658393,
        481.5
      ],
      [
        -1.968142,
        42.657787,
        475.25
      ],
      [
        -1.968691,
        42.657493,
        473.0
      ],
      [
        -1.96888,
        42.657299,
        471.75
      ],
      [
        -1.970283,
        42.655478,
        459.75
      ],
      [
        -1.972792,
        42.652284,
        457.75
      ],
      [
        -1.973177,
        42.651825,
        459.25
      ],
      [
        -1.974826,
        42.652826,
        460.25
      ],
      [
        -1.975381,
        42.65318,
        463.0
      ],
      [
        -1.975509,
        42.653261,
        463.25
      ],
      [
        -1.975715,
        42.653485,
        464.75
      ],
      [
        -1.976097,
        42.653962,
        468.25
      ],
      [
        -1.976298,
        42.654133,
        468.75
      ],
      [
        -1.976363,
        42.654176,
        468.5
      ],
      [
        -1.976468,
        42.654192,
        468.5
      ],
      [
        -1.978123,
        42.654227,
        464.25
      ],
      [
        -1.978347,
        42.654263,
        464.5
      ],
      [
        -1.978742,
        42.654474,
        464.0
      ],
      [
        -1.979378,
        42.654969,
        463.0
      ],
      [
        -1.979585,
        42.65511,
        462.5
      ],
      [
        -1.979736,
        42.655174,
        462.25
      ],
      [
        -1.980168,
        42.655323,
        459.25
      ],
      [
        -1.980835,
        42.655516,
        455.5
      ],
      [
        -1.981369,
        42.655678,
        453.75
      ],
      [
        -1.981824,
        42.655851,
        452.25
      ],
      [
        -1.982224,
        42.656075,
        451.25
      ],
      [
        -1.983045,
        42.656539,
        449.25
      ],
      [
        -1.983453,
        42.656735,
        446.25
      ],
      [
        -1.983908,
        42.656942,
        441.0
      ],
      [
        -1.985536,
        42.657615,
        434.75
      ],
      [
        -1.986466,
        42.658032,
        431.25
      ],
      [
        -1.988227,
        42.658671,
        426.75
      ],
      [
        -1.989296,
        42.659033,
        423.25
      ],
      [
        -1.989696,
        42.659234,
        422.25
      ],
      [
        -1.990141,
        42.659302,
        422.5
      ],
      [
        -1.990602,
        42.659364,
        420.75
      ],
      [
        -1.990657,
        42.659371,
        421.0
      ],
      [
        -1.990693,
        42.659371,
        421.0
      ],
      [
        -1.991168,
        42.659371,
        420.75
      ],
      [
        -1.991586,
        42.659391,
        420.0
      ],
      [
        -1.991685,
        42.659437,
        419.75
      ],
      [
        -1.991776,
        42.659414,
        419.75
      ],
      [
        -1.992026,
        42.65936,
        419.75
      ],
      [
        -1.992161,
        42.65934,
        420.25
      ],
      [
        -1.992198,
        42.659376,
        420.5
      ],
      [
        -1.992547,
        42.65951,
        424.5
      ],
      [
        -1.99276,
        42.659542,
        428.25
      ],
      [
        -1.992842,
        42.659547,
        429.75
      ],
      [
        -1.992935,
        42.659539,
        431.25
      ],
      [
        -1.993344,
        42.659483,
        440.0
      ]
    ]
  }
}
