{
  "type": "Feature",
  "properties": {
    "source": "BRouter trekking",
    "coordinateHash": "50d563428a978abca33bd85cc5c1c810809e03a25599120d9eea30005b774c4f"
  },
  "geometry": {
    "type": "LineString",
    "coordinates": [
      [
        -1.993344,
        42.659483,
        436.0
      ],
      [
        -1.993651,
        42.659442,
        440.0
      ],
      [
        -1.993789,
        42.65943,
        440.5
      ],
      [
        -1.994227,
        42.658961,
        440.25
      ],
      [
        -1.994255,
        42.658893,
        440.25
      ],
      [
        -1.99427,
        42.658826,
        440.25
      ],
      [
        -1.994285,
        42.658498,
        439.25
      ],
      [
        -1.994331,
        42.658386,
        438.75
      ],
      [
        -1.994333,
        42.658351,
        438.5
      ],
      [
        -1.994325,
        42.658319,
        438.5
      ],
      [
        -1.994419,
        42.658286,
        438.75
      ],
      [
        -1.994534,
        42.658115,
        439.0
      ],
      [
        -1.995091,
        42.658111,
        439.0
      ],
      [
        -1.995586,
        42.657923,
        439.0
      ],
      [
        -1.996351,
        42.657621,
        438.25
      ],
      [
        -1.997904,
        42.656896,
        436.75
      ],
      [
        -1.998459,
        42.656556,
        436.25
      ],
      [
        -1.9993,
        42.656019,
        433.75
      ],
      [
        -2.000372,
        42.656911,
        431.5
      ],
      [
        -2.001915,
        42.65831,
        435.75
      ],
      [
        -2.002032,
        42.658352,
        436.0
      ],
      [
        -2.002133,
        42.658358,
        436.0
      ],
      [
        -2.002261,
        42.658333,
        435.75
      ],
      [
        -2.002397,
        42.658261,
        435.5
      ],
      [
        -2.002493,
        42.658174,
        435.25
      ],
      [
        -2.002604,
        42.65811,
        435.0
      ],
      [
        -2.00311,
        42.657816,
        433.25
      ],
      [
        -2.003466,
        42.65761,
        431.75
      ],
      [
        -2.003674,
        42.657489,
        430.5
      ],
      [
        -2.004034,
        42.657483,
        429.25
      ],
      [
        -2.004298,
        42.657412,
        429.25
      ],
      [
        -2.004801,
        42.657265,
        428.75
      ],
      [
        -2.006024,
        42.656915,
        426.75
      ],
      [
        -2.00626,
        42.656836,
        426.5
      ],
      [
        -2.006496,
        42.656698,
        426.0
      ],
      [
        -2.0073,
        42.65645,
        425.5
      ],
      [
        -2.008193,
        42.656289,
        423.75
      ],
      [
        -2.00836,
        42.656416,
        424.75
      ],
      [
        -2.008603,
        42.657162,
        426.0
      ],
      [
        -2.008881,
        42.658015,
        427.0
      ],
      [
        -2.008986,
        42.657995,
        424.75
      ],
      [
        -2.009049,
        42.657914,
        423.75
      ],
      [
        -2.009069,
        42.657747,
        423.5
      ],
      [
        -2.009112,
        42.657608,
        422.0
      ],
      [
        -2.00916,
        42.657498,
        420.0
      ],
      [
        -2.009199,
        42.65726,
        417.5
      ],
      [
        -2.009238,
        42.657143,
        416.0
      ],
      [
        -2.009252,
        42.656997,
        415.5
      ],
      [
        -2.009291,
        42.656908,
        414.5
      ],
      [
        -2.009341,
        42.656973,
        413.75
      ],
      [
        -2.009403,
        42.657129,
        412.75
      ],
      [
        -2.009469,
        42.657303,
        412.25
      ],
      [
        -2.009493,
        42.65751,
        413.25
      ],
      [
        -2.009487,
        42.657695,
        413.5
      ],
      [
        -2.0095,
        42.657986,
        413.25
      ],
      [
        -2.009438,
        42.658173,
        413.25
      ],
      [
        -2.009363,
        42.658296,
        414.0
      ],
      [
        -2.009295,
        42.658442,
        414.25
      ],
      [
        -2.009116,
        42.658715,
        414.25
      ],
      [
        -2.008961,
        42.659111,
        414.25
      ],
      [
        -2.008882,
        42.659285,
        413.75
      ],
      [
        -2.00879,
        42.659415,
        413.5
      ],
      [
        -2.008653,
        42.65975,
        413.5
      ],
      [
        -2.008592,
        42.659868,
        413.5
      ],
      [
        -2.008565,
        42.660021,
        413.0
      ],
      [
        -2.008676,
        42.660288,
        411.25
      ],
      [
        -2.008719,
        42.660353,
        409.75
      ],
      [
        -2.008753,
        42.660386,
        408.75
      ],
      [
        -2.008814,
        42.660409,
        407.5
      ],
      [
        -2.008897,
        42.660442,
        405.75
      ],
      [
        -2.009093,
        42.66055,
        406.5
      ],
      [
        -2.009116,
        42.660563,
        407.0
      ],
      [
        -2.009143,
        42.660596,
        407.75
      ],
      [
        -2.009187,
        42.660668,
        408.75
      ],
      [
        -2.0093,
        42.660717,
        409.75
      ],
      [
        -2.009738,
        42.660788,
        411.75
      ],
      [
        -2.009723,
        42.660858,
        412.0
      ],
      [
        -2.009634,
        42.660928,
        412.0
      ],
      [
        -2.009384,
        42.661055,
        412.0
      ],
      [
        -2.009306,
        42.661144,
        411.5
      ],
      [
        -2.009003,
        42.661543,
        412.25
      ],
      [
        -2.008771,
        42.661833,
        412.5
      ],
      [
        -2.008667,
        42.662027,
        412.25
      ],
      [
        -2.008559,
        42.662272,
        412.75
      ],
      [
        -2.008478,
        42.66248,
        412.0
      ],
      [
        -2.00841,
        42.66272,
        412.25
      ],
      [
        -2.00836,
        42.663138,
        413.0
      ],
      [
        -2.008395,
        42.663339,
        413.0
      ],
      [
        -2.008454,
        42.663504,
        413.25
      ],
      [
        -2.008533,
        42.663652,
        413.5
      ],
      [
        -2.008804,
        42.663998,
        412.75
      ],
      [
        -2.009169,
        42.664392,
        412.25
      ],
      [
        -2.009672,
        42.664928,
        414.25
      ],
      [
        -2.009782,
        42.664998,
        414.0
      ],
      [
        -2.009888,
        42.665029,
        414.5
      ],
      [
        -2.010022,
        42.665041,
        414.5
      ],
      [
        -2.010278,
        42.665039,
        413.75
      ],
      [
        -2.010861,
        42.665022,
        413.5
      ],
      [
        -2.011584,
        42.664944,
        414.25
      ],
      [
        -2.011779,
        42.664908,
        415.0
      ],
      [
        -2.011929,
        42.664871,
        415.75
      ],
      [
        -2.012097,
        42.664856,
        415.5
      ],
      [
        -2.012186,
        42.664848,
        415.25
      ],
      [
        -2.012395,
        42.66478,
        415.25
      ],
      [
        -2.012523,
        42.664718,
        414.75
      ],
      [
        -2.012623,
        42.664613,
        415.0
      ],
      [
        -2.012708,
        42.664536,
        414.75
      ],
      [
        -2.012868,
        42.66443,
        414.75
      ],
      [
        -2.013287,
        42.664199,
        414.75
      ],
      [
        -2.013461,
        42.664116,
        414.75
      ],
      [
        -2.014288,
        42.663803,
        415.25
      ],
      [
        -2.0145,
        42.663728,
        415.0
      ],
      [
        -2.01512,
        42.663568,
        416.25
      ],
      [
        -2.015224,
        42.663539,
        417.0
      ],
      [
        -2.015306,
        42.663508,
        417.25
      ],
      [
        -2.01558,
        42.663427,
        415.5
      ],
      [
        -2.015718,
        42.663379,
        415.25
      ],
      [
        -2.015809,
        42.66334,
        415.0
      ],
      [
        -2.016392,
        42.663202,
        415.75
      ],
      [
        -2.016453,
        42.663159,
        416.5
      ],
      [
        -2.01648,
        42.663123,
        417.25
      ],
      [
        -2.016536,
        42.663095,
        417.5
      ],
      [
        -2.016592,
        42.663083,
        417.5
      ],
      [
        -2.0168,
        42.663109,
        416.5
      ],
      [
        -2.016954,
        42.663104,
        416.25
      ],
      [
        -2.017158,
        42.663069,
        415.25
      ],
      [
        -2.017395,
        42.663008,
        416.0
      ],
      [
        -2.017612,
        42.66294,
        416.75
      ],
      [
        -2.018099,
        42.66277,
        416.5
      ],
      [
        -2.01816,
        42.662757,
        416.25
      ],
      [
        -2.018352,
        42.662736,
        415.0
      ],
      [
        -2.018467,
        42.662739,
        415.0
      ],
      [
        -2.01877,
        42.662775,
        415.25
      ],
      [
        -2.018994,
        42.662823,
        417.25
      ],
      [
        -2.019272,
        42.662942,
        417.75
      ],
      [
        -2.019459,
        42.663084,
        415.75
      ],
      [
        -2.01957,
        42.663142,
        416.75
      ],
      [
        -2.019819,
        42.663276,
        416.0
      ],
      [
        -2.020051,
        42.663373,
        416.5
      ],
      [
        -2.020251,
        42.6635,
        418.0
      ],
      [
        -2.020362,
        42.663595,
        417.5
      ],
      [
        -2.020459,
        42.663711,
        417.0
      ],
      [
        -2.020618,
        42.66395,
        416.5
      ],
      [
        -2.020769,
        42.664151,
        415.75
      ],
      [
        -2.020989,
        42.664396,
        415.75
      ],
      [
        -2.021084,
        42.664517,
        416.25
      ],
      [
        -2.021299,
        42.664925,
        415.5
      ],
      [
        -2.021363,
        42.665079,
        415.5
      ],
      [
        -2.021488,
        42.665465,
        415.75
      ],
      [
        -2.021581,
        42.665708,
        415.25
      ],
      [
        -2.021707,
        42.665968,
        416.0
      ],
      [
        -2.021859,
        42.666236,
        416.25
      ],
      [
        -2.022253,
        42.66689,
        415.75
      ],
      [
        -2.02244,
        42.667119,
        415.75
      ],
      [
        -2.022613,
        42.667364,
        416.25
      ],
      [
        -2.022925,
        42.667779,
        417.0
      ],
      [
        -2.02304,
        42.667833,
        419.75
      ],
      [
        -2.022916,
        42.667565,
        421.5
      ],
      [
        -2.022669,
        42.666969,
        423.5
      ],
      [
        -2.022602,
        42.666847,
        424.0
      ],
      [
        -2.022426,
        42.666618,
        424.0
      ],
      [
        -2.022348,
        42.666495,
        424.5
      ],
      [
        -2.022228,
        42.666349,
        424.0
      ],
      [
        -2.022157,
        42.66618,
        425.25
      ],
      [
        -2.021967,
        42.665666,
        425.0
      ],
      [
        -2.021958,
        42.66563,
        425.25
      ],
      [
        -2.021961,
        42.665587,
        426.0
      ],
      [
        -2.022018,
        42.66534,
        426.75
      ],
      [
        -2.022038,
        42.66517,
        427.0
      ],
      [
        -2.021964,
        42.664826,
        426.75
      ],
      [
        -2.02192,
        42.664706,
        426.75
      ],
      [
        -2.021726,
        42.664422,
        429.0
      ],
      [
        -2.021458,
        42.663939,
        430.0
      ],
      [
        -2.021306,
        42.663694,
        430.5
      ],
      [
        -2.021234,
        42.663526,
        431.0
      ],
      [
        -2.021221,
        42.663299,
        431.5
      ],
      [
        -2.021181,
        42.663099,
        432.25
      ],
      [
        -2.021109,
        42.662838,
        432.75
      ],
      [
        -2.021083,
        42.662719,
        434.75
      ],
      [
        -2.021109,
        42.662838,
        432.75
      ],
      [
        -2.021181,
        42.663099,
        432.25
      ],
      [
        -2.021221,
        42.663299,
        431.5
      ],
      [
        -2.021234,
        42.663526,
        431.0
      ],
      [
        -2.021306,
        42.663694,
        430.5
      ],
      [
        -2.021458,
        42.663939,
        430.0
      ],
      [
        -2.021726,
        42.664422,
        429.0
      ],
      [
        -2.02192,
        42.664706,
        426.75
      ],
      [
        -2.021964,
        42.664826,
        426.75
      ],
      [
        -2.022038,
        42.66517,
        427.0
      ],
      [
        -2.022018,
        42.66534,
        426.75
      ],
      [
        -2.021961,
        42.665587,
        426.0
      ],
      [
        -2.021958,
        42.66563,
        425.25
      ],
      [
        -2.021967,
        42.665666,
        425.0
      ],
      [
        -2.022157,
        42.66618,
        425.25
      ],
      [
        -2.022228,
        42.666349,
        424.0
      ],
      [
        -2.022348,
        42.666495,
        424.5
      ],
      [
        -2.022426,
        42.666618,
        424.0
      ],
      [
        -2.022602,
        42.666847,
        424.0
      ],
      [
        -2.022669,
        42.666969,
        423.5
      ],
      [
        -2.022916,
        42.667565,
        421.5
      ],
      [
        -2.02304,
        42.667833,
        419.75
      ],
      [
        -2.023125,
        42.668015,
        420.25
      ],
      [
        -2.023299,
        42.668437,
        420.25
      ],
      [
        -2.023338,
        42.668497,
        420.0
      ],
      [
        -2.023485,
        42.668632,
        420.25
      ],
      [
        -2.023605,
        42.668778,
        420.25
      ],
      [
        -2.023765,
        42.669322,
        417.5
      ],
      [
        -2.023771,
        42.669345,
        417.5
      ],
      [
        -2.023843,
        42.669413,
        417.25
      ],
      [
        -2.023967,
        42.669529,
        418.5
      ],
      [
        -2.024194,
        42.669711,
        419.25
      ],
      [
        -2.024251,
        42.66975,
        419.75
      ],
      [
        -2.02433,
        42.669784,
        420.25
      ],
      [
        -2.024534,
        42.669795,
        421.0
      ],
      [
        -2.025064,
        42.669809,
        420.75
      ],
      [
        -2.025309,
        42.669815,
        420.5
      ],
      [
        -2.026012,
        42.669833,
        420.5
      ],
      [
        -2.026418,
        42.669837,
        421.0
      ],
      [
        -2.02658,
        42.669845,
        421.75
      ],
      [
        -2.027175,
        42.669894,
        420.25
      ],
      [
        -2.027601,
        42.669849,
        419.25
      ],
      [
        -2.028152,
        42.669761,
        419.25
      ],
      [
        -2.028528,
        42.66967,
        420.5
      ],
      [
        -2.02871,
        42.669617,
        420.5
      ],
      [
        -2.029152,
        42.669468,
        420.75
      ],
      [
        -2.0292,
        42.669451,
        420.75
      ],
      [
        -2.029292,
        42.669421,
        421.0
      ],
      [
        -2.029316,
        42.669417,
        420.75
      ],
      [
        -2.029359,
        42.669404,
        420.75
      ],
      [
        -2.029413,
        42.669361,
        420.5
      ],
      [
        -2.029632,
        42.669156,
        421.0
      ],
      [
        -2.029953,
        42.668844,
        421.75
      ],
      [
        -2.030649,
        42.668229,
        422.0
      ],
      [
        -2.030722,
        42.668164,
        422.0
      ],
      [
        -2.030764,
        42.66808,
        422.0
      ],
      [
        -2.030817,
        42.667988,
        422.75
      ],
      [
        -2.030831,
        42.667963,
        423.0
      ],
      [
        -2.030842,
        42.667945,
        423.0
      ],
      [
        -2.031293,
        42.667347,
        426.5
      ],
      [
        -2.031428,
        42.667205,
        426.5
      ],
      [
        -2.031704,
        42.666835,
        428.0
      ],
      [
        -2.031666,
        42.666814,
        428.25
      ],
      [
        -2.031612,
        42.666792,
        429.5
      ],
      [
        -2.031715,
        42.666657,
        428.5
      ],
      [
        -2.031792,
        42.666612,
        428.25
      ],
      [
        -2.031834,
        42.666599,
        428.0
      ],
      [
        -2.031894,
        42.666596,
        427.5
      ],
      [
        -2.031966,
        42.666616,
        427.0
      ],
      [
        -2.032033,
        42.666611,
        427.25
      ],
      [
        -2.032093,
        42.666584,
        427.25
      ],
      [
        -2.032109,
        42.66657,
        427.5
      ],
      [
        -2.032128,
        42.666542,
        427.5
      ],
      [
        -2.032137,
        42.666508,
        427.75
      ],
      [
        -2.032131,
        42.666474,
        428.0
      ],
      [
        -2.032104,
        42.666435,
        428.25
      ],
      [
        -2.032037,
        42.666179,
        428.75
      ],
      [
        -2.032002,
        42.665806,
        430.25
      ],
      [
        -2.032,
        42.665711,
        430.75
      ],
      [
        -2.032004,
        42.665594,
        431.25
      ],
      [
        -2.032006,
        42.665488,
        431.75
      ],
      [
        -2.032048,
        42.665152,
        433.0
      ],
      [
        -2.032155,
        42.66485,
        434.25
      ],
      [
        -2.032278,
        42.66452,
        435.75
      ],
      [
        -2.032362,
        42.664318,
        437.0
      ],
      [
        -2.032546,
        42.664192,
        437.75
      ],
      [
        -2.032642,
        42.664127,
        438.0
      ],
      [
        -2.032717,
        42.664119,
        438.0
      ],
      [
        -2.032786,
        42.664095,
        438.25
      ],
      [
        -2.032963,
        42.664109,
        438.0
      ],
      [
        -2.033169,
        42.664133,
        438.0
      ],
      [
        -2.033214,
        42.66415,
        438.0
      ],
      [
        -2.033469,
        42.664246,
        443.5
      ],
      [
        -2.033619,
        42.664274,
        446.0
      ],
      [
        -2.033775,
        42.664278,
        446.0
      ],
      [
        -2.033932,
        42.664269,
        445.75
      ],
      [
        -2.034127,
        42.664223,
        444.25
      ],
      [
        -2.034288,
        42.664159,
        444.5
      ],
      [
        -2.034423,
        42.664083,
        446.5
      ],
      [
        -2.034551,
        42.663976,
        448.0
      ],
      [
        -2.03465,
        42.663868,
        447.75
      ],
      [
        -2.034697,
        42.663794,
        448.0
      ],
      [
        -2.034841,
        42.663497,
        449.5
      ],
      [
        -2.034884,
        42.663407,
        450.0
      ],
      [
        -2.035269,
        42.662633,
        453.75
      ],
      [
        -2.035394,
        42.662382,
        457.0
      ],
      [
        -2.035401,
        42.662327,
        457.0
      ],
      [
        -2.035342,
        42.662279,
        455.75
      ],
      [
        -2.035301,
        42.662268,
        455.0
      ],
      [
        -2.035003,
        42.662186,
        455.0
      ],
      [
        -2.034952,
        42.662171,
        454.5
      ],
      [
        -2.034966,
        42.66215,
        454.5
      ],
      [
        -2.035164,
        42.661898,
        456.75
      ],
      [
        -2.035221,
        42.661765,
        457.75
      ],
      [
        -2.035358,
        42.661335,
        461.75
      ],
      [
        -2.03539,
        42.661224,
        463.0
      ],
      [
        -2.035417,
        42.661126,
        463.75
      ],
      [
        -2.035475,
        42.661055,
        464.25
      ],
      [
        -2.035631,
        42.660977,
        465.75
      ],
      [
        -2.035861,
        42.660887,
        468.5
      ],
      [
        -2.035956,
        42.660841,
        470.5
      ],
      [
        -2.036043,
        42.660788,
        471.5
      ],
      [
        -2.036203,
        42.660738,
        472.75
      ],
      [
        -2.036281,
        42.6607,
        472.5
      ],
      [
        -2.036605,
        42.660482,
        474.0
      ],
      [
        -2.036637,
        42.660444,
        474.25
      ],
      [
        -2.036671,
        42.660366,
        474.0
      ],
      [
        -2.036696,
        42.660142,
        473.25
      ],
      [
        -2.036733,
        42.660074,
        473.75
      ],
      [
        -2.037016,
        42.659863,
        478.5
      ],
      [
        -2.037402,
        42.659471,
        479.5
      ],
      [
        -2.037571,
        42.659248,
        483.0
      ],
      [
        -2.037968,
        42.658434,
        487.25
      ],
      [
        -2.038057,
        42.658336,
        487.0
      ],
      [
        -2.038054,
        42.658244,
        486.75
      ],
      [
        -2.038131,
        42.657961,
        488.0
      ],
      [
        -2.038203,
        42.657803,
        489.0
      ],
      [
        -2.038281,
        42.657765,
        489.5
      ],
      [
        -2.03852,
        42.657543,
        490.25
      ],
      [
        -2.038735,
        42.657332,
        491.25
      ],
      [
        -2.038928,
        42.657125,
        491.75
      ],
      [
        -2.038446,
        42.656865,
        487.75
      ],
      [
        -2.03821,
        42.656741,
        486.75
      ],
      [
        -2.038237,
        42.656716,
        487.0
      ],
      [
        -2.038303,
        42.656649,
        488.0
      ],
      [
        -2.038237,
        42.656716,
        487.0
      ],
      [
        -2.03821,
        42.656741,
        486.75
      ],
      [
        -2.038111,
        42.656689,
        486.25
      ],
      [
        -2.038016,
        42.656616,
        486.0
      ],
      [
        -2.03806,
        42.656587,
        486.25
      ],
      [
        -2.038076,
        42.656545,
        486.5
      ],
      [
        -2.038071,
        42.656523,
        486.5
      ],
      [
        -2.038037,
        42.656488,
        486.5
      ],
      [
        -2.038117,
        42.656404,
        487.0
      ],
      [
        -2.038511,
        42.655992,
        489.5
      ],
      [
        -2.038898,
        42.655593,
        491.0
      ],
      [
        -2.038959,
        42.655542,
        491.0
      ],
      [
        -2.039717,
        42.655069,
        491.75
      ],
      [
        -2.039799,
        42.655018,
        491.25
      ],
      [
        -2.039853,
        42.654985,
        491.25
      ],
      [
        -2.040569,
        42.654523,
        488.75
      ],
      [
        -2.041176,
        42.65414,
        487.5
      ],
      [
        -2.041322,
        42.65405,
        487.25
      ],
      [
        -2.041576,
        42.653892,
        487.75
      ],
      [
        -2.041573,
        42.653847,
        488.25
      ],
      [
        -2.04157,
        42.653816,
        488.25
      ],
      [
        -2.04158,
        42.653655,
        489.25
      ],
      [
        -2.041602,
        42.653579,
        489.75
      ],
      [
        -2.041622,
        42.653443,
        490.25
      ],
      [
        -2.041688,
        42.653206,
        491.5
      ],
      [
        -2.041845,
        42.652922,
        493.5
      ],
      [
        -2.041971,
        42.652763,
        494.25
      ],
      [
        -2.042099,
        42.652586,
        497.25
      ],
      [
        -2.042138,
        42.652533,
        497.5
      ],
      [
        -2.042249,
        42.652248,
        501.25
      ],
      [
        -2.042469,
        42.65195,
        502.25
      ],
      [
        -2.042671,
        42.651715,
        504.0
      ],
      [
        -2.042894,
        42.651527,
        505.5
      ],
      [
        -2.042973,
        42.651478,
        505.5
      ],
      [
        -2.043414,
        42.65107,
        509.75
      ],
      [
        -2.043573,
        42.650858,
        511.5
      ],
      [
        -2.043595,
        42.650821,
        511.5
      ],
      [
        -2.043932,
        42.650479,
        515.0
      ],
      [
        -2.044032,
        42.650389,
        515.75
      ],
      [
        -2.044072,
        42.650353,
        516.0
      ],
      [
        -2.044178,
        42.65026,
        516.0
      ],
      [
        -2.044206,
        42.650236,
        516.25
      ],
      [
        -2.044536,
        42.650001,
        517.75
      ],
      [
        -2.044593,
        42.64996,
        518.25
      ],
      [
        -2.044948,
        42.649703,
        521.0
      ],
      [
        -2.045499,
        42.649367,
        523.25
      ],
      [
        -2.046537,
        42.648759,
        529.25
      ],
      [
        -2.04712,
        42.648379,
        532.5
      ],
      [
        -2.047242,
        42.648272,
        533.25
      ],
      [
        -2.047337,
        42.648142,
        534.5
      ],
      [
        -2.047734,
        42.647435,
        540.25
      ],
      [
        -2.047774,
        42.646816,
        545.75
      ],
      [
        -2.047846,
        42.646478,
        548.5
      ],
      [
        -2.0479,
        42.646332,
        549.75
      ],
      [
        -2.047982,
        42.646299,
        550.25
      ],
      [
        -2.047996,
        42.64625,
        550.75
      ],
      [
        -2.048089,
        42.645919,
        553.25
      ],
      [
        -2.048109,
        42.645806,
        554.25
      ],
      [
        -2.048112,
        42.645662,
        555.5
      ],
      [
        -2.048095,
        42.645455,
        557.25
      ],
      [
        -2.048078,
        42.645411,
        557.5
      ],
      [
        -2.048205,
        42.645393,
        558.5
      ],
      [
        -2.04824,
        42.645369,
        558.75
      ],
      [
        -2.048284,
        42.645361,
        559.0
      ],
      [
        -2.04833,
        42.645364,
        559.25
      ],
      [
        -2.049066,
        42.645527,
        560.0
      ],
      [
        -2.049255,
        42.645722,
        558.0
      ],
      [
        -2.049488,
        42.645903,
        557.5
      ],
      [
        -2.049732,
        42.646021,
        556.0
      ],
      [
        -2.050001,
        42.6461,
        557.0
      ],
      [
        -2.051043,
        42.646297,
        557.25
      ],
      [
        -2.051433,
        42.646329,
        558.5
      ],
      [
        -2.051823,
        42.646323,
        559.75
      ],
      [
        -2.052255,
        42.646262,
        560.75
      ],
      [
        -2.052768,
        42.646155,
        563.25
      ],
      [
        -2.053347,
        42.64598,
        566.25
      ],
      [
        -2.0537,
        42.645811,
        568.75
      ],
      [
        -2.053916,
        42.645661,
        570.0
      ],
      [
        -2.05402,
        42.645523,
        572.0
      ],
      [
        -2.054756,
        42.645307,
        573.0
      ],
      [
        -2.054923,
        42.645259,
        573.0
      ],
      [
        -2.055281,
        42.64521,
        572.5
      ],
      [
        -2.055539,
        42.645205,
        573.0
      ],
      [
        -2.055702,
        42.645217,
        572.75
      ],
      [
        -2.055983,
        42.645301,
        571.75
      ],
      [
        -2.056118,
        42.645443,
        571.25
      ],
      [
        -2.056212,
        42.645543,
        571.0
      ],
      [
        -2.056291,
        42.645628,
        570.25
      ],
      [
        -2.056354,
        42.645712,
        569.75
      ],
      [
        -2.056366,
        42.645767,
        569.25
      ],
      [
        -2.056364,
        42.645824,
        568.75
      ],
      [
        -2.056795,
        42.646101,
        568.0
      ],
      [
        -2.057091,
        42.646314,
        566.5
      ],
      [
        -2.057313,
        42.646223,
        567.5
      ],
      [
        -2.057714,
        42.646034,
        567.75
      ],
      [
        -2.058367,
        42.645923,
        569.0
      ],
      [
        -2.059779,
        42.64559,
        570.5
      ],
      [
        -2.059994,
        42.645531,
        571.25
      ],
      [
        -2.0602,
        42.645486,
        571.0
      ],
      [
        -2.060504,
        42.645382,
        570.75
      ],
      [
        -2.060864,
        42.645269,
        569.0
      ],
      [
        -2.061128,
        42.645214,
        569.75
      ],
      [
        -2.061354,
        42.645194,
        570.5
      ],
      [
        -2.06148,
        42.645168,
        571.25
      ],
      [
        -2.062377,
        42.644899,
        573.75
      ],
      [
        -2.062512,
        42.64484,
        575.75
      ],
      [
        -2.062629,
        42.644789,
        575.0
      ],
      [
        -2.063132,
        42.644552,
        573.5
      ],
      [
        -2.063553,
        42.64439,
        574.0
      ],
      [
        -2.064609,
        42.643916,
        578.0
      ],
      [
        -2.06497,
        42.643673,
        579.75
      ],
      [
        -2.06564,
        42.643283,
        578.25
      ],
      [
        -2.065735,
        42.643187,
        578.0
      ],
      [
        -2.06684,
        42.642668,
        580.25
      ],
      [
        -2.067353,
        42.642506,
        580.75
      ],
      [
        -2.067979,
        42.642205,
        585.75
      ],
      [
        -2.068122,
        42.642135,
        587.25
      ],
      [
        -2.068371,
        42.642025,
        588.75
      ],
      [
        -2.068596,
        42.64196,
        589.0
      ],
      [
        -2.06897,
        42.641916,
        590.75
      ],
      [
        -2.069063,
        42.641906,
        590.5
      ],
      [
        -2.069168,
        42.641923,
        590.0
      ],
      [
        -2.069371,
        42.641923,
        587.75
      ],
      [
        -2.069526,
        42.641897,
        586.25
      ],
      [
        -2.069848,
        42.641861,
        583.75
      ],
      [
        -2.070112,
        42.641864,
        582.25
      ],
      [
        -2.070261,
        42.641893,
        581.5
      ],
      [
        -2.070377,
        42.641894,
        581.25
      ],
      [
        -2.070546,
        42.64186,
        580.25
      ],
      [
        -2.070708,
        42.641802,
        579.0
      ],
      [
        -2.07116,
        42.641641,
        577.75
      ],
      [
        -2.071786,
        42.641355,
        576.0
      ],
      [
        -2.072405,
        42.641,
        574.5
      ],
      [
        -2.072518,
        42.640936,
        576.0
      ],
      [
        -2.072658,
        42.640901,
        577.75
      ],
      [
        -2.073066,
        42.640854,
        579.0
      ],
      [
        -2.073185,
        42.640808,
        579.25
      ],
      [
        -2.07323,
        42.640776,
        579.5
      ],
      [
        -2.073236,
        42.640722,
        580.25
      ],
      [
        -2.073005,
        42.640615,
        582.25
      ],
      [
        -2.072975,
        42.64058,
        582.75
      ],
      [
        -2.072966,
        42.640547,
        583.25
      ],
      [
        -2.072983,
        42.640501,
        583.75
      ],
      [
        -2.072973,
        42.640476,
        584.25
      ],
      [
        -2.072944,
        42.64043,
        585.0
      ],
      [
        -2.072904,
        42.640402,
        585.25
      ],
      [
        -2.072888,
        42.640379,
        585.75
      ],
      [
        -2.072907,
        42.640189,
        587.5
      ],
      [
        -2.072898,
        42.640169,
        587.75
      ],
      [
        -2.072813,
        42.640082,
        588.25
      ],
      [
        -2.0728,
        42.640058,
        588.5
      ],
      [
        -2.072778,
        42.639957,
        589.25
      ],
      [
        -2.072777,
        42.639852,
        590.0
      ],
      [
        -2.072809,
        42.63976,
        590.75
      ],
      [
        -2.072752,
        42.639715,
        590.5
      ],
      [
        -2.07272,
        42.639659,
        590.25
      ],
      [
        -2.072711,
        42.639567,
        591.0
      ],
      [
        -2.072697,
        42.639508,
        591.25
      ],
      [
        -2.072633,
        42.639333,
        591.75
      ],
      [
        -2.072617,
        42.639232,
        592.75
      ],
      [
        -2.072637,
        42.639201,
        593.5
      ],
      [
        -2.07267,
        42.639177,
        594.25
      ],
      [
        -2.073168,
        42.639115,
        598.5
      ],
      [
        -2.073389,
        42.639105,
        599.25
      ],
      [
        -2.073575,
        42.639089,
        599.5
      ],
      [
        -2.074124,
        42.638996,
        598.25
      ],
      [
        -2.074485,
        42.638975,
        596.75
      ],
      [
        -2.074814,
        42.638934,
        595.75
      ],
      [
        -2.074976,
        42.638902,
        594.0
      ],
      [
        -2.075559,
        42.638529,
        590.5
      ],
      [
        -2.075734,
        42.638479,
        590.25
      ],
      [
        -2.077099,
        42.638199,
        588.5
      ],
      [
        -2.077683,
        42.638045,
        586.5
      ],
      [
        -2.077951,
        42.637974,
        585.5
      ],
      [
        -2.078171,
        42.637952,
        585.75
      ],
      [
        -2.078409,
        42.63795,
        586.0
      ],
      [
        -2.07825,
        42.637794,
        587.75
      ],
      [
        -2.078072,
        42.637702,
        588.5
      ],
      [
        -2.077947,
        42.637656,
        588.25
      ],
      [
        -2.077769,
        42.637573,
        588.5
      ],
      [
        -2.077677,
        42.637485,
        589.25
      ],
      [
        -2.078001,
        42.637404,
        589.75
      ],
      [
        -2.078513,
        42.637297,
        586.5
      ],
      [
        -2.078866,
        42.637255,
        583.5
      ],
      [
        -2.080448,
        42.637066,
        576.25
      ],
      [
        -2.082173,
        42.636859,
        573.5
      ],
      [
        -2.082587,
        42.636799,
        575.5
      ],
      [
        -2.082901,
        42.63671,
        572.75
      ],
      [
        -2.083165,
        42.636584,
        571.25
      ],
      [
        -2.083583,
        42.636324,
        571.0
      ],
      [
        -2.084249,
        42.635896,
        570.0
      ],
      [
        -2.084443,
        42.635743,
        570.25
      ],
      [
        -2.08496,
        42.635295,
        569.5
      ],
      [
        -2.085108,
        42.635183,
        569.25
      ],
      [
        -2.085265,
        42.635083,
        569.0
      ],
      [
        -2.085422,
        42.635136,
        570.0
      ],
      [
        -2.085504,
        42.63519,
        570.5
      ],
      [
        -2.085865,
        42.63551,
        574.5
      ],
      [
        -2.085992,
        42.63559,
        574.75
      ],
      [
        -2.08614,
        42.635669,
        575.5
      ],
      [
        -2.086424,
        42.635731,
        577.25
      ],
      [
        -2.086553,
        42.635744,
        577.75
      ],
      [
        -2.086667,
        42.63579,
        578.25
      ],
      [
        -2.086742,
        42.635799,
        578.25
      ],
      [
        -2.086815,
        42.635779,
        578.5
      ],
      [
        -2.086886,
        42.63575,
        578.75
      ],
      [
        -2.086883,
        42.635402,
        580.75
      ],
      [
        -2.086882,
        42.635389,
        580.75
      ],
      [
        -2.086868,
        42.635328,
        581.5
      ],
      [
        -2.086939,
        42.635259,
        581.0
      ],
      [
        -2.087145,
        42.635174,
        580.5
      ],
      [
        -2.087146,
        42.634949,
        580.0
      ],
      [
        -2.087213,
        42.634748,
        578.25
      ],
      [
        -2.087335,
        42.634566,
        576.0
      ],
      [
        -2.087455,
        42.634399,
        575.5
      ],
      [
        -2.087543,
        42.634263,
        575.5
      ],
      [
        -2.087987,
        42.633771,
        573.75
      ],
      [
        -2.088947,
        42.63261,
        581.25
      ],
      [
        -2.08926,
        42.632093,
        582.25
      ],
      [
        -2.089506,
        42.631568,
        582.75
      ],
      [
        -2.089635,
        42.631272,
        582.75
      ],
      [
        -2.090086,
        42.63037,
        583.25
      ],
      [
        -2.090158,
        42.630239,
        584.0
      ],
      [
        -2.090266,
        42.630082,
        585.75
      ],
      [
        -2.090398,
        42.629966,
        587.5
      ],
      [
        -2.092146,
        42.628837,
        594.25
      ],
      [
        -2.093775,
        42.627768,
        600.5
      ],
      [
        -2.095488,
        42.626688,
        607.25
      ],
      [
        -2.096137,
        42.626317,
        609.75
      ],
      [
        -2.096471,
        42.626156,
        612.5
      ],
      [
        -2.096829,
        42.626004,
        613.25
      ],
      [
        -2.097319,
        42.625835,
        614.0
      ],
      [
        -2.097671,
        42.625738,
        615.25
      ],
      [
        -2.098014,
        42.62569,
        616.0
      ],
      [
        -2.09833,
        42.625657,
        615.25
      ],
      [
        -2.098495,
        42.62561,
        615.75
      ],
      [
        -2.098596,
        42.62549,
        615.75
      ],
      [
        -2.098633,
        42.625275,
        616.0
      ],
      [
        -2.098638,
        42.625229,
        616.0
      ],
      [
        -2.098728,
        42.625224,
        616.25
      ],
      [
        -2.098812,
        42.625198,
        616.5
      ],
      [
        -2.098881,
        42.625155,
        616.5
      ],
      [
        -2.098935,
        42.625184,
        616.5
      ],
      [
        -2.099815,
        42.625646,
        622.5
      ],
      [
        -2.100454,
        42.625999,
        627.25
      ],
      [
        -2.100996,
        42.626343,
        630.25
      ],
      [
        -2.101266,
        42.626561,
        632.5
      ],
      [
        -2.10224,
        42.627284,
        641.25
      ],
      [
        -2.102319,
        42.627371,
        642.25
      ],
      [
        -2.102359,
        42.627456,
        643.0
      ],
      [
        -2.102369,
        42.627558,
        644.0
      ],
      [
        -2.102367,
        42.627665,
        644.75
      ],
      [
        -2.102347,
        42.627885,
        646.75
      ],
      [
        -2.102355,
        42.627952,
        647.25
      ],
      [
        -2.102393,
        42.628011,
        647.5
      ],
      [
        -2.102448,
        42.628047,
        647.75
      ],
      [
        -2.102522,
        42.628058,
        648.25
      ],
      [
        -2.102625,
        42.628038,
        649.5
      ],
      [
        -2.103177,
        42.627672,
        651.5
      ],
      [
        -2.10324,
        42.627648,
        652.0
      ],
      [
        -2.103292,
        42.62764,
        652.5
      ],
      [
        -2.103339,
        42.627671,
        653.25
      ],
      [
        -2.103361,
        42.627718,
        654.0
      ],
      [
        -2.103357,
        42.627769,
        654.25
      ],
      [
        -2.103231,
        42.628047,
        655.75
      ],
      [
        -2.103089,
        42.628424,
        658.75
      ],
      [
        -2.10305,
        42.628736,
        662.25
      ],
      [
        -2.103121,
        42.628768,
        663.75
      ],
      [
        -2.103203,
        42.628785,
        665.5
      ],
      [
        -2.103236,
        42.628846,
        666.75
      ],
      [
        -2.103342,
        42.629171,
        671.0
      ],
      [
        -2.103305,
        42.62918,
        670.5
      ],
      [
        -2.103197,
        42.629235,
        669.5
      ],
      [
        -2.103094,
        42.629298,
        668.75
      ],
      [
        -2.103065,
        42.62949,
        672.0
      ],
      [
        -2.103089,
        42.629606,
        675.0
      ],
      [
        -2.10306,
        42.629757,
        677.5
      ],
      [
        -2.103054,
        42.629931,
        679.75
      ],
      [
        -2.103118,
        42.630099,
        683.0
      ],
      [
        -2.103187,
        42.630233,
        686.5
      ],
      [
        -2.103123,
        42.630337,
        687.25
      ],
      [
        -2.102886,
        42.630471,
        688.75
      ],
      [
        -2.102618,
        42.630582,
        688.5
      ],
      [
        -2.102248,
        42.630789,
        690.25
      ],
      [
        -2.101994,
        42.631003,
        693.75
      ],
      [
        -2.101835,
        42.631149,
        695.25
      ],
      [
        -2.101762,
        42.631339,
        697.0
      ],
      [
        -2.101749,
        42.631454,
        698.5
      ],
      [
        -2.101755,
        42.631678,
        703.0
      ],
      [
        -2.101742,
        42.631852,
        705.0
      ],
      [
        -2.101551,
        42.632177,
        708.75
      ],
      [
        -2.101524,
        42.632241,
        709.5
      ],
      [
        -2.101695,
        42.63264,
        717.0
      ],
      [
        -2.101712,
        42.632806,
        718.25
      ],
      [
        -2.101628,
        42.633205,
        722.25
      ],
      [
        -2.101712,
        42.632806,
        718.25
      ],
      [
        -2.101695,
        42.63264,
        717.0
      ],
      [
        -2.101524,
        42.632241,
        709.5
      ],
      [
        -2.101551,
        42.632177,
        708.75
      ],
      [
        -2.101742,
        42.631852,
        705.0
      ],
      [
        -2.101755,
        42.631678,
        703.0
      ],
      [
        -2.101749,
        42.631454,
        698.5
      ],
      [
        -2.101762,
        42.631339,
        697.0
      ],
      [
        -2.101835,
        42.631149,
        695.25
      ],
      [
        -2.101994,
        42.631003,
        693.75
      ],
      [
        -2.102248,
        42.630789,
        690.25
      ],
      [
        -2.102618,
        42.630582,
        688.5
      ],
      [
        -2.102886,
        42.630471,
        688.75
      ],
      [
        -2.103123,
        42.630337,
        687.25
      ],
      [
        -2.103187,
        42.630233,
        686.5
      ],
      [
        -2.103118,
        42.630099,
        683.0
      ],
      [
        -2.103054,
        42.629931,
        679.75
      ],
      [
        -2.10306,
        42.629757,
        677.5
      ],
      [
        -2.103089,
        42.629606,
        675.0
      ],
      [
        -2.103065,
        42.62949,
        672.0
      ],
      [
        -2.103094,
        42.629298,
        668.75
      ],
      [
        -2.103197,
        42.629235,
        669.5
      ],
      [
        -2.103305,
        42.62918,
        670.5
      ],
      [
        -2.103342,
        42.629171,
        671.0
      ],
      [
        -2.103236,
        42.628846,
        666.75
      ],
      [
        -2.103203,
        42.628785,
        665.5
      ],
      [
        -2.103121,
        42.628768,
        663.75
      ],
      [
        -2.10305,
        42.628736,
        662.25
      ],
      [
        -2.103089,
        42.628424,
        658.75
      ],
      [
        -2.103231,
        42.628047,
        655.75
      ],
      [
        -2.103357,
        42.627769,
        654.25
      ],
      [
        -2.103361,
        42.627718,
        654.0
      ],
      [
        -2.103339,
        42.627671,
        653.25
      ],
      [
        -2.103292,
        42.62764,
        652.5
      ],
      [
        -2.10324,
        42.627648,
        652.0
      ],
      [
        -2.103177,
        42.627672,
        651.5
      ],
      [
        -2.102625,
        42.628038,
        649.5
      ],
      [
        -2.102522,
        42.628058,
        648.25
      ],
      [
        -2.102448,
        42.628047,
        647.75
      ],
      [
        -2.102393,
        42.628011,
        647.5
      ],
      [
        -2.102355,
        42.627952,
        647.25
      ],
      [
        -2.102347,
        42.627885,
        646.75
      ],
      [
        -2.102367,
        42.627665,
        644.75
      ],
      [
        -2.102369,
        42.627558,
        644.0
      ],
      [
        -2.102359,
        42.627456,
        643.0
      ],
      [
        -2.102319,
        42.627371,
        642.25
      ],
      [
        -2.10224,
        42.627284,
        641.25
      ],
      [
        -2.101266,
        42.626561,
        632.5
      ],
      [
        -2.100996,
        42.626343,
        630.25
      ],
      [
        -2.100454,
        42.625999,
        627.25
      ],
      [
        -2.099815,
        42.625646,
        622.5
      ],
      [
        -2.098935,
        42.625184,
        616.5
      ],
      [
        -2.098881,
        42.625155,
        616.5
      ],
      [
        -2.098926,
        42.625102,
        616.25
      ],
      [
        -2.098949,
        42.625041,
        615.75
      ],
      [
        -2.098946,
        42.624978,
        615.5
      ],
      [
        -2.098918,
        42.624918,
        615.25
      ],
      [
        -2.098868,
        42.624867,
        615.0
      ],
      [
        -2.0988,
        42.624828,
        615.0
      ],
      [
        -2.098719,
        42.624806,
        615.0
      ],
      [
        -2.098634,
        42.624803,
        615.25
      ],
      [
        -2.09855,
        42.624818,
        615.5
      ],
      [
        -2.098476,
        42.62485,
        615.5
      ],
      [
        -2.098419,
        42.624897,
        615.75
      ],
      [
        -2.098374,
        42.624871,
        615.5
      ],
      [
        -2.098035,
        42.624685,
        614.75
      ],
      [
        -2.097295,
        42.624295,
        615.5
      ],
      [
        -2.097016,
        42.624136,
        618.5
      ],
      [
        -2.097056,
        42.624069,
        618.25
      ],
      [
        -2.097063,
        42.623995,
        618.25
      ],
      [
        -2.097038,
        42.623924,
        618.25
      ],
      [
        -2.096984,
        42.623862,
        618.5
      ],
      [
        -2.096915,
        42.62382,
        618.5
      ],
      [
        -2.096832,
        42.623795,
        618.75
      ],
      [
        -2.096744,
        42.623789,
        619.25
      ],
      [
        -2.096656,
        42.623801,
        619.5
      ],
      [
        -2.096643,
        42.623632,
        619.0
      ],
      [
        -2.096682,
        42.623508,
        618.75
      ],
      [
        -2.096773,
        42.623352,
        618.0
      ],
      [
        -2.096904,
        42.623241,
        617.5
      ],
      [
        -2.097073,
        42.623126,
        616.0
      ],
      [
        -2.097465,
        42.62292,
        615.25
      ],
      [
        -2.097965,
        42.622634,
        610.75
      ],
      [
        -2.098153,
        42.622494,
        607.5
      ],
      [
        -2.098338,
        42.62234,
        606.25
      ],
      [
        -2.098567,
        42.622086,
        605.0
      ],
      [
        -2.098776,
        42.621788,
        601.0
      ],
      [
        -2.099424,
        42.620736,
        594.0
      ],
      [
        -2.10113,
        42.618005,
        604.75
      ],
      [
        -2.101741,
        42.617189,
        600.5
      ],
      [
        -2.102018,
        42.616843,
        598.0
      ],
      [
        -2.102487,
        42.616259,
        594.0
      ],
      [
        -2.102085,
        42.615955,
        591.0
      ],
      [
        -2.101537,
        42.615525,
        587.5
      ],
      [
        -2.101417,
        42.61542,
        586.75
      ],
      [
        -2.101332,
        42.615329,
        586.75
      ],
      [
        -2.101072,
        42.615018,
        587.75
      ],
      [
        -2.100262,
        42.613963,
        590.5
      ],
      [
        -2.100135,
        42.61376,
        591.25
      ],
      [
        -2.100068,
        42.613633,
        591.5
      ],
      [
        -2.100015,
        42.613482,
        591.25
      ],
      [
        -2.099636,
        42.612803,
        597.5
      ],
      [
        -2.099719,
        42.612746,
        597.5
      ],
      [
        -2.099834,
        42.612604,
        599.0
      ],
      [
        -2.0998,
        42.612476,
        601.0
      ],
      [
        -2.09932,
        42.612348,
        604.25
      ],
      [
        -2.099566,
        42.611906,
        595.5
      ],
      [
        -2.099441,
        42.611862,
        595.0
      ],
      [
        -2.099305,
        42.611786,
        594.5
      ],
      [
        -2.099251,
        42.611665,
        592.75
      ],
      [
        -2.099232,
        42.611477,
        591.25
      ],
      [
        -2.099258,
        42.611403,
        590.75
      ],
      [
        -2.099525,
        42.610911,
        588.75
      ],
      [
        -2.099629,
        42.610941,
        588.5
      ],
      [
        -2.10002,
        42.610788,
        585.75
      ],
      [
        -2.1003,
        42.61071,
        583.75
      ],
      [
        -2.100723,
        42.610635,
        580.5
      ],
      [
        -2.101508,
        42.610539,
        577.0
      ],
      [
        -2.102124,
        42.610456,
        574.75
      ],
      [
        -2.102406,
        42.610388,
        573.25
      ],
      [
        -2.102748,
        42.610297,
        572.0
      ],
      [
        -2.103312,
        42.610119,
        569.5
      ],
      [
        -2.103578,
        42.60997,
        568.25
      ],
      [
        -2.103818,
        42.609747,
        567.25
      ],
      [
        -2.103949,
        42.609657,
        567.75
      ],
      [
        -2.10405,
        42.609612,
        568.0
      ],
      [
        -2.104436,
        42.609478,
        565.0
      ],
      [
        -2.104621,
        42.609401,
        564.75
      ],
      [
        -2.10484,
        42.609286,
        564.5
      ],
      [
        -2.105459,
        42.60889,
        562.25
      ],
      [
        -2.105761,
        42.608676,
        560.5
      ],
      [
        -2.105987,
        42.608498,
        559.25
      ],
      [
        -2.106208,
        42.608305,
        557.25
      ],
      [
        -2.106546,
        42.607896,
        554.5
      ],
      [
        -2.106847,
        42.607606,
        549.0
      ],
      [
        -2.1082,
        42.606545,
        541.0
      ],
      [
        -2.108282,
        42.606468,
        541.0
      ],
      [
        -2.108339,
        42.606362,
        540.75
      ],
      [
        -2.108359,
        42.606202,
        540.25
      ],
      [
        -2.10826,
        42.605423,
        537.75
      ],
      [
        -2.108279,
        42.605306,
        537.25
      ],
      [
        -2.108319,
        42.605225,
        536.75
      ],
      [
        -2.108384,
        42.605147,
        536.25
      ],
      [
        -2.108912,
        42.604709,
        534.75
      ],
      [
        -2.110409,
        42.603416,
        530.5
      ],
      [
        -2.110895,
        42.603025,
        530.25
      ],
      [
        -2.111439,
        42.602766,
        527.75
      ],
      [
        -2.112695,
        42.602218,
        523.25
      ],
      [
        -2.113411,
        42.602226,
        520.5
      ],
      [
        -2.114461,
        42.602221,
        518.75
      ],
      [
        -2.114813,
        42.602194,
        519.0
      ],
      [
        -2.115007,
        42.602262,
        519.75
      ],
      [
        -2.115188,
        42.602384,
        520.5
      ],
      [
        -2.115268,
        42.602477,
        521.5
      ],
      [
        -2.116432,
        42.601736,
        522.25
      ],
      [
        -2.11901,
        42.600021,
        520.0
      ],
      [
        -2.119054,
        42.600051,
        520.0
      ],
      [
        -2.119106,
        42.600074,
        520.0
      ],
      [
        -2.119163,
        42.600089,
        520.0
      ],
      [
        -2.119263,
        42.600095,
        520.0
      ],
      [
        -2.11936,
        42.600075,
        520.0
      ],
      [
        -2.119442,
        42.600033,
        520.0
      ],
      [
        -2.119495,
        42.599981,
        520.0
      ],
      [
        -2.119525,
        42.599921,
        520.0
      ],
      [
        -2.11953,
        42.599856,
        520.0
      ],
      [
        -2.119513,
        42.599801,
        520.0
      ],
      [
        -2.119478,
        42.599751,
        520.0
      ],
      [
        -2.119426,
        42.599709,
        520.0
      ],
      [
        -2.120966,
        42.59867,
        528.25
      ],
      [
        -2.121745,
        42.598233,
        526.5
      ],
      [
        -2.12224,
        42.597963,
        524.75
      ],
      [
        -2.122835,
        42.59768,
        522.25
      ],
      [
        -2.127508,
        42.596087,
        511.0
      ],
      [
        -2.128582,
        42.595717,
        508.5
      ],
      [
        -2.132375,
        42.594465,
        504.0
      ],
      [
        -2.133513,
        42.594059,
        503.0
      ],
      [
        -2.1354,
        42.593434,
        499.75
      ],
      [
        -2.135949,
        42.59322,
        500.75
      ],
      [
        -2.136258,
        42.593054,
        499.5
      ],
      [
        -2.136524,
        42.592858,
        499.0
      ],
      [
        -2.136748,
        42.592631,
        498.25
      ],
      [
        -2.136901,
        42.592423,
        498.75
      ],
      [
        -2.137041,
        42.59213,
        498.0
      ],
      [
        -2.137113,
        42.591792,
        497.5
      ],
      [
        -2.137198,
        42.591046,
        495.0
      ],
      [
        -2.137304,
        42.589915,
        494.0
      ],
      [
        -2.137317,
        42.589739,
        493.5
      ],
      [
        -2.137363,
        42.589113,
        495.75
      ],
      [
        -2.137386,
        42.588974,
        496.5
      ],
      [
        -2.137414,
        42.588874,
        497.0
      ],
      [
        -2.137485,
        42.58874,
        497.0
      ],
      [
        -2.138145,
        42.587898,
        499.0
      ],
      [
        -2.138971,
        42.587098,
        503.5
      ],
      [
        -2.142861,
        42.584483,
        508.0
      ],
      [
        -2.143048,
        42.584358,
        507.0
      ],
      [
        -2.150837,
        42.579122,
        489.0
      ],
      [
        -2.151057,
        42.578968,
        489.0
      ],
      [
        -2.151199,
        42.578912,
        489.25
      ],
      [
        -2.151406,
        42.57889,
        489.25
      ],
      [
        -2.151579,
        42.578905,
        492.0
      ],
      [
        -2.152196,
        42.579036,
        493.5
      ],
      [
        -2.152364,
        42.579037,
        492.0
      ],
      [
        -2.152491,
        42.579023,
        491.0
      ],
      [
        -2.152634,
        42.578964,
        490.5
      ],
      [
        -2.152794,
        42.57884,
        490.25
      ],
      [
        -2.1535,
        42.57821,
        492.75
      ],
      [
        -2.153919,
        42.577859,
        493.75
      ],
      [
        -2.154873,
        42.577113,
        491.5
      ],
      [
        -2.155409,
        42.57673,
        487.0
      ],
      [
        -2.155579,
        42.576622,
        485.5
      ],
      [
        -2.155782,
        42.57651,
        484.75
      ],
      [
        -2.156018,
        42.576428,
        483.5
      ],
      [
        -2.156427,
        42.576351,
        481.5
      ],
      [
        -2.163354,
        42.575054,
        465.75
      ],
      [
        -2.167059,
        42.574357,
        464.25
      ],
      [
        -2.167828,
        42.574222,
        461.75
      ],
      [
        -2.168439,
        42.57406,
        461.0
      ],
      [
        -2.169129,
        42.573818,
        459.25
      ],
      [
        -2.169806,
        42.573494,
        458.5
      ],
      [
        -2.170477,
        42.573057,
        459.5
      ],
      [
        -2.171476,
        42.572334,
        458.75
      ],
      [
        -2.173366,
        42.570993,
        462.25
      ],
      [
        -2.174439,
        42.570258,
        461.5
      ],
      [
        -2.176738,
        42.568787,
        454.25
      ],
      [
        -2.178097,
        42.568004,
        451.0
      ],
      [
        -2.179291,
        42.567399,
        449.0
      ],
      [
        -2.181837,
        42.566156,
        448.25
      ],
      [
        -2.182638,
        42.566473,
        449.0
      ],
      [
        -2.183058,
        42.566665,
        450.5
      ],
      [
        -2.183432,
        42.566837,
        450.5
      ],
      [
        -2.184641,
        42.567506,
        453.0
      ],
      [
        -2.18554,
        42.568126,
        456.0
      ],
      [
        -2.185699,
        42.568214,
        456.75
      ],
      [
        -2.186672,
        42.568561,
        457.75
      ],
      [
        -2.186956,
        42.56871,
        457.5
      ],
      [
        -2.187213,
        42.569147,
        460.75
      ],
      [
        -2.187274,
        42.569136,
        460.25
      ],
      [
        -2.189015,
        42.568843,
        455.0
      ],
      [
        -2.18935,
        42.568799,
        454.0
      ],
      [
        -2.190437,
        42.568601,
        448.25
      ],
      [
        -2.191095,
        42.56849,
        446.0
      ],
      [
        -2.191332,
        42.568839,
        446.0
      ],
      [
        -2.191377,
        42.568886,
        446.0
      ],
      [
        -2.191591,
        42.569118,
        446.75
      ],
      [
        -2.191722,
        42.569411,
        447.0
      ],
      [
        -2.191791,
        42.569469,
        447.0
      ],
      [
        -2.191824,
        42.569509,
        447.25
      ],
      [
        -2.192229,
        42.56933,
        445.75
      ],
      [
        -2.192374,
        42.569243,
        445.5
      ],
      [
        -2.192404,
        42.569228,
        445.25
      ],
      [
        -2.192477,
        42.569188,
        445.0
      ],
      [
        -2.192681,
        42.5691,
        445.0
      ],
      [
        -2.193129,
        42.568945,
        443.0
      ],
      [
        -2.193336,
        42.568896,
        441.0
      ],
      [
        -2.19345,
        42.568867,
        442.25
      ],
      [
        -2.193677,
        42.568801,
        443.75
      ],
      [
        -2.193844,
        42.568742,
        444.25
      ],
      [
        -2.19392,
        42.568717,
        444.25
      ],
      [
        -2.194371,
        42.568578,
        445.0
      ],
      [
        -2.194539,
        42.568537,
        445.75
      ],
      [
        -2.195965,
        42.568202,
        452.75
      ],
      [
        -2.196496,
        42.56805,
        455.25
      ],
      [
        -2.197893,
        42.567638,
        461.0
      ],
      [
        -2.197938,
        42.567596,
        461.75
      ],
      [
        -2.19799,
        42.567563,
        462.25
      ],
      [
        -2.198036,
        42.567535,
        462.5
      ],
      [
        -2.198281,
        42.567464,
        464.25
      ],
      [
        -2.19889,
        42.567257,
        466.75
      ],
      [
        -2.199017,
        42.567226,
        467.25
      ],
      [
        -2.199573,
        42.56716,
        468.25
      ],
      [
        -2.199826,
        42.567136,
        469.25
      ],
      [
        -2.200345,
        42.567122,
        470.5
      ],
      [
        -2.200788,
        42.567084,
        471.25
      ],
      [
        -2.201111,
        42.567039,
        471.5
      ],
      [
        -2.202466,
        42.566819,
        467.0
      ],
      [
        -2.202528,
        42.566803,
        467.0
      ],
      [
        -2.202586,
        42.566767,
        466.75
      ],
      [
        -2.202676,
        42.566741,
        466.75
      ],
      [
        -2.203198,
        42.56663,
        467.0
      ],
      [
        -2.203456,
        42.566591,
        467.5
      ],
      [
        -2.203658,
        42.566574,
        467.25
      ],
      [
        -2.204304,
        42.566545,
        465.5
      ],
      [
        -2.205327,
        42.566487,
        465.75
      ],
      [
        -2.205701,
        42.566441,
        466.25
      ],
      [
        -2.205908,
        42.566406,
        466.25
      ],
      [
        -2.206595,
        42.56631,
        465.75
      ],
      [
        -2.207502,
        42.566168,
        465.5
      ],
      [
        -2.207851,
        42.566124,
        466.25
      ],
      [
        -2.208162,
        42.566093,
        467.0
      ],
      [
        -2.209428,
        42.566026,
        467.0
      ],
      [
        -2.210985,
        42.565931,
        467.75
      ],
      [
        -2.212521,
        42.565827,
        467.75
      ],
      [
        -2.213853,
        42.565757,
        467.0
      ],
      [
        -2.214901,
        42.565678,
        465.5
      ],
      [
        -2.216739,
        42.565479,
        467.25
      ],
      [
        -2.217697,
        42.565405,
        467.0
      ],
      [
        -2.223293,
        42.565005,
        466.0
      ],
      [
        -2.223609,
        42.564969,
        466.75
      ],
      [
        -2.224044,
        42.564905,
        466.25
      ],
      [
        -2.228131,
        42.564192,
        461.75
      ],
      [
        -2.23127,
        42.563664,
        451.0
      ],
      [
        -2.232044,
        42.563518,
        457.0
      ],
      [
        -2.234354,
        42.563129,
        452.0
      ],
      [
        -2.23568,
        42.562865,
        451.75
      ],
      [
        -2.23571,
        42.562935,
        452.25
      ],
      [
        -2.235765,
        42.562991,
        452.5
      ],
      [
        -2.235829,
        42.563012,
        452.75
      ],
      [
        -2.23605,
        42.563045,
        453.5
      ],
      [
        -2.236226,
        42.563094,
        454.5
      ],
      [
        -2.236397,
        42.563189,
        455.5
      ],
      [
        -2.236656,
        42.563457,
        456.75
      ],
      [
        -2.236718,
        42.5635,
        457.0
      ],
      [
        -2.236825,
        42.56354,
        457.25
      ],
      [
        -2.236895,
        42.563548,
        457.5
      ],
      [
        -2.237048,
        42.56357,
        458.0
      ],
      [
        -2.237283,
        42.563567,
        458.5
      ],
      [
        -2.237769,
        42.563607,
        458.75
      ],
      [
        -2.238624,
        42.563623,
        460.0
      ],
      [
        -2.238988,
        42.563655,
        460.0
      ],
      [
        -2.239191,
        42.563667,
        460.0
      ],
      [
        -2.239561,
        42.56366,
        460.5
      ],
      [
        -2.239813,
        42.563663,
        461.0
      ],
      [
        -2.240673,
        42.563761,
        462.5
      ],
      [
        -2.241029,
        42.563795,
        462.75
      ],
      [
        -2.241624,
        42.563819,
        463.25
      ],
      [
        -2.242914,
        42.563789,
        465.75
      ],
      [
        -2.243629,
        42.56371,
        465.0
      ],
      [
        -2.244256,
        42.56361,
        464.75
      ],
      [
        -2.244723,
        42.563562,
        465.25
      ],
      [
        -2.244932,
        42.563534,
        465.0
      ],
      [
        -2.245236,
        42.563476,
        464.5
      ],
      [
        -2.245427,
        42.563457,
        463.75
      ],
      [
        -2.245666,
        42.563459,
        463.5
      ],
      [
        -2.245854,
        42.563476,
        463.5
      ],
      [
        -2.246152,
        42.563525,
        463.25
      ],
      [
        -2.246811,
        42.563617,
        465.0
      ],
      [
        -2.247304,
        42.56365,
        467.0
      ],
      [
        -2.247505,
        42.563653,
        467.0
      ],
      [
        -2.247799,
        42.563712,
        466.5
      ],
      [
        -2.248026,
        42.563769,
        465.25
      ],
      [
        -2.248222,
        42.563808,
        464.0
      ],
      [
        -2.248387,
        42.563855,
        463.5
      ],
      [
        -2.24864,
        42.563961,
        463.5
      ],
      [
        -2.248787,
        42.564063,
        463.5
      ],
      [
        -2.24898,
        42.564185,
        463.25
      ],
      [
        -2.249112,
        42.564246,
        462.5
      ],
      [
        -2.249221,
        42.56428,
        462.25
      ],
      [
        -2.249367,
        42.564311,
        462.25
      ],
      [
        -2.249529,
        42.564326,
        462.0
      ],
      [
        -2.249661,
        42.564323,
        461.75
      ],
      [
        -2.2503,
        42.564226,
        460.25
      ],
      [
        -2.250553,
        42.564147,
        460.75
      ],
      [
        -2.250756,
        42.564098,
        460.75
      ],
      [
        -2.25095,
        42.564069,
        461.0
      ],
      [
        -2.251275,
        42.564058,
        461.75
      ],
      [
        -2.251758,
        42.564023,
        462.0
      ],
      [
        -2.252157,
        42.564008,
        461.75
      ],
      [
        -2.252308,
        42.563985,
        461.0
      ],
      [
        -2.252377,
        42.563969,
        460.75
      ],
      [
        -2.252512,
        42.563937,
        459.75
      ],
      [
        -2.252704,
        42.563882,
        458.75
      ],
      [
        -2.252975,
        42.563824,
        458.5
      ],
      [
        -2.253277,
        42.563777,
        458.75
      ],
      [
        -2.253695,
        42.563649,
        457.25
      ],
      [
        -2.254004,
        42.56357,
        456.25
      ],
      [
        -2.254108,
        42.563555,
        455.75
      ],
      [
        -2.254195,
        42.563558,
        455.75
      ],
      [
        -2.254292,
        42.563583,
        455.25
      ],
      [
        -2.254634,
        42.563742,
        455.25
      ],
      [
        -2.254718,
        42.563772,
        454.75
      ],
      [
        -2.254809,
        42.563782,
        454.25
      ],
      [
        -2.254943,
        42.563769,
        453.25
      ],
      [
        -2.255077,
        42.563729,
        452.75
      ],
      [
        -2.255192,
        42.563679,
        452.75
      ],
      [
        -2.255495,
        42.563508,
        453.25
      ],
      [
        -2.255656,
        42.563404,
        453.75
      ],
      [
        -2.255796,
        42.563298,
        454.5
      ],
      [
        -2.255861,
        42.563222,
        454.75
      ],
      [
        -2.256007,
        42.563025,
        456.75
      ],
      [
        -2.256099,
        42.562956,
        457.75
      ],
      [
        -2.256335,
        42.562829,
        458.75
      ],
      [
        -2.256467,
        42.562794,
        459.5
      ],
      [
        -2.256585,
        42.562789,
        460.5
      ],
      [
        -2.256716,
        42.562803,
        461.5
      ],
      [
        -2.256959,
        42.562871,
        464.0
      ],
      [
        -2.257214,
        42.562906,
        464.25
      ],
      [
        -2.257307,
        42.562909,
        464.75
      ],
      [
        -2.257715,
        42.562469,
        464.75
      ],
      [
        -2.258262,
        42.561859,
        465.75
      ],
      [
        -2.259225,
        42.560782,
        470.0
      ],
      [
        -2.259583,
        42.560498,
        469.25
      ],
      [
        -2.26107,
        42.559425,
        465.75
      ],
      [
        -2.261364,
        42.559227,
        465.25
      ],
      [
        -2.261713,
        42.559034,
        464.5
      ],
      [
        -2.26229,
        42.558767,
        464.75
      ],
      [
        -2.263871,
        42.558076,
        466.75
      ],
      [
        -2.264762,
        42.557679,
        470.25
      ],
      [
        -2.264863,
        42.557622,
        470.5
      ],
      [
        -2.264952,
        42.557547,
        470.75
      ],
      [
        -2.264993,
        42.557482,
        471.0
      ],
      [
        -2.265014,
        42.557397,
        471.75
      ],
      [
        -2.265016,
        42.557323,
        472.25
      ],
      [
        -2.264905,
        42.556786,
        475.25
      ],
      [
        -2.264904,
        42.556687,
        475.75
      ],
      [
        -2.264914,
        42.556602,
        476.25
      ],
      [
        -2.26494,
        42.556516,
        476.75
      ],
      [
        -2.264972,
        42.556439,
        477.5
      ],
      [
        -2.265017,
        42.556363,
        478.0
      ],
      [
        -2.265116,
        42.556255,
        478.75
      ],
      [
        -2.266073,
        42.555475,
        485.25
      ],
      [
        -2.266157,
        42.555404,
        486.0
      ],
      [
        -2.266212,
        42.555347,
        486.25
      ],
      [
        -2.266274,
        42.555267,
        486.25
      ],
      [
        -2.266317,
        42.555189,
        486.75
      ],
      [
        -2.266353,
        42.555104,
        487.25
      ],
      [
        -2.266415,
        42.554918,
        488.5
      ],
      [
        -2.266504,
        42.554489,
        492.5
      ],
      [
        -2.266511,
        42.554313,
        492.5
      ],
      [
        -2.266445,
        42.554178,
        492.0
      ],
      [
        -2.266362,
        42.554077,
        491.0
      ],
      [
        -2.266152,
        42.553826,
        488.5
      ],
      [
        -2.266046,
        42.553676,
        488.25
      ],
      [
        -2.26602,
        42.553613,
        488.25
      ],
      [
        -2.265989,
        42.55346,
        488.0
      ],
      [
        -2.265938,
        42.553085,
        487.0
      ],
      [
        -2.265917,
        42.553037,
        486.75
      ],
      [
        -2.265868,
        42.553002,
        486.25
      ],
      [
        -2.265933,
        42.552934,
        486.25
      ],
      [
        -2.266406,
        42.552452,
        482.25
      ],
      [
        -2.266524,
        42.55236,
        481.25
      ],
      [
        -2.266632,
        42.552296,
        480.75
      ],
      [
        -2.26672,
        42.552258,
        480.0
      ],
      [
        -2.266827,
        42.552235,
        479.0
      ],
      [
        -2.266919,
        42.552237,
        478.25
      ],
      [
        -2.267021,
        42.552256,
        478.0
      ],
      [
        -2.266927,
        42.552161,
        478.0
      ],
      [
        -2.266839,
        42.552108,
        478.25
      ],
      [
        -2.266628,
        42.552022,
        478.5
      ],
      [
        -2.266552,
        42.551961,
        478.0
      ],
      [
        -2.266365,
        42.551821,
        476.75
      ],
      [
        -2.265991,
        42.551512,
        479.25
      ],
      [
        -2.265686,
        42.551211,
        481.25
      ],
      [
        -2.265104,
        42.550737,
        483.0
      ],
      [
        -2.264854,
        42.550586,
        482.75
      ],
      [
        -2.265151,
        42.550606,
        481.75
      ],
      [
        -2.265464,
        42.550618,
        481.0
      ],
      [
        -2.265698,
        42.550602,
        480.0
      ],
      [
        -2.265956,
        42.550638,
        478.75
      ],
      [
        -2.266261,
        42.550614,
        476.5
      ],
      [
        -2.266499,
        42.550638,
        474.0
      ],
      [
        -2.266261,
        42.550614,
        476.5
      ],
      [
        -2.265956,
        42.550638,
        478.75
      ],
      [
        -2.265698,
        42.550602,
        480.0
      ],
      [
        -2.265464,
        42.550618,
        481.0
      ],
      [
        -2.265151,
        42.550606,
        481.75
      ],
      [
        -2.264854,
        42.550586,
        482.75
      ],
      [
        -2.265104,
        42.550737,
        483.0
      ],
      [
        -2.265686,
        42.551211,
        481.25
      ],
      [
        -2.265991,
        42.551512,
        479.25
      ],
      [
        -2.266365,
        42.551821,
        476.75
      ],
      [
        -2.266552,
        42.551961,
        478.0
      ],
      [
        -2.266628,
        42.552022,
        478.5
      ],
      [
        -2.266839,
        42.552108,
        478.25
      ],
      [
        -2.266927,
        42.552161,
        478.0
      ],
      [
        -2.267021,
        42.552256,
        478.0
      ],
      [
        -2.267155,
        42.552308,
        478.0
      ],
      [
        -2.267366,
        42.552438,
        475.5
      ],
      [
        -2.269614,
        42.553946,
        457.75
      ],
      [
        -2.269638,
        42.553907,
        456.75
      ],
      [
        -2.269646,
        42.553864,
        456.0
      ],
      [
        -2.269602,
        42.553781,
        454.75
      ],
      [
        -2.269223,
        42.553532,
        457.25
      ],
      [
        -2.268942,
        42.553261,
        457.0
      ],
      [
        -2.268795,
        42.55311,
        455.75
      ],
      [
        -2.268942,
        42.553261,
        457.0
      ],
      [
        -2.269223,
        42.553532,
        457.25
      ],
      [
        -2.269602,
        42.553781,
        454.75
      ],
      [
        -2.269646,
        42.553864,
        456.0
      ],
      [
        -2.269638,
        42.553907,
        456.75
      ],
      [
        -2.269614,
        42.553946,
        457.75
      ],
      [
        -2.269939,
        42.554181,
        456.0
      ],
      [
        -2.270099,
        42.554271,
        455.0
      ],
      [
        -2.27021,
        42.554309,
        453.75
      ],
      [
        -2.270381,
        42.554349,
        452.5
      ],
      [
        -2.270627,
        42.554364,
        452.0
      ],
      [
        -2.270836,
        42.554334,
        451.75
      ],
      [
        -2.270983,
        42.554293,
        451.5
      ],
      [
        -2.271151,
        42.554213,
        451.25
      ],
      [
        -2.271731,
        42.55388,
        451.25
      ],
      [
        -2.272096,
        42.553673,
        451.0
      ],
      [
        -2.272219,
        42.553597,
        451.75
      ],
      [
        -2.272346,
        42.553537,
        452.75
      ],
      [
        -2.272475,
        42.553475,
        453.25
      ],
      [
        -2.272537,
        42.553457,
        453.5
      ],
      [
        -2.272805,
        42.55338,
        454.25
      ],
      [
        -2.275704,
        42.552844,
        459.25
      ],
      [
        -2.276029,
        42.552772,
        459.5
      ],
      [
        -2.276193,
        42.552715,
        460.0
      ],
      [
        -2.276402,
        42.552597,
        460.75
      ],
      [
        -2.277287,
        42.552008,
        465.0
      ],
      [
        -2.277464,
        42.551907,
        465.25
      ],
      [
        -2.277717,
        42.551811,
        465.25
      ],
      [
        -2.278585,
        42.551576,
        466.75
      ],
      [
        -2.278803,
        42.551537,
        467.5
      ],
      [
        -2.279115,
        42.551503,
        469.0
      ],
      [
        -2.280035,
        42.551461,
        475.25
      ],
      [
        -2.280296,
        42.551469,
        476.0
      ],
      [
        -2.280534,
        42.551501,
        477.5
      ],
      [
        -2.280782,
        42.55156,
        479.25
      ],
      [
        -2.281275,
        42.551704,
        482.25
      ],
      [
        -2.28151,
        42.551774,
        482.5
      ],
      [
        -2.28173,
        42.551802,
        484.0
      ],
      [
        -2.28192,
        42.5518,
        485.5
      ],
      [
        -2.282128,
        42.551773,
        486.25
      ],
      [
        -2.282332,
        42.551726,
        487.75
      ],
      [
        -2.283348,
        42.551394,
        494.5
      ],
      [
        -2.283483,
        42.551324,
        495.5
      ],
      [
        -2.28358,
        42.551251,
        496.25
      ],
      [
        -2.283663,
        42.55117,
        496.5
      ],
      [
        -2.283768,
        42.551053,
        497.25
      ],
      [
        -2.283842,
        42.550983,
        497.5
      ],
      [
        -2.283915,
        42.550912,
        498.25
      ],
      [
        -2.284049,
        42.550802,
        500.25
      ],
      [
        -2.284225,
        42.550684,
        502.0
      ],
      [
        -2.284431,
        42.550565,
        502.75
      ],
      [
        -2.284667,
        42.550442,
        505.25
      ],
      [
        -2.284778,
        42.550358,
        506.5
      ],
      [
        -2.284817,
        42.550308,
        507.25
      ],
      [
        -2.284857,
        42.550258,
        507.75
      ],
      [
        -2.284979,
        42.550009,
        506.25
      ],
      [
        -2.285015,
        42.549925,
        505.0
      ],
      [
        -2.285198,
        42.549507,
        502.0
      ],
      [
        -2.285219,
        42.549371,
        501.75
      ],
      [
        -2.285215,
        42.549247,
        501.25
      ],
      [
        -2.285019,
        42.54803,
        506.0
      ],
      [
        -2.285038,
        42.547941,
        505.75
      ],
      [
        -2.285091,
        42.547858,
        505.75
      ],
      [
        -2.285164,
        42.54779,
        505.5
      ],
      [
        -2.285255,
        42.547751,
        505.25
      ],
      [
        -2.285369,
        42.547721,
        505.0
      ],
      [
        -2.28554,
        42.547719,
        505.25
      ],
      [
        -2.28649,
        42.54776,
        503.5
      ],
      [
        -2.286902,
        42.547787,
        503.25
      ],
      [
        -2.287035,
        42.547807,
        503.5
      ],
      [
        -2.28719,
        42.54784,
        503.5
      ],
      [
        -2.287348,
        42.547885,
        503.0
      ],
      [
        -2.28788,
        42.548055,
        500.5
      ],
      [
        -2.288044,
        42.548101,
        500.5
      ],
      [
        -2.288168,
        42.54812,
        500.0
      ],
      [
        -2.288319,
        42.548119,
        499.25
      ],
      [
        -2.288448,
        42.548095,
        499.25
      ],
      [
        -2.288699,
        42.548001,
        500.25
      ],
      [
        -2.288968,
        42.54787,
        503.0
      ],
      [
        -2.289179,
        42.547794,
        504.25
      ],
      [
        -2.289368,
        42.547755,
        504.0
      ],
      [
        -2.289546,
        42.547734,
        503.5
      ],
      [
        -2.290243,
        42.547741,
        504.0
      ],
      [
        -2.290286,
        42.547742,
        504.0
      ],
      [
        -2.290433,
        42.547722,
        503.25
      ],
      [
        -2.290577,
        42.547667,
        502.25
      ],
      [
        -2.290693,
        42.547577,
        502.0
      ],
      [
        -2.290759,
        42.547481,
        502.0
      ],
      [
        -2.290768,
        42.547367,
        502.25
      ],
      [
        -2.290725,
        42.547243,
        502.0
      ],
      [
        -2.290515,
        42.547027,
        504.75
      ],
      [
        -2.288966,
        42.545636,
        517.0
      ],
      [
        -2.288324,
        42.545082,
        522.25
      ],
      [
        -2.288252,
        42.544994,
        523.25
      ],
      [
        -2.288244,
        42.544937,
        523.75
      ],
      [
        -2.288249,
        42.544881,
        524.0
      ],
      [
        -2.288287,
        42.544824,
        524.75
      ],
      [
        -2.288329,
        42.544797,
        525.25
      ],
      [
        -2.2884,
        42.544774,
        525.75
      ],
      [
        -2.288684,
        42.544743,
        527.25
      ],
      [
        -2.289415,
        42.544664,
        530.75
      ],
      [
        -2.290721,
        42.544493,
        539.0
      ],
      [
        -2.291415,
        42.54441,
        541.25
      ],
      [
        -2.291592,
        42.544368,
        542.0
      ],
      [
        -2.291751,
        42.544308,
        542.5
      ],
      [
        -2.292029,
        42.544169,
        544.75
      ],
      [
        -2.293169,
        42.543542,
        552.75
      ],
      [
        -2.293946,
        42.543152,
        555.25
      ],
      [
        -2.296243,
        42.542044,
        557.0
      ],
      [
        -2.296746,
        42.541809,
        560.5
      ],
      [
        -2.297108,
        42.541638,
        561.0
      ],
      [
        -2.297235,
        42.541594,
        561.0
      ],
      [
        -2.29737,
        42.541565,
        560.75
      ],
      [
        -2.297432,
        42.541556,
        560.75
      ],
      [
        -2.297552,
        42.541551,
        559.75
      ],
      [
        -2.297746,
        42.541564,
        557.0
      ],
      [
        -2.297908,
        42.541597,
        555.5
      ],
      [
        -2.298067,
        42.541651,
        554.25
      ],
      [
        -2.29823,
        42.541744,
        551.75
      ],
      [
        -2.298651,
        42.542023,
        549.0
      ],
      [
        -2.298756,
        42.542084,
        548.0
      ],
      [
        -2.299243,
        42.542361,
        543.25
      ],
      [
        -2.299372,
        42.542421,
        542.0
      ],
      [
        -2.299443,
        42.542446,
        541.75
      ],
      [
        -2.299576,
        42.542471,
        541.75
      ],
      [
        -2.299643,
        42.542472,
        541.75
      ],
      [
        -2.29975,
        42.542458,
        540.75
      ],
      [
        -2.299828,
        42.542441,
        539.75
      ],
      [
        -2.299939,
        42.542389,
        539.0
      ],
      [
        -2.299989,
        42.542351,
        539.0
      ],
      [
        -2.300054,
        42.54228,
        539.25
      ],
      [
        -2.300092,
        42.542194,
        539.25
      ],
      [
        -2.300102,
        42.542114,
        539.0
      ],
      [
        -2.300104,
        42.541804,
        539.75
      ],
      [
        -2.300079,
        42.541543,
        542.0
      ],
      [
        -2.299963,
        42.540612,
        546.75
      ],
      [
        -2.299968,
        42.54045,
        547.5
      ],
      [
        -2.300009,
        42.540336,
        548.75
      ],
      [
        -2.300088,
        42.540235,
        548.0
      ],
      [
        -2.300184,
        42.540162,
        547.25
      ],
      [
        -2.30028,
        42.540123,
        548.25
      ],
      [
        -2.300413,
        42.540091,
        547.75
      ],
      [
        -2.300573,
        42.540088,
        547.25
      ],
      [
        -2.300804,
        42.540113,
        546.25
      ],
      [
        -2.301754,
        42.540294,
        540.0
      ],
      [
        -2.301889,
        42.54031,
        540.0
      ],
      [
        -2.302073,
        42.540298,
        539.5
      ],
      [
        -2.30218,
        42.540267,
        538.75
      ],
      [
        -2.302311,
        42.540185,
        537.5
      ],
      [
        -2.302372,
        42.540071,
        536.5
      ],
      [
        -2.302392,
        42.539947,
        537.25
      ],
      [
        -2.302384,
        42.53979,
        540.0
      ],
      [
        -2.302347,
        42.539628,
        541.25
      ],
      [
        -2.302302,
        42.539504,
        541.25
      ],
      [
        -2.302214,
        42.539378,
        541.5
      ],
      [
        -2.302108,
        42.539269,
        541.75
      ],
      [
        -2.301817,
        42.539037,
        546.25
      ],
      [
        -2.301691,
        42.538918,
        546.75
      ],
      [
        -2.301609,
        42.538797,
        547.5
      ],
      [
        -2.301555,
        42.538678,
        549.0
      ],
      [
        -2.301524,
        42.538546,
        550.75
      ],
      [
        -2.301519,
        42.538418,
        552.5
      ],
      [
        -2.301549,
        42.538281,
        554.0
      ],
      [
        -2.3016,
        42.538163,
        554.25
      ],
      [
        -2.301675,
        42.53805,
        555.0
      ],
      [
        -2.301815,
        42.537914,
        555.0
      ],
      [
        -2.301978,
        42.537811,
        557.5
      ],
      [
        -2.302167,
        42.537723,
        557.25
      ],
      [
        -2.302638,
        42.537601,
        559.5
      ],
      [
        -2.302859,
        42.537535,
        561.25
      ],
      [
        -2.303034,
        42.537451,
        560.5
      ],
      [
        -2.303147,
        42.537356,
        561.25
      ],
      [
        -2.303258,
        42.537235,
        562.0
      ],
      [
        -2.303423,
        42.536894,
        565.25
      ],
      [
        -2.303496,
        42.53677,
        565.75
      ],
      [
        -2.303596,
        42.536639,
        565.75
      ],
      [
        -2.303721,
        42.536541,
        567.0
      ],
      [
        -2.30388,
        42.536459,
        567.5
      ],
      [
        -2.304071,
        42.536404,
        567.0
      ],
      [
        -2.304292,
        42.536378,
        567.25
      ],
      [
        -2.30619,
        42.536295,
        561.75
      ],
      [
        -2.3067,
        42.536263,
        561.25
      ],
      [
        -2.306953,
        42.536223,
        561.25
      ],
      [
        -2.307212,
        42.536158,
        561.25
      ],
      [
        -2.30757,
        42.536036,
        559.25
      ],
      [
        -2.309182,
        42.535459,
        556.5
      ],
      [
        -2.310863,
        42.534879,
        548.5
      ],
      [
        -2.311195,
        42.534788,
        546.25
      ],
      [
        -2.311566,
        42.534726,
        544.75
      ],
      [
        -2.311818,
        42.534697,
        543.5
      ],
      [
        -2.312037,
        42.534707,
        542.25
      ],
      [
        -2.312305,
        42.534759,
        541.0
      ],
      [
        -2.312594,
        42.534849,
        539.25
      ],
      [
        -2.312819,
        42.534939,
        538.25
      ],
      [
        -2.314296,
        42.535755,
        527.5
      ],
      [
        -2.314461,
        42.535834,
        527.75
      ],
      [
        -2.314577,
        42.535867,
        526.25
      ],
      [
        -2.314699,
        42.535865,
        526.0
      ],
      [
        -2.314787,
        42.535829,
        526.25
      ],
      [
        -2.314854,
        42.535737,
        524.75
      ],
      [
        -2.315004,
        42.535046,
        521.0
      ],
      [
        -2.315007,
        42.534943,
        519.75
      ],
      [
        -2.314964,
        42.534847,
        519.25
      ],
      [
        -2.314888,
        42.534732,
        518.75
      ],
      [
        -2.314604,
        42.534451,
        516.25
      ],
      [
        -2.314418,
        42.534293,
        514.75
      ],
      [
        -2.314357,
        42.534206,
        513.25
      ],
      [
        -2.314348,
        42.534139,
        512.75
      ],
      [
        -2.314386,
        42.534055,
        513.25
      ],
      [
        -2.314458,
        42.533999,
        513.0
      ],
      [
        -2.314568,
        42.533968,
        512.5
      ],
      [
        -2.314715,
        42.533972,
        511.75
      ],
      [
        -2.31519,
        42.534033,
        509.5
      ],
      [
        -2.315409,
        42.534084,
        508.25
      ],
      [
        -2.315602,
        42.53415,
        506.25
      ],
      [
        -2.315815,
        42.534248,
        505.0
      ],
      [
        -2.316626,
        42.534713,
        499.75
      ],
      [
        -2.316814,
        42.534812,
        498.0
      ],
      [
        -2.316908,
        42.534841,
        497.25
      ],
      [
        -2.317024,
        42.534847,
        496.5
      ],
      [
        -2.317206,
        42.534822,
        495.25
      ],
      [
        -2.318291,
        42.534621,
        491.5
      ],
      [
        -2.31845,
        42.534583,
        489.5
      ],
      [
        -2.318572,
        42.534532,
        488.0
      ],
      [
        -2.318788,
        42.53439,
        486.75
      ],
      [
        -2.319462,
        42.53382,
        482.75
      ],
      [
        -2.319603,
        42.53372,
        481.25
      ],
      [
        -2.319896,
        42.533565,
        479.25
      ],
      [
        -2.32028,
        42.533383,
        476.5
      ],
      [
        -2.320461,
        42.533259,
        475.25
      ],
      [
        -2.320573,
        42.53315,
        474.25
      ],
      [
        -2.320673,
        42.533041,
        473.5
      ],
      [
        -2.320785,
        42.532876,
        473.25
      ],
      [
        -2.320866,
        42.532715,
        471.75
      ],
      [
        -2.320978,
        42.532411,
        468.75
      ],
      [
        -2.321008,
        42.532279,
        468.5
      ],
      [
        -2.320977,
        42.531833,
        465.0
      ],
      [
        -2.320981,
        42.531703,
        463.75
      ],
      [
        -2.321011,
        42.531577,
        463.0
      ],
      [
        -2.321102,
        42.53135,
        463.0
      ],
      [
        -2.321592,
        42.530279,
        460.25
      ],
      [
        -2.322751,
        42.527688,
        452.0
      ],
      [
        -2.322794,
        42.527594,
        451.75
      ],
      [
        -2.322842,
        42.527518,
        451.75
      ],
      [
        -2.322914,
        42.527433,
        451.5
      ],
      [
        -2.323007,
        42.527362,
        451.5
      ],
      [
        -2.323255,
        42.527212,
        451.25
      ],
      [
        -2.32329,
        42.527192,
        451.5
      ],
      [
        -2.323747,
        42.526942,
        452.25
      ],
      [
        -2.324821,
        42.526356,
        460.5
      ],
      [
        -2.325104,
        42.52621,
        462.0
      ],
      [
        -2.325242,
        42.526169,
        464.0
      ],
      [
        -2.325475,
        42.526128,
        465.0
      ],
      [
        -2.325981,
        42.526053,
        466.75
      ],
      [
        -2.326833,
        42.525954,
        471.25
      ],
      [
        -2.327022,
        42.525958,
        472.0
      ],
      [
        -2.327216,
        42.525982,
        472.25
      ],
      [
        -2.327445,
        42.526046,
        473.0
      ],
      [
        -2.327691,
        42.526155,
        475.75
      ],
      [
        -2.327884,
        42.526256,
        476.5
      ],
      [
        -2.328039,
        42.526326,
        476.75
      ],
      [
        -2.328176,
        42.526352,
        477.75
      ],
      [
        -2.32831,
        42.526349,
        478.25
      ],
      [
        -2.328428,
        42.526333,
        478.5
      ],
      [
        -2.328667,
        42.526285,
        480.0
      ],
      [
        -2.329042,
        42.526237,
        483.25
      ],
      [
        -2.329278,
        42.526229,
        484.5
      ],
      [
        -2.329439,
        42.526239,
        485.5
      ],
      [
        -2.329627,
        42.526276,
        485.25
      ],
      [
        -2.329802,
        42.526339,
        486.5
      ],
      [
        -2.330196,
        42.526521,
        489.0
      ],
      [
        -2.330697,
        42.526875,
        492.0
      ],
      [
        -2.330846,
        42.52696,
        494.0
      ],
      [
        -2.331093,
        42.527034,
        496.0
      ],
      [
        -2.331342,
        42.527012,
        498.0
      ],
      [
        -2.331558,
        42.526929,
        497.5
      ],
      [
        -2.331651,
        42.526859,
        497.75
      ],
      [
        -2.331715,
        42.526717,
        498.75
      ],
      [
        -2.331715,
        42.526582,
        499.25
      ],
      [
        -2.331688,
        42.526447,
        499.75
      ],
      [
        -2.331178,
        42.525448,
        505.0
      ],
      [
        -2.331096,
        42.525262,
        506.0
      ],
      [
        -2.331064,
        42.525146,
        507.0
      ],
      [
        -2.331056,
        42.525071,
        507.5
      ],
      [
        -2.331062,
        42.524967,
        508.0
      ],
      [
        -2.331097,
        42.52489,
        508.25
      ],
      [
        -2.33116,
        42.524801,
        508.75
      ],
      [
        -2.331258,
        42.524713,
        508.75
      ],
      [
        -2.331364,
        42.524652,
        507.75
      ],
      [
        -2.331516,
        42.524602,
        507.0
      ],
      [
        -2.331902,
        42.524515,
        506.5
      ],
      [
        -2.333115,
        42.524261,
        502.25
      ],
      [
        -2.333634,
        42.524171,
        498.75
      ],
      [
        -2.334286,
        42.524086,
        496.25
      ],
      [
        -2.336074,
        42.523906,
        486.0
      ],
      [
        -2.336514,
        42.523857,
        484.0
      ],
      [
        -2.336724,
        42.523811,
        483.25
      ],
      [
        -2.336909,
        42.523748,
        481.75
      ],
      [
        -2.337126,
        42.523628,
        481.25
      ],
      [
        -2.337592,
        42.523281,
        478.75
      ],
      [
        -2.3395,
        42.521848,
        485.0
      ],
      [
        -2.340143,
        42.521372,
        483.25
      ],
      [
        -2.340315,
        42.521251,
        483.5
      ],
      [
        -2.34051,
        42.521128,
        483.0
      ],
      [
        -2.340743,
        42.521019,
        483.0
      ],
      [
        -2.343646,
        42.519833,
        477.75
      ],
      [
        -2.343985,
        42.519715,
        476.75
      ],
      [
        -2.34421,
        42.519664,
        476.75
      ],
      [
        -2.347297,
        42.518977,
        470.5
      ],
      [
        -2.349916,
        42.518382,
        467.0
      ],
      [
        -2.351555,
        42.518017,
        462.25
      ],
      [
        -2.351742,
        42.517986,
        461.25
      ],
      [
        -2.351938,
        42.517981,
        460.0
      ],
      [
        -2.353357,
        42.5181,
        454.5
      ],
      [
        -2.353583,
        42.5181,
        453.0
      ],
      [
        -2.353863,
        42.518086,
        452.5
      ],
      [
        -2.354137,
        42.518033,
        451.25
      ],
      [
        -2.356245,
        42.517515,
        447.25
      ],
      [
        -2.358049,
        42.517075,
        447.25
      ],
      [
        -2.358336,
        42.517008,
        446.75
      ],
      [
        -2.358598,
        42.516962,
        446.0
      ],
      [
        -2.358732,
        42.516963,
        445.75
      ],
      [
        -2.358836,
        42.516981,
        446.0
      ],
      [
        -2.358895,
        42.517006,
        445.75
      ],
      [
        -2.358961,
        42.517017,
        445.75
      ],
      [
        -2.359039,
        42.517013,
        445.5
      ],
      [
        -2.359111,
        42.516989,
        445.25
      ],
      [
        -2.359158,
        42.516958,
        445.0
      ],
      [
        -2.359192,
        42.516919,
        444.75
      ],
      [
        -2.35921,
        42.516875,
        444.75
      ],
      [
        -2.359282,
        42.516807,
        444.75
      ],
      [
        -2.359379,
        42.516761,
        444.25
      ],
      [
        -2.359665,
        42.516677,
        444.75
      ],
      [
        -2.360298,
        42.516521,
        446.0
      ],
      [
        -2.362028,
        42.516092,
        446.75
      ],
      [
        -2.363407,
        42.515753,
        445.25
      ],
      [
        -2.363817,
        42.515652,
        445.5
      ],
      [
        -2.364671,
        42.515445,
        444.0
      ],
      [
        -2.364703,
        42.515463,
        444.25
      ],
      [
        -2.364732,
        42.515493,
        444.5
      ],
      [
        -2.36476,
        42.515503,
        444.5
      ],
      [
        -2.364917,
        42.515519,
        444.75
      ],
      [
        -2.365237,
        42.515528,
        445.5
      ],
      [
        -2.365722,
        42.515527,
        445.75
      ],
      [
        -2.366217,
        42.515534,
        445.75
      ],
      [
        -2.366799,
        42.515468,
        445.5
      ],
      [
        -2.367005,
        42.515449,
        445.25
      ],
      [
        -2.367098,
        42.515441,
        445.5
      ],
      [
        -2.367828,
        42.515335,
        447.0
      ],
      [
        -2.368049,
        42.515337,
        447.25
      ],
      [
        -2.368075,
        42.515337,
        447.25
      ],
      [
        -2.368155,
        42.515324,
        447.5
      ],
      [
        -2.368909,
        42.515194,
        453.25
      ],
      [
        -2.368955,
        42.515186,
        454.25
      ],
      [
        -2.368954,
        42.515053,
        454.5
      ],
      [
        -2.369,
        42.515049,
        455.5
      ],
      [
        -2.369042,
        42.515067,
        456.5
      ],
      [
        -2.369358,
        42.515368,
        460.25
      ],
      [
        -2.369391,
        42.515389,
        460.75
      ],
      [
        -2.369428,
        42.515397,
        461.25
      ],
      [
        -2.369554,
        42.515378,
        462.75
      ],
      [
        -2.369638,
        42.51549,
        463.0
      ],
      [
        -2.369744,
        42.515594,
        463.5
      ],
      [
        -2.369886,
        42.515672,
        463.75
      ],
      [
        -2.369953,
        42.515702,
        464.25
      ],
      [
        -2.370089,
        42.515659,
        465.75
      ],
      [
        -2.370643,
        42.515513,
        469.0
      ],
      [
        -2.370731,
        42.515524,
        469.0
      ],
      [
        -2.370906,
        42.515464,
        469.5
      ],
      [
        -2.370924,
        42.515446,
        469.5
      ],
      [
        -2.370928,
        42.515423,
        469.5
      ],
      [
        -2.370897,
        42.515361,
        469.75
      ],
      [
        -2.371127,
        42.515388,
        469.75
      ],
      [
        -2.371113,
        42.515498,
        469.75
      ],
      [
        -2.371347,
        42.51548,
        467.25
      ],
      [
        -2.371113,
        42.515498,
        469.75
      ],
      [
        -2.371127,
        42.515388,
        469.75
      ],
      [
        -2.370897,
        42.515361,
        469.75
      ],
      [
        -2.37082,
        42.515266,
        469.75
      ],
      [
        -2.370395,
        42.515317,
        469.0
      ],
      [
        -2.37016,
        42.51533,
        468.0
      ],
      [
        -2.370089,
        42.515065,
        467.75
      ],
      [
        -2.370301,
        42.515047,
        468.0
      ],
      [
        -2.371965,
        42.51492,
        468.5
      ],
      [
        -2.373263,
        42.514825,
        470.0
      ],
      [
        -2.373304,
        42.514785,
        470.0
      ],
      [
        -2.373532,
        42.514785,
        469.25
      ],
      [
        -2.373596,
        42.514801,
        469.0
      ],
      [
        -2.37373,
        42.515022,
        468.75
      ],
      [
        -2.373753,
        42.5152,
        468.25
      ],
      [
        -2.374262,
        42.515251,
        464.0
      ],
      [
        -2.37434,
        42.515263,
        463.0
      ],
      [
        -2.374399,
        42.515417,
        462.25
      ],
      [
        -2.374461,
        42.515522,
        461.75
      ],
      [
        -2.374633,
        42.515553,
        459.75
      ],
      [
        -2.374687,
        42.51553,
        459.0
      ],
      [
        -2.374768,
        42.515336,
        456.75
      ],
      [
        -2.374826,
        42.515119,
        454.5
      ],
      [
        -2.375155,
        42.515142,
        449.75
      ],
      [
        -2.375342,
        42.515165,
        448.5
      ],
      [
        -2.375615,
        42.515183,
        446.5
      ],
      [
        -2.375915,
        42.515126,
        443.0
      ],
      [
        -2.375882,
        42.51487,
        440.25
      ],
      [
        -2.376225,
        42.514916,
        438.0
      ],
      [
        -2.376304,
        42.514916,
        437.25
      ],
      [
        -2.376374,
        42.514896,
        436.25
      ],
      [
        -2.377707,
        42.514499,
        429.75
      ],
      [
        -2.378369,
        42.514308,
        430.0
      ],
      [
        -2.378463,
        42.514248,
        430.0
      ],
      [
        -2.378525,
        42.514169,
        430.0
      ],
      [
        -2.378612,
        42.514145,
        429.75
      ],
      [
        -2.37874,
        42.514133,
        429.75
      ],
      [
        -2.378995,
        42.514131,
        429.75
      ],
      [
        -2.379201,
        42.514141,
        429.75
      ],
      [
        -2.379377,
        42.514179,
        430.0
      ],
      [
        -2.379411,
        42.51419,
        430.0
      ],
      [
        -2.379715,
        42.514279,
        432.0
      ],
      [
        -2.379926,
        42.514316,
        433.25
      ],
      [
        -2.379988,
        42.514319,
        433.5
      ],
      [
        -2.380146,
        42.514325,
        432.75
      ],
      [
        -2.380766,
        42.514303,
        431.0
      ],
      [
        -2.381118,
        42.514251,
        429.0
      ],
      [
        -2.381349,
        42.514215,
        428.5
      ],
      [
        -2.381516,
        42.514176,
        428.0
      ],
      [
        -2.381839,
        42.514068,
        427.25
      ],
      [
        -2.382156,
        42.513944,
        426.25
      ],
      [
        -2.382439,
        42.513825,
        424.75
      ],
      [
        -2.382618,
        42.513753,
        424.5
      ],
      [
        -2.382651,
        42.513745,
        424.25
      ],
      [
        -2.383125,
        42.513621,
        425.25
      ],
      [
        -2.383586,
        42.513456,
        425.25
      ],
      [
        -2.383683,
        42.51337,
        426.0
      ],
      [
        -2.383717,
        42.513215,
        426.75
      ],
      [
        -2.383687,
        42.512955,
        427.25
      ],
      [
        -2.383731,
        42.512865,
        428.0
      ],
      [
        -2.38396,
        42.512637,
        429.25
      ],
      [
        -2.384084,
        42.512529,
        429.5
      ],
      [
        -2.384206,
        42.512437,
        429.5
      ],
      [
        -2.384365,
        42.512361,
        428.75
      ],
      [
        -2.384782,
        42.512193,
        427.75
      ],
      [
        -2.384925,
        42.51212,
        427.5
      ],
      [
        -2.385187,
        42.511967,
        427.5
      ],
      [
        -2.385304,
        42.51189,
        427.75
      ],
      [
        -2.385555,
        42.511742,
        427.25
      ],
      [
        -2.385934,
        42.511644,
        428.25
      ],
      [
        -2.386395,
        42.511486,
        428.25
      ],
      [
        -2.386823,
        42.511383,
        427.5
      ],
      [
        -2.387127,
        42.511318,
        426.5
      ],
      [
        -2.387421,
        42.511242,
        426.25
      ],
      [
        -2.387767,
        42.511129,
        426.0
      ],
      [
        -2.388099,
        42.511038,
        425.0
      ],
      [
        -2.38855,
        42.510905,
        424.25
      ],
      [
        -2.388757,
        42.510816,
        424.25
      ],
      [
        -2.388864,
        42.510757,
        424.25
      ],
      [
        -2.389246,
        42.510457,
        423.25
      ],
      [
        -2.389917,
        42.510049,
        421.25
      ],
      [
        -2.390275,
        42.50985,
        419.75
      ],
      [
        -2.390668,
        42.50967,
        419.25
      ],
      [
        -2.391,
        42.509469,
        418.0
      ],
      [
        -2.391322,
        42.509302,
        418.0
      ],
      [
        -2.391585,
        42.509231,
        417.5
      ],
      [
        -2.391998,
        42.509194,
        417.0
      ],
      [
        -2.392259,
        42.509151,
        415.75
      ],
      [
        -2.39291,
        42.509022,
        413.25
      ],
      [
        -2.393318,
        42.508927,
        412.25
      ],
      [
        -2.39359,
        42.508846,
        411.75
      ],
      [
        -2.393783,
        42.508758,
        411.75
      ],
      [
        -2.393916,
        42.508687,
        411.5
      ],
      [
        -2.394169,
        42.508608,
        410.75
      ],
      [
        -2.394287,
        42.508588,
        410.75
      ],
      [
        -2.394383,
        42.508561,
        410.75
      ],
      [
        -2.394751,
        42.508327,
        409.75
      ],
      [
        -2.394899,
        42.508217,
        409.75
      ],
      [
        -2.395137,
        42.507991,
        409.25
      ],
      [
        -2.395333,
        42.507789,
        408.75
      ],
      [
        -2.3954,
        42.507766,
        408.75
      ],
      [
        -2.395464,
        42.507756,
        408.75
      ],
      [
        -2.395526,
        42.507744,
        408.75
      ],
      [
        -2.395588,
        42.507714,
        408.75
      ],
      [
        -2.395758,
        42.507595,
        409.0
      ],
      [
        -2.395633,
        42.507261,
        408.25
      ],
      [
        -2.395588,
        42.507169,
        408.0
      ],
      [
        -2.395489,
        42.507002,
        407.75
      ],
      [
        -2.395454,
        42.506882,
        407.5
      ],
      [
        -2.39544,
        42.506747,
        407.5
      ],
      [
        -2.395446,
        42.506589,
        407.5
      ],
      [
        -2.395513,
        42.506208,
        407.0
      ],
      [
        -2.39555,
        42.506037,
        406.75
      ],
      [
        -2.39562,
        42.505881,
        407.0
      ],
      [
        -2.39573,
        42.505703,
        407.0
      ],
      [
        -2.39599,
        42.505353,
        406.5
      ],
      [
        -2.396124,
        42.505069,
        406.0
      ],
      [
        -2.396244,
        42.504772,
        405.75
      ],
      [
        -2.396267,
        42.504651,
        405.75
      ],
      [
        -2.39627,
        42.50443,
        405.5
      ],
      [
        -2.396281,
        42.504305,
        405.25
      ],
      [
        -2.396401,
        42.503769,
        405.0
      ],
      [
        -2.396554,
        42.503421,
        404.75
      ],
      [
        -2.396642,
        42.503255,
        404.75
      ],
      [
        -2.397195,
        42.502652,
        404.0
      ],
      [
        -2.397428,
        42.502441,
        403.75
      ],
      [
        -2.397551,
        42.502346,
        403.5
      ],
      [
        -2.397786,
        42.502197,
        403.75
      ],
      [
        -2.397908,
        42.502099,
        404.25
      ],
      [
        -2.398026,
        42.501945,
        403.75
      ],
      [
        -2.398211,
        42.501731,
        403.0
      ],
      [
        -2.398487,
        42.501478,
        402.25
      ],
      [
        -2.398719,
        42.501227,
        402.0
      ],
      [
        -2.399397,
        42.500384,
        402.5
      ],
      [
        -2.399868,
        42.49986,
        402.0
      ],
      [
        -2.400012,
        42.499686,
        402.0
      ],
      [
        -2.400167,
        42.499462,
        402.0
      ],
      [
        -2.400268,
        42.499178,
        402.0
      ],
      [
        -2.400357,
        42.498972,
        402.0
      ],
      [
        -2.400512,
        42.498752,
        402.75
      ],
      [
        -2.400955,
        42.498249,
        405.5
      ],
      [
        -2.401038,
        42.49813,
        406.75
      ],
      [
        -2.401068,
        42.498037,
        407.0
      ],
      [
        -2.4011,
        42.497898,
        407.5
      ],
      [
        -2.401148,
        42.497821,
        407.75
      ],
      [
        -2.401221,
        42.497732,
        408.25
      ],
      [
        -2.401686,
        42.497198,
        407.75
      ],
      [
        -2.401858,
        42.497084,
        407.25
      ],
      [
        -2.401934,
        42.497044,
        407.25
      ],
      [
        -2.402009,
        42.497032,
        407.25
      ],
      [
        -2.402078,
        42.496844,
        406.25
      ],
      [
        -2.402335,
        42.496425,
        405.0
      ],
      [
        -2.402438,
        42.496296,
        404.75
      ],
      [
        -2.402539,
        42.496144,
        405.0
      ],
      [
        -2.402686,
        42.495963,
        404.75
      ],
      [
        -2.403188,
        42.495492,
        405.0
      ],
      [
        -2.403317,
        42.49538,
        405.25
      ],
      [
        -2.403504,
        42.495232,
        405.5
      ],
      [
        -2.403703,
        42.495098,
        406.5
      ],
      [
        -2.403905,
        42.494986,
        407.0
      ],
      [
        -2.404046,
        42.494916,
        407.75
      ],
      [
        -2.404321,
        42.494808,
        409.0
      ],
      [
        -2.404415,
        42.494748,
        409.75
      ],
      [
        -2.404453,
        42.494696,
        409.75
      ],
      [
        -2.404484,
        42.49459,
        409.5
      ],
      [
        -2.404504,
        42.494477,
        409.5
      ],
      [
        -2.404512,
        42.494354,
        409.0
      ],
      [
        -2.404611,
        42.494202,
        409.25
      ],
      [
        -2.404663,
        42.494141,
        409.25
      ],
      [
        -2.404716,
        42.494093,
        409.25
      ],
      [
        -2.404772,
        42.494059,
        409.25
      ],
      [
        -2.404959,
        42.493979,
        409.5
      ],
      [
        -2.405027,
        42.493943,
        409.5
      ],
      [
        -2.405059,
        42.493903,
        409.5
      ],
      [
        -2.40507,
        42.493864,
        409.25
      ],
      [
        -2.405078,
        42.493776,
        408.5
      ],
      [
        -2.405069,
        42.493752,
        408.25
      ],
      [
        -2.405128,
        42.493701,
        408.25
      ],
      [
        -2.405427,
        42.493526,
        409.5
      ],
      [
        -2.40564,
        42.493426,
        408.0
      ],
      [
        -2.40581,
        42.493334,
        405.75
      ],
      [
        -2.405869,
        42.493314,
        405.5
      ],
      [
        -2.406054,
        42.493302,
        404.75
      ],
      [
        -2.406134,
        42.49328,
        404.25
      ],
      [
        -2.406375,
        42.493197,
        403.5
      ],
      [
        -2.406978,
        42.493022,
        401.75
      ],
      [
        -2.407192,
        42.492971,
        402.25
      ],
      [
        -2.407489,
        42.492919,
        403.75
      ],
      [
        -2.40774,
        42.492823,
        403.25
      ],
      [
        -2.40844,
        42.492613,
        401.25
      ],
      [
        -2.408787,
        42.492526,
        399.75
      ],
      [
        -2.409136,
        42.492426,
        399.25
      ],
      [
        -2.409278,
        42.49241,
        399.25
      ],
      [
        -2.409418,
        42.492375,
        399.0
      ],
      [
        -2.409599,
        42.492299,
        398.5
      ],
      [
        -2.409707,
        42.492266,
        398.25
      ],
      [
        -2.4106,
        42.492011,
        396.5
      ],
      [
        -2.41125,
        42.491838,
        395.0
      ],
      [
        -2.412314,
        42.491524,
        391.25
      ],
      [
        -2.412559,
        42.491474,
        390.5
      ],
      [
        -2.412712,
        42.491467,
        390.5
      ],
      [
        -2.413468,
        42.491272,
        389.0
      ],
      [
        -2.413586,
        42.491247,
        389.0
      ],
      [
        -2.413705,
        42.491231,
        388.75
      ],
      [
        -2.413857,
        42.491251,
        388.5
      ],
      [
        -2.413907,
        42.491244,
        388.25
      ],
      [
        -2.414018,
        42.491188,
        388.25
      ],
      [
        -2.414156,
        42.491087,
        388.0
      ],
      [
        -2.414221,
        42.491046,
        388.0
      ],
      [
        -2.414363,
        42.490988,
        388.25
      ],
      [
        -2.415423,
        42.490701,
        389.25
      ],
      [
        -2.41548,
        42.490671,
        389.25
      ],
      [
        -2.415541,
        42.490612,
        389.0
      ],
      [
        -2.415588,
        42.490582,
        388.75
      ],
      [
        -2.415756,
        42.490531,
        388.25
      ],
      [
        -2.415807,
        42.490522,
        388.25
      ],
      [
        -2.415943,
        42.490528,
        388.5
      ],
      [
        -2.416087,
        42.49052,
        389.0
      ],
      [
        -2.41632,
        42.490469,
        389.5
      ],
      [
        -2.416736,
        42.49036,
        390.0
      ],
      [
        -2.417833,
        42.490005,
        390.75
      ],
      [
        -2.418154,
        42.489959,
        391.25
      ],
      [
        -2.418351,
        42.489896,
        392.5
      ],
      [
        -2.418416,
        42.489863,
        393.25
      ],
      [
        -2.418437,
        42.489825,
        393.75
      ],
      [
        -2.418442,
        42.489772,
        394.5
      ],
      [
        -2.418409,
        42.489688,
        394.75
      ],
      [
        -2.418403,
        42.489654,
        394.5
      ],
      [
        -2.418417,
        42.489626,
        394.25
      ],
      [
        -2.418793,
        42.489257,
        393.75
      ],
      [
        -2.418861,
        42.489207,
        393.5
      ],
      [
        -2.41898,
        42.48916,
        393.25
      ],
      [
        -2.419115,
        42.489121,
        393.75
      ],
      [
        -2.41924,
        42.489115,
        394.25
      ],
      [
        -2.419857,
        42.489144,
        395.0
      ],
      [
        -2.419978,
        42.489136,
        395.0
      ],
      [
        -2.420027,
        42.489127,
        395.5
      ],
      [
        -2.420065,
        42.489105,
        396.0
      ],
      [
        -2.420088,
        42.489082,
        396.25
      ],
      [
        -2.420118,
        42.488985,
        396.25
      ],
      [
        -2.420143,
        42.488943,
        396.0
      ],
      [
        -2.420195,
        42.488914,
        395.75
      ],
      [
        -2.420333,
        42.488869,
        396.0
      ],
      [
        -2.420813,
        42.488805,
        400.25
      ],
      [
        -2.421514,
        42.488698,
        401.0
      ],
      [
        -2.421775,
        42.488644,
        401.5
      ],
      [
        -2.422138,
        42.488554,
        402.25
      ],
      [
        -2.422557,
        42.488386,
        402.25
      ],
      [
        -2.423181,
        42.488093,
        404.25
      ],
      [
        -2.423633,
        42.487844,
        405.75
      ],
      [
        -2.42562,
        42.486875,
        416.0
      ],
      [
        -2.426141,
        42.486628,
        418.5
      ],
      [
        -2.426263,
        42.486561,
        418.75
      ],
      [
        -2.427452,
        42.485984,
        427.5
      ],
      [
        -2.427729,
        42.485867,
        427.75
      ],
      [
        -2.427927,
        42.485775,
        428.5
      ],
      [
        -2.428126,
        42.485698,
        429.25
      ],
      [
        -2.428397,
        42.485605,
        429.25
      ],
      [
        -2.428673,
        42.48552,
        429.25
      ],
      [
        -2.429526,
        42.48533,
        431.25
      ],
      [
        -2.430356,
        42.485118,
        433.75
      ],
      [
        -2.430924,
        42.484986,
        435.0
      ],
      [
        -2.431337,
        42.484866,
        435.5
      ],
      [
        -2.431431,
        42.484824,
        435.5
      ],
      [
        -2.43152,
        42.484777,
        435.0
      ],
      [
        -2.431823,
        42.484573,
        433.25
      ],
      [
        -2.432475,
        42.484071,
        430.0
      ],
      [
        -2.432627,
        42.483943,
        429.5
      ],
      [
        -2.434043,
        42.482615,
        426.5
      ],
      [
        -2.4343,
        42.482375,
        426.5
      ],
      [
        -2.434426,
        42.482208,
        425.25
      ],
      [
        -2.434833,
        42.481538,
        422.5
      ],
      [
        -2.435507,
        42.480147,
        415.25
      ],
      [
        -2.435799,
        42.479723,
        413.0
      ],
      [
        -2.436271,
        42.479033,
        409.5
      ],
      [
        -2.436621,
        42.478611,
        407.0
      ],
      [
        -2.437205,
        42.477833,
        402.5
      ],
      [
        -2.437285,
        42.477684,
        402.5
      ],
      [
        -2.437495,
        42.477219,
        399.0
      ],
      [
        -2.437611,
        42.477014,
        398.0
      ],
      [
        -2.437692,
        42.476923,
        396.0
      ],
      [
        -2.437713,
        42.476899,
        395.5
      ],
      [
        -2.437874,
        42.476806,
        394.5
      ],
      [
        -2.43809,
        42.4767,
        393.0
      ],
      [
        -2.438262,
        42.476627,
        390.5
      ],
      [
        -2.43844,
        42.476567,
        388.5
      ],
      [
        -2.438704,
        42.47644,
        385.25
      ],
      [
        -2.43901,
        42.476278,
        383.0
      ],
      [
        -2.439103,
        42.476213,
        381.5
      ],
      [
        -2.439161,
        42.476144,
        378.5
      ],
      [
        -2.43918,
        42.476042,
        375.75
      ],
      [
        -2.43921,
        42.475741,
        372.0
      ],
      [
        -2.439229,
        42.475654,
        371.5
      ],
      [
        -2.439258,
        42.475573,
        371.0
      ],
      [
        -2.439342,
        42.475428,
        370.25
      ],
      [
        -2.439385,
        42.475353,
        370.0
      ],
      [
        -2.439444,
        42.475221,
        369.75
      ],
      [
        -2.439486,
        42.475075,
        370.0
      ],
      [
        -2.439524,
        42.474921,
        370.0
      ],
      [
        -2.43955,
        42.474777,
        370.0
      ],
      [
        -2.439567,
        42.474634,
        370.0
      ],
      [
        -2.439587,
        42.474214,
        370.0
      ],
      [
        -2.43961,
        42.474029,
        370.0
      ],
      [
        -2.439649,
        42.473851,
        370.0
      ],
      [
        -2.439703,
        42.473721,
        370.0
      ],
      [
        -2.439764,
        42.473607,
        370.0
      ],
      [
        -2.440024,
        42.473259,
        369.75
      ],
      [
        -2.440137,
        42.47311,
        369.5
      ],
      [
        -2.440191,
        42.473009,
        369.5
      ],
      [
        -2.440245,
        42.472873,
        369.25
      ],
      [
        -2.440233,
        42.47281,
        369.0
      ],
      [
        -2.4402,
        42.472757,
        369.0
      ],
      [
        -2.440308,
        42.472665,
        369.0
      ],
      [
        -2.440547,
        42.472454,
        368.75
      ],
      [
        -2.440966,
        42.472096,
        369.0
      ],
      [
        -2.44113,
        42.471983,
        369.0
      ],
      [
        -2.441302,
        42.471862,
        369.5
      ],
      [
        -2.441511,
        42.471742,
        370.0
      ],
      [
        -2.44184,
        42.471612,
        369.75
      ],
      [
        -2.442283,
        42.471485,
        370.25
      ],
      [
        -2.442818,
        42.471349,
        371.0
      ],
      [
        -2.443404,
        42.471203,
        372.0
      ],
      [
        -2.443619,
        42.471141,
        372.75
      ],
      [
        -2.443755,
        42.471131,
        373.25
      ],
      [
        -2.443872,
        42.471153,
        373.75
      ],
      [
        -2.443957,
        42.471196,
        373.75
      ],
      [
        -2.444034,
        42.471247,
        374.0
      ],
      [
        -2.444049,
        42.47127,
        374.0
      ],
      [
        -2.444083,
        42.471301,
        374.0
      ],
      [
        -2.444147,
        42.47133,
        374.0
      ],
      [
        -2.444194,
        42.471335,
        374.25
      ],
      [
        -2.444255,
        42.47133,
        374.25
      ],
      [
        -2.444311,
        42.471313,
        374.5
      ],
      [
        -2.444343,
        42.471289,
        374.75
      ],
      [
        -2.444375,
        42.471251,
        374.75
      ],
      [
        -2.44439,
        42.47118,
        374.75
      ],
      [
        -2.444372,
        42.471136,
        374.75
      ],
      [
        -2.444354,
        42.471115,
        374.75
      ],
      [
        -2.444338,
        42.471104,
        374.75
      ],
      [
        -2.444301,
        42.471084,
        374.75
      ],
      [
        -2.444221,
        42.471024,
        374.5
      ],
      [
        -2.44419,
        42.470989,
        374.75
      ],
      [
        -2.44417,
        42.470962,
        374.75
      ],
      [
        -2.44413,
        42.470877,
        374.5
      ],
      [
        -2.44409,
        42.470787,
        373.25
      ],
      [
        -2.443272,
        42.469033,
        374.75
      ],
      [
        -2.443261,
        42.469011,
        374.75
      ],
      [
        -2.44325,
        42.468985,
        375.0
      ],
      [
        -2.44325,
        42.468948,
        375.5
      ],
      [
        -2.443279,
        42.468927,
        375.75
      ],
      [
        -2.443311,
        42.468887,
        376.0
      ],
      [
        -2.443323,
        42.468845,
        376.0
      ],
      [
        -2.443321,
        42.468812,
        376.25
      ],
      [
        -2.443404,
        42.46881,
        375.5
      ],
      [
        -2.444238,
        42.468453,
        377.0
      ],
      [
        -2.444664,
        42.468343,
        377.75
      ],
      [
        -2.445262,
        42.468237,
        378.75
      ],
      [
        -2.445702,
        42.467997,
        379.0
      ],
      [
        -2.446197,
        42.467783,
        378.5
      ],
      [
        -2.446477,
        42.467687,
        378.25
      ],
      [
        -2.446718,
        42.467617,
        378.5
      ],
      [
        -2.4467,
        42.467365,
        379.25
      ],
      [
        -2.446702,
        42.467301,
        379.5
      ],
      [
        -2.446669,
        42.466882,
        380.0
      ],
      [
        -2.446644,
        42.466407,
        381.75
      ],
      [
        -2.446644,
        42.466364,
        382.0
      ],
      [
        -2.446672,
        42.465927,
        382.5
      ],
      [
        -2.446674,
        42.465898,
        382.75
      ],
      [
        -2.446706,
        42.465574,
        384.5
      ],
      [
        -2.446716,
        42.465428,
        385.25
      ],
      [
        -2.446717,
        42.465308,
        385.5
      ],
      [
        -2.44672,
        42.465283,
        385.75
      ],
      [
        -2.446597,
        42.465284,
        385.75
      ],
      [
        -2.445713,
        42.465244,
        386.0
      ],
      [
        -2.445724,
        42.465138,
        386.0
      ],
      [
        -2.445734,
        42.465052,
        386.25
      ],
      [
        -2.445553,
        42.465043,
        386.75
      ],
      [
        -2.445734,
        42.465052,
        386.25
      ],
      [
        -2.445724,
        42.465138,
        386.0
      ],
      [
        -2.445713,
        42.465244,
        386.0
      ],
      [
        -2.44571,
        42.465271,
        386.0
      ],
      [
        -2.446595,
        42.465306,
        385.75
      ],
      [
        -2.446717,
        42.465308,
        385.5
      ],
      [
        -2.446716,
        42.465428,
        385.25
      ],
      [
        -2.446706,
        42.465574,
        384.5
      ],
      [
        -2.446674,
        42.465898,
        382.75
      ],
      [
        -2.446672,
        42.465927,
        382.5
      ],
      [
        -2.446644,
        42.466364,
        382.0
      ],
      [
        -2.446644,
        42.466407,
        381.75
      ],
      [
        -2.446784,
        42.466404,
        381.5
      ],
      [
        -2.447564,
        42.466415,
        381.0
      ],
      [
        -2.447643,
        42.466411,
        381.5
      ],
      [
        -2.448499,
        42.466396,
        382.5
      ],
      [
        -2.448663,
        42.466387,
        383.0
      ],
      [
        -2.448728,
        42.466382,
        383.0
      ],
      [
        -2.448995,
        42.46635,
        383.25
      ],
      [
        -2.449772,
        42.466265,
        385.5
      ],
      [
        -2.450115,
        42.46623,
        387.0
      ],
      [
        -2.450795,
        42.466189,
        387.0
      ],
      [
        -2.450834,
        42.46619,
        387.0
      ],
      [
        -2.450874,
        42.466289,
        387.0
      ],
      [
        -2.450937,
        42.466346,
        387.0
      ],
      [
        -2.451083,
        42.466402,
        387.0
      ],
      [
        -2.451133,
        42.466409,
        387.0
      ],
      [
        -2.451307,
        42.466378,
        387.0
      ],
      [
        -2.451349,
        42.46639,
        387.0
      ],
      [
        -2.4514,
        42.466353,
        387.0
      ],
      [
        -2.451473,
        42.466222,
        387.0
      ],
      [
        -2.451484,
        42.466156,
        387.0
      ],
      [
        -2.451482,
        42.466113,
        387.0
      ],
      [
        -2.451503,
        42.46608,
        386.75
      ],
      [
        -2.451548,
        42.466063,
        386.75
      ],
      [
        -2.451592,
        42.466042,
        386.75
      ],
      [
        -2.452656,
        42.465783,
        387.5
      ],
      [
        -2.453532,
        42.465573,
        388.0
      ],
      [
        -2.453789,
        42.465498,
        388.0
      ],
      [
        -2.453907,
        42.465439,
        388.0
      ],
      [
        -2.454178,
        42.465376,
        388.0
      ],
      [
        -2.454412,
        42.465336,
        388.5
      ],
      [
        -2.454661,
        42.465387,
        388.5
      ],
      [
        -2.45471,
        42.465387,
        388.5
      ],
      [
        -2.454755,
        42.465374,
        388.5
      ],
      [
        -2.454785,
        42.465358,
        388.5
      ],
      [
        -2.454808,
        42.465336,
        388.75
      ],
      [
        -2.454824,
        42.465307,
        388.75
      ],
      [
        -2.454832,
        42.465272,
        389.0
      ],
      [
        -2.4549,
        42.465221,
        389.0
      ],
      [
        -2.455017,
        42.465168,
        389.0
      ],
      [
        -2.455128,
        42.465139,
        389.0
      ],
      [
        -2.455675,
        42.465006,
        388.75
      ],
      [
        -2.456038,
        42.464925,
        389.0
      ],
      [
        -2.456063,
        42.464919,
        389.0
      ],
      [
        -2.456273,
        42.464867,
        389.0
      ],
      [
        -2.456424,
        42.464828,
        389.0
      ],
      [
        -2.457299,
        42.464612,
        389.0
      ],
      [
        -2.457356,
        42.464598,
        388.75
      ],
      [
        -2.457582,
        42.464543,
        389.0
      ],
      [
        -2.457681,
        42.464518,
        389.0
      ],
      [
        -2.45778,
        42.464494,
        388.75
      ],
      [
        -2.457926,
        42.46446,
        389.0
      ],
      [
        -2.458752,
        42.464263,
        390.0
      ],
      [
        -2.459291,
        42.464134,
        390.0
      ],
      [
        -2.459662,
        42.464045,
        390.0
      ],
      [
        -2.459807,
        42.46401,
        389.75
      ],
      [
        -2.460025,
        42.463957,
        390.0
      ],
      [
        -2.460161,
        42.463923,
        390.0
      ],
      [
        -2.460332,
        42.463882,
        390.0
      ],
      [
        -2.460661,
        42.463802,
        390.0
      ],
      [
        -2.460765,
        42.463777,
        390.25
      ],
      [
        -2.461197,
        42.46367,
        390.75
      ],
      [
        -2.461568,
        42.463579,
        391.0
      ],
      [
        -2.461698,
        42.463546,
        391.0
      ],
      [
        -2.461785,
        42.463519,
        391.0
      ],
      [
        -2.461856,
        42.463498,
        391.25
      ],
      [
        -2.461928,
        42.46349,
        391.25
      ],
      [
        -2.462005,
        42.463495,
        391.5
      ],
      [
        -2.462067,
        42.463508,
        391.5
      ],
      [
        -2.462105,
        42.463533,
        391.5
      ],
      [
        -2.462141,
        42.463545,
        391.75
      ],
      [
        -2.46218,
        42.46355,
        391.75
      ],
      [
        -2.462257,
        42.46354,
        392.0
      ],
      [
        -2.462319,
        42.463505,
        392.0
      ],
      [
        -2.46234,
        42.463481,
        392.0
      ],
      [
        -2.462356,
        42.463424,
        392.25
      ],
      [
        -2.462339,
        42.463374,
        392.25
      ],
      [
        -2.462295,
        42.463334,
        392.25
      ],
      [
        -2.462265,
        42.463319,
        392.0
      ],
      [
        -2.462197,
        42.463306,
        391.75
      ],
      [
        -2.462112,
        42.463093,
        391.25
      ],
      [
        -2.462093,
        42.46305,
        391.25
      ],
      [
        -2.462144,
        42.463038,
        391.25
      ],
      [
        -2.461945,
        42.462604,
        391.75
      ],
      [
        -2.46194,
        42.462576,
        391.75
      ],
      [
        -2.461951,
        42.462545,
        391.75
      ],
      [
        -2.461985,
        42.462527,
        391.75
      ],
      [
        -2.46197,
        42.462489,
        391.75
      ],
      [
        -2.461952,
        42.462442,
        391.75
      ],
      [
        -2.461905,
        42.462443,
        391.75
      ],
      [
        -2.46187,
        42.462422,
        391.75
      ],
      [
        -2.46172,
        42.462069,
        391.75
      ],
      [
        -2.461473,
        42.461499,
        392.25
      ],
      [
        -2.461271,
        42.461154,
        392.75
      ],
      [
        -2.461295,
        42.461122,
        392.75
      ],
      [
        -2.461322,
        42.461079,
        393.0
      ],
      [
        -2.461415,
        42.461,
        393.25
      ],
      [
        -2.461742,
        42.460829,
        394.0
      ],
      [
        -2.461839,
        42.460657,
        394.5
      ],
      [
        -2.461871,
        42.460589,
        394.75
      ],
      [
        -2.461906,
        42.460477,
        394.5
      ],
      [
        -2.461926,
        42.460453,
        394.25
      ],
      [
        -2.462017,
        42.460458,
        393.75
      ],
      [
        -2.46212,
        42.460579,
        394.25
      ],
      [
        -2.462182,
        42.460558,
        394.0
      ],
      [
        -2.461999,
        42.4604,
        395.25
      ],
      [
        -2.462136,
        42.460287,
        396.5
      ],
      [
        -2.462315,
        42.460194,
        397.75
      ],
      [
        -2.462469,
        42.460149,
        397.75
      ],
      [
        -2.463165,
        42.459979,
        401.25
      ],
      [
        -2.463284,
        42.459949,
        402.0
      ],
      [
        -2.464108,
        42.459748,
        402.75
      ],
      [
        -2.464465,
        42.459674,
        404.0
      ],
      [
        -2.464812,
        42.459595,
        404.5
      ],
      [
        -2.464951,
        42.459558,
        404.75
      ],
      [
        -2.465519,
        42.459419,
        406.5
      ],
      [
        -2.465649,
        42.459398,
        404.75
      ],
      [
        -2.466042,
        42.459324,
        403.0
      ],
      [
        -2.466175,
        42.459298,
        404.25
      ],
      [
        -2.466207,
        42.459288,
        404.75
      ],
      [
        -2.466383,
        42.459235,
        407.5
      ],
      [
        -2.466466,
        42.459229,
        407.5
      ],
      [
        -2.466678,
        42.459158,
        407.0
      ],
      [
        -2.466788,
        42.45914,
        407.25
      ],
      [
        -2.467122,
        42.459131,
        408.0
      ],
      [
        -2.467463,
        42.45913,
        408.5
      ],
      [
        -2.467641,
        42.459118,
        409.0
      ],
      [
        -2.467778,
        42.459093,
        409.5
      ],
      [
        -2.467877,
        42.45903,
        409.75
      ],
      [
        -2.467939,
        42.458928,
        410.25
      ],
      [
        -2.467985,
        42.458773,
        410.5
      ],
      [
        -2.46801,
        42.458407,
        411.0
      ],
      [
        -2.468061,
        42.458276,
        411.0
      ],
      [
        -2.468121,
        42.45824,
        411.25
      ],
      [
        -2.468201,
        42.458226,
        411.5
      ],
      [
        -2.468693,
        42.458268,
        413.0
      ],
      [
        -2.469403,
        42.458326,
        412.0
      ],
      [
        -2.469756,
        42.45833,
        412.0
      ],
      [
        -2.470042,
        42.458319,
        412.0
      ],
      [
        -2.470244,
        42.458281,
        412.5
      ],
      [
        -2.470295,
        42.458262,
        412.5
      ],
      [
        -2.470472,
        42.458215,
        412.5
      ],
      [
        -2.470659,
        42.458132,
        412.5
      ],
      [
        -2.470973,
        42.457942,
        412.5
      ],
      [
        -2.471362,
        42.457785,
        412.0
      ],
      [
        -2.47185,
        42.457623,
        410.25
      ],
      [
        -2.472032,
        42.457517,
        409.25
      ],
      [
        -2.47202,
        42.457479,
        409.0
      ],
      [
        -2.472039,
        42.457436,
        409.0
      ],
      [
        -2.472318,
        42.45736,
        409.25
      ],
      [
        -2.472288,
        42.457295,
        409.25
      ],
      [
        -2.472262,
        42.457238,
        409.0
      ],
      [
        -2.472258,
        42.45723,
        409.0
      ],
      [
        -2.472272,
        42.4572,
        408.75
      ],
      [
        -2.472352,
        42.457065,
        408.25
      ],
      [
        -2.472322,
        42.456993,
        407.75
      ],
      [
        -2.472308,
        42.45696,
        407.5
      ],
      [
        -2.47255,
        42.456885,
        409.0
      ],
      [
        -2.472636,
        42.45686,
        409.25
      ],
      [
        -2.472851,
        42.456809,
        410.75
      ],
      [
        -2.472969,
        42.456837,
        411.0
      ],
      [
        -2.473004,
        42.456767,
        411.25
      ],
      [
        -2.473245,
        42.456614,
        412.5
      ],
      [
        -2.473386,
        42.456561,
        413.0
      ],
      [
        -2.473542,
        42.456511,
        413.75
      ],
      [
        -2.473699,
        42.456475,
        414.25
      ],
      [
        -2.474112,
        42.45643,
        415.0
      ],
      [
        -2.474562,
        42.456413,
        416.25
      ],
      [
        -2.474703,
        42.456395,
        416.75
      ],
      [
        -2.474858,
        42.456361,
        416.5
      ],
      [
        -2.475211,
        42.456235,
        415.5
      ],
      [
        -2.475512,
        42.456106,
        415.75
      ],
      [
        -2.475661,
        42.456081,
        415.25
      ],
      [
        -2.475802,
        42.456073,
        415.25
      ],
      [
        -2.475999,
        42.456049,
        414.75
      ],
      [
        -2.476322,
        42.456011,
        414.0
      ],
      [
        -2.476813,
        42.455919,
        412.75
      ],
      [
        -2.477307,
        42.455792,
        411.5
      ],
      [
        -2.477415,
        42.455759,
        413.0
      ],
      [
        -2.477445,
        42.45574,
        413.25
      ],
      [
        -2.477458,
        42.455714,
        413.25
      ],
      [
        -2.477453,
        42.455675,
        412.75
      ],
      [
        -2.477405,
        42.455419,
        410.5
      ],
      [
        -2.477413,
        42.455373,
        410.0
      ],
      [
        -2.477447,
        42.455333,
        409.5
      ],
      [
        -2.477501,
        42.455307,
        409.25
      ],
      [
        -2.477703,
        42.455224,
        408.75
      ],
      [
        -2.479085,
        42.454978,
        410.5
      ],
      [
        -2.479493,
        42.454941,
        410.75
      ],
      [
        -2.47961,
        42.454909,
        410.5
      ],
      [
        -2.479879,
        42.45477,
        410.5
      ],
      [
        -2.480985,
        42.454231,
        411.0
      ],
      [
        -2.481156,
        42.454155,
        411.0
      ],
      [
        -2.481997,
        42.453822,
        410.75
      ],
      [
        -2.48316,
        42.453446,
        411.0
      ],
      [
        -2.485402,
        42.453092,
        411.75
      ],
      [
        -2.486745,
        42.452965,
        412.25
      ],
      [
        -2.486931,
        42.452921,
        412.75
      ],
      [
        -2.487543,
        42.452662,
        414.0
      ],
      [
        -2.488426,
        42.452304,
        414.0
      ],
      [
        -2.490167,
        42.451635,
        416.25
      ],
      [
        -2.491222,
        42.451384,
        417.25
      ],
      [
        -2.492519,
        42.451014,
        419.0
      ],
      [
        -2.493305,
        42.450826,
        420.0
      ],
      [
        -2.494207,
        42.450542,
        421.0
      ],
      [
        -2.494267,
        42.45049,
        421.0
      ],
      [
        -2.494529,
        42.450167,
        421.25
      ],
      [
        -2.494701,
        42.450048,
        421.75
      ],
      [
        -2.494995,
        42.449925,
        424.25
      ],
      [
        -2.495143,
        42.449894,
        424.75
      ],
      [
        -2.496197,
        42.449917,
        427.0
      ],
      [
        -2.496386,
        42.4499,
        427.25
      ],
      [
        -2.496608,
        42.44986,
        427.25
      ],
      [
        -2.497026,
        42.44986,
        428.75
      ],
      [
        -2.4974,
        42.449838,
        430.5
      ],
      [
        -2.497578,
        42.449814,
        431.0
      ],
      [
        -2.497717,
        42.449755,
        432.0
      ],
      [
        -2.497763,
        42.449719,
        432.75
      ],
      [
        -2.497844,
        42.449714,
        432.0
      ],
      [
        -2.498053,
        42.449445,
        433.75
      ],
      [
        -2.498174,
        42.449322,
        434.25
      ],
      [
        -2.49823,
        42.449238,
        434.25
      ],
      [
        -2.498235,
        42.449136,
        434.0
      ],
      [
        -2.498211,
        42.448886,
        431.5
      ],
      [
        -2.498226,
        42.448833,
        431.5
      ],
      [
        -2.498272,
        42.448788,
        431.75
      ],
      [
        -2.498333,
        42.448769,
        432.25
      ],
      [
        -2.498523,
        42.448771,
        432.5
      ],
      [
        -2.498604,
        42.448766,
        432.75
      ],
      [
        -2.498807,
        42.448676,
        431.5
      ],
      [
        -2.498969,
        42.44858,
        430.5
      ],
      [
        -2.499116,
        42.448378,
        431.0
      ],
      [
        -2.499213,
        42.448303,
        431.0
      ],
      [
        -2.499628,
        42.448184,
        429.0
      ],
      [
        -2.499777,
        42.448104,
        428.25
      ],
      [
        -2.499875,
        42.447988,
        428.75
      ],
      [
        -2.499917,
        42.447865,
        429.5
      ],
      [
        -2.499912,
        42.44783,
        429.75
      ],
      [
        -2.499897,
        42.447796,
        430.0
      ],
      [
        -2.499853,
        42.447687,
        432.5
      ],
      [
        -2.499896,
        42.447636,
        433.5
      ],
      [
        -2.500304,
        42.447411,
        434.75
      ],
      [
        -2.500355,
        42.447358,
        435.0
      ],
      [
        -2.50039,
        42.447305,
        435.75
      ],
      [
        -2.500396,
        42.447284,
        436.0
      ],
      [
        -2.500534,
        42.44716,
        436.0
      ],
      [
        -2.500631,
        42.447126,
        436.0
      ],
      [
        -2.503158,
        42.448035,
        436.5
      ],
      [
        -2.503498,
        42.448146,
        436.5
      ],
      [
        -2.503713,
        42.448142,
        437.25
      ],
      [
        -2.504064,
        42.448096,
        438.25
      ],
      [
        -2.504493,
        42.448001,
        442.25
      ],
      [
        -2.504694,
        42.447947,
        443.25
      ],
      [
        -2.504847,
        42.447497,
        443.25
      ],
      [
        -2.504938,
        42.447301,
        443.75
      ],
      [
        -2.50499,
        42.447246,
        443.75
      ],
      [
        -2.505036,
        42.447154,
        443.75
      ],
      [
        -2.505041,
        42.447034,
        443.25
      ],
      [
        -2.505143,
        42.446873,
        442.5
      ],
      [
        -2.505277,
        42.446756,
        441.25
      ],
      [
        -2.505458,
        42.446723,
        440.25
      ],
      [
        -2.505808,
        42.446694,
        439.25
      ],
      [
        -2.505945,
        42.446714,
        439.75
      ],
      [
        -2.506205,
        42.446718,
        439.5
      ],
      [
        -2.506413,
        42.44673,
        439.25
      ],
      [
        -2.506577,
        42.446724,
        439.0
      ],
      [
        -2.506993,
        42.446846,
        440.25
      ],
      [
        -2.507419,
        42.446994,
        440.0
      ],
      [
        -2.507778,
        42.447098,
        442.0
      ],
      [
        -2.507938,
        42.447123,
        442.5
      ],
      [
        -2.508043,
        42.447121,
        442.5
      ],
      [
        -2.508231,
        42.447093,
        442.0
      ],
      [
        -2.508516,
        42.447033,
        441.5
      ],
      [
        -2.508644,
        42.446985,
        441.25
      ],
      [
        -2.509108,
        42.446755,
        440.5
      ],
      [
        -2.509279,
        42.446637,
        440.25
      ],
      [
        -2.509428,
        42.44656,
        440.5
      ],
      [
        -2.509674,
        42.446483,
        441.0
      ],
      [
        -2.509972,
        42.44636,
        442.75
      ],
      [
        -2.510373,
        42.44616,
        443.0
      ],
      [
        -2.510724,
        42.446058,
        443.0
      ],
      [
        -2.51085,
        42.446001,
        443.0
      ],
      [
        -2.510963,
        42.44592,
        443.0
      ],
      [
        -2.511124,
        42.445779,
        443.25
      ],
      [
        -2.511304,
        42.445661,
        442.75
      ],
      [
        -2.511475,
        42.445586,
        442.0
      ],
      [
        -2.511804,
        42.445466,
        441.5
      ],
      [
        -2.512125,
        42.445328,
        441.75
      ],
      [
        -2.512702,
        42.445027,
        442.0
      ],
      [
        -2.512863,
        42.444965,
        442.25
      ],
      [
        -2.512995,
        42.444943,
        443.0
      ],
      [
        -2.513108,
        42.444913,
        443.0
      ],
      [
        -2.513212,
        42.444858,
        443.0
      ],
      [
        -2.513285,
        42.444792,
        442.5
      ],
      [
        -2.51334,
        42.444707,
        442.0
      ],
      [
        -2.513376,
        42.444612,
        443.0
      ],
      [
        -2.513383,
        42.444512,
        443.5
      ],
      [
        -2.513331,
        42.444459,
        442.75
      ],
      [
        -2.513228,
        42.444408,
        442.75
      ],
      [
        -2.512803,
        42.444309,
        442.75
      ],
      [
        -2.512487,
        42.444202,
        442.25
      ],
      [
        -2.512271,
        42.44415,
        440.5
      ],
      [
        -2.512186,
        42.444122,
        440.25
      ],
      [
        -2.512131,
        42.444059,
        440.5
      ],
      [
        -2.512099,
        42.444008,
        440.75
      ],
      [
        -2.512092,
        42.443929,
        441.25
      ],
      [
        -2.512132,
        42.443889,
        441.5
      ],
      [
        -2.512514,
        42.443657,
        442.5
      ],
      [
        -2.51283,
        42.443485,
        442.75
      ],
      [
        -2.513149,
        42.443322,
        443.25
      ],
      [
        -2.513201,
        42.443246,
        443.75
      ],
      [
        -2.513281,
        42.442859,
        444.5
      ],
      [
        -2.513283,
        42.442768,
        444.75
      ],
      [
        -2.513256,
        42.442656,
        444.5
      ],
      [
        -2.513208,
        42.442328,
        444.5
      ],
      [
        -2.513206,
        42.442166,
        444.25
      ],
      [
        -2.513247,
        42.442008,
        444.0
      ],
      [
        -2.513387,
        42.441751,
        444.0
      ],
      [
        -2.513402,
        42.441677,
        444.0
      ],
      [
        -2.513403,
        42.441593,
        444.0
      ],
      [
        -2.513389,
        42.441523,
        443.75
      ],
      [
        -2.513368,
        42.441458,
        443.25
      ],
      [
        -2.513366,
        42.441369,
        443.0
      ],
      [
        -2.513654,
        42.441316,
        445.0
      ],
      [
        -2.513735,
        42.441315,
        445.0
      ],
      [
        -2.51398,
        42.441408,
        445.25
      ],
      [
        -2.514623,
        42.44156,
        446.75
      ],
      [
        -2.51473,
        42.441556,
        447.0
      ],
      [
        -2.514796,
        42.44153,
        447.5
      ],
      [
        -2.514801,
        42.441159,
        447.5
      ],
      [
        -2.514819,
        42.440963,
        448.0
      ],
      [
        -2.514816,
        42.440607,
        448.75
      ],
      [
        -2.514883,
        42.440215,
        449.5
      ],
      [
        -2.514906,
        42.439975,
        449.0
      ],
      [
        -2.514949,
        42.439791,
        449.5
      ],
      [
        -2.515063,
        42.439585,
        449.25
      ],
      [
        -2.515266,
        42.439333,
        449.5
      ],
      [
        -2.515318,
        42.4392,
        449.25
      ],
      [
        -2.515323,
        42.439086,
        449.75
      ],
      [
        -2.515295,
        42.438948,
        450.5
      ],
      [
        -2.515213,
        42.438827,
        450.75
      ],
      [
        -2.515088,
        42.43871,
        451.0
      ],
      [
        -2.514797,
        42.438493,
        452.75
      ],
      [
        -2.514688,
        42.438395,
        453.75
      ],
      [
        -2.514388,
        42.437916,
        458.25
      ],
      [
        -2.514372,
        42.437808,
        459.75
      ],
      [
        -2.514417,
        42.437744,
        460.25
      ],
      [
        -2.514625,
        42.437633,
        461.25
      ],
      [
        -2.514922,
        42.437501,
        464.0
      ],
      [
        -2.515307,
        42.437329,
        465.5
      ],
      [
        -2.515489,
        42.437194,
        468.0
      ],
      [
        -2.515655,
        42.437004,
        472.25
      ],
      [
        -2.515752,
        42.436865,
        474.0
      ],
      [
        -2.515825,
        42.436789,
        474.5
      ],
      [
        -2.51615,
        42.436584,
        479.5
      ],
      [
        -2.516265,
        42.436542,
        480.75
      ],
      [
        -2.516337,
        42.436547,
        481.75
      ],
      [
        -2.516394,
        42.436572,
        482.5
      ],
      [
        -2.516507,
        42.43667,
        483.25
      ],
      [
        -2.516617,
        42.436749,
        483.75
      ],
      [
        -2.516746,
        42.436815,
        484.0
      ],
      [
        -2.517052,
        42.437038,
        483.5
      ],
      [
        -2.517339,
        42.437261,
        484.0
      ],
      [
        -2.517669,
        42.43749,
        485.0
      ],
      [
        -2.517876,
        42.437613,
        485.25
      ],
      [
        -2.517966,
        42.437656,
        485.5
      ],
      [
        -2.518434,
        42.437816,
        487.25
      ],
      [
        -2.518902,
        42.437952,
        489.0
      ],
      [
        -2.519042,
        42.438001,
        489.5
      ],
      [
        -2.519446,
        42.438193,
        493.0
      ],
      [
        -2.519639,
        42.438297,
        494.25
      ],
      [
        -2.519887,
        42.438481,
        495.75
      ],
      [
        -2.520074,
        42.438583,
        496.25
      ],
      [
        -2.520356,
        42.438696,
        496.75
      ],
      [
        -2.520663,
        42.438802,
        497.75
      ],
      [
        -2.520851,
        42.438882,
        499.0
      ],
      [
        -2.52103,
        42.43898,
        500.75
      ],
      [
        -2.521175,
        42.439088,
        501.75
      ],
      [
        -2.52127,
        42.439141,
        502.25
      ],
      [
        -2.52182,
        42.439299,
        506.0
      ],
      [
        -2.52229,
        42.439423,
        507.5
      ],
      [
        -2.522483,
        42.439491,
        508.5
      ],
      [
        -2.52261,
        42.439536,
        509.25
      ],
      [
        -2.522829,
        42.439638,
        510.75
      ],
      [
        -2.522981,
        42.439739,
        512.0
      ],
      [
        -2.523168,
        42.439864,
        513.25
      ],
      [
        -2.523584,
        42.440035,
        513.25
      ],
      [
        -2.523714,
        42.440068,
        513.0
      ],
      [
        -2.523818,
        42.440086,
        513.25
      ],
      [
        -2.523912,
        42.440094,
        513.5
      ],
      [
        -2.524029,
        42.44007,
        514.25
      ],
      [
        -2.524548,
        42.439965,
        518.5
      ],
      [
        -2.524755,
        42.439937,
        519.0
      ],
      [
        -2.524977,
        42.439907,
        519.0
      ],
      [
        -2.525467,
        42.439865,
        519.0
      ],
      [
        -2.52604,
        42.439836,
        518.25
      ],
      [
        -2.526616,
        42.439791,
        518.75
      ],
      [
        -2.526741,
        42.439783,
        518.5
      ],
      [
        -2.527191,
        42.439772,
        516.25
      ],
      [
        -2.527795,
        42.439712,
        512.75
      ],
      [
        -2.528254,
        42.43965,
        512.0
      ],
      [
        -2.528731,
        42.439572,
        511.0
      ],
      [
        -2.528855,
        42.439565,
        510.75
      ],
      [
        -2.528964,
        42.439566,
        510.5
      ],
      [
        -2.529018,
        42.439567,
        510.5
      ],
      [
        -2.529125,
        42.43955,
        510.75
      ],
      [
        -2.529908,
        42.43938,
        508.0
      ],
      [
        -2.530056,
        42.43936,
        508.0
      ],
      [
        -2.530154,
        42.439347,
        508.0
      ],
      [
        -2.530874,
        42.439217,
        507.25
      ],
      [
        -2.531366,
        42.439094,
        505.75
      ],
      [
        -2.531921,
        42.438916,
        504.25
      ],
      [
        -2.531956,
        42.438906,
        503.75
      ],
      [
        -2.532231,
        42.438861,
        503.0
      ],
      [
        -2.533149,
        42.438803,
        501.5
      ],
      [
        -2.533424,
        42.43878,
        501.25
      ],
      [
        -2.534057,
        42.438666,
        501.25
      ],
      [
        -2.534338,
        42.438626,
        501.75
      ],
      [
        -2.534661,
        42.438605,
        501.25
      ],
      [
        -2.535305,
        42.438518,
        500.25
      ],
      [
        -2.535449,
        42.438495,
        500.25
      ],
      [
        -2.535587,
        42.438463,
        500.25
      ],
      [
        -2.535798,
        42.43838,
        499.0
      ],
      [
        -2.536171,
        42.438251,
        497.25
      ],
      [
        -2.536833,
        42.438044,
        496.25
      ],
      [
        -2.537153,
        42.437945,
        496.75
      ],
      [
        -2.537602,
        42.437836,
        497.25
      ],
      [
        -2.537796,
        42.437796,
        497.5
      ],
      [
        -2.538188,
        42.437731,
        497.75
      ],
      [
        -2.538608,
        42.43768,
        499.5
      ],
      [
        -2.538825,
        42.437638,
        499.25
      ],
      [
        -2.538996,
        42.437596,
        498.75
      ],
      [
        -2.539245,
        42.437505,
        497.5
      ],
      [
        -2.539459,
        42.437415,
        497.0
      ],
      [
        -2.539613,
        42.437336,
        496.5
      ],
      [
        -2.540358,
        42.436941,
        491.5
      ],
      [
        -2.540446,
        42.436892,
        491.25
      ],
      [
        -2.540609,
        42.436815,
        490.5
      ],
      [
        -2.540827,
        42.436733,
        489.25
      ],
      [
        -2.541092,
        42.436668,
        488.0
      ],
      [
        -2.541368,
        42.436635,
        487.0
      ],
      [
        -2.541557,
        42.436623,
        486.25
      ],
      [
        -2.541774,
        42.436602,
        485.75
      ],
      [
        -2.542013,
        42.436557,
        485.0
      ],
      [
        -2.542287,
        42.436486,
        482.5
      ],
      [
        -2.542481,
        42.436427,
        481.0
      ],
      [
        -2.542608,
        42.4364,
        479.75
      ],
      [
        -2.542745,
        42.436355,
        478.25
      ],
      [
        -2.542873,
        42.436326,
        477.75
      ],
      [
        -2.543396,
        42.436277,
        474.75
      ],
      [
        -2.545206,
        42.436052,
        472.25
      ],
      [
        -2.546416,
        42.435832,
        471.75
      ],
      [
        -2.546669,
        42.435798,
        471.0
      ],
      [
        -2.5473,
        42.435721,
        471.0
      ],
      [
        -2.547529,
        42.435682,
        470.75
      ],
      [
        -2.547928,
        42.435588,
        469.75
      ],
      [
        -2.548093,
        42.435546,
        470.0
      ],
      [
        -2.548221,
        42.435544,
        470.0
      ],
      [
        -2.548353,
        42.43555,
        469.75
      ],
      [
        -2.548559,
        42.435585,
        469.0
      ],
      [
        -2.548781,
        42.43562,
        469.0
      ],
      [
        -2.548972,
        42.435675,
        469.25
      ],
      [
        -2.549343,
        42.435857,
        471.25
      ],
      [
        -2.549499,
        42.435917,
        470.75
      ],
      [
        -2.549588,
        42.435926,
        471.0
      ],
      [
        -2.549674,
        42.435918,
        471.25
      ],
      [
        -2.549765,
        42.43589,
        471.25
      ],
      [
        -2.550361,
        42.435422,
        471.5
      ],
      [
        -2.55071,
        42.435133,
        470.5
      ],
      [
        -2.550815,
        42.435055,
        470.5
      ],
      [
        -2.550926,
        42.434992,
        470.25
      ],
      [
        -2.551217,
        42.434909,
        469.0
      ],
      [
        -2.551641,
        42.434778,
        468.75
      ],
      [
        -2.5519,
        42.43471,
        469.0
      ],
      [
        -2.552623,
        42.434532,
        469.0
      ],
      [
        -2.553597,
        42.434212,
        469.75
      ],
      [
        -2.554258,
        42.434032,
        470.0
      ],
      [
        -2.554929,
        42.433811,
        470.0
      ],
      [
        -2.555417,
        42.43369,
        470.75
      ],
      [
        -2.557339,
        42.433139,
        472.25
      ],
      [
        -2.557771,
        42.433024,
        473.75
      ],
      [
        -2.5584,
        42.432857,
        477.5
      ],
      [
        -2.558692,
        42.432754,
        480.0
      ],
      [
        -2.559034,
        42.432572,
        484.5
      ],
      [
        -2.559083,
        42.43256,
        484.75
      ],
      [
        -2.55916,
        42.432562,
        485.5
      ],
      [
        -2.559191,
        42.432569,
        485.75
      ],
      [
        -2.559265,
        42.432608,
        487.0
      ],
      [
        -2.559292,
        42.43264,
        487.0
      ],
      [
        -2.559311,
        42.432678,
        487.0
      ],
      [
        -2.559375,
        42.432909,
        486.25
      ],
      [
        -2.559409,
        42.432926,
        486.75
      ],
      [
        -2.559469,
        42.432926,
        488.0
      ],
      [
        -2.559487,
        42.432868,
        488.75
      ],
      [
        -2.559486,
        42.432805,
        489.0
      ],
      [
        -2.559401,
        42.432521,
        490.75
      ],
      [
        -2.55936,
        42.432412,
        490.5
      ],
      [
        -2.559324,
        42.432339,
        490.25
      ],
      [
        -2.559286,
        42.432256,
        490.5
      ],
      [
        -2.559256,
        42.432146,
        491.0
      ],
      [
        -2.559207,
        42.431897,
        492.25
      ],
      [
        -2.559346,
        42.431738,
        494.75
      ],
      [
        -2.559393,
        42.431655,
        496.25
      ],
      [
        -2.559468,
        42.431484,
        499.5
      ],
      [
        -2.559415,
        42.431065,
        503.75
      ],
      [
        -2.559433,
        42.430985,
        504.5
      ],
      [
        -2.559584,
        42.430321,
        511.25
      ],
      [
        -2.559605,
        42.430262,
        511.75
      ],
      [
        -2.559635,
        42.430177,
        511.5
      ],
      [
        -2.559724,
        42.430066,
        511.5
      ],
      [
        -2.559833,
        42.429959,
        511.75
      ],
      [
        -2.560002,
        42.429842,
        512.75
      ],
      [
        -2.560223,
        42.429721,
        512.75
      ],
      [
        -2.560367,
        42.429651,
        512.25
      ],
      [
        -2.560571,
        42.429587,
        511.5
      ],
      [
        -2.560736,
        42.429546,
        512.25
      ],
      [
        -2.560925,
        42.429511,
        513.0
      ],
      [
        -2.560997,
        42.429502,
        513.0
      ],
      [
        -2.561542,
        42.429462,
        511.0
      ],
      [
        -2.561521,
        42.429253,
        508.0
      ],
      [
        -2.561497,
        42.429094,
        505.75
      ],
      [
        -2.561461,
        42.428824,
        501.75
      ],
      [
        -2.561669,
        42.428884,
        505.25
      ],
      [
        -2.562232,
        42.429047,
        505.25
      ],
      [
        -2.562931,
        42.429293,
        504.75
      ],
      [
        -2.562987,
        42.429312,
        504.75
      ],
      [
        -2.563194,
        42.429386,
        504.75
      ],
      [
        -2.563394,
        42.429485,
        505.25
      ],
      [
        -2.563609,
        42.429592,
        505.5
      ],
      [
        -2.564048,
        42.429851,
        504.5
      ],
      [
        -2.564122,
        42.429906,
        504.0
      ],
      [
        -2.564216,
        42.429982,
        503.75
      ],
      [
        -2.564344,
        42.4301,
        504.25
      ],
      [
        -2.564393,
        42.430171,
        504.0
      ],
      [
        -2.564495,
        42.430334,
        503.75
      ],
      [
        -2.564574,
        42.430477,
        504.0
      ],
      [
        -2.564651,
        42.430623,
        504.25
      ],
      [
        -2.564699,
        42.430655,
        504.0
      ],
      [
        -2.564794,
        42.430647,
        503.5
      ],
      [
        -2.565144,
        42.430597,
        502.25
      ],
      [
        -2.565414,
        42.430555,
        501.75
      ],
      [
        -2.567457,
        42.430208,
        503.75
      ],
      [
        -2.567601,
        42.430185,
        504.0
      ],
      [
        -2.568085,
        42.430104,
        504.0
      ],
      [
        -2.568179,
        42.430067,
        504.25
      ],
      [
        -2.568722,
        42.429833,
        504.75
      ],
      [
        -2.570235,
        42.429127,
        505.75
      ],
      [
        -2.573253,
        42.42768,
        509.25
      ],
      [
        -2.573642,
        42.427493,
        510.75
      ],
      [
        -2.573822,
        42.427407,
        510.25
      ],
      [
        -2.573818,
        42.42737,
        510.5
      ],
      [
        -2.573813,
        42.427328,
        510.5
      ],
      [
        -2.573858,
        42.427286,
        510.75
      ],
      [
        -2.574235,
        42.427111,
        512.0
      ],
      [
        -2.575318,
        42.426615,
        515.0
      ],
      [
        -2.576961,
        42.425905,
        518.5
      ],
      [
        -2.577059,
        42.425852,
        518.75
      ],
      [
        -2.57708,
        42.425765,
        519.0
      ],
      [
        -2.577355,
        42.425583,
        519.75
      ],
      [
        -2.577502,
        42.425459,
        520.5
      ],
      [
        -2.577832,
        42.425075,
        522.0
      ],
      [
        -2.578042,
        42.424865,
        523.25
      ],
      [
        -2.578279,
        42.424683,
        524.75
      ],
      [
        -2.578341,
        42.424602,
        525.0
      ],
      [
        -2.578566,
        42.424221,
        526.5
      ],
      [
        -2.579096,
        42.423425,
        529.5
      ],
      [
        -2.579304,
        42.423175,
        531.0
      ],
      [
        -2.579475,
        42.423013,
        532.0
      ],
      [
        -2.579543,
        42.422934,
        532.25
      ],
      [
        -2.579578,
        42.422884,
        532.5
      ],
      [
        -2.579686,
        42.422632,
        533.5
      ],
      [
        -2.579763,
        42.422484,
        534.0
      ],
      [
        -2.579939,
        42.422258,
        534.75
      ],
      [
        -2.580159,
        42.422063,
        536.0
      ],
      [
        -2.580392,
        42.421828,
        537.0
      ],
      [
        -2.580694,
        42.421604,
        538.25
      ],
      [
        -2.58088,
        42.421454,
        539.5
      ],
      [
        -2.580978,
        42.421402,
        539.75
      ],
      [
        -2.581091,
        42.42136,
        540.0
      ],
      [
        -2.581288,
        42.421242,
        540.5
      ],
      [
        -2.581592,
        42.421032,
        542.0
      ],
      [
        -2.581682,
        42.420966,
        542.5
      ],
      [
        -2.581832,
        42.420825,
        543.0
      ],
      [
        -2.582151,
        42.420563,
        544.5
      ],
      [
        -2.582261,
        42.420424,
        545.25
      ],
      [
        -2.582467,
        42.420137,
        546.25
      ],
      [
        -2.582607,
        42.419968,
        547.0
      ],
      [
        -2.582722,
        42.419806,
        547.5
      ],
      [
        -2.582862,
        42.419657,
        548.0
      ],
      [
        -2.582979,
        42.419586,
        548.25
      ],
      [
        -2.583092,
        42.419546,
        548.5
      ],
      [
        -2.583318,
        42.419501,
        549.5
      ],
      [
        -2.583453,
        42.419449,
        549.75
      ],
      [
        -2.583784,
        42.419183,
        550.75
      ],
      [
        -2.58396,
        42.419079,
        551.75
      ],
      [
        -2.584158,
        42.419004,
        552.0
      ],
      [
        -2.584315,
        42.418915,
        552.75
      ],
      [
        -2.584522,
        42.418778,
        553.5
      ],
      [
        -2.58465,
        42.418647,
        554.0
      ],
      [
        -2.585103,
        42.418134,
        556.75
      ],
      [
        -2.585161,
        42.418068,
        556.75
      ],
      [
        -2.585169,
        42.41806,
        556.75
      ],
      [
        -2.585761,
        42.417485,
        559.75
      ],
      [
        -2.586286,
        42.416923,
        562.5
      ],
      [
        -2.586362,
        42.416858,
        563.0
      ],
      [
        -2.586462,
        42.416772,
        563.5
      ],
      [
        -2.586756,
        42.41658,
        564.5
      ],
      [
        -2.58691,
        42.416444,
        565.5
      ],
      [
        -2.587108,
        42.416237,
        566.5
      ],
      [
        -2.587318,
        42.415893,
        567.75
      ],
      [
        -2.587643,
        42.415124,
        571.5
      ],
      [
        -2.587676,
        42.415069,
        571.75
      ],
      [
        -2.587737,
        42.41504,
        571.75
      ],
      [
        -2.587804,
        42.415043,
        571.75
      ],
      [
        -2.587975,
        42.415085,
        572.0
      ],
      [
        -2.588224,
        42.415108,
        571.75
      ],
      [
        -2.58885,
        42.415187,
        572.0
      ],
      [
        -2.589009,
        42.415173,
        572.75
      ],
      [
        -2.589513,
        42.415085,
        573.75
      ],
      [
        -2.589712,
        42.415061,
        574.5
      ],
      [
        -2.590071,
        42.415056,
        575.0
      ],
      [
        -2.590533,
        42.415024,
        576.75
      ],
      [
        -2.59133,
        42.41496,
        578.0
      ],
      [
        -2.592117,
        42.414887,
        580.0
      ],
      [
        -2.59243,
        42.414812,
        581.25
      ],
      [
        -2.592784,
        42.414724,
        580.75
      ],
      [
        -2.593001,
        42.414679,
        581.0
      ],
      [
        -2.593194,
        42.41467,
        580.25
      ],
      [
        -2.593638,
        42.414667,
        579.25
      ],
      [
        -2.59391,
        42.414649,
        578.25
      ],
      [
        -2.594046,
        42.414655,
        578.0
      ],
      [
        -2.594216,
        42.4147,
        577.75
      ],
      [
        -2.594475,
        42.414795,
        576.5
      ],
      [
        -2.594615,
        42.414856,
        576.0
      ],
      [
        -2.595054,
        42.415155,
        574.0
      ],
      [
        -2.595131,
        42.415204,
        573.5
      ],
      [
        -2.595446,
        42.415407,
        568.75
      ],
      [
        -2.59558,
        42.415515,
        566.25
      ],
      [
        -2.595698,
        42.415631,
        565.0
      ],
      [
        -2.595829,
        42.415718,
        564.75
      ],
      [
        -2.59624,
        42.415897,
        566.75
      ],
      [
        -2.596486,
        42.416019,
        568.5
      ],
      [
        -2.596632,
        42.416092,
        569.75
      ],
      [
        -2.596796,
        42.416144,
        570.25
      ],
      [
        -2.597351,
        42.416302,
        570.25
      ],
      [
        -2.597669,
        42.416409,
        568.75
      ],
      [
        -2.598034,
        42.416497,
        565.0
      ],
      [
        -2.598155,
        42.416516,
        564.5
      ],
      [
        -2.598077,
        42.416668,
        561.75
      ],
      [
        -2.598021,
        42.416809,
        561.25
      ],
      [
        -2.598007,
        42.416882,
        561.0
      ],
      [
        -2.598045,
        42.416969,
        560.75
      ],
      [
        -2.598238,
        42.417136,
        561.25
      ],
      [
        -2.599182,
        42.416716,
        564.0
      ],
      [
        -2.600418,
        42.416125,
        567.25
      ],
      [
        -2.601279,
        42.415792,
        569.5
      ],
      [
        -2.602217,
        42.415462,
        571.5
      ],
      [
        -2.602642,
        42.415312,
        571.5
      ],
      [
        -2.603704,
        42.41491,
        573.75
      ],
      [
        -2.603813,
        42.414869,
        573.75
      ],
      [
        -2.60412,
        42.414775,
        574.0
      ],
      [
        -2.604875,
        42.414506,
        574.75
      ],
      [
        -2.606706,
        42.413844,
        579.0
      ],
      [
        -2.608047,
        42.413353,
        581.0
      ],
      [
        -2.608287,
        42.41327,
        581.5
      ],
      [
        -2.608711,
        42.413122,
        582.75
      ],
      [
        -2.609395,
        42.41292,
        584.75
      ],
      [
        -2.609547,
        42.412881,
        584.75
      ],
      [
        -2.610161,
        42.412721,
        586.75
      ],
      [
        -2.610642,
        42.412625,
        590.75
      ],
      [
        -2.610827,
        42.412578,
        589.0
      ],
      [
        -2.611431,
        42.412462,
        589.25
      ],
      [
        -2.611696,
        42.412419,
        591.0
      ],
      [
        -2.612504,
        42.412296,
        591.5
      ],
      [
        -2.613093,
        42.412234,
        592.0
      ],
      [
        -2.613526,
        42.412212,
        593.5
      ],
      [
        -2.613915,
        42.412205,
        594.0
      ],
      [
        -2.614148,
        42.412194,
        594.75
      ],
      [
        -2.614164,
        42.411706,
        595.75
      ],
      [
        -2.614227,
        42.411536,
        596.5
      ],
      [
        -2.614305,
        42.411476,
        597.0
      ],
      [
        -2.614419,
        42.411425,
        597.75
      ],
      [
        -2.614785,
        42.411359,
        599.0
      ],
      [
        -2.615009,
        42.411294,
        600.0
      ],
      [
        -2.615314,
        42.411154,
        601.0
      ],
      [
        -2.615763,
        42.411002,
        602.5
      ],
      [
        -2.615993,
        42.410908,
        603.0
      ],
      [
        -2.61715,
        42.410222,
        604.5
      ],
      [
        -2.61737,
        42.410122,
        604.25
      ],
      [
        -2.617831,
        42.410034,
        605.25
      ],
      [
        -2.618221,
        42.409983,
        606.0
      ],
      [
        -2.618541,
        42.409906,
        608.25
      ],
      [
        -2.618733,
        42.409815,
        609.0
      ],
      [
        -2.619051,
        42.409477,
        610.5
      ],
      [
        -2.619328,
        42.409325,
        611.75
      ],
      [
        -2.619881,
        42.409104,
        613.25
      ],
      [
        -2.620164,
        42.408945,
        612.75
      ],
      [
        -2.620387,
        42.408773,
        612.75
      ],
      [
        -2.620501,
        42.408726,
        613.25
      ],
      [
        -2.62093,
        42.408656,
        614.0
      ],
      [
        -2.621228,
        42.408614,
        615.75
      ],
      [
        -2.621429,
        42.408518,
        616.5
      ],
      [
        -2.621712,
        42.408244,
        616.5
      ],
      [
        -2.621833,
        42.408148,
        616.25
      ],
      [
        -2.62196,
        42.408089,
        615.75
      ],
      [
        -2.62217,
        42.40802,
        617.0
      ],
      [
        -2.622355,
        42.407906,
        617.0
      ],
      [
        -2.622505,
        42.407798,
        616.25
      ],
      [
        -2.622613,
        42.407684,
        617.25
      ],
      [
        -2.622784,
        42.407369,
        618.0
      ],
      [
        -2.623228,
        42.406818,
        622.5
      ],
      [
        -2.623365,
        42.406593,
        623.25
      ],
      [
        -2.623512,
        42.406429,
        624.25
      ],
      [
        -2.623749,
        42.406241,
        626.25
      ],
      [
        -2.624042,
        42.405962,
        627.5
      ],
      [
        -2.624308,
        42.405736,
        628.75
      ],
      [
        -2.624991,
        42.405406,
        631.75
      ],
      [
        -2.625074,
        42.405461,
        632.0
      ],
      [
        -2.625926,
        42.405125,
        640.25
      ],
      [
        -2.625978,
        42.40486,
        643.25
      ],
      [
        -2.625926,
        42.404757,
        642.75
      ],
      [
        -2.625853,
        42.404659,
        641.25
      ],
      [
        -2.625895,
        42.404201,
        635.5
      ],
      [
        -2.626212,
        42.404056,
        636.0
      ],
      [
        -2.625895,
        42.404201,
        635.5
      ],
      [
        -2.625853,
        42.404659,
        641.25
      ],
      [
        -2.625926,
        42.404757,
        642.75
      ],
      [
        -2.625978,
        42.40486,
        643.25
      ],
      [
        -2.625926,
        42.405125,
        640.25
      ],
      [
        -2.625074,
        42.405461,
        632.0
      ],
      [
        -2.625517,
        42.405691,
        633.5
      ],
      [
        -2.625753,
        42.405826,
        631.75
      ],
      [
        -2.625916,
        42.405958,
        631.25
      ],
      [
        -2.625975,
        42.40608,
        630.75
      ],
      [
        -2.626008,
        42.406199,
        629.75
      ],
      [
        -2.62608,
        42.406921,
        623.5
      ],
      [
        -2.626138,
        42.407136,
        623.25
      ],
      [
        -2.626497,
        42.408008,
        617.5
      ],
      [
        -2.626821,
        42.408733,
        614.75
      ],
      [
        -2.627269,
        42.409275,
        618.25
      ],
      [
        -2.627436,
        42.409492,
        618.5
      ],
      [
        -2.627562,
        42.409733,
        616.5
      ],
      [
        -2.627806,
        42.410261,
        613.0
      ],
      [
        -2.627917,
        42.41056,
        613.5
      ],
      [
        -2.627996,
        42.410838,
        614.5
      ],
      [
        -2.628028,
        42.411118,
        614.0
      ],
      [
        -2.628052,
        42.411422,
        615.0
      ],
      [
        -2.62806,
        42.411731,
        616.0
      ],
      [
        -2.62805,
        42.411788,
        616.25
      ],
      [
        -2.628055,
        42.411825,
        616.5
      ],
      [
        -2.62802,
        42.411944,
        616.0
      ],
      [
        -2.627988,
        42.412009,
        616.0
      ],
      [
        -2.627947,
        42.412054,
        615.75
      ],
      [
        -2.627897,
        42.412087,
        615.75
      ],
      [
        -2.627775,
        42.412144,
        616.0
      ],
      [
        -2.627717,
        42.412175,
        616.25
      ],
      [
        -2.62768,
        42.412206,
        616.5
      ],
      [
        -2.627635,
        42.412273,
        616.5
      ],
      [
        -2.627625,
        42.412313,
        616.75
      ],
      [
        -2.627633,
        42.412388,
        617.25
      ],
      [
        -2.62766,
        42.412438,
        617.5
      ],
      [
        -2.627692,
        42.412472,
        617.75
      ],
      [
        -2.62777,
        42.41252,
        618.0
      ],
      [
        -2.627851,
        42.412544,
        618.25
      ],
      [
        -2.627953,
        42.412548,
        618.5
      ],
      [
        -2.628081,
        42.412513,
        618.75
      ],
      [
        -2.628144,
        42.412468,
        618.5
      ],
      [
        -2.628164,
        42.412451,
        618.25
      ],
      [
        -2.628248,
        42.412379,
        617.75
      ],
      [
        -2.62831,
        42.412346,
        617.5
      ],
      [
        -2.628426,
        42.412315,
        616.75
      ],
      [
        -2.62853,
        42.412305,
        616.0
      ],
      [
        -2.628664,
        42.412315,
        615.25
      ],
      [
        -2.628784,
        42.412347,
        614.75
      ],
      [
        -2.62889,
        42.412393,
        614.75
      ],
      [
        -2.629027,
        42.412492,
        615.25
      ],
      [
        -2.62911,
        42.412589,
        615.5
      ],
      [
        -2.629199,
        42.412766,
        615.5
      ],
      [
        -2.629302,
        42.413001,
        614.75
      ],
      [
        -2.629414,
        42.413149,
        614.5
      ],
      [
        -2.629699,
        42.413347,
        614.0
      ],
      [
        -2.633335,
        42.414951,
        621.5
      ],
      [
        -2.635912,
        42.416087,
        628.5
      ],
      [
        -2.637359,
        42.416704,
        633.5
      ],
      [
        -2.638428,
        42.417089,
        636.75
      ],
      [
        -2.639321,
        42.417402,
        639.75
      ],
      [
        -2.63999,
        42.41758,
        641.5
      ],
      [
        -2.640686,
        42.417686,
        646.0
      ],
      [
        -2.641159,
        42.417701,
        649.0
      ],
      [
        -2.641632,
        42.417696,
        651.25
      ],
      [
        -2.642638,
        42.417551,
        650.75
      ],
      [
        -2.643337,
        42.417346,
        650.75
      ],
      [
        -2.64391,
        42.417116,
        650.75
      ],
      [
        -2.644263,
        42.416956,
        648.5
      ],
      [
        -2.645615,
        42.416337,
        643.25
      ],
      [
        -2.645663,
        42.41631,
        642.25
      ],
      [
        -2.64593,
        42.416189,
        641.25
      ],
      [
        -2.647041,
        42.415679,
        641.0
      ],
      [
        -2.647604,
        42.415413,
        639.75
      ],
      [
        -2.647957,
        42.415218,
        639.25
      ],
      [
        -2.648432,
        42.414894,
        638.5
      ],
      [
        -2.648652,
        42.414718,
        637.0
      ],
      [
        -2.648854,
        42.414509,
        636.5
      ],
      [
        -2.649406,
        42.413786,
        633.75
      ],
      [
        -2.649708,
        42.413011,
        631.75
      ],
      [
        -2.649867,
        42.412346,
        629.5
      ],
      [
        -2.649971,
        42.412014,
        628.0
      ],
      [
        -2.650083,
        42.411767,
        626.0
      ],
      [
        -2.650274,
        42.411517,
        625.0
      ],
      [
        -2.65047,
        42.411314,
        623.0
      ],
      [
        -2.650668,
        42.411152,
        622.0
      ],
      [
        -2.651015,
        42.410943,
        622.0
      ],
      [
        -2.651219,
        42.41085,
        622.25
      ],
      [
        -2.651418,
        42.410774,
        621.5
      ],
      [
        -2.651772,
        42.410675,
        620.5
      ],
      [
        -2.652053,
        42.410623,
        621.25
      ],
      [
        -2.652327,
        42.410596,
        621.75
      ],
      [
        -2.652832,
        42.410573,
        621.75
      ],
      [
        -2.654019,
        42.410543,
        618.0
      ],
      [
        -2.654489,
        42.410539,
        617.75
      ],
      [
        -2.654648,
        42.410545,
        617.25
      ],
      [
        -2.654633,
        42.410663,
        616.5
      ],
      [
        -2.655223,
        42.410704,
        614.5
      ],
      [
        -2.656472,
        42.41084,
        614.0
      ],
      [
        -2.65693,
        42.410896,
        613.25
      ],
      [
        -2.657219,
        42.41092,
        613.25
      ],
      [
        -2.657697,
        42.410981,
        612.5
      ],
      [
        -2.65863,
        42.411128,
        611.75
      ],
      [
        -2.658971,
        42.411175,
        611.0
      ],
      [
        -2.659182,
        42.41119,
        610.5
      ],
      [
        -2.659917,
        42.411308,
        609.5
      ],
      [
        -2.660282,
        42.411326,
        608.75
      ],
      [
        -2.660454,
        42.411325,
        608.25
      ],
      [
        -2.660714,
        42.411347,
        607.5
      ],
      [
        -2.661128,
        42.411398,
        607.75
      ],
      [
        -2.661296,
        42.411407,
        607.5
      ],
      [
        -2.661725,
        42.411402,
        607.75
      ],
      [
        -2.662124,
        42.411423,
        607.75
      ],
      [
        -2.662294,
        42.411419,
        608.0
      ],
      [
        -2.662416,
        42.411404,
        608.5
      ],
      [
        -2.662557,
        42.411358,
        609.0
      ],
      [
        -2.662599,
        42.411352,
        609.25
      ],
      [
        -2.662836,
        42.411372,
        609.75
      ],
      [
        -2.663321,
        42.411409,
        610.0
      ],
      [
        -2.663425,
        42.41143,
        609.75
      ],
      [
        -2.663629,
        42.411483,
        609.5
      ],
      [
        -2.663839,
        42.411584,
        608.0
      ],
      [
        -2.663915,
        42.411632,
        607.0
      ],
      [
        -2.664053,
        42.411677,
        606.25
      ],
      [
        -2.664112,
        42.411683,
        606.0
      ],
      [
        -2.664383,
        42.411687,
        605.0
      ],
      [
        -2.664544,
        42.411698,
        604.25
      ],
      [
        -2.665477,
        42.411795,
        600.5
      ],
      [
        -2.66625,
        42.411936,
        598.5
      ],
      [
        -2.66659,
        42.412002,
        597.0
      ],
      [
        -2.666944,
        42.412079,
        596.5
      ],
      [
        -2.667664,
        42.412189,
        595.25
      ],
      [
        -2.667973,
        42.412249,
        594.75
      ],
      [
        -2.668641,
        42.41242,
        594.0
      ],
      [
        -2.669497,
        42.412654,
        592.75
      ],
      [
        -2.669755,
        42.412732,
        592.0
      ],
      [
        -2.669965,
        42.412788,
        592.0
      ],
      [
        -2.670748,
        42.413045,
        590.25
      ],
      [
        -2.671333,
        42.413241,
        586.75
      ],
      [
        -2.671493,
        42.413272,
        586.25
      ],
      [
        -2.672271,
        42.413386,
        583.25
      ],
      [
        -2.67238,
        42.41339,
        583.0
      ],
      [
        -2.672518,
        42.413375,
        582.75
      ],
      [
        -2.67272,
        42.413383,
        581.0
      ],
      [
        -2.672911,
        42.413417,
        578.75
      ],
      [
        -2.672987,
        42.413442,
        577.75
      ],
      [
        -2.673068,
        42.413451,
        577.25
      ],
      [
        -2.673211,
        42.4135,
        576.25
      ],
      [
        -2.673503,
        42.413586,
        575.0
      ],
      [
        -2.673824,
        42.413637,
        574.75
      ],
      [
        -2.673945,
        42.413639,
        574.75
      ],
      [
        -2.674224,
        42.413617,
        574.75
      ],
      [
        -2.674398,
        42.413616,
        574.75
      ],
      [
        -2.67453,
        42.413635,
        575.25
      ],
      [
        -2.674859,
        42.413729,
        576.75
      ],
      [
        -2.675281,
        42.413878,
        577.0
      ],
      [
        -2.67549,
        42.413919,
        578.25
      ],
      [
        -2.675578,
        42.413959,
        578.75
      ],
      [
        -2.67599,
        42.414183,
        579.0
      ],
      [
        -2.676539,
        42.414503,
        580.0
      ],
      [
        -2.676839,
        42.41466,
        580.25
      ],
      [
        -2.677,
        42.414723,
        580.25
      ],
      [
        -2.677173,
        42.414778,
        581.25
      ],
      [
        -2.677284,
        42.414823,
        582.0
      ],
      [
        -2.6774,
        42.414906,
        582.25
      ],
      [
        -2.677447,
        42.414919,
        582.5
      ],
      [
        -2.677513,
        42.414937,
        582.5
      ],
      [
        -2.677605,
        42.414951,
        582.75
      ],
      [
        -2.678065,
        42.414993,
        583.0
      ],
      [
        -2.678244,
        42.414995,
        583.5
      ],
      [
        -2.678316,
        42.414984,
        584.0
      ],
      [
        -2.678749,
        42.414889,
        584.5
      ],
      [
        -2.679216,
        42.414828,
        582.5
      ],
      [
        -2.679889,
        42.414682,
        579.25
      ],
      [
        -2.68022,
        42.414585,
        578.5
      ],
      [
        -2.680552,
        42.414478,
        577.0
      ],
      [
        -2.680702,
        42.414447,
        576.25
      ],
      [
        -2.682025,
        42.414342,
        574.0
      ],
      [
        -2.682749,
        42.414312,
        573.0
      ],
      [
        -2.683138,
        42.414276,
        571.5
      ],
      [
        -2.683318,
        42.414246,
        571.0
      ],
      [
        -2.683732,
        42.414087,
        569.5
      ],
      [
        -2.684518,
        42.413873,
        567.25
      ],
      [
        -2.685095,
        42.413697,
        567.25
      ],
      [
        -2.685328,
        42.413642,
        566.0
      ],
      [
        -2.685812,
        42.41358,
        564.75
      ],
      [
        -2.686015,
        42.413542,
        564.25
      ],
      [
        -2.686344,
        42.41343,
        563.75
      ],
      [
        -2.686406,
        42.413422,
        563.75
      ],
      [
        -2.686586,
        42.413415,
        563.0
      ],
      [
        -2.686949,
        42.413373,
        562.75
      ],
      [
        -2.687267,
        42.413334,
        562.0
      ],
      [
        -2.68766,
        42.41333,
        561.25
      ],
      [
        -2.68782,
        42.413331,
        560.75
      ],
      [
        -2.68832,
        42.41338,
        560.0
      ],
      [
        -2.688845,
        42.413419,
        559.0
      ],
      [
        -2.689242,
        42.413412,
        559.25
      ],
      [
        -2.690623,
        42.413331,
        558.75
      ],
      [
        -2.690858,
        42.413304,
        558.5
      ],
      [
        -2.691108,
        42.413248,
        558.0
      ],
      [
        -2.691321,
        42.413233,
        557.75
      ],
      [
        -2.691515,
        42.413226,
        558.0
      ],
      [
        -2.691962,
        42.413231,
        557.5
      ],
      [
        -2.692105,
        42.413238,
        557.5
      ],
      [
        -2.692252,
        42.413255,
        557.25
      ],
      [
        -2.692864,
        42.413382,
        551.5
      ],
      [
        -2.693221,
        42.41344,
        550.0
      ],
      [
        -2.693604,
        42.413513,
        547.5
      ],
      [
        -2.693921,
        42.413567,
        546.25
      ],
      [
        -2.693975,
        42.413584,
        546.0
      ],
      [
        -2.694394,
        42.413827,
        543.5
      ],
      [
        -2.694778,
        42.414075,
        541.25
      ],
      [
        -2.694904,
        42.414164,
        540.25
      ],
      [
        -2.694955,
        42.414156,
        540.0
      ],
      [
        -2.695,
        42.41412,
        540.25
      ],
      [
        -2.695052,
        42.414079,
        540.75
      ],
      [
        -2.695177,
        42.414113,
        540.75
      ],
      [
        -2.695232,
        42.414121,
        540.5
      ],
      [
        -2.696171,
        42.414242,
        537.25
      ],
      [
        -2.69626,
        42.414233,
        537.25
      ],
      [
        -2.696468,
        42.414168,
        537.5
      ],
      [
        -2.69673,
        42.414121,
        537.0
      ],
      [
        -2.697049,
        42.414097,
        536.75
      ],
      [
        -2.697277,
        42.414126,
        537.0
      ],
      [
        -2.6974,
        42.414162,
        537.0
      ],
      [
        -2.697614,
        42.414237,
        537.5
      ],
      [
        -2.697963,
        42.414343,
        536.25
      ],
      [
        -2.698192,
        42.41446,
        534.5
      ],
      [
        -2.698312,
        42.414414,
        533.0
      ],
      [
        -2.698502,
        42.414336,
        532.75
      ],
      [
        -2.698546,
        42.414319,
        533.0
      ],
      [
        -2.698713,
        42.414489,
        532.5
      ],
      [
        -2.698852,
        42.41461,
        533.0
      ],
      [
        -2.698933,
        42.414747,
        532.75
      ],
      [
        -2.699094,
        42.41494,
        532.5
      ],
      [
        -2.699124,
        42.415002,
        532.5
      ],
      [
        -2.699171,
        42.415066,
        532.25
      ],
      [
        -2.699319,
        42.415236,
        530.75
      ],
      [
        -2.699406,
        42.415355,
        530.75
      ],
      [
        -2.699512,
        42.415602,
        531.25
      ],
      [
        -2.699556,
        42.415811,
        529.75
      ],
      [
        -2.699604,
        42.415943,
        530.0
      ],
      [
        -2.699709,
        42.416137,
        530.5
      ],
      [
        -2.699765,
        42.416157,
        530.5
      ],
      [
        -2.699822,
        42.416158,
        530.75
      ],
      [
        -2.699905,
        42.41613,
        530.75
      ],
      [
        -2.699991,
        42.416048,
        531.0
      ],
      [
        -2.700152,
        42.415845,
        530.25
      ],
      [
        -2.700244,
        42.415728,
        530.25
      ],
      [
        -2.700283,
        42.415707,
        530.25
      ],
      [
        -2.700329,
        42.415692,
        530.25
      ],
      [
        -2.7005,
        42.415671,
        530.25
      ],
      [
        -2.701052,
        42.415638,
        529.75
      ],
      [
        -2.701373,
        42.415601,
        528.75
      ],
      [
        -2.701798,
        42.415528,
        528.75
      ],
      [
        -2.702066,
        42.415474,
        529.0
      ],
      [
        -2.702524,
        42.415371,
        528.25
      ],
      [
        -2.702733,
        42.415408,
        527.5
      ],
      [
        -2.703295,
        42.415495,
        528.0
      ],
      [
        -2.70341,
        42.415496,
        528.0
      ],
      [
        -2.703623,
        42.415536,
        528.0
      ],
      [
        -2.704734,
        42.41569,
        528.5
      ],
      [
        -2.705254,
        42.415736,
        528.25
      ],
      [
        -2.705672,
        42.415758,
        528.25
      ],
      [
        -2.70657,
        42.415833,
        528.0
      ],
      [
        -2.706892,
        42.415831,
        528.75
      ],
      [
        -2.707289,
        42.415841,
        528.75
      ],
      [
        -2.709081,
        42.416061,
        527.0
      ],
      [
        -2.709484,
        42.416109,
        527.0
      ],
      [
        -2.709595,
        42.416108,
        527.0
      ],
      [
        -2.70989,
        42.416063,
        526.5
      ],
      [
        -2.709966,
        42.416072,
        526.25
      ],
      [
        -2.710013,
        42.416103,
        526.0
      ],
      [
        -2.710037,
        42.41612,
        525.75
      ],
      [
        -2.710091,
        42.416164,
        525.75
      ],
      [
        -2.710172,
        42.416211,
        525.5
      ],
      [
        -2.710507,
        42.416266,
        524.5
      ],
      [
        -2.710963,
        42.416373,
        524.0
      ],
      [
        -2.711231,
        42.416406,
        523.75
      ],
      [
        -2.711532,
        42.416463,
        523.5
      ],
      [
        -2.712085,
        42.416537,
        522.75
      ],
      [
        -2.712639,
        42.416641,
        522.0
      ],
      [
        -2.713195,
        42.416766,
        521.25
      ],
      [
        -2.713587,
        42.416865,
        521.0
      ],
      [
        -2.714183,
        42.417003,
        519.5
      ],
      [
        -2.714777,
        42.417167,
        518.75
      ],
      [
        -2.714856,
        42.417192,
        518.5
      ],
      [
        -2.714915,
        42.41722,
        518.25
      ],
      [
        -2.715382,
        42.41772,
        517.0
      ],
      [
        -2.715504,
        42.417679,
        517.0
      ],
      [
        -2.715562,
        42.417659,
        516.75
      ],
      [
        -2.715618,
        42.417641,
        516.75
      ],
      [
        -2.715664,
        42.417625,
        516.75
      ],
      [
        -2.715873,
        42.417576,
        516.5
      ],
      [
        -2.715965,
        42.417571,
        516.5
      ],
      [
        -2.716065,
        42.417581,
        516.5
      ],
      [
        -2.716611,
        42.417783,
        515.75
      ],
      [
        -2.716925,
        42.417873,
        515.0
      ],
      [
        -2.717285,
        42.417938,
        514.5
      ],
      [
        -2.717632,
        42.417968,
        512.75
      ],
      [
        -2.71783,
        42.417995,
        512.0
      ],
      [
        -2.718647,
        42.41832,
        510.5
      ],
      [
        -2.718961,
        42.418417,
        509.25
      ],
      [
        -2.719183,
        42.418462,
        509.25
      ],
      [
        -2.719396,
        42.418485,
        509.5
      ],
      [
        -2.719897,
        42.418524,
        508.5
      ],
      [
        -2.720821,
        42.418591,
        507.75
      ],
      [
        -2.721201,
        42.418597,
        507.5
      ],
      [
        -2.721293,
        42.4186,
        507.25
      ],
      [
        -2.721685,
        42.418573,
        506.75
      ],
      [
        -2.721747,
        42.418567,
        506.75
      ],
      [
        -2.722674,
        42.418483,
        506.25
      ],
      [
        -2.722763,
        42.418475,
        505.5
      ],
      [
        -2.724706,
        42.418332,
        502.75
      ],
      [
        -2.72482,
        42.418313,
        502.75
      ],
      [
        -2.724859,
        42.418293,
        502.75
      ],
      [
        -2.724888,
        42.418278,
        502.75
      ],
      [
        -2.724944,
        42.418219,
        502.5
      ],
      [
        -2.725062,
        42.418256,
        502.5
      ],
      [
        -2.725171,
        42.418291,
        502.75
      ],
      [
        -2.725281,
        42.418383,
        503.0
      ],
      [
        -2.725313,
        42.418421,
        503.0
      ],
      [
        -2.725323,
        42.418456,
        503.0
      ],
      [
        -2.725342,
        42.418483,
        503.0
      ],
      [
        -2.725371,
        42.418507,
        503.0
      ],
      [
        -2.725406,
        42.418524,
        503.0
      ],
      [
        -2.725446,
        42.418534,
        503.0
      ],
      [
        -2.7255,
        42.418536,
        503.0
      ],
      [
        -2.725551,
        42.418525,
        503.0
      ],
      [
        -2.725595,
        42.418503,
        502.75
      ],
      [
        -2.725627,
        42.418472,
        502.75
      ],
      [
        -2.72569,
        42.418421,
        502.5
      ],
      [
        -2.725738,
        42.418401,
        502.5
      ],
      [
        -2.725856,
        42.418369,
        502.0
      ],
      [
        -2.726596,
        42.418244,
        501.25
      ],
      [
        -2.727373,
        42.418099,
        498.25
      ],
      [
        -2.72777,
        42.418034,
        496.0
      ],
      [
        -2.727857,
        42.418021,
        495.5
      ],
      [
        -2.727933,
        42.418003,
        495.25
      ],
      [
        -2.728097,
        42.417968,
        494.25
      ],
      [
        -2.728504,
        42.417891,
        491.75
      ],
      [
        -2.728881,
        42.417769,
        489.75
      ],
      [
        -2.729086,
        42.417689,
        488.5
      ],
      [
        -2.729832,
        42.4174,
        487.5
      ],
      [
        -2.729929,
        42.417355,
        487.5
      ],
      [
        -2.730005,
        42.417308,
        487.5
      ],
      [
        -2.730463,
        42.417073,
        486.5
      ],
      [
        -2.730544,
        42.417056,
        486.5
      ],
      [
        -2.730831,
        42.416995,
        486.0
      ],
      [
        -2.731113,
        42.416919,
        485.75
      ],
      [
        -2.731209,
        42.416922,
        485.5
      ],
      [
        -2.73134,
        42.41697,
        485.0
      ],
      [
        -2.731442,
        42.417023,
        485.0
      ],
      [
        -2.731797,
        42.417248,
        485.25
      ],
      [
        -2.731851,
        42.417283,
        485.5
      ],
      [
        -2.731896,
        42.417303,
        485.75
      ],
      [
        -2.732012,
        42.417322,
        485.5
      ],
      [
        -2.732016,
        42.417246,
        485.5
      ],
      [
        -2.731977,
        42.417134,
        485.5
      ],
      [
        -2.731933,
        42.417031,
        485.25
      ],
      [
        -2.731749,
        42.416605,
        485.0
      ],
      [
        -2.731726,
        42.416576,
        485.0
      ],
      [
        -2.731703,
        42.416567,
        485.0
      ],
      [
        -2.731591,
        42.416531,
        485.0
      ],
      [
        -2.731479,
        42.416576,
        485.0
      ],
      [
        -2.731432,
        42.416543,
        485.0
      ],
      [
        -2.731313,
        42.416458,
        485.0
      ],
      [
        -2.731227,
        42.416508,
        485.0
      ],
      [
        -2.731112,
        42.416537,
        485.5
      ],
      [
        -2.731025,
        42.416542,
        485.5
      ],
      [
        -2.730916,
        42.416524,
        485.75
      ],
      [
        -2.731025,
        42.416542,
        485.5
      ],
      [
        -2.731112,
        42.416537,
        485.5
      ],
      [
        -2.731227,
        42.416508,
        485.0
      ],
      [
        -2.731313,
        42.416458,
        485.0
      ],
      [
        -2.731432,
        42.416543,
        485.0
      ],
      [
        -2.731479,
        42.416576,
        485.0
      ],
      [
        -2.731328,
        42.416692,
        485.0
      ],
      [
        -2.731113,
        42.416919,
        485.75
      ],
      [
        -2.731209,
        42.416922,
        485.5
      ],
      [
        -2.73134,
        42.41697,
        485.0
      ],
      [
        -2.731442,
        42.417023,
        485.0
      ],
      [
        -2.731797,
        42.417248,
        485.25
      ],
      [
        -2.731851,
        42.417283,
        485.5
      ],
      [
        -2.731896,
        42.417303,
        485.75
      ],
      [
        -2.732012,
        42.417322,
        485.5
      ],
      [
        -2.732121,
        42.417338,
        484.75
      ],
      [
        -2.733226,
        42.417475,
        486.0
      ],
      [
        -2.733289,
        42.417516,
        486.5
      ],
      [
        -2.733326,
        42.417551,
        486.5
      ],
      [
        -2.733371,
        42.417634,
        485.75
      ],
      [
        -2.733399,
        42.417745,
        485.0
      ],
      [
        -2.733397,
        42.417904,
        484.5
      ],
      [
        -2.733398,
        42.417939,
        484.25
      ],
      [
        -2.733388,
        42.418202,
        484.0
      ],
      [
        -2.733351,
        42.418591,
        483.75
      ],
      [
        -2.733356,
        42.418707,
        483.5
      ],
      [
        -2.733427,
        42.419057,
        483.0
      ],
      [
        -2.733465,
        42.419345,
        483.0
      ],
      [
        -2.73371,
        42.419632,
        483.0
      ],
      [
        -2.733842,
        42.419748,
        483.0
      ],
      [
        -2.733997,
        42.419843,
        482.5
      ],
      [
        -2.734185,
        42.419934,
        482.0
      ],
      [
        -2.734359,
        42.420974,
        482.75
      ],
      [
        -2.734502,
        42.422057,
        493.25
      ],
      [
        -2.734629,
        42.42271,
        491.25
      ],
      [
        -2.734738,
        42.42303,
        490.75
      ],
      [
        -2.734829,
        42.423464,
        489.25
      ],
      [
        -2.734838,
        42.423542,
        488.25
      ],
      [
        -2.734911,
        42.42373,
        486.75
      ],
      [
        -2.734955,
        42.423815,
        486.5
      ],
      [
        -2.735626,
        42.424044,
        491.0
      ],
      [
        -2.73676,
        42.424441,
        489.25
      ],
      [
        -2.736898,
        42.424484,
        489.5
      ],
      [
        -2.737486,
        42.424668,
        490.75
      ],
      [
        -2.738499,
        42.424984,
        493.0
      ],
      [
        -2.73865,
        42.424862,
        493.25
      ],
      [
        -2.739319,
        42.424694,
        492.5
      ],
      [
        -2.740561,
        42.424501,
        493.0
      ],
      [
        -2.741812,
        42.424415,
        495.25
      ],
      [
        -2.742799,
        42.424372,
        496.75
      ],
      [
        -2.743299,
        42.424357,
        497.5
      ],
      [
        -2.743499,
        42.424345,
        498.0
      ],
      [
        -2.743771,
        42.424328,
        499.0
      ],
      [
        -2.744391,
        42.424243,
        500.5
      ],
      [
        -2.745388,
        42.424107,
        502.75
      ],
      [
        -2.745888,
        42.424078,
        504.25
      ],
      [
        -2.746663,
        42.424039,
        506.5
      ],
      [
        -2.747731,
        42.423857,
        507.75
      ],
      [
        -2.748376,
        42.423756,
        509.5
      ],
      [
        -2.748961,
        42.423703,
        510.75
      ],
      [
        -2.749545,
        42.423679,
        511.75
      ],
      [
        -2.750222,
        42.423643,
        513.0
      ],
      [
        -2.751186,
        42.423568,
        517.75
      ],
      [
        -2.752212,
        42.423414,
        518.75
      ],
      [
        -2.752765,
        42.423284,
        519.25
      ],
      [
        -2.753564,
        42.423193,
        519.25
      ],
      [
        -2.754584,
        42.42301,
        520.5
      ],
      [
        -2.755643,
        42.42288,
        524.5
      ],
      [
        -2.756331,
        42.42275,
        525.0
      ],
      [
        -2.756928,
        42.422601,
        527.5
      ],
      [
        -2.757731,
        42.422437,
        530.25
      ],
      [
        -2.758443,
        42.422307,
        533.0
      ],
      [
        -2.760195,
        42.421937,
        537.0
      ],
      [
        -2.760659,
        42.4218,
        538.0
      ],
      [
        -2.761722,
        42.421584,
        539.75
      ],
      [
        -2.763362,
        42.421201,
        540.0
      ],
      [
        -2.764315,
        42.421009,
        541.25
      ],
      [
        -2.765287,
        42.420832,
        542.0
      ],
      [
        -2.765735,
        42.420733,
        543.0
      ],
      [
        -2.766188,
        42.420668,
        542.75
      ],
      [
        -2.766763,
        42.420607,
        542.5
      ],
      [
        -2.767146,
        42.420542,
        542.25
      ],
      [
        -2.767683,
        42.420407,
        542.75
      ],
      [
        -2.767996,
        42.42036,
        542.25
      ],
      [
        -2.768627,
        42.420444,
        539.25
      ],
      [
        -2.769159,
        42.420448,
        537.75
      ],
      [
        -2.770005,
        42.420374,
        537.5
      ],
      [
        -2.770977,
        42.420276,
        538.0
      ],
      [
        -2.773347,
        42.420112,
        541.5
      ],
      [
        -2.773907,
        42.420077,
        542.75
      ],
      [
        -2.776561,
        42.419998,
        547.5
      ],
      [
        -2.776911,
        42.41997,
        547.75
      ],
      [
        -2.777503,
        42.419892,
        548.0
      ],
      [
        -2.778088,
        42.419801,
        547.75
      ],
      [
        -2.778829,
        42.419849,
        547.5
      ],
      [
        -2.779597,
        42.419923,
        546.75
      ],
      [
        -2.779872,
        42.419978,
        546.75
      ],
      [
        -2.780621,
        42.420166,
        547.25
      ],
      [
        -2.780831,
        42.420209,
        546.75
      ],
      [
        -2.78105,
        42.420215,
        547.5
      ],
      [
        -2.78153,
        42.420204,
        547.75
      ],
      [
        -2.78196,
        42.420195,
        547.25
      ],
      [
        -2.782566,
        42.420205,
        545.75
      ],
      [
        -2.783186,
        42.420228,
        542.0
      ],
      [
        -2.783375,
        42.420248,
        541.0
      ],
      [
        -2.783694,
        42.420294,
        539.75
      ],
      [
        -2.78482,
        42.420442,
        537.25
      ],
      [
        -2.785505,
        42.420524,
        538.5
      ],
      [
        -2.787018,
        42.420645,
        541.75
      ],
      [
        -2.787874,
        42.420692,
        545.25
      ],
      [
        -2.78884,
        42.420722,
        548.0
      ],
      [
        -2.789047,
        42.420744,
        548.0
      ],
      [
        -2.789233,
        42.420806,
        547.75
      ],
      [
        -2.789672,
        42.420966,
        547.5
      ],
      [
        -2.790876,
        42.421477,
        545.25
      ],
      [
        -2.791124,
        42.421563,
        544.5
      ],
      [
        -2.791966,
        42.421835,
        544.5
      ],
      [
        -2.792543,
        42.422032,
        544.25
      ],
      [
        -2.792851,
        42.422146,
        544.5
      ],
      [
        -2.79311,
        42.422241,
        544.75
      ],
      [
        -2.793509,
        42.422348,
        543.75
      ],
      [
        -2.793681,
        42.422386,
        543.5
      ],
      [
        -2.794954,
        42.422607,
        543.5
      ],
      [
        -2.795195,
        42.422649,
        543.75
      ],
      [
        -2.795325,
        42.422674,
        544.0
      ],
      [
        -2.797494,
        42.423045,
        550.0
      ],
      [
        -2.797776,
        42.423003,
        550.25
      ],
      [
        -2.798326,
        42.423009,
        552.0
      ],
      [
        -2.7988,
        42.423032,
        553.5
      ],
      [
        -2.798968,
        42.42304,
        553.75
      ],
      [
        -2.799434,
        42.423098,
        552.5
      ],
      [
        -2.80021,
        42.42309,
        553.0
      ],
      [
        -2.800431,
        42.423042,
        554.0
      ],
      [
        -2.800563,
        42.423035,
        554.75
      ],
      [
        -2.800671,
        42.423029,
        554.75
      ],
      [
        -2.800958,
        42.423087,
        554.5
      ],
      [
        -2.800977,
        42.423333,
        555.75
      ],
      [
        -2.801194,
        42.423446,
        552.5
      ],
      [
        -2.801293,
        42.423493,
        551.25
      ],
      [
        -2.801346,
        42.423525,
        550.25
      ],
      [
        -2.801394,
        42.423555,
        550.25
      ],
      [
        -2.801569,
        42.423697,
        548.0
      ],
      [
        -2.801464,
        42.423772,
        548.25
      ],
      [
        -2.800957,
        42.424138,
        546.75
      ],
      [
        -2.800935,
        42.424186,
        546.5
      ],
      [
        -2.801232,
        42.424318,
        545.25
      ],
      [
        -2.801502,
        42.424419,
        543.5
      ],
      [
        -2.80191,
        42.424535,
        541.75
      ],
      [
        -2.802205,
        42.424594,
        541.0
      ],
      [
        -2.802282,
        42.424611,
        540.75
      ],
      [
        -2.802318,
        42.42462,
        540.5
      ],
      [
        -2.802415,
        42.424622,
        540.25
      ],
      [
        -2.80247,
        42.424615,
        540.0
      ],
      [
        -2.802536,
        42.424595,
        539.75
      ],
      [
        -2.802533,
        42.424548,
        539.75
      ],
      [
        -2.80254,
        42.424527,
        539.75
      ],
      [
        -2.802581,
        42.42441,
        539.75
      ],
      [
        -2.803088,
        42.423417,
        540.75
      ],
      [
        -2.803576,
        42.422958,
        542.0
      ],
      [
        -2.80412,
        42.42241,
        543.0
      ],
      [
        -2.806163,
        42.420437,
        547.75
      ],
      [
        -2.806311,
        42.420267,
        548.0
      ],
      [
        -2.80698,
        42.4195,
        550.0
      ],
      [
        -2.807189,
        42.419275,
        550.5
      ],
      [
        -2.807861,
        42.418843,
        551.0
      ],
      [
        -2.809553,
        42.417817,
        554.0
      ],
      [
        -2.810835,
        42.417144,
        556.25
      ],
      [
        -2.811311,
        42.416939,
        557.0
      ],
      [
        -2.811558,
        42.416851,
        557.0
      ],
      [
        -2.812088,
        42.416695,
        558.0
      ],
      [
        -2.813879,
        42.416089,
        560.75
      ],
      [
        -2.813932,
        42.416073,
        561.0
      ],
      [
        -2.814089,
        42.416019,
        561.0
      ],
      [
        -2.814265,
        42.416003,
        561.0
      ],
      [
        -2.81451,
        42.41597,
        561.5
      ],
      [
        -2.81468,
        42.415948,
        561.75
      ],
      [
        -2.81475,
        42.415932,
        562.0
      ],
      [
        -2.814931,
        42.415856,
        562.0
      ],
      [
        -2.8157,
        42.415193,
        563.0
      ],
      [
        -2.815807,
        42.4151,
        563.0
      ],
      [
        -2.816003,
        42.414952,
        563.5
      ],
      [
        -2.816908,
        42.414422,
        565.0
      ],
      [
        -2.816983,
        42.414371,
        565.25
      ],
      [
        -2.81705,
        42.414243,
        565.75
      ],
      [
        -2.817075,
        42.414136,
        566.0
      ],
      [
        -2.817074,
        42.41403,
        566.0
      ],
      [
        -2.817115,
        42.413969,
        566.0
      ],
      [
        -2.81749,
        42.413602,
        567.0
      ],
      [
        -2.817626,
        42.413471,
        567.5
      ],
      [
        -2.81764,
        42.413458,
        567.5
      ],
      [
        -2.817681,
        42.413419,
        567.5
      ],
      [
        -2.818036,
        42.413078,
        568.0
      ],
      [
        -2.818501,
        42.412627,
        569.5
      ],
      [
        -2.818837,
        42.41232,
        570.5
      ],
      [
        -2.818751,
        42.412151,
        570.25
      ],
      [
        -2.818578,
        42.411672,
        570.0
      ],
      [
        -2.818546,
        42.411578,
        570.5
      ],
      [
        -2.818942,
        42.4115,
        570.75
      ],
      [
        -2.819237,
        42.41136,
        572.0
      ],
      [
        -2.82001,
        42.410887,
        574.0
      ],
      [
        -2.820281,
        42.410728,
        575.0
      ],
      [
        -2.820447,
        42.410631,
        575.0
      ],
      [
        -2.820574,
        42.410556,
        574.75
      ],
      [
        -2.820973,
        42.410344,
        575.75
      ],
      [
        -2.821407,
        42.410085,
        576.5
      ],
      [
        -2.821879,
        42.409891,
        577.25
      ],
      [
        -2.822036,
        42.409895,
        577.25
      ],
      [
        -2.822272,
        42.409721,
        578.0
      ],
      [
        -2.824564,
        42.408028,
        584.5
      ],
      [
        -2.824693,
        42.40794,
        584.25
      ],
      [
        -2.824763,
        42.407889,
        584.5
      ],
      [
        -2.830442,
        42.403706,
        599.0
      ],
      [
        -2.837727,
        42.39834,
        618.75
      ],
      [
        -2.837783,
        42.398298,
        619.0
      ],
      [
        -2.839195,
        42.397258,
        621.75
      ],
      [
        -2.839487,
        42.397043,
        622.5
      ],
      [
        -2.840056,
        42.396624,
        624.0
      ],
      [
        -2.844558,
        42.393307,
        640.0
      ],
      [
        -2.844965,
        42.393006,
        641.0
      ],
      [
        -2.845461,
        42.392631,
        642.5
      ],
      [
        -2.845658,
        42.39247,
        643.0
      ],
      [
        -2.845798,
        42.39232,
        643.0
      ],
      [
        -2.845882,
        42.392198,
        643.0
      ],
      [
        -2.845994,
        42.391922,
        643.5
      ],
      [
        -2.846097,
        42.391618,
        644.0
      ],
      [
        -2.846197,
        42.391366,
        645.0
      ],
      [
        -2.846359,
        42.391373,
        645.0
      ],
      [
        -2.846623,
        42.39136,
        645.0
      ],
      [
        -2.847145,
        42.391353,
        645.25
      ],
      [
        -2.84729,
        42.391361,
        645.0
      ],
      [
        -2.847445,
        42.391381,
        645.0
      ],
      [
        -2.847813,
        42.391452,
        644.75
      ],
      [
        -2.847876,
        42.391452,
        644.75
      ],
      [
        -2.847933,
        42.391452,
        644.75
      ],
      [
        -2.848065,
        42.391436,
        645.0
      ],
      [
        -2.848273,
        42.391409,
        645.0
      ],
      [
        -2.848343,
        42.391399,
        645.0
      ],
      [
        -2.848397,
        42.3914,
        645.0
      ],
      [
        -2.848448,
        42.391401,
        645.0
      ],
      [
        -2.848633,
        42.391404,
        645.0
      ],
      [
        -2.849067,
        42.391434,
        646.25
      ],
      [
        -2.849271,
        42.391461,
        647.0
      ],
      [
        -2.849494,
        42.391508,
        648.5
      ],
      [
        -2.849734,
        42.391577,
        650.75
      ],
      [
        -2.85012,
        42.391691,
        654.25
      ],
      [
        -2.850214,
        42.39171,
        655.0
      ],
      [
        -2.850262,
        42.39172,
        655.5
      ],
      [
        -2.850371,
        42.391723,
        656.25
      ],
      [
        -2.850477,
        42.391718,
        657.0
      ],
      [
        -2.85078,
        42.391661,
        658.5
      ],
      [
        -2.851596,
        42.391413,
        664.25
      ],
      [
        -2.851819,
        42.391356,
        665.25
      ],
      [
        -2.851979,
        42.391331,
        666.0
      ],
      [
        -2.852971,
        42.391289,
        671.25
      ],
      [
        -2.85331,
        42.391239,
        672.0
      ],
      [
        -2.853756,
        42.391119,
        674.25
      ],
      [
        -2.854429,
        42.390922,
        675.25
      ],
      [
        -2.854719,
        42.390864,
        676.25
      ],
      [
        -2.858765,
        42.390239,
        688.0
      ],
      [
        -2.861211,
        42.389852,
        694.75
      ],
      [
        -2.861367,
        42.389837,
        695.5
      ],
      [
        -2.8615,
        42.389837,
        695.5
      ],
      [
        -2.861619,
        42.389852,
        695.25
      ],
      [
        -2.861769,
        42.389888,
        695.75
      ],
      [
        -2.862213,
        42.390085,
        697.75
      ],
      [
        -2.863964,
        42.390887,
        710.0
      ],
      [
        -2.864217,
        42.39099,
        712.25
      ],
      [
        -2.864403,
        42.391044,
        713.0
      ],
      [
        -2.86462,
        42.391089,
        714.75
      ],
      [
        -2.864915,
        42.391135,
        717.0
      ],
      [
        -2.865094,
        42.391169,
        718.75
      ],
      [
        -2.865257,
        42.391211,
        720.5
      ],
      [
        -2.865439,
        42.391269,
        722.25
      ],
      [
        -2.866072,
        42.391527,
        726.0
      ],
      [
        -2.866762,
        42.391831,
        727.0
      ],
      [
        -2.8669,
        42.391903,
        727.0
      ],
      [
        -2.867159,
        42.392071,
        728.0
      ],
      [
        -2.869295,
        42.393599,
        741.25
      ],
      [
        -2.869453,
        42.393694,
        742.25
      ],
      [
        -2.869591,
        42.393732,
        742.5
      ],
      [
        -2.869697,
        42.393751,
        742.75
      ],
      [
        -2.86985,
        42.393761,
        743.5
      ],
      [
        -2.87,
        42.393751,
        744.5
      ],
      [
        -2.870556,
        42.393682,
        745.5
      ],
      [
        -2.873193,
        42.393324,
        753.75
      ],
      [
        -2.873576,
        42.393277,
        754.75
      ],
      [
        -2.873832,
        42.393247,
        756.0
      ],
      [
        -2.874856,
        42.393165,
        758.75
      ],
      [
        -2.878578,
        42.392877,
        772.75
      ],
      [
        -2.878815,
        42.392867,
        773.25
      ],
      [
        -2.880096,
        42.392932,
        779.0
      ],
      [
        -2.880316,
        42.392936,
        779.5
      ],
      [
        -2.88077,
        42.392913,
        781.5
      ],
      [
        -2.881263,
        42.392871,
        783.0
      ],
      [
        -2.881408,
        42.392853,
        783.75
      ],
      [
        -2.881609,
        42.392814,
        784.75
      ],
      [
        -2.884893,
        42.396615,
        792.5
      ],
      [
        -2.885438,
        42.397233,
        791.0
      ],
      [
        -2.885645,
        42.397438,
        791.25
      ],
      [
        -2.885876,
        42.397627,
        791.0
      ],
      [
        -2.886098,
        42.397783,
        790.75
      ],
      [
        -2.886304,
        42.397903,
        790.5
      ],
      [
        -2.886579,
        42.398039,
        790.0
      ],
      [
        -2.886834,
        42.398142,
        788.5
      ],
      [
        -2.887198,
        42.398261,
        786.25
      ],
      [
        -2.888559,
        42.39861,
        781.0
      ],
      [
        -2.888817,
        42.398704,
        778.75
      ],
      [
        -2.889039,
        42.398835,
        777.25
      ],
      [
        -2.88915,
        42.398923,
        777.25
      ],
      [
        -2.889253,
        42.399041,
        776.75
      ],
      [
        -2.889384,
        42.399281,
        775.75
      ],
      [
        -2.889676,
        42.400039,
        777.0
      ],
      [
        -2.889804,
        42.400252,
        778.0
      ],
      [
        -2.889912,
        42.40041,
        777.25
      ],
      [
        -2.890087,
        42.400597,
        777.25
      ],
      [
        -2.890437,
        42.400926,
        776.5
      ],
      [
        -2.891266,
        42.401678,
        775.25
      ],
      [
        -2.891551,
        42.401936,
        774.25
      ],
      [
        -2.891642,
        42.40206,
        772.5
      ],
      [
        -2.89208,
        42.402488,
        770.5
      ],
      [
        -2.892224,
        42.402617,
        772.5
      ],
      [
        -2.892408,
        42.40278,
        771.25
      ],
      [
        -2.892526,
        42.402903,
        770.75
      ],
      [
        -2.892787,
        42.403174,
        768.5
      ],
      [
        -2.892955,
        42.403368,
        767.75
      ],
      [
        -2.893135,
        42.403585,
        766.25
      ],
      [
        -2.89334,
        42.403861,
        765.0
      ],
      [
        -2.893775,
        42.404489,
        764.5
      ],
      [
        -2.893818,
        42.404552,
        764.75
      ],
      [
        -2.893979,
        42.404854,
        765.25
      ],
      [
        -2.894074,
        42.404995,
        766.0
      ],
      [
        -2.89417,
        42.405263,
        766.0
      ],
      [
        -2.894228,
        42.405487,
        765.5
      ],
      [
        -2.894536,
        42.406974,
        760.25
      ],
      [
        -2.894867,
        42.408539,
        757.75
      ],
      [
        -2.894905,
        42.408654,
        757.5
      ],
      [
        -2.894965,
        42.408747,
        757.75
      ],
      [
        -2.895075,
        42.408876,
        758.0
      ],
      [
        -2.895191,
        42.408979,
        757.5
      ],
      [
        -2.895065,
        42.409231,
        755.25
      ],
      [
        -2.894986,
        42.409709,
        751.0
      ],
      [
        -2.894289,
        42.409998,
        748.75
      ],
      [
        -2.894238,
        42.410071,
        748.75
      ],
      [
        -2.89547,
        42.411775,
        745.5
      ],
      [
        -2.895513,
        42.411835,
        745.5
      ],
      [
        -2.895798,
        42.412216,
        743.75
      ],
      [
        -2.895973,
        42.412517,
        743.25
      ],
      [
        -2.896035,
        42.412797,
        741.5
      ],
      [
        -2.896114,
        42.412775,
        742.0
      ],
      [
        -2.896138,
        42.412822,
        741.75
      ],
      [
        -2.896195,
        42.413099,
        740.75
      ],
      [
        -2.896212,
        42.413128,
        740.75
      ],
      [
        -2.896259,
        42.413222,
        740.25
      ],
      [
        -2.896323,
        42.413286,
        740.0
      ],
      [
        -2.896297,
        42.413482,
        738.75
      ],
      [
        -2.896283,
        42.413606,
        738.0
      ],
      [
        -2.896283,
        42.413704,
        737.5
      ],
      [
        -2.896319,
        42.413819,
        737.25
      ],
      [
        -2.896332,
        42.413919,
        736.75
      ],
      [
        -2.896289,
        42.414121,
        736.25
      ],
      [
        -2.896286,
        42.414165,
        736.25
      ],
      [
        -2.896289,
        42.4142,
        736.0
      ],
      [
        -2.896322,
        42.414268,
        735.75
      ],
      [
        -2.896397,
        42.414331,
        735.75
      ],
      [
        -2.896502,
        42.414369,
        735.0
      ],
      [
        -2.896621,
        42.414373,
        734.5
      ],
      [
        -2.896724,
        42.414362,
        734.0
      ],
      [
        -2.896874,
        42.414368,
        733.0
      ],
      [
        -2.89709,
        42.414416,
        732.0
      ],
      [
        -2.897348,
        42.414475,
        730.5
      ],
      [
        -2.897892,
        42.414637,
        727.25
      ],
      [
        -2.898058,
        42.414711,
        727.75
      ],
      [
        -2.898111,
        42.414737,
        727.75
      ],
      [
        -2.898211,
        42.414802,
        727.25
      ],
      [
        -2.898408,
        42.414996,
        726.0
      ],
      [
        -2.898494,
        42.415122,
        725.75
      ],
      [
        -2.898548,
        42.415235,
        725.75
      ],
      [
        -2.898576,
        42.415321,
        725.75
      ],
      [
        -2.898611,
        42.415484,
        725.75
      ],
      [
        -2.899225,
        42.419084,
        715.0
      ],
      [
        -2.899801,
        42.422455,
        705.0
      ],
      [
        -2.899895,
        42.422921,
        704.0
      ],
      [
        -2.899986,
        42.423177,
        703.5
      ],
      [
        -2.900081,
        42.423384,
        702.75
      ],
      [
        -2.900166,
        42.423618,
        702.0
      ],
      [
        -2.900194,
        42.42373,
        702.25
      ],
      [
        -2.900185,
        42.423785,
        702.25
      ],
      [
        -2.900171,
        42.423864,
        702.5
      ],
      [
        -2.900102,
        42.423943,
        702.0
      ],
      [
        -2.900075,
        42.424036,
        701.5
      ],
      [
        -2.900098,
        42.42414,
        701.25
      ],
      [
        -2.900174,
        42.42423,
        701.25
      ],
      [
        -2.900294,
        42.424293,
        701.0
      ],
      [
        -2.900403,
        42.424311,
        700.75
      ],
      [
        -2.900439,
        42.424315,
        700.75
      ],
      [
        -2.900703,
        42.424496,
        699.25
      ],
      [
        -2.901155,
        42.425296,
        696.75
      ],
      [
        -2.901562,
        42.425988,
        694.75
      ],
      [
        -2.902142,
        42.426898,
        692.0
      ],
      [
        -2.903982,
        42.429727,
        681.5
      ],
      [
        -2.904236,
        42.430079,
        680.25
      ],
      [
        -2.904836,
        42.430752,
        677.25
      ],
      [
        -2.905386,
        42.431348,
        676.0
      ],
      [
        -2.905525,
        42.431479,
        675.5
      ],
      [
        -2.905676,
        42.431598,
        675.25
      ],
      [
        -2.905851,
        42.431706,
        674.75
      ],
      [
        -2.906088,
        42.431833,
        675.0
      ],
      [
        -2.907068,
        42.432257,
        670.25
      ],
      [
        -2.907303,
        42.432353,
        669.25
      ],
      [
        -2.907529,
        42.432429,
        668.75
      ],
      [
        -2.907707,
        42.432478,
        668.75
      ],
      [
        -2.907928,
        42.432513,
        668.75
      ],
      [
        -2.908199,
        42.432547,
        668.25
      ],
      [
        -2.909807,
        42.432677,
        664.75
      ],
      [
        -2.910318,
        42.432727,
        663.0
      ],
      [
        -2.910714,
        42.432778,
        662.25
      ],
      [
        -2.911657,
        42.432946,
        661.0
      ],
      [
        -2.912984,
        42.433208,
        660.0
      ],
      [
        -2.913388,
        42.433312,
        660.0
      ],
      [
        -2.914475,
        42.433676,
        661.0
      ],
      [
        -2.91473,
        42.433749,
        661.0
      ],
      [
        -2.91503,
        42.433817,
        662.0
      ],
      [
        -2.915549,
        42.433912,
        662.0
      ],
      [
        -2.918542,
        42.434467,
        656.75
      ],
      [
        -2.920491,
        42.43482,
        647.75
      ],
      [
        -2.921625,
        42.435028,
        647.5
      ],
      [
        -2.926756,
        42.435969,
        640.75
      ],
      [
        -2.929197,
        42.436416,
        634.5
      ],
      [
        -2.934169,
        42.437324,
        633.0
      ],
      [
        -2.93428,
        42.437344,
        633.0
      ],
      [
        -2.935001,
        42.43748,
        634.0
      ],
      [
        -2.93656,
        42.437768,
        634.0
      ],
      [
        -2.937088,
        42.437865,
        634.0
      ],
      [
        -2.937379,
        42.437919,
        634.25
      ],
      [
        -2.937759,
        42.437989,
        634.75
      ],
      [
        -2.938993,
        42.438217,
        634.5
      ],
      [
        -2.939161,
        42.438249,
        634.75
      ],
      [
        -2.940658,
        42.438532,
        635.25
      ],
      [
        -2.942577,
        42.438879,
        635.25
      ],
      [
        -2.943306,
        42.439004,
        636.0
      ],
      [
        -2.943492,
        42.439036,
        636.0
      ],
      [
        -2.94352,
        42.439041,
        636.0
      ],
      [
        -2.943597,
        42.439083,
        636.0
      ],
      [
        -2.943653,
        42.439129,
        636.0
      ],
      [
        -2.943689,
        42.439204,
        636.0
      ],
      [
        -2.943688,
        42.439219,
        636.0
      ],
      [
        -2.943704,
        42.439271,
        636.0
      ],
      [
        -2.943748,
        42.439313,
        636.0
      ],
      [
        -2.943813,
        42.439337,
        636.0
      ],
      [
        -2.943847,
        42.43934,
        636.0
      ],
      [
        -2.943878,
        42.439339,
        636.0
      ],
      [
        -2.943935,
        42.43934,
        636.0
      ],
      [
        -2.944081,
        42.439321,
        636.0
      ],
      [
        -2.944318,
        42.439303,
        636.0
      ],
      [
        -2.944541,
        42.439294,
        636.0
      ],
      [
        -2.944673,
        42.439296,
        636.0
      ],
      [
        -2.944775,
        42.439308,
        636.0
      ],
      [
        -2.944922,
        42.439334,
        636.0
      ],
      [
        -2.945024,
        42.439346,
        636.0
      ],
      [
        -2.945062,
        42.439345,
        636.0
      ],
      [
        -2.945172,
        42.439344,
        636.0
      ],
      [
        -2.94528,
        42.439326,
        636.0
      ],
      [
        -2.945362,
        42.439314,
        636.0
      ],
      [
        -2.945445,
        42.439296,
        636.25
      ],
      [
        -2.945684,
        42.439277,
        636.5
      ],
      [
        -2.945821,
        42.439264,
        636.5
      ],
      [
        -2.945952,
        42.439265,
        636.75
      ],
      [
        -2.945972,
        42.439265,
        636.75
      ],
      [
        -2.946488,
        42.439256,
        637.0
      ],
      [
        -2.94663,
        42.439254,
        637.0
      ],
      [
        -2.946694,
        42.439252,
        637.0
      ],
      [
        -2.9467,
        42.439184,
        637.0
      ],
      [
        -2.946771,
        42.438666,
        637.75
      ],
      [
        -2.946785,
        42.438567,
        638.0
      ],
      [
        -2.946968,
        42.437357,
        639.25
      ],
      [
        -2.947026,
        42.436952,
        639.75
      ],
      [
        -2.947063,
        42.436863,
        640.25
      ],
      [
        -2.94725,
        42.436603,
        641.0
      ],
      [
        -2.947848,
        42.43595,
        641.5
      ],
      [
        -2.949953,
        42.433806,
        645.0
      ],
      [
        -2.949784,
        42.433611,
        645.0
      ],
      [
        -2.949838,
        42.433572,
        645.0
      ],
      [
        -2.949895,
        42.433482,
        645.25
      ],
      [
        -2.949942,
        42.433389,
        645.75
      ],
      [
        -2.949991,
        42.433224,
        646.0
      ],
      [
        -2.950069,
        42.433013,
        646.0
      ],
      [
        -2.949991,
        42.433224,
        646.0
      ],
      [
        -2.949942,
        42.433389,
        645.75
      ],
      [
        -2.949895,
        42.433482,
        645.25
      ],
      [
        -2.949838,
        42.433572,
        645.0
      ],
      [
        -2.949784,
        42.433611,
        645.0
      ],
      [
        -2.949953,
        42.433806,
        645.0
      ],
      [
        -2.950079,
        42.433875,
        645.0
      ],
      [
        -2.950347,
        42.433979,
        644.75
      ],
      [
        -2.950597,
        42.434064,
        645.0
      ],
      [
        -2.950651,
        42.434082,
        645.0
      ],
      [
        -2.951286,
        42.434296,
        644.25
      ],
      [
        -2.952001,
        42.434534,
        645.0
      ],
      [
        -2.952133,
        42.434585,
        645.0
      ],
      [
        -2.952309,
        42.434651,
        645.25
      ],
      [
        -2.952449,
        42.434719,
        645.75
      ],
      [
        -2.952591,
        42.434867,
        645.25
      ],
      [
        -2.952756,
        42.435086,
        645.0
      ],
      [
        -2.952959,
        42.435404,
        644.75
      ],
      [
        -2.953019,
        42.435546,
        644.75
      ],
      [
        -2.953129,
        42.436021,
        644.25
      ],
      [
        -2.953156,
        42.436167,
        644.25
      ],
      [
        -2.953234,
        42.43659,
        644.0
      ],
      [
        -2.953285,
        42.436748,
        644.0
      ],
      [
        -2.953297,
        42.436793,
        644.0
      ],
      [
        -2.953335,
        42.436876,
        644.0
      ],
      [
        -2.953385,
        42.436985,
        643.75
      ],
      [
        -2.953378,
        42.437027,
        643.75
      ],
      [
        -2.953334,
        42.437381,
        643.0
      ],
      [
        -2.953318,
        42.4377,
        643.0
      ],
      [
        -2.953317,
        42.437775,
        643.0
      ],
      [
        -2.953349,
        42.438352,
        642.0
      ],
      [
        -2.953352,
        42.438419,
        642.0
      ],
      [
        -2.953361,
        42.438519,
        642.0
      ],
      [
        -2.953364,
        42.438563,
        642.0
      ],
      [
        -2.953403,
        42.43898,
        642.0
      ],
      [
        -2.953412,
        42.439081,
        642.0
      ],
      [
        -2.953379,
        42.439204,
        641.75
      ],
      [
        -2.953339,
        42.439315,
        641.25
      ],
      [
        -2.953304,
        42.439395,
        641.0
      ],
      [
        -2.953465,
        42.439415,
        641.5
      ],
      [
        -2.953593,
        42.439429,
        641.75
      ],
      [
        -2.954281,
        42.439507,
        641.75
      ],
      [
        -2.954878,
        42.439572,
        641.5
      ],
      [
        -2.955541,
        42.439652,
        641.0
      ],
      [
        -2.955727,
        42.439675,
        641.0
      ],
      [
        -2.956269,
        42.439733,
        640.75
      ],
      [
        -2.956504,
        42.439764,
        640.75
      ],
      [
        -2.956599,
        42.439779,
        640.75
      ],
      [
        -2.95688,
        42.439841,
        640.5
      ],
      [
        -2.95718,
        42.439936,
        640.75
      ],
      [
        -2.95736,
        42.439997,
        640.75
      ],
      [
        -2.957426,
        42.440075,
        640.5
      ],
      [
        -2.957436,
        42.440129,
        640.5
      ],
      [
        -2.957427,
        42.440157,
        640.25
      ],
      [
        -2.957428,
        42.440185,
        640.25
      ],
      [
        -2.957439,
        42.440212,
        640.0
      ],
      [
        -2.957462,
        42.440238,
        640.0
      ],
      [
        -2.957496,
        42.440257,
        640.0
      ],
      [
        -2.95754,
        42.440269,
        640.0
      ],
      [
        -2.957587,
        42.440269,
        640.25
      ],
      [
        -2.957631,
        42.440258,
        640.5
      ],
      [
        -2.957879,
        42.44039,
        640.5
      ],
      [
        -2.95798,
        42.440528,
        640.0
      ],
      [
        -2.958426,
        42.440958,
        639.75
      ],
      [
        -2.958448,
        42.44098,
        639.75
      ],
      [
        -2.958516,
        42.441044,
        639.75
      ],
      [
        -2.958689,
        42.441165,
        639.25
      ],
      [
        -2.958754,
        42.441203,
        639.25
      ],
      [
        -2.958811,
        42.441233,
        639.25
      ],
      [
        -2.958878,
        42.441269,
        639.5
      ],
      [
        -2.958973,
        42.441309,
        639.5
      ],
      [
        -2.959208,
        42.441409,
        639.75
      ],
      [
        -2.959768,
        42.441602,
        639.75
      ],
      [
        -2.960296,
        42.441772,
        639.75
      ],
      [
        -2.96039,
        42.441802,
        639.25
      ],
      [
        -2.960435,
        42.441818,
        639.0
      ],
      [
        -2.962164,
        42.442329,
        639.5
      ],
      [
        -2.96226,
        42.442357,
        640.0
      ],
      [
        -2.962353,
        42.442384,
        640.25
      ],
      [
        -2.963754,
        42.442808,
        640.0
      ],
      [
        -2.964094,
        42.442912,
        639.25
      ],
      [
        -2.964141,
        42.442926,
        639.25
      ],
      [
        -2.964402,
        42.443003,
        639.75
      ],
      [
        -2.964687,
        42.443092,
        640.5
      ],
      [
        -2.964761,
        42.443117,
        640.5
      ],
      [
        -2.96634,
        42.443619,
        639.75
      ],
      [
        -2.966482,
        42.443662,
        639.75
      ],
      [
        -2.968158,
        42.444174,
        636.5
      ],
      [
        -2.968471,
        42.44427,
        635.25
      ],
      [
        -2.968602,
        42.444189,
        635.0
      ],
      [
        -2.968678,
        42.444107,
        635.25
      ],
      [
        -2.968746,
        42.444037,
        635.75
      ],
      [
        -2.968812,
        42.444012,
        636.0
      ],
      [
        -2.969994,
        42.443562,
        637.0
      ],
      [
        -2.970919,
        42.443224,
        638.75
      ],
      [
        -2.971648,
        42.443,
        639.25
      ],
      [
        -2.974856,
        42.442131,
        645.25
      ],
      [
        -2.97537,
        42.442011,
        646.75
      ],
      [
        -2.977423,
        42.441719,
        654.0
      ],
      [
        -2.977812,
        42.441648,
        654.0
      ],
      [
        -2.979695,
        42.441158,
        653.25
      ],
      [
        -2.980175,
        42.441078,
        653.25
      ],
      [
        -2.980599,
        42.441056,
        652.5
      ],
      [
        -2.981733,
        42.441047,
        652.75
      ],
      [
        -2.982463,
        42.441055,
        653.25
      ],
      [
        -2.982984,
        42.441091,
        654.75
      ],
      [
        -2.983871,
        42.441213,
        656.5
      ],
      [
        -2.984432,
        42.441269,
        658.25
      ],
      [
        -2.985067,
        42.441293,
        659.25
      ],
      [
        -2.985623,
        42.441258,
        661.0
      ],
      [
        -2.986067,
        42.441201,
        662.0
      ],
      [
        -2.986637,
        42.441082,
        663.75
      ],
      [
        -2.987087,
        42.440962,
        665.25
      ],
      [
        -2.987704,
        42.440729,
        667.5
      ],
      [
        -2.991521,
        42.43886,
        681.5
      ],
      [
        -2.992942,
        42.437811,
        693.5
      ],
      [
        -2.99306,
        42.437691,
        694.75
      ],
      [
        -2.993137,
        42.437612,
        695.5
      ],
      [
        -2.993255,
        42.437419,
        697.0
      ],
      [
        -2.993339,
        42.437195,
        699.0
      ],
      [
        -2.993356,
        42.437019,
        700.5
      ],
      [
        -2.993318,
        42.436746,
        703.0
      ],
      [
        -2.99321,
        42.436408,
        705.0
      ],
      [
        -2.993171,
        42.436285,
        706.0
      ],
      [
        -2.993129,
        42.436061,
        708.75
      ],
      [
        -2.993129,
        42.435757,
        711.75
      ],
      [
        -2.99356,
        42.434461,
        725.75
      ],
      [
        -2.99376,
        42.43354,
        731.0
      ],
      [
        -2.993858,
        42.433359,
        733.0
      ],
      [
        -2.994154,
        42.433159,
        733.75
      ],
      [
        -2.994561,
        42.432884,
        734.0
      ],
      [
        -2.995063,
        42.432616,
        733.0
      ],
      [
        -2.995238,
        42.432522,
        733.0
      ],
      [
        -2.99528,
        42.4325,
        732.75
      ],
      [
        -2.995572,
        42.432247,
        732.75
      ],
      [
        -2.995637,
        42.43224,
        732.5
      ],
      [
        -2.995797,
        42.432215,
        732.0
      ],
      [
        -2.997138,
        42.432098,
        732.75
      ],
      [
        -2.997993,
        42.43201,
        735.25
      ],
      [
        -2.998822,
        42.431933,
        737.0
      ],
      [
        -3.000394,
        42.431764,
        735.5
      ],
      [
        -3.000671,
        42.431665,
        736.5
      ],
      [
        -3.002025,
        42.430671,
        743.25
      ],
      [
        -3.002554,
        42.430188,
        746.75
      ],
      [
        -3.003472,
        42.429288,
        751.75
      ],
      [
        -3.003688,
        42.42914,
        752.75
      ],
      [
        -3.003955,
        42.42887,
        755.0
      ],
      [
        -3.004351,
        42.428547,
        758.0
      ],
      [
        -3.004696,
        42.428361,
        756.25
      ],
      [
        -3.005337,
        42.428072,
        756.25
      ],
      [
        -3.005626,
        42.427869,
        757.0
      ],
      [
        -3.00638,
        42.426706,
        761.5
      ],
      [
        -3.006654,
        42.426355,
        763.25
      ],
      [
        -3.006834,
        42.426063,
        763.5
      ],
      [
        -3.007029,
        42.425861,
        764.25
      ],
      [
        -3.007408,
        42.425644,
        766.0
      ],
      [
        -3.007741,
        42.425533,
        768.75
      ],
      [
        -3.008198,
        42.425432,
        772.5
      ],
      [
        -3.008467,
        42.425406,
        773.5
      ],
      [
        -3.008591,
        42.425397,
        773.75
      ],
      [
        -3.00919,
        42.425215,
        774.5
      ],
      [
        -3.010009,
        42.424946,
        771.5
      ],
      [
        -3.012507,
        42.424109,
        765.0
      ],
      [
        -3.012771,
        42.424097,
        764.25
      ],
      [
        -3.013025,
        42.424116,
        764.0
      ],
      [
        -3.013165,
        42.424147,
        764.0
      ],
      [
        -3.013289,
        42.424197,
        763.75
      ],
      [
        -3.014113,
        42.424743,
        764.25
      ],
      [
        -3.014903,
        42.425242,
        764.25
      ],
      [
        -3.015075,
        42.425345,
        765.25
      ],
      [
        -3.015155,
        42.425425,
        765.75
      ],
      [
        -3.0152,
        42.425534,
        766.0
      ],
      [
        -3.015196,
        42.425622,
        766.0
      ],
      [
        -3.014938,
        42.426866,
        762.25
      ],
      [
        -3.014946,
        42.426998,
        762.75
      ],
      [
        -3.014988,
        42.427077,
        763.25
      ],
      [
        -3.015059,
        42.427141,
        763.5
      ],
      [
        -3.015205,
        42.427199,
        764.5
      ],
      [
        -3.015383,
        42.427197,
        765.0
      ],
      [
        -3.015532,
        42.427157,
        765.75
      ],
      [
        -3.016075,
        42.426843,
        766.75
      ],
      [
        -3.016854,
        42.426323,
        766.0
      ],
      [
        -3.017057,
        42.426269,
        764.75
      ],
      [
        -3.017195,
        42.426244,
        763.75
      ],
      [
        -3.018057,
        42.426562,
        762.5
      ],
      [
        -3.019608,
        42.42727,
        767.0
      ],
      [
        -3.01992,
        42.427423,
        765.25
      ],
      [
        -3.020181,
        42.427597,
        763.25
      ],
      [
        -3.020669,
        42.428046,
        758.75
      ],
      [
        -3.020884,
        42.428557,
        754.5
      ],
      [
        -3.021056,
        42.42919,
        749.0
      ],
      [
        -3.021056,
        42.429599,
        746.25
      ],
      [
        -3.020949,
        42.430138,
        743.0
      ],
      [
        -3.020592,
        42.430996,
        736.25
      ],
      [
        -3.020586,
        42.431111,
        734.75
      ],
      [
        -3.020704,
        42.431217,
        732.75
      ],
      [
        -3.020826,
        42.431268,
        731.25
      ],
      [
        -3.02097,
        42.431272,
        730.75
      ],
      [
        -3.02153,
        42.431186,
        728.75
      ],
      [
        -3.021717,
        42.431174,
        728.5
      ],
      [
        -3.021856,
        42.431217,
        728.0
      ],
      [
        -3.021994,
        42.431335,
        727.0
      ],
      [
        -3.022384,
        42.431843,
        725.0
      ],
      [
        -3.02288,
        42.432524,
        725.25
      ],
      [
        -3.023226,
        42.432967,
        726.0
      ],
      [
        -3.023712,
        42.43365,
        727.0
      ],
      [
        -3.023737,
        42.433802,
        726.25
      ],
      [
        -3.023744,
        42.433981,
        725.25
      ],
      [
        -3.023689,
        42.434612,
        726.75
      ],
      [
        -3.023509,
        42.436819,
        730.25
      ],
      [
        -3.023502,
        42.436988,
        730.0
      ],
      [
        -3.023477,
        42.437532,
        729.25
      ],
      [
        -3.023504,
        42.437646,
        728.75
      ],
      [
        -3.024293,
        42.438386,
        732.75
      ],
      [
        -3.024571,
        42.438854,
        735.75
      ],
      [
        -3.024693,
        42.439146,
        736.0
      ],
      [
        -3.024982,
        42.440201,
        735.25
      ],
      [
        -3.025453,
        42.4422,
        733.5
      ],
      [
        -3.025467,
        42.442257,
        733.5
      ],
      [
        -3.02555,
        42.442885,
        730.75
      ],
      [
        -3.025642,
        42.444615,
        738.0
      ],
      [
        -3.025678,
        42.444878,
        738.75
      ],
      [
        -3.025737,
        42.445256,
        739.0
      ],
      [
        -3.025868,
        42.445717,
        738.25
      ],
      [
        -3.026036,
        42.446265,
        736.75
      ],
      [
        -3.026125,
        42.446557,
        735.25
      ],
      [
        -3.026354,
        42.447144,
        733.0
      ],
      [
        -3.026727,
        42.447502,
        732.25
      ],
      [
        -3.026947,
        42.447753,
        733.0
      ],
      [
        -3.027466,
        42.448207,
        733.0
      ],
      [
        -3.028064,
        42.448657,
        731.5
      ],
      [
        -3.028268,
        42.44899,
        729.75
      ],
      [
        -3.028495,
        42.449404,
        730.5
      ],
      [
        -3.028134,
        42.449564,
        728.75
      ],
      [
        -3.027008,
        42.450023,
        725.75
      ],
      [
        -3.027103,
        42.450218,
        723.75
      ],
      [
        -3.027212,
        42.450443,
        723.75
      ],
      [
        -3.028698,
        42.449837,
        729.5
      ],
      [
        -3.02965,
        42.449433,
        733.0
      ],
      [
        -3.030152,
        42.449178,
        732.75
      ],
      [
        -3.029795,
        42.448868,
        734.75
      ],
      [
        -3.029857,
        42.448828,
        734.75
      ],
      [
        -3.0299,
        42.448818,
        734.75
      ],
      [
        -3.029947,
        42.44882,
        734.5
      ],
      [
        -3.030009,
        42.448836,
        734.25
      ],
      [
        -3.030076,
        42.448871,
        733.25
      ],
      [
        -3.030182,
        42.44894,
        732.0
      ],
      [
        -3.03028,
        42.448988,
        731.25
      ],
      [
        -3.030335,
        42.449004,
        730.5
      ],
      [
        -3.030419,
        42.44901,
        729.5
      ],
      [
        -3.030981,
        42.448922,
        722.25
      ],
      [
        -3.031135,
        42.448885,
        720.5
      ],
      [
        -3.031287,
        42.448834,
        718.5
      ],
      [
        -3.031986,
        42.448663,
        710.5
      ],
      [
        -3.032233,
        42.448614,
        707.75
      ],
      [
        -3.032408,
        42.448603,
        706.0
      ],
      [
        -3.0327,
        42.448595,
        703.0
      ],
      [
        -3.03289,
        42.448576,
        701.5
      ],
      [
        -3.032963,
        42.448578,
        701.0
      ],
      [
        -3.03307,
        42.448598,
        700.0
      ],
      [
        -3.033039,
        42.448691,
        699.5
      ],
      [
        -3.032997,
        42.448778,
        699.0
      ],
      [
        -3.032949,
        42.448875,
        698.75
      ],
      [
        -3.032899,
        42.44895,
        698.5
      ],
      [
        -3.034359,
        42.449636,
        687.25
      ],
      [
        -3.034629,
        42.449762,
        686.75
      ],
      [
        -3.03575,
        42.45029,
        687.5
      ],
      [
        -3.036455,
        42.450621,
        689.25
      ],
      [
        -3.037029,
        42.450899,
        692.75
      ],
      [
        -3.038023,
        42.44993,
        694.75
      ],
      [
        -3.039172,
        42.44879,
        703.25
      ],
      [
        -3.039254,
        42.448736,
        703.75
      ],
      [
        -3.039345,
        42.448697,
        704.25
      ],
      [
        -3.039508,
        42.448649,
        705.25
      ],
      [
        -3.039691,
        42.448612,
        706.75
      ],
      [
        -3.03988,
        42.448552,
        708.25
      ],
      [
        -3.040141,
        42.448433,
        709.75
      ],
      [
        -3.040578,
        42.448215,
        711.75
      ],
      [
        -3.04293,
        42.446917,
        726.25
      ],
      [
        -3.043228,
        42.446722,
        728.5
      ],
      [
        -3.044369,
        42.445949,
        734.0
      ],
      [
        -3.045502,
        42.445159,
        738.5
      ],
      [
        -3.045619,
        42.445091,
        738.5
      ],
      [
        -3.045699,
        42.445058,
        738.75
      ],
      [
        -3.045779,
        42.445044,
        738.75
      ],
      [
        -3.045856,
        42.445056,
        738.75
      ],
      [
        -3.045891,
        42.445058,
        738.75
      ],
      [
        -3.045962,
        42.445046,
        738.5
      ],
      [
        -3.04921,
        42.444181,
        732.75
      ],
      [
        -3.049604,
        42.444062,
        733.5
      ],
      [
        -3.050055,
        42.443892,
        734.75
      ],
      [
        -3.051352,
        42.443463,
        728.75
      ],
      [
        -3.051879,
        42.443307,
        726.75
      ],
      [
        -3.052105,
        42.443226,
        725.75
      ],
      [
        -3.052993,
        42.442764,
        722.75
      ],
      [
        -3.053453,
        42.442492,
        722.25
      ],
      [
        -3.054021,
        42.442107,
        722.75
      ],
      [
        -3.054329,
        42.441885,
        722.25
      ],
      [
        -3.056219,
        42.440829,
        725.0
      ],
      [
        -3.057887,
        42.439918,
        727.75
      ],
      [
        -3.060445,
        42.438717,
        733.0
      ],
      [
        -3.060704,
        42.43861,
        733.5
      ],
      [
        -3.061454,
        42.438348,
        734.75
      ],
      [
        -3.06175,
        42.438221,
        735.5
      ],
      [
        -3.062104,
        42.438098,
        736.25
      ],
      [
        -3.06222,
        42.438064,
        736.75
      ],
      [
        -3.062425,
        42.438323,
        736.5
      ],
      [
        -3.062818,
        42.438727,
        735.5
      ],
      [
        -3.063096,
        42.438826,
        736.0
      ],
      [
        -3.063273,
        42.438809,
        736.0
      ],
      [
        -3.06333,
        42.438624,
        735.75
      ],
      [
        -3.063382,
        42.438484,
        736.5
      ],
      [
        -3.063858,
        42.438262,
        737.25
      ],
      [
        -3.064006,
        42.438127,
        737.75
      ],
      [
        -3.064192,
        42.437965,
        738.25
      ],
      [
        -3.064398,
        42.437807,
        738.75
      ],
      [
        -3.064434,
        42.437779,
        738.75
      ],
      [
        -3.064605,
        42.437582,
        739.75
      ],
      [
        -3.06484,
        42.437356,
        740.5
      ],
      [
        -3.065172,
        42.436861,
        741.75
      ],
      [
        -3.065285,
        42.43671,
        742.0
      ],
      [
        -3.065398,
        42.436623,
        742.5
      ],
      [
        -3.065481,
        42.436589,
        743.0
      ],
      [
        -3.065562,
        42.436572,
        743.25
      ],
      [
        -3.06566,
        42.436572,
        743.25
      ],
      [
        -3.066591,
        42.436682,
        744.5
      ],
      [
        -3.066663,
        42.436562,
        744.75
      ],
      [
        -3.067279,
        42.435583,
        747.0
      ],
      [
        -3.068183,
        42.434092,
        751.5
      ],
      [
        -3.066519,
        42.433806,
        750.75
      ],
      [
        -3.068183,
        42.434092,
        751.5
      ],
      [
        -3.067279,
        42.435583,
        747.0
      ],
      [
        -3.066663,
        42.436562,
        744.75
      ],
      [
        -3.066591,
        42.436682,
        744.5
      ],
      [
        -3.066387,
        42.436998,
        743.75
      ],
      [
        -3.066283,
        42.437158,
        743.5
      ],
      [
        -3.066235,
        42.437302,
        743.0
      ],
      [
        -3.066373,
        42.437289,
        743.25
      ],
      [
        -3.06847,
        42.437263,
        744.5
      ],
      [
        -3.069043,
        42.437186,
        745.0
      ],
      [
        -3.069624,
        42.437161,
        745.5
      ],
      [
        -3.069826,
        42.437183,
        746.25
      ],
      [
        -3.070208,
        42.437185,
        746.75
      ],
      [
        -3.070528,
        42.437182,
        748.0
      ],
      [
        -3.072389,
        42.437198,
        753.5
      ],
      [
        -3.072511,
        42.437209,
        754.0
      ],
      [
        -3.07269,
        42.437202,
        754.5
      ],
      [
        -3.073031,
        42.437201,
        756.0
      ],
      [
        -3.074227,
        42.437273,
        757.25
      ],
      [
        -3.074307,
        42.437286,
        757.25
      ],
      [
        -3.074372,
        42.43731,
        757.25
      ],
      [
        -3.074428,
        42.437317,
        757.25
      ],
      [
        -3.07494,
        42.437332,
        756.25
      ],
      [
        -3.076358,
        42.437414,
        754.5
      ],
      [
        -3.07677,
        42.437437,
        754.25
      ],
      [
        -3.07683,
        42.437441,
        754.25
      ],
      [
        -3.077635,
        42.437486,
        754.0
      ],
      [
        -3.077658,
        42.437487,
        754.0
      ],
      [
        -3.079289,
        42.4376,
        756.25
      ],
      [
        -3.079564,
        42.437603,
        757.0
      ],
      [
        -3.079635,
        42.437582,
        757.0
      ],
      [
        -3.079693,
        42.437548,
        757.0
      ],
      [
        -3.079754,
        42.437499,
        757.0
      ],
      [
        -3.079874,
        42.437309,
        758.75
      ],
      [
        -3.079958,
        42.437159,
        759.75
      ],
      [
        -3.080057,
        42.437023,
        760.75
      ],
      [
        -3.080132,
        42.436992,
        760.75
      ],
      [
        -3.080289,
        42.436994,
        761.0
      ],
      [
        -3.080838,
        42.43704,
        764.25
      ],
      [
        -3.081133,
        42.43707,
        767.0
      ],
      [
        -3.081442,
        42.437116,
        767.5
      ],
      [
        -3.081597,
        42.43712,
        768.0
      ],
      [
        -3.081919,
        42.437079,
        768.5
      ],
      [
        -3.082422,
        42.436993,
        768.75
      ],
      [
        -3.083192,
        42.436839,
        769.25
      ],
      [
        -3.083183,
        42.436755,
        769.5
      ],
      [
        -3.083097,
        42.435958,
        771.5
      ],
      [
        -3.083104,
        42.435828,
        772.0
      ],
      [
        -3.083137,
        42.435662,
        772.5
      ],
      [
        -3.08322,
        42.43549,
        773.0
      ],
      [
        -3.083474,
        42.435101,
        773.5
      ],
      [
        -3.083542,
        42.434944,
        774.0
      ],
      [
        -3.083571,
        42.434754,
        774.75
      ],
      [
        -3.083569,
        42.434661,
        775.0
      ],
      [
        -3.08355,
        42.434561,
        775.5
      ],
      [
        -3.083502,
        42.434411,
        776.0
      ],
      [
        -3.083393,
        42.434221,
        776.5
      ],
      [
        -3.083342,
        42.434149,
        776.75
      ],
      [
        -3.083311,
        42.434104,
        777.0
      ],
      [
        -3.083226,
        42.433911,
        777.0
      ],
      [
        -3.083195,
        42.4338,
        777.25
      ],
      [
        -3.083187,
        42.433701,
        777.5
      ],
      [
        -3.083217,
        42.433326,
        780.0
      ],
      [
        -3.083187,
        42.433701,
        777.5
      ],
      [
        -3.083195,
        42.4338,
        777.25
      ],
      [
        -3.083226,
        42.433911,
        777.0
      ],
      [
        -3.083311,
        42.434104,
        777.0
      ],
      [
        -3.083342,
        42.434149,
        776.75
      ],
      [
        -3.083393,
        42.434221,
        776.5
      ],
      [
        -3.083502,
        42.434411,
        776.0
      ],
      [
        -3.08355,
        42.434561,
        775.5
      ],
      [
        -3.083569,
        42.434661,
        775.0
      ],
      [
        -3.083571,
        42.434754,
        774.75
      ],
      [
        -3.083542,
        42.434944,
        774.0
      ],
      [
        -3.083474,
        42.435101,
        773.5
      ],
      [
        -3.08322,
        42.43549,
        773.0
      ],
      [
        -3.083137,
        42.435662,
        772.5
      ],
      [
        -3.083104,
        42.435828,
        772.0
      ],
      [
        -3.083097,
        42.435958,
        771.5
      ],
      [
        -3.083183,
        42.436755,
        769.5
      ],
      [
        -3.083192,
        42.436839,
        769.25
      ],
      [
        -3.083502,
        42.436787,
        769.5
      ],
      [
        -3.084166,
        42.436614,
        768.25
      ],
      [
        -3.084528,
        42.436558,
        767.5
      ],
      [
        -3.084798,
        42.436532,
        768.25
      ],
      [
        -3.084907,
        42.436522,
        768.5
      ],
      [
        -3.084998,
        42.436514,
        768.5
      ],
      [
        -3.085131,
        42.436487,
        768.5
      ],
      [
        -3.085184,
        42.436476,
        768.5
      ],
      [
        -3.085367,
        42.436444,
        768.75
      ],
      [
        -3.085902,
        42.436419,
        768.5
      ],
      [
        -3.086078,
        42.436399,
        768.0
      ],
      [
        -3.086177,
        42.43638,
        767.5
      ],
      [
        -3.086254,
        42.436371,
        767.0
      ],
      [
        -3.086341,
        42.43637,
        766.25
      ],
      [
        -3.086381,
        42.436371,
        766.0
      ],
      [
        -3.086454,
        42.436409,
        764.75
      ],
      [
        -3.086475,
        42.436439,
        764.25
      ],
      [
        -3.086492,
        42.436494,
        763.75
      ],
      [
        -3.086522,
        42.436628,
        762.5
      ],
      [
        -3.086554,
        42.436647,
        762.0
      ],
      [
        -3.08661,
        42.436645,
        761.0
      ],
      [
        -3.086635,
        42.436635,
        760.5
      ],
      [
        -3.086726,
        42.436574,
        759.25
      ],
      [
        -3.08693,
        42.436406,
        756.25
      ],
      [
        -3.087238,
        42.436115,
        755.75
      ],
      [
        -3.08737,
        42.436006,
        756.0
      ],
      [
        -3.087869,
        42.435674,
        754.75
      ],
      [
        -3.088285,
        42.435425,
        754.5
      ],
      [
        -3.088448,
        42.435316,
        754.25
      ],
      [
        -3.088538,
        42.435266,
        754.25
      ],
      [
        -3.088609,
        42.435243,
        754.25
      ],
      [
        -3.088691,
        42.435225,
        754.0
      ],
      [
        -3.089,
        42.435185,
        752.5
      ],
      [
        -3.089295,
        42.43512,
        751.75
      ],
      [
        -3.089896,
        42.434931,
        753.25
      ],
      [
        -3.089902,
        42.43502,
        753.5
      ],
      [
        -3.090706,
        42.434815,
        753.75
      ],
      [
        -3.092871,
        42.434238,
        763.25
      ],
      [
        -3.093109,
        42.434179,
        764.5
      ],
      [
        -3.093974,
        42.433961,
        768.0
      ],
      [
        -3.094423,
        42.433861,
        768.0
      ],
      [
        -3.094978,
        42.433735,
        765.5
      ],
      [
        -3.096718,
        42.433331,
        761.75
      ],
      [
        -3.097056,
        42.4333,
        761.25
      ],
      [
        -3.09737,
        42.4333,
        762.0
      ],
      [
        -3.097716,
        42.43331,
        762.5
      ],
      [
        -3.098104,
        42.43333,
        763.0
      ],
      [
        -3.098769,
        42.433377,
        766.5
      ],
      [
        -3.099215,
        42.433445,
        769.0
      ],
      [
        -3.099569,
        42.433466,
        769.0
      ],
      [
        -3.100006,
        42.433457,
        766.75
      ],
      [
        -3.100064,
        42.433456,
        766.75
      ],
      [
        -3.101722,
        42.43331,
        754.25
      ],
      [
        -3.101811,
        42.432805,
        751.0
      ],
      [
        -3.101927,
        42.432298,
        747.25
      ],
      [
        -3.104125,
        42.43211,
        743.0
      ],
      [
        -3.111453,
        42.431462,
        753.5
      ],
      [
        -3.113257,
        42.431312,
        760.75
      ],
      [
        -3.113398,
        42.431295,
        761.0
      ],
      [
        -3.113431,
        42.431261,
        761.25
      ],
      [
        -3.113412,
        42.431163,
        761.25
      ],
      [
        -3.113381,
        42.431121,
        761.0
      ],
      [
        -3.113482,
        42.431161,
        761.5
      ],
      [
        -3.113515,
        42.431176,
        761.5
      ],
      [
        -3.114269,
        42.431117,
        764.25
      ],
      [
        -3.117796,
        42.430806,
        773.0
      ],
      [
        -3.122325,
        42.430427,
        785.25
      ],
      [
        -3.122668,
        42.430414,
        785.5
      ],
      [
        -3.122956,
        42.430427,
        785.25
      ],
      [
        -3.123492,
        42.43048,
        784.75
      ],
      [
        -3.124124,
        42.430554,
        782.0
      ],
      [
        -3.1246,
        42.430626,
        779.75
      ],
      [
        -3.125192,
        42.430684,
        778.25
      ],
      [
        -3.125761,
        42.430758,
        777.0
      ],
      [
        -3.127668,
        42.431039,
        782.25
      ],
      [
        -3.128051,
        42.431078,
        784.75
      ],
      [
        -3.128343,
        42.431084,
        787.0
      ],
      [
        -3.128713,
        42.431066,
        789.75
      ],
      [
        -3.129336,
        42.431015,
        791.5
      ],
      [
        -3.129851,
        42.430907,
        791.0
      ],
      [
        -3.130083,
        42.430842,
        790.5
      ],
      [
        -3.130302,
        42.43076,
        790.75
      ],
      [
        -3.130717,
        42.430589,
        791.0
      ],
      [
        -3.130991,
        42.430449,
        791.25
      ],
      [
        -3.131548,
        42.430068,
        791.0
      ],
      [
        -3.132646,
        42.429276,
        784.0
      ],
      [
        -3.132854,
        42.429038,
        783.5
      ],
      [
        -3.132937,
        42.428966,
        783.0
      ],
      [
        -3.13302,
        42.42892,
        782.25
      ],
      [
        -3.133102,
        42.428887,
        781.75
      ],
      [
        -3.133201,
        42.428868,
        781.25
      ],
      [
        -3.133443,
        42.428859,
        781.0
      ],
      [
        -3.133581,
        42.428833,
        781.0
      ],
      [
        -3.134449,
        42.428555,
        781.0
      ],
      [
        -3.134891,
        42.428425,
        781.25
      ],
      [
        -3.135783,
        42.428139,
        783.5
      ],
      [
        -3.135786,
        42.428203,
        783.25
      ],
      [
        -3.136125,
        42.428092,
        783.75
      ],
      [
        -3.13624,
        42.428055,
        784.25
      ],
      [
        -3.136963,
        42.427814,
        786.25
      ],
      [
        -3.137234,
        42.427725,
        786.25
      ],
      [
        -3.13704,
        42.427247,
        790.75
      ],
      [
        -3.137258,
        42.427218,
        790.75
      ],
      [
        -3.137588,
        42.427188,
        790.25
      ],
      [
        -3.138542,
        42.427184,
        789.25
      ],
      [
        -3.138686,
        42.427116,
        790.0
      ],
      [
        -3.143298,
        42.425604,
        793.0
      ],
      [
        -3.144434,
        42.425251,
        796.75
      ],
      [
        -3.150657,
        42.423189,
        809.25
      ],
      [
        -3.152011,
        42.422712,
        811.5
      ],
      [
        -3.1521,
        42.422687,
        812.0
      ],
      [
        -3.152192,
        42.42266,
        812.25
      ],
      [
        -3.152248,
        42.422643,
        812.5
      ],
      [
        -3.152964,
        42.422454,
        814.0
      ],
      [
        -3.153268,
        42.422348,
        814.25
      ],
      [
        -3.157052,
        42.421114,
        820.25
      ],
      [
        -3.157865,
        42.420848,
        821.25
      ],
      [
        -3.158565,
        42.420628,
        821.25
      ],
      [
        -3.159627,
        42.420337,
        822.0
      ],
      [
        -3.163099,
        42.419456,
        825.0
      ],
      [
        -3.164616,
        42.41907,
        823.5
      ],
      [
        -3.165751,
        42.418796,
        822.5
      ],
      [
        -3.165898,
        42.418735,
        822.25
      ],
      [
        -3.169539,
        42.41782,
        817.0
      ],
      [
        -3.170769,
        42.417507,
        816.0
      ],
      [
        -3.171595,
        42.417293,
        815.0
      ],
      [
        -3.173675,
        42.416733,
        809.0
      ],
      [
        -3.174432,
        42.416543,
        808.5
      ],
      [
        -3.174563,
        42.416497,
        808.0
      ],
      [
        -3.174834,
        42.416462,
        807.25
      ],
      [
        -3.176672,
        42.416005,
        803.5
      ],
      [
        -3.177029,
        42.415927,
        802.5
      ],
      [
        -3.177419,
        42.415863,
        801.25
      ],
      [
        -3.177743,
        42.415829,
        800.75
      ],
      [
        -3.17817,
        42.415798,
        799.75
      ],
      [
        -3.178423,
        42.41579,
        799.5
      ],
      [
        -3.178656,
        42.415794,
        799.0
      ],
      [
        -3.179193,
        42.415837,
        798.0
      ],
      [
        -3.179688,
        42.415912,
        797.75
      ],
      [
        -3.179762,
        42.415958,
        797.25
      ],
      [
        -3.179797,
        42.415979,
        797.0
      ],
      [
        -3.179857,
        42.416029,
        796.75
      ],
      [
        -3.180213,
        42.416104,
        796.0
      ],
      [
        -3.180409,
        42.416145,
        795.75
      ],
      [
        -3.180969,
        42.416279,
        795.25
      ],
      [
        -3.181198,
        42.416341,
        794.75
      ],
      [
        -3.182157,
        42.416486,
        793.75
      ],
      [
        -3.182376,
        42.416497,
        793.25
      ],
      [
        -3.182778,
        42.416583,
        792.0
      ],
      [
        -3.183339,
        42.41663,
        793.25
      ]
    ]
  }
}
