{
  "type": "Feature",
  "properties": {
    "source": "BRouter trekking",
    "coordinateHash": "535d1a68cd838f4fc0878c598e63d6f3f7c5aba3390ef5cf9f44c926f0600783"
  },
  "geometry": {
    "type": "LineString",
    "coordinates": [
      [
        -5.883149,
        42.46673,
        819.25
      ],
      [
        -5.882917,
        42.466359,
        819.25
      ],
      [
        -5.882892,
        42.466242,
        818.75
      ],
      [
        -5.882862,
        42.46581,
        817.75
      ],
      [
        -5.882807,
        42.465548,
        818.25
      ],
      [
        -5.882758,
        42.46544,
        818.75
      ],
      [
        -5.882639,
        42.465177,
        819.0
      ],
      [
        -5.882223,
        42.464751,
        818.75
      ],
      [
        -5.882116,
        42.464643,
        818.5
      ],
      [
        -5.882006,
        42.46442,
        818.75
      ],
      [
        -5.881945,
        42.464213,
        819.0
      ],
      [
        -5.881922,
        42.463949,
        818.25
      ],
      [
        -5.88192,
        42.463621,
        818.0
      ],
      [
        -5.881972,
        42.463608,
        817.75
      ],
      [
        -5.882018,
        42.463599,
        818.0
      ],
      [
        -5.882579,
        42.463551,
        819.0
      ],
      [
        -5.883542,
        42.463532,
        819.0
      ],
      [
        -5.884497,
        42.463462,
        819.75
      ],
      [
        -5.885015,
        42.463427,
        819.0
      ],
      [
        -5.885216,
        42.463406,
        819.0
      ],
      [
        -5.885455,
        42.463351,
        819.0
      ],
      [
        -5.885708,
        42.463322,
        819.0
      ],
      [
        -5.886538,
        42.463309,
        820.0
      ],
      [
        -5.886814,
        42.463283,
        820.0
      ],
      [
        -5.887106,
        42.463238,
        820.0
      ],
      [
        -5.88733,
        42.46319,
        820.0
      ],
      [
        -5.888063,
        42.463005,
        820.0
      ],
      [
        -5.888462,
        42.463808,
        820.75
      ],
      [
        -5.888504,
        42.46386,
        820.5
      ],
      [
        -5.888554,
        42.463906,
        820.75
      ],
      [
        -5.888674,
        42.463994,
        821.25
      ],
      [
        -5.889971,
        42.464747,
        821.0
      ],
      [
        -5.891481,
        42.465634,
        821.25
      ],
      [
        -5.892209,
        42.466056,
        821.0
      ],
      [
        -5.892618,
        42.466288,
        821.25
      ],
      [
        -5.893132,
        42.46656,
        822.25
      ],
      [
        -5.894357,
        42.467173,
        821.75
      ],
      [
        -5.894458,
        42.467208,
        822.0
      ],
      [
        -5.894552,
        42.467221,
        822.0
      ],
      [
        -5.89471,
        42.467229,
        822.0
      ],
      [
        -5.89553,
        42.467164,
        821.75
      ],
      [
        -5.895708,
        42.467141,
        821.75
      ],
      [
        -5.895814,
        42.467119,
        821.75
      ],
      [
        -5.895969,
        42.467126,
        821.75
      ],
      [
        -5.896598,
        42.467201,
        821.5
      ],
      [
        -5.898051,
        42.467378,
        822.0
      ],
      [
        -5.899513,
        42.467549,
        821.75
      ],
      [
        -5.899609,
        42.467258,
        821.25
      ],
      [
        -5.899833,
        42.466633,
        818.0
      ],
      [
        -5.899609,
        42.467258,
        821.25
      ],
      [
        -5.899513,
        42.467549,
        821.75
      ],
      [
        -5.900997,
        42.467716,
        821.75
      ],
      [
        -5.902457,
        42.467889,
        821.25
      ],
      [
        -5.903876,
        42.468057,
        822.0
      ],
      [
        -5.903905,
        42.468061,
        822.0
      ],
      [
        -5.905327,
        42.468173,
        823.0
      ],
      [
        -5.906835,
        42.468303,
        823.5
      ],
      [
        -5.907759,
        42.468392,
        824.0
      ],
      [
        -5.907905,
        42.468398,
        824.0
      ],
      [
        -5.908162,
        42.468405,
        824.0
      ],
      [
        -5.908273,
        42.468398,
        824.0
      ],
      [
        -5.908407,
        42.468413,
        824.0
      ],
      [
        -5.908859,
        42.468512,
        824.0
      ],
      [
        -5.909658,
        42.468754,
        825.25
      ],
      [
        -5.909725,
        42.468774,
        825.25
      ],
      [
        -5.909795,
        42.468773,
        825.25
      ],
      [
        -5.909966,
        42.468841,
        825.0
      ],
      [
        -5.910221,
        42.468969,
        825.0
      ],
      [
        -5.91045,
        42.469277,
        825.75
      ],
      [
        -5.910466,
        42.469502,
        826.0
      ],
      [
        -5.910516,
        42.469629,
        826.0
      ],
      [
        -5.910702,
        42.469825,
        826.25
      ],
      [
        -5.910754,
        42.469849,
        826.25
      ],
      [
        -5.91094,
        42.469897,
        826.0
      ],
      [
        -5.911062,
        42.469934,
        826.0
      ],
      [
        -5.911148,
        42.469908,
        826.0
      ],
      [
        -5.911322,
        42.469932,
        826.0
      ],
      [
        -5.911749,
        42.470075,
        827.0
      ],
      [
        -5.912078,
        42.470225,
        827.25
      ],
      [
        -5.912135,
        42.470209,
        827.5
      ],
      [
        -5.912196,
        42.470204,
        827.5
      ],
      [
        -5.912281,
        42.470224,
        827.5
      ],
      [
        -5.912454,
        42.470305,
        827.0
      ],
      [
        -5.912871,
        42.470557,
        828.25
      ],
      [
        -5.913414,
        42.470848,
        830.25
      ],
      [
        -5.913458,
        42.470783,
        830.25
      ],
      [
        -5.914422,
        42.469455,
        828.75
      ],
      [
        -5.915388,
        42.468133,
        827.5
      ],
      [
        -5.917194,
        42.463667,
        827.75
      ],
      [
        -5.917584,
        42.463701,
        830.25
      ],
      [
        -5.919172,
        42.463706,
        837.0
      ],
      [
        -5.919221,
        42.463706,
        837.25
      ],
      [
        -5.919508,
        42.463707,
        838.75
      ],
      [
        -5.919994,
        42.463742,
        841.25
      ],
      [
        -5.920462,
        42.463794,
        845.0
      ],
      [
        -5.920967,
        42.463942,
        849.75
      ],
      [
        -5.921734,
        42.464186,
        855.5
      ],
      [
        -5.922795,
        42.464522,
        863.0
      ],
      [
        -5.922965,
        42.464561,
        865.0
      ],
      [
        -5.923158,
        42.464583,
        867.0
      ],
      [
        -5.923495,
        42.464584,
        871.0
      ],
      [
        -5.923849,
        42.464568,
        873.75
      ],
      [
        -5.924081,
        42.464511,
        872.25
      ],
      [
        -5.924604,
        42.464303,
        869.25
      ],
      [
        -5.924844,
        42.464228,
        867.5
      ],
      [
        -5.925241,
        42.46412,
        864.75
      ],
      [
        -5.925574,
        42.464011,
        862.25
      ],
      [
        -5.926132,
        42.463779,
        857.5
      ],
      [
        -5.926963,
        42.463381,
        853.0
      ],
      [
        -5.927729,
        42.462991,
        849.75
      ],
      [
        -5.928348,
        42.462661,
        847.75
      ],
      [
        -5.928565,
        42.462527,
        847.0
      ],
      [
        -5.928667,
        42.462395,
        847.0
      ],
      [
        -5.928706,
        42.462255,
        847.0
      ],
      [
        -5.928729,
        42.461964,
        846.0
      ],
      [
        -5.928745,
        42.461874,
        845.75
      ],
      [
        -5.928757,
        42.461812,
        845.5
      ],
      [
        -5.928842,
        42.461526,
        845.0
      ],
      [
        -5.928987,
        42.460935,
        844.0
      ],
      [
        -5.929005,
        42.46088,
        844.0
      ],
      [
        -5.929041,
        42.46073,
        843.75
      ],
      [
        -5.929088,
        42.46064,
        843.75
      ],
      [
        -5.929194,
        42.46055,
        844.0
      ],
      [
        -5.929434,
        42.460414,
        844.0
      ],
      [
        -5.929508,
        42.460358,
        844.0
      ],
      [
        -5.929829,
        42.459957,
        844.75
      ],
      [
        -5.930072,
        42.459708,
        845.25
      ],
      [
        -5.930121,
        42.459652,
        845.5
      ],
      [
        -5.930203,
        42.459379,
        845.75
      ],
      [
        -5.930217,
        42.459119,
        845.75
      ],
      [
        -5.930217,
        42.459108,
        845.75
      ],
      [
        -5.930196,
        42.458964,
        845.5
      ],
      [
        -5.930163,
        42.458808,
        845.5
      ],
      [
        -5.930254,
        42.458768,
        845.75
      ],
      [
        -5.930318,
        42.458412,
        846.0
      ],
      [
        -5.930292,
        42.458223,
        845.5
      ],
      [
        -5.930218,
        42.457838,
        844.75
      ],
      [
        -5.930139,
        42.457447,
        845.0
      ],
      [
        -5.930064,
        42.457257,
        845.0
      ],
      [
        -5.929815,
        42.456904,
        845.25
      ],
      [
        -5.929726,
        42.4568,
        845.5
      ],
      [
        -5.929528,
        42.456179,
        845.25
      ],
      [
        -5.929352,
        42.455755,
        844.5
      ],
      [
        -5.929293,
        42.455589,
        843.75
      ],
      [
        -5.929283,
        42.455421,
        843.5
      ],
      [
        -5.929293,
        42.455142,
        843.25
      ],
      [
        -5.929323,
        42.45477,
        843.0
      ],
      [
        -5.929367,
        42.45441,
        843.5
      ],
      [
        -5.929561,
        42.45377,
        843.0
      ],
      [
        -5.929584,
        42.453664,
        843.0
      ],
      [
        -5.929568,
        42.45353,
        843.0
      ],
      [
        -5.929439,
        42.453312,
        842.75
      ],
      [
        -5.929237,
        42.45297,
        842.0
      ],
      [
        -5.929192,
        42.452858,
        842.0
      ],
      [
        -5.929114,
        42.452476,
        840.75
      ],
      [
        -5.929021,
        42.45222,
        840.25
      ],
      [
        -5.928467,
        42.451048,
        837.25
      ],
      [
        -5.928299,
        42.450716,
        838.5
      ],
      [
        -5.928932,
        42.450606,
        838.75
      ],
      [
        -5.929589,
        42.450479,
        841.5
      ],
      [
        -5.930157,
        42.450358,
        844.25
      ],
      [
        -5.93106,
        42.450095,
        847.5
      ],
      [
        -5.931178,
        42.450015,
        849.0
      ],
      [
        -5.93141,
        42.44997,
        849.5
      ],
      [
        -5.93254,
        42.449774,
        853.25
      ],
      [
        -5.932559,
        42.449815,
        853.5
      ],
      [
        -5.932577,
        42.449856,
        853.75
      ],
      [
        -5.932662,
        42.449884,
        854.0
      ],
      [
        -5.93279,
        42.449872,
        854.5
      ],
      [
        -5.932909,
        42.449861,
        854.75
      ],
      [
        -5.933307,
        42.449772,
        856.0
      ],
      [
        -5.93491,
        42.449405,
        859.25
      ],
      [
        -5.936664,
        42.448995,
        861.5
      ],
      [
        -5.937392,
        42.448808,
        856.5
      ],
      [
        -5.937934,
        42.448639,
        855.5
      ],
      [
        -5.938756,
        42.448381,
        852.5
      ],
      [
        -5.941112,
        42.447728,
        846.75
      ],
      [
        -5.941092,
        42.447678,
        846.5
      ],
      [
        -5.941073,
        42.447637,
        846.25
      ],
      [
        -5.941438,
        42.44754,
        845.75
      ],
      [
        -5.942037,
        42.447385,
        845.25
      ],
      [
        -5.942146,
        42.447399,
        845.5
      ],
      [
        -5.942943,
        42.447204,
        845.75
      ],
      [
        -5.943002,
        42.447189,
        845.75
      ],
      [
        -5.943147,
        42.447165,
        846.0
      ],
      [
        -5.943276,
        42.447156,
        846.5
      ],
      [
        -5.943335,
        42.447158,
        847.0
      ],
      [
        -5.943386,
        42.447166,
        847.0
      ],
      [
        -5.943541,
        42.447163,
        847.0
      ],
      [
        -5.943659,
        42.447138,
        847.25
      ],
      [
        -5.943703,
        42.447123,
        847.25
      ],
      [
        -5.943753,
        42.447093,
        847.25
      ],
      [
        -5.943823,
        42.447027,
        847.5
      ],
      [
        -5.94382,
        42.446966,
        847.75
      ],
      [
        -5.943823,
        42.446916,
        847.75
      ],
      [
        -5.943717,
        42.44682,
        847.0
      ],
      [
        -5.943761,
        42.446783,
        846.75
      ],
      [
        -5.944374,
        42.446594,
        847.5
      ],
      [
        -5.945541,
        42.44634,
        850.5
      ],
      [
        -5.945871,
        42.446318,
        851.75
      ],
      [
        -5.946102,
        42.446316,
        853.25
      ],
      [
        -5.947331,
        42.446401,
        857.5
      ],
      [
        -5.949199,
        42.446515,
        862.5
      ],
      [
        -5.951204,
        42.446655,
        868.25
      ],
      [
        -5.952399,
        42.446755,
        871.75
      ],
      [
        -5.954653,
        42.446891,
        878.5
      ],
      [
        -5.956022,
        42.446891,
        880.75
      ],
      [
        -5.9568,
        42.447006,
        876.25
      ],
      [
        -5.957795,
        42.44706,
        871.75
      ],
      [
        -5.960051,
        42.447168,
        864.75
      ],
      [
        -5.965542,
        42.447456,
        862.75
      ],
      [
        -5.966394,
        42.447511,
        864.75
      ],
      [
        -5.967558,
        42.447586,
        866.25
      ],
      [
        -5.969885,
        42.447673,
        872.0
      ],
      [
        -5.971198,
        42.447729,
        875.75
      ],
      [
        -5.973022,
        42.447816,
        881.5
      ],
      [
        -5.97422,
        42.447889,
        885.25
      ],
      [
        -5.976196,
        42.447981,
        891.5
      ],
      [
        -5.977333,
        42.44805,
        895.25
      ],
      [
        -5.979657,
        42.448155,
        905.25
      ],
      [
        -5.980718,
        42.448188,
        909.75
      ],
      [
        -5.98107,
        42.448315,
        910.75
      ],
      [
        -5.981782,
        42.448686,
        910.5
      ],
      [
        -5.983094,
        42.449492,
        912.0
      ],
      [
        -5.983005,
        42.449569,
        912.0
      ],
      [
        -5.982928,
        42.449653,
        912.0
      ],
      [
        -5.983187,
        42.449831,
        912.0
      ],
      [
        -5.984148,
        42.450455,
        913.0
      ],
      [
        -5.984684,
        42.450814,
        913.0
      ],
      [
        -5.984781,
        42.450908,
        913.0
      ],
      [
        -5.98487,
        42.45101,
        913.5
      ],
      [
        -5.984908,
        42.45108,
        913.5
      ],
      [
        -5.984945,
        42.45118,
        913.75
      ],
      [
        -5.98496,
        42.451333,
        913.75
      ],
      [
        -5.984982,
        42.451428,
        914.0
      ],
      [
        -5.985013,
        42.451448,
        914.0
      ],
      [
        -5.985142,
        42.451458,
        914.0
      ],
      [
        -5.985537,
        42.451463,
        914.0
      ],
      [
        -5.985594,
        42.451469,
        914.0
      ],
      [
        -5.985687,
        42.451485,
        914.0
      ],
      [
        -5.985761,
        42.451506,
        914.0
      ],
      [
        -5.985846,
        42.451542,
        914.0
      ],
      [
        -5.985943,
        42.451594,
        914.0
      ],
      [
        -5.98664,
        42.452007,
        914.0
      ],
      [
        -5.987504,
        42.452487,
        913.75
      ],
      [
        -5.987713,
        42.452568,
        913.75
      ],
      [
        -5.987878,
        42.452614,
        913.25
      ],
      [
        -5.988963,
        42.453224,
        914.0
      ],
      [
        -5.989666,
        42.453409,
        914.25
      ],
      [
        -5.990357,
        42.453524,
        915.0
      ],
      [
        -5.991067,
        42.453528,
        914.25
      ],
      [
        -5.99199,
        42.453371,
        912.25
      ],
      [
        -5.992697,
        42.453293,
        913.0
      ],
      [
        -5.992963,
        42.453339,
        912.75
      ],
      [
        -5.9932,
        42.453353,
        913.5
      ],
      [
        -5.994565,
        42.453343,
        914.5
      ],
      [
        -5.994964,
        42.453318,
        914.75
      ],
      [
        -5.995655,
        42.453339,
        915.0
      ],
      [
        -5.996952,
        42.453506,
        915.0
      ],
      [
        -5.997827,
        42.453638,
        915.0
      ],
      [
        -5.999877,
        42.453875,
        914.25
      ],
      [
        -5.99995,
        42.453884,
        914.0
      ],
      [
        -6.000673,
        42.453976,
        911.5
      ],
      [
        -6.000858,
        42.454018,
        909.5
      ],
      [
        -6.001444,
        42.45423,
        901.5
      ],
      [
        -6.00158,
        42.454266,
        899.0
      ],
      [
        -6.001801,
        42.454296,
        896.0
      ],
      [
        -6.002059,
        42.454301,
        893.75
      ],
      [
        -6.003128,
        42.454534,
        883.0
      ],
      [
        -6.003243,
        42.454545,
        882.25
      ],
      [
        -6.003353,
        42.454549,
        881.25
      ],
      [
        -6.003873,
        42.454517,
        876.75
      ],
      [
        -6.004681,
        42.454438,
        872.25
      ],
      [
        -6.005959,
        42.454297,
        866.5
      ],
      [
        -6.006081,
        42.454295,
        866.0
      ],
      [
        -6.006118,
        42.454308,
        865.75
      ],
      [
        -6.006337,
        42.454339,
        865.0
      ],
      [
        -6.007416,
        42.454356,
        860.25
      ],
      [
        -6.007422,
        42.454334,
        860.25
      ],
      [
        -6.007432,
        42.454294,
        860.0
      ],
      [
        -6.00756,
        42.454299,
        859.5
      ],
      [
        -6.007947,
        42.454316,
        858.0
      ],
      [
        -6.008375,
        42.454313,
        856.75
      ],
      [
        -6.008654,
        42.45431,
        856.0
      ],
      [
        -6.010167,
        42.454275,
        855.25
      ],
      [
        -6.010284,
        42.454275,
        855.25
      ],
      [
        -6.010628,
        42.454272,
        854.75
      ],
      [
        -6.011077,
        42.454267,
        854.25
      ],
      [
        -6.011768,
        42.454255,
        853.5
      ],
      [
        -6.011933,
        42.454255,
        853.0
      ],
      [
        -6.012679,
        42.454233,
        852.0
      ],
      [
        -6.013556,
        42.454198,
        851.0
      ],
      [
        -6.014512,
        42.454186,
        849.75
      ],
      [
        -6.014638,
        42.454185,
        849.25
      ],
      [
        -6.014804,
        42.454186,
        849.0
      ],
      [
        -6.014805,
        42.454241,
        849.25
      ],
      [
        -6.014805,
        42.454446,
        850.0
      ],
      [
        -6.014805,
        42.454241,
        849.25
      ],
      [
        -6.014804,
        42.454186,
        849.0
      ],
      [
        -6.014871,
        42.454189,
        849.0
      ],
      [
        -6.014968,
        42.454193,
        849.0
      ],
      [
        -6.015551,
        42.454272,
        848.25
      ],
      [
        -6.01569,
        42.454291,
        848.0
      ],
      [
        -6.01578,
        42.454304,
        848.0
      ],
      [
        -6.015831,
        42.454309,
        848.0
      ],
      [
        -6.016088,
        42.454333,
        847.5
      ],
      [
        -6.016656,
        42.454348,
        846.5
      ],
      [
        -6.016712,
        42.45435,
        846.5
      ],
      [
        -6.017094,
        42.45435,
        846.5
      ],
      [
        -6.017136,
        42.45435,
        846.5
      ],
      [
        -6.017311,
        42.454349,
        846.25
      ],
      [
        -6.017541,
        42.454359,
        845.75
      ],
      [
        -6.017732,
        42.454367,
        845.0
      ],
      [
        -6.018067,
        42.454385,
        842.75
      ],
      [
        -6.019398,
        42.45446,
        839.0
      ],
      [
        -6.02032,
        42.454513,
        838.75
      ],
      [
        -6.021312,
        42.454562,
        838.0
      ],
      [
        -6.022023,
        42.454598,
        838.0
      ],
      [
        -6.022077,
        42.4546,
        838.25
      ],
      [
        -6.022262,
        42.454608,
        838.5
      ],
      [
        -6.022365,
        42.454603,
        838.5
      ],
      [
        -6.022575,
        42.454583,
        838.75
      ],
      [
        -6.022692,
        42.454548,
        839.75
      ],
      [
        -6.022798,
        42.454488,
        841.0
      ],
      [
        -6.022991,
        42.454312,
        838.0
      ],
      [
        -6.023386,
        42.45393,
        839.5
      ],
      [
        -6.023446,
        42.453887,
        840.25
      ],
      [
        -6.023484,
        42.453868,
        840.25
      ],
      [
        -6.023636,
        42.453819,
        839.75
      ],
      [
        -6.023698,
        42.453805,
        839.5
      ],
      [
        -6.02376,
        42.4538,
        839.25
      ],
      [
        -6.023954,
        42.453794,
        838.75
      ],
      [
        -6.02436,
        42.453807,
        838.5
      ],
      [
        -6.025509,
        42.45386,
        840.5
      ],
      [
        -6.033075,
        42.45417,
        840.0
      ],
      [
        -6.035244,
        42.454273,
        840.0
      ],
      [
        -6.036461,
        42.454322,
        840.0
      ],
      [
        -6.037573,
        42.454366,
        840.0
      ],
      [
        -6.038615,
        42.454411,
        840.75
      ],
      [
        -6.038706,
        42.454437,
        840.75
      ],
      [
        -6.038824,
        42.454443,
        840.75
      ],
      [
        -6.039053,
        42.454475,
        840.75
      ],
      [
        -6.039343,
        42.454565,
        840.75
      ],
      [
        -6.0394,
        42.454593,
        840.75
      ],
      [
        -6.039466,
        42.454608,
        840.75
      ],
      [
        -6.039535,
        42.454608,
        840.5
      ],
      [
        -6.039565,
        42.454601,
        840.5
      ],
      [
        -6.039597,
        42.454594,
        840.5
      ],
      [
        -6.039699,
        42.454562,
        840.5
      ],
      [
        -6.039851,
        42.454524,
        840.5
      ],
      [
        -6.039933,
        42.454511,
        840.75
      ],
      [
        -6.040093,
        42.454499,
        840.75
      ],
      [
        -6.040394,
        42.454504,
        840.75
      ],
      [
        -6.040492,
        42.454495,
        840.75
      ],
      [
        -6.043674,
        42.454633,
        840.5
      ],
      [
        -6.044182,
        42.454655,
        841.75
      ],
      [
        -6.044322,
        42.454661,
        841.75
      ],
      [
        -6.044388,
        42.454666,
        841.75
      ],
      [
        -6.044648,
        42.454667,
        842.0
      ],
      [
        -6.044646,
        42.454642,
        841.75
      ],
      [
        -6.044648,
        42.454621,
        841.75
      ],
      [
        -6.044456,
        42.454435,
        841.75
      ],
      [
        -6.044414,
        42.454458,
        841.75
      ],
      [
        -6.044605,
        42.454644,
        841.75
      ],
      [
        -6.044642,
        42.454622,
        841.75
      ],
      [
        -6.044455,
        42.454445,
        841.75
      ],
      [
        -6.044427,
        42.454461,
        841.75
      ],
      [
        -6.044606,
        42.454636,
        841.75
      ],
      [
        -6.044631,
        42.454621,
        841.75
      ],
      [
        -6.044542,
        42.454537,
        841.75
      ],
      [
        -6.044713,
        42.45444,
        841.5
      ],
      [
        -6.044627,
        42.454363,
        841.5
      ],
      [
        -6.044648,
        42.45435,
        841.5
      ],
      [
        -6.044914,
        42.45459,
        841.5
      ],
      [
        -6.044886,
        42.454605,
        841.5
      ],
      [
        -6.044613,
        42.454361,
        841.5
      ],
      [
        -6.044647,
        42.454341,
        841.5
      ],
      [
        -6.044924,
        42.45459,
        841.5
      ],
      [
        -6.044964,
        42.454624,
        841.5
      ],
      [
        -6.045016,
        42.454649,
        841.5
      ],
      [
        -6.045127,
        42.454683,
        841.75
      ],
      [
        -6.046597,
        42.454748,
        841.75
      ],
      [
        -6.046663,
        42.454751,
        841.75
      ],
      [
        -6.046973,
        42.454715,
        842.75
      ],
      [
        -6.047208,
        42.454722,
        842.75
      ],
      [
        -6.047543,
        42.454788,
        841.75
      ],
      [
        -6.047687,
        42.454793,
        842.0
      ],
      [
        -6.047769,
        42.45479,
        842.25
      ],
      [
        -6.047847,
        42.454761,
        842.5
      ],
      [
        -6.047943,
        42.454738,
        842.75
      ],
      [
        -6.048032,
        42.454716,
        843.0
      ],
      [
        -6.04809,
        42.454726,
        843.0
      ],
      [
        -6.04815,
        42.454726,
        843.25
      ],
      [
        -6.0485,
        42.454857,
        842.5
      ],
      [
        -6.048885,
        42.45515,
        842.75
      ],
      [
        -6.049465,
        42.455599,
        843.0
      ],
      [
        -6.049574,
        42.455683,
        843.25
      ],
      [
        -6.049764,
        42.455821,
        843.75
      ],
      [
        -6.049979,
        42.455977,
        844.0
      ],
      [
        -6.050573,
        42.456459,
        847.0
      ],
      [
        -6.050711,
        42.456537,
        847.75
      ],
      [
        -6.05074,
        42.456556,
        848.0
      ],
      [
        -6.050796,
        42.456577,
        848.25
      ],
      [
        -6.050917,
        42.456602,
        849.0
      ],
      [
        -6.051127,
        42.456631,
        850.0
      ],
      [
        -6.052286,
        42.456742,
        856.75
      ],
      [
        -6.05235,
        42.456746,
        857.25
      ],
      [
        -6.052645,
        42.456772,
        859.0
      ],
      [
        -6.052887,
        42.45688,
        860.0
      ],
      [
        -6.053296,
        42.456503,
        864.5
      ],
      [
        -6.053461,
        42.456458,
        864.75
      ],
      [
        -6.053532,
        42.456439,
        864.75
      ],
      [
        -6.053553,
        42.456458,
        864.75
      ],
      [
        -6.053578,
        42.456463,
        864.75
      ],
      [
        -6.053603,
        42.456461,
        864.75
      ],
      [
        -6.05362,
        42.456453,
        865.0
      ],
      [
        -6.053636,
        42.45643,
        865.0
      ],
      [
        -6.053623,
        42.456401,
        865.0
      ],
      [
        -6.053591,
        42.456388,
        865.0
      ],
      [
        -6.053568,
        42.456388,
        865.0
      ],
      [
        -6.053539,
        42.45634,
        865.0
      ],
      [
        -6.053476,
        42.456236,
        865.5
      ],
      [
        -6.053051,
        42.455738,
        866.0
      ],
      [
        -6.053112,
        42.455711,
        866.0
      ],
      [
        -6.053195,
        42.455659,
        866.0
      ],
      [
        -6.053108,
        42.45537,
        865.0
      ],
      [
        -6.053195,
        42.455659,
        866.0
      ],
      [
        -6.053112,
        42.455711,
        866.0
      ],
      [
        -6.053051,
        42.455738,
        866.0
      ],
      [
        -6.052889,
        42.455653,
        866.0
      ],
      [
        -6.052629,
        42.455926,
        865.75
      ],
      [
        -6.053064,
        42.456311,
        866.0
      ],
      [
        -6.053253,
        42.456467,
        864.75
      ],
      [
        -6.053296,
        42.456503,
        864.5
      ],
      [
        -6.053461,
        42.456458,
        864.75
      ],
      [
        -6.053532,
        42.456439,
        864.75
      ],
      [
        -6.053553,
        42.456458,
        864.75
      ],
      [
        -6.053578,
        42.456463,
        864.75
      ],
      [
        -6.053603,
        42.456461,
        864.75
      ],
      [
        -6.05362,
        42.456453,
        865.0
      ],
      [
        -6.053646,
        42.456472,
        865.0
      ],
      [
        -6.053701,
        42.45651,
        865.25
      ],
      [
        -6.054096,
        42.456781,
        865.75
      ],
      [
        -6.054307,
        42.456921,
        866.0
      ],
      [
        -6.055406,
        42.457323,
        867.25
      ],
      [
        -6.055503,
        42.457362,
        867.5
      ],
      [
        -6.055844,
        42.457494,
        867.0
      ],
      [
        -6.056105,
        42.457626,
        867.0
      ],
      [
        -6.056277,
        42.457748,
        867.25
      ],
      [
        -6.05634,
        42.45793,
        868.25
      ],
      [
        -6.0564,
        42.458029,
        868.75
      ],
      [
        -6.056492,
        42.45815,
        868.0
      ],
      [
        -6.056569,
        42.458241,
        868.0
      ],
      [
        -6.056743,
        42.458378,
        868.75
      ],
      [
        -6.057271,
        42.458759,
        868.5
      ],
      [
        -6.057332,
        42.458804,
        868.5
      ],
      [
        -6.05742,
        42.458888,
        868.5
      ],
      [
        -6.057396,
        42.458907,
        868.5
      ],
      [
        -6.057365,
        42.458962,
        868.25
      ],
      [
        -6.057364,
        42.458993,
        868.25
      ],
      [
        -6.057376,
        42.459027,
        868.25
      ],
      [
        -6.057399,
        42.459055,
        868.25
      ],
      [
        -6.05743,
        42.459078,
        868.0
      ],
      [
        -6.057469,
        42.459094,
        868.0
      ],
      [
        -6.057512,
        42.459101,
        868.25
      ],
      [
        -6.057559,
        42.4591,
        868.25
      ],
      [
        -6.057604,
        42.459089,
        868.5
      ],
      [
        -6.057662,
        42.459054,
        868.75
      ],
      [
        -6.057685,
        42.459021,
        868.75
      ],
      [
        -6.057694,
        42.458973,
        868.75
      ],
      [
        -6.057683,
        42.458936,
        868.75
      ],
      [
        -6.057744,
        42.458859,
        869.0
      ],
      [
        -6.057756,
        42.458803,
        869.25
      ],
      [
        -6.057921,
        42.458609,
        870.5
      ],
      [
        -6.058485,
        42.45797,
        872.0
      ],
      [
        -6.058537,
        42.457904,
        872.0
      ],
      [
        -6.058756,
        42.457628,
        871.5
      ],
      [
        -6.059335,
        42.45712,
        871.5
      ],
      [
        -6.059433,
        42.457034,
        870.75
      ],
      [
        -6.059522,
        42.457088,
        871.25
      ],
      [
        -6.059837,
        42.457282,
        871.5
      ],
      [
        -6.06013,
        42.457467,
        872.25
      ],
      [
        -6.061241,
        42.458213,
        874.75
      ],
      [
        -6.061442,
        42.45834,
        874.75
      ],
      [
        -6.061891,
        42.458619,
        875.0
      ],
      [
        -6.062298,
        42.458844,
        875.25
      ],
      [
        -6.062423,
        42.458894,
        875.5
      ],
      [
        -6.062504,
        42.458911,
        875.75
      ],
      [
        -6.062938,
        42.458936,
        875.0
      ],
      [
        -6.063058,
        42.458938,
        875.0
      ],
      [
        -6.063123,
        42.458929,
        875.0
      ],
      [
        -6.06317,
        42.458918,
        875.0
      ],
      [
        -6.063373,
        42.458876,
        875.0
      ],
      [
        -6.06344,
        42.458958,
        875.75
      ],
      [
        -6.063496,
        42.458962,
        875.75
      ],
      [
        -6.063561,
        42.458936,
        876.0
      ],
      [
        -6.06377,
        42.4588,
        875.75
      ],
      [
        -6.064578,
        42.45863,
        874.5
      ],
      [
        -6.064653,
        42.458611,
        874.0
      ],
      [
        -6.064761,
        42.458595,
        873.5
      ],
      [
        -6.064966,
        42.458579,
        871.75
      ],
      [
        -6.0658,
        42.458585,
        869.0
      ],
      [
        -6.06627,
        42.458595,
        867.25
      ],
      [
        -6.068146,
        42.458644,
        863.25
      ],
      [
        -6.068452,
        42.458672,
        863.0
      ],
      [
        -6.069059,
        42.45874,
        861.25
      ],
      [
        -6.069973,
        42.458848,
        859.75
      ],
      [
        -6.07034,
        42.458892,
        859.0
      ],
      [
        -6.071255,
        42.459006,
        858.75
      ],
      [
        -6.071777,
        42.459093,
        858.5
      ],
      [
        -6.072585,
        42.459238,
        858.0
      ],
      [
        -6.073162,
        42.459333,
        857.5
      ],
      [
        -6.073361,
        42.459348,
        857.5
      ],
      [
        -6.073733,
        42.459347,
        857.5
      ],
      [
        -6.074584,
        42.459276,
        857.5
      ],
      [
        -6.074609,
        42.459316,
        857.75
      ],
      [
        -6.074709,
        42.459471,
        857.75
      ],
      [
        -6.075314,
        42.460156,
        859.0
      ],
      [
        -6.075541,
        42.460374,
        859.0
      ],
      [
        -6.075723,
        42.460507,
        859.5
      ],
      [
        -6.076654,
        42.461056,
        862.0
      ],
      [
        -6.077188,
        42.461253,
        863.25
      ],
      [
        -6.077478,
        42.461315,
        865.0
      ],
      [
        -6.078034,
        42.461413,
        865.75
      ],
      [
        -6.078287,
        42.461492,
        866.75
      ],
      [
        -6.078427,
        42.461571,
        867.0
      ],
      [
        -6.078599,
        42.461705,
        866.75
      ],
      [
        -6.078631,
        42.461739,
        867.0
      ],
      [
        -6.078675,
        42.461804,
        867.0
      ],
      [
        -6.079009,
        42.462092,
        866.75
      ],
      [
        -6.079079,
        42.462136,
        867.0
      ],
      [
        -6.079009,
        42.462092,
        866.75
      ],
      [
        -6.079257,
        42.46194,
        867.75
      ],
      [
        -6.079378,
        42.461815,
        867.5
      ],
      [
        -6.079409,
        42.461783,
        867.25
      ],
      [
        -6.079754,
        42.461418,
        866.0
      ],
      [
        -6.079889,
        42.461266,
        865.5
      ],
      [
        -6.079983,
        42.461138,
        865.0
      ],
      [
        -6.080191,
        42.460895,
        863.75
      ],
      [
        -6.080469,
        42.460525,
        862.0
      ],
      [
        -6.080729,
        42.460113,
        861.0
      ],
      [
        -6.080899,
        42.459325,
        860.0
      ],
      [
        -6.080904,
        42.459296,
        860.0
      ],
      [
        -6.080916,
        42.459249,
        860.0
      ],
      [
        -6.080979,
        42.459254,
        860.0
      ],
      [
        -6.081195,
        42.459289,
        860.0
      ],
      [
        -6.081807,
        42.459408,
        860.75
      ],
      [
        -6.08253,
        42.459572,
        861.0
      ],
      [
        -6.083339,
        42.459742,
        865.5
      ],
      [
        -6.083935,
        42.459857,
        864.0
      ],
      [
        -6.084652,
        42.460004,
        868.25
      ],
      [
        -6.087052,
        42.460505,
        864.0
      ],
      [
        -6.087025,
        42.460603,
        864.0
      ],
      [
        -6.087144,
        42.460642,
        864.0
      ],
      [
        -6.091361,
        42.461541,
        866.5
      ],
      [
        -6.091413,
        42.461551,
        866.5
      ],
      [
        -6.092226,
        42.461624,
        866.75
      ],
      [
        -6.094576,
        42.46171,
        868.0
      ],
      [
        -6.095726,
        42.46175,
        868.75
      ],
      [
        -6.096292,
        42.461735,
        869.0
      ],
      [
        -6.096331,
        42.461728,
        868.75
      ],
      [
        -6.096369,
        42.461704,
        869.0
      ],
      [
        -6.096451,
        42.461526,
        868.5
      ],
      [
        -6.097112,
        42.461229,
        868.75
      ],
      [
        -6.097382,
        42.461104,
        868.75
      ],
      [
        -6.097988,
        42.46082,
        869.0
      ],
      [
        -6.098469,
        42.460601,
        869.25
      ],
      [
        -6.098766,
        42.460513,
        870.0
      ],
      [
        -6.099047,
        42.460486,
        870.0
      ],
      [
        -6.099419,
        42.46047,
        870.25
      ],
      [
        -6.100425,
        42.460425,
        871.0
      ],
      [
        -6.101528,
        42.460376,
        872.75
      ],
      [
        -6.102032,
        42.460353,
        873.5
      ],
      [
        -6.103393,
        42.460285,
        879.0
      ],
      [
        -6.1041,
        42.460294,
        880.75
      ],
      [
        -6.104779,
        42.460328,
        881.75
      ],
      [
        -6.105031,
        42.460309,
        882.0
      ],
      [
        -6.105655,
        42.460329,
        883.25
      ],
      [
        -6.106033,
        42.460345,
        884.0
      ],
      [
        -6.106244,
        42.460354,
        884.0
      ],
      [
        -6.106508,
        42.460391,
        884.0
      ],
      [
        -6.107036,
        42.460477,
        884.0
      ],
      [
        -6.107063,
        42.460482,
        884.0
      ],
      [
        -6.107134,
        42.460495,
        884.0
      ],
      [
        -6.10815,
        42.460677,
        884.5
      ],
      [
        -6.109576,
        42.460955,
        885.75
      ],
      [
        -6.112891,
        42.461571,
        884.5
      ],
      [
        -6.121104,
        42.463123,
        890.5
      ],
      [
        -6.123772,
        42.46364,
        892.5
      ],
      [
        -6.124132,
        42.463708,
        892.5
      ],
      [
        -6.124602,
        42.463742,
        893.25
      ],
      [
        -6.124823,
        42.463724,
        893.5
      ],
      [
        -6.125035,
        42.463685,
        893.25
      ],
      [
        -6.1251,
        42.463653,
        893.5
      ],
      [
        -6.125343,
        42.463555,
        894.0
      ],
      [
        -6.125586,
        42.463386,
        894.75
      ],
      [
        -6.125652,
        42.463316,
        895.0
      ],
      [
        -6.125688,
        42.463258,
        895.0
      ],
      [
        -6.127118,
        42.460961,
        903.75
      ],
      [
        -6.128347,
        42.458972,
        915.0
      ],
      [
        -6.128584,
        42.458723,
        915.75
      ],
      [
        -6.128853,
        42.458513,
        916.25
      ],
      [
        -6.13514,
        42.454873,
        934.0
      ],
      [
        -6.13532,
        42.454773,
        934.75
      ],
      [
        -6.135356,
        42.454804,
        935.0
      ],
      [
        -6.135403,
        42.454822,
        935.25
      ],
      [
        -6.135549,
        42.454831,
        935.75
      ],
      [
        -6.137234,
        42.45486,
        944.0
      ],
      [
        -6.139351,
        42.454874,
        948.25
      ],
      [
        -6.141936,
        42.454901,
        955.25
      ],
      [
        -6.142366,
        42.45489,
        956.5
      ],
      [
        -6.142679,
        42.454877,
        957.5
      ],
      [
        -6.144721,
        42.454735,
        960.75
      ],
      [
        -6.144969,
        42.454731,
        961.75
      ],
      [
        -6.145217,
        42.45474,
        961.75
      ],
      [
        -6.145493,
        42.454773,
        963.0
      ],
      [
        -6.147077,
        42.455094,
        968.25
      ],
      [
        -6.147612,
        42.455196,
        968.75
      ],
      [
        -6.148,
        42.455235,
        969.25
      ],
      [
        -6.149022,
        42.455299,
        971.25
      ],
      [
        -6.149219,
        42.455304,
        971.5
      ],
      [
        -6.149417,
        42.455297,
        970.75
      ],
      [
        -6.151057,
        42.455187,
        971.75
      ],
      [
        -6.154532,
        42.455142,
        977.25
      ],
      [
        -6.155663,
        42.455068,
        977.75
      ],
      [
        -6.155901,
        42.45502,
        977.75
      ],
      [
        -6.156174,
        42.45493,
        978.0
      ],
      [
        -6.156445,
        42.454811,
        977.75
      ],
      [
        -6.156665,
        42.454676,
        977.0
      ],
      [
        -6.156816,
        42.454533,
        977.0
      ],
      [
        -6.156992,
        42.454334,
        977.0
      ],
      [
        -6.157125,
        42.45423,
        977.0
      ],
      [
        -6.157254,
        42.454208,
        977.0
      ],
      [
        -6.157369,
        42.454232,
        977.0
      ],
      [
        -6.157837,
        42.454378,
        978.0
      ],
      [
        -6.158325,
        42.454504,
        978.75
      ],
      [
        -6.158442,
        42.45452,
        978.75
      ],
      [
        -6.158643,
        42.454528,
        979.0
      ],
      [
        -6.158928,
        42.454508,
        979.75
      ],
      [
        -6.159027,
        42.454521,
        979.75
      ],
      [
        -6.159016,
        42.454889,
        980.0
      ],
      [
        -6.159027,
        42.454521,
        979.75
      ],
      [
        -6.159386,
        42.454612,
        980.0
      ],
      [
        -6.160353,
        42.454838,
        981.75
      ],
      [
        -6.16073,
        42.454952,
        982.0
      ],
      [
        -6.161008,
        42.455108,
        982.75
      ],
      [
        -6.161208,
        42.455194,
        983.0
      ],
      [
        -6.161492,
        42.455294,
        983.0
      ],
      [
        -6.162088,
        42.455463,
        983.0
      ],
      [
        -6.162392,
        42.455536,
        983.0
      ],
      [
        -6.163263,
        42.455703,
        983.25
      ],
      [
        -6.165629,
        42.456158,
        986.25
      ],
      [
        -6.168115,
        42.456637,
        987.75
      ],
      [
        -6.176189,
        42.458198,
        998.25
      ],
      [
        -6.177946,
        42.45848,
        998.5
      ],
      [
        -6.182023,
        42.459112,
        1001.0
      ],
      [
        -6.183132,
        42.459289,
        1000.0
      ],
      [
        -6.183499,
        42.459375,
        999.5
      ],
      [
        -6.183881,
        42.459498,
        999.25
      ],
      [
        -6.184697,
        42.459793,
        999.5
      ],
      [
        -6.185132,
        42.459909,
        1000.25
      ],
      [
        -6.185488,
        42.459971,
        1000.0
      ],
      [
        -6.187515,
        42.460261,
        1003.75
      ],
      [
        -6.187886,
        42.460316,
        1005.0
      ],
      [
        -6.187993,
        42.46033,
        1005.0
      ],
      [
        -6.19006,
        42.460632,
        1009.25
      ],
      [
        -6.190245,
        42.460659,
        1009.5
      ],
      [
        -6.191711,
        42.460877,
        1010.25
      ],
      [
        -6.192519,
        42.460984,
        1011.0
      ],
      [
        -6.192943,
        42.461,
        1011.0
      ],
      [
        -6.19357,
        42.460997,
        1011.0
      ],
      [
        -6.198528,
        42.460938,
        1017.25
      ],
      [
        -6.198724,
        42.460954,
        1017.5
      ],
      [
        -6.199102,
        42.461023,
        1018.0
      ],
      [
        -6.199765,
        42.461174,
        1017.25
      ],
      [
        -6.200264,
        42.461276,
        1018.0
      ],
      [
        -6.200511,
        42.461298,
        1017.5
      ],
      [
        -6.201033,
        42.461314,
        1017.0
      ],
      [
        -6.20145,
        42.461335,
        1016.0
      ],
      [
        -6.201864,
        42.461409,
        1016.0
      ],
      [
        -6.202905,
        42.461632,
        1015.5
      ],
      [
        -6.204322,
        42.46194,
        1014.75
      ],
      [
        -6.205498,
        42.462188,
        1014.0
      ],
      [
        -6.206119,
        42.462318,
        1014.5
      ],
      [
        -6.206245,
        42.462334,
        1015.0
      ],
      [
        -6.206687,
        42.462375,
        1014.75
      ],
      [
        -6.206837,
        42.462384,
        1014.5
      ],
      [
        -6.207163,
        42.462429,
        1014.0
      ],
      [
        -6.208002,
        42.462543,
        1014.25
      ],
      [
        -6.208194,
        42.462555,
        1014.25
      ],
      [
        -6.208397,
        42.462569,
        1014.25
      ],
      [
        -6.20856,
        42.462578,
        1014.5
      ],
      [
        -6.208805,
        42.462606,
        1013.5
      ],
      [
        -6.209251,
        42.46267,
        1013.0
      ],
      [
        -6.209424,
        42.462688,
        1013.25
      ],
      [
        -6.210675,
        42.462786,
        1013.5
      ],
      [
        -6.210806,
        42.462793,
        1013.0
      ],
      [
        -6.212698,
        42.462903,
        1012.0
      ],
      [
        -6.212814,
        42.46291,
        1011.75
      ],
      [
        -6.214175,
        42.462985,
        1010.0
      ],
      [
        -6.214834,
        42.463022,
        1011.0
      ],
      [
        -6.215274,
        42.463063,
        1012.0
      ],
      [
        -6.21554,
        42.463107,
        1013.25
      ],
      [
        -6.217247,
        42.463483,
        1013.25
      ],
      [
        -6.217448,
        42.463556,
        1012.75
      ],
      [
        -6.21756,
        42.463619,
        1012.75
      ],
      [
        -6.218322,
        42.464275,
        1011.75
      ],
      [
        -6.21842,
        42.464346,
        1012.25
      ],
      [
        -6.218509,
        42.464399,
        1012.5
      ],
      [
        -6.218597,
        42.46442,
        1012.75
      ],
      [
        -6.218696,
        42.464429,
        1012.75
      ],
      [
        -6.218766,
        42.464423,
        1012.75
      ],
      [
        -6.219343,
        42.464323,
        1014.75
      ],
      [
        -6.221191,
        42.464002,
        1021.5
      ],
      [
        -6.221594,
        42.463949,
        1022.75
      ],
      [
        -6.22178,
        42.463935,
        1023.0
      ],
      [
        -6.222108,
        42.463926,
        1023.5
      ],
      [
        -6.223335,
        42.463962,
        1026.5
      ],
      [
        -6.224423,
        42.46405,
        1025.25
      ],
      [
        -6.224628,
        42.464085,
        1025.75
      ],
      [
        -6.224825,
        42.46414,
        1026.25
      ],
      [
        -6.225401,
        42.464336,
        1027.75
      ],
      [
        -6.226836,
        42.464854,
        1031.0
      ],
      [
        -6.228266,
        42.46538,
        1033.0
      ],
      [
        -6.23135,
        42.466514,
        1041.25
      ],
      [
        -6.235538,
        42.468001,
        1052.5
      ],
      [
        -6.236684,
        42.468413,
        1056.75
      ],
      [
        -6.237734,
        42.468818,
        1058.25
      ],
      [
        -6.241309,
        42.470228,
        1062.0
      ],
      [
        -6.244921,
        42.471638,
        1065.75
      ],
      [
        -6.245409,
        42.471807,
        1065.5
      ],
      [
        -6.250129,
        42.472991,
        1063.75
      ],
      [
        -6.250733,
        42.473157,
        1064.25
      ],
      [
        -6.250944,
        42.473245,
        1064.25
      ],
      [
        -6.251455,
        42.473503,
        1064.25
      ],
      [
        -6.252585,
        42.474062,
        1062.75
      ],
      [
        -6.252774,
        42.474109,
        1063.5
      ],
      [
        -6.252797,
        42.47411,
        1063.5
      ],
      [
        -6.253078,
        42.474117,
        1062.75
      ],
      [
        -6.254071,
        42.474125,
        1060.5
      ],
      [
        -6.254125,
        42.474125,
        1060.5
      ],
      [
        -6.255126,
        42.474129,
        1068.25
      ],
      [
        -6.255229,
        42.474129,
        1069.0
      ],
      [
        -6.255459,
        42.47416,
        1070.25
      ],
      [
        -6.25565,
        42.474229,
        1071.5
      ],
      [
        -6.257222,
        42.475154,
        1084.25
      ],
      [
        -6.258556,
        42.475952,
        1093.0
      ],
      [
        -6.259706,
        42.476647,
        1098.75
      ],
      [
        -6.260108,
        42.476928,
        1100.25
      ],
      [
        -6.260814,
        42.477532,
        1102.25
      ],
      [
        -6.260999,
        42.477665,
        1102.75
      ],
      [
        -6.261211,
        42.477769,
        1102.5
      ],
      [
        -6.261424,
        42.477822,
        1102.25
      ],
      [
        -6.261754,
        42.477882,
        1102.25
      ],
      [
        -6.264918,
        42.478304,
        1098.75
      ],
      [
        -6.267471,
        42.478664,
        1097.25
      ],
      [
        -6.268291,
        42.478778,
        1097.0
      ],
      [
        -6.270635,
        42.479087,
        1101.25
      ],
      [
        -6.27084,
        42.479097,
        1101.5
      ],
      [
        -6.271013,
        42.479088,
        1102.25
      ],
      [
        -6.272409,
        42.478902,
        1104.5
      ],
      [
        -6.272616,
        42.478886,
        1105.25
      ],
      [
        -6.272776,
        42.478891,
        1105.75
      ],
      [
        -6.272861,
        42.4789,
        1106.5
      ],
      [
        -6.273082,
        42.478952,
        1108.0
      ],
      [
        -6.273197,
        42.478984,
        1108.0
      ],
      [
        -6.27416,
        42.47929,
        1112.25
      ],
      [
        -6.27447,
        42.479378,
        1113.75
      ],
      [
        -6.274843,
        42.479465,
        1115.25
      ],
      [
        -6.275696,
        42.479644,
        1118.0
      ],
      [
        -6.276916,
        42.479898,
        1121.0
      ],
      [
        -6.278047,
        42.480123,
        1123.25
      ],
      [
        -6.278627,
        42.480246,
        1121.5
      ],
      [
        -6.278803,
        42.48028,
        1121.25
      ],
      [
        -6.278902,
        42.480284,
        1120.75
      ],
      [
        -6.278988,
        42.480344,
        1120.75
      ],
      [
        -6.279107,
        42.480398,
        1120.5
      ],
      [
        -6.279204,
        42.480427,
        1120.5
      ],
      [
        -6.279301,
        42.480443,
        1120.5
      ],
      [
        -6.279421,
        42.480451,
        1120.5
      ],
      [
        -6.281365,
        42.480494,
        1130.25
      ],
      [
        -6.282045,
        42.480536,
        1133.25
      ],
      [
        -6.282698,
        42.480612,
        1136.75
      ],
      [
        -6.283219,
        42.480686,
        1139.5
      ],
      [
        -6.283807,
        42.480786,
        1140.75
      ],
      [
        -6.284235,
        42.480883,
        1142.25
      ],
      [
        -6.2844,
        42.480924,
        1143.25
      ],
      [
        -6.284456,
        42.480939,
        1143.25
      ],
      [
        -6.284669,
        42.480998,
        1144.5
      ],
      [
        -6.28501,
        42.481096,
        1146.0
      ],
      [
        -6.2851,
        42.481117,
        1146.5
      ],
      [
        -6.285185,
        42.481121,
        1147.25
      ],
      [
        -6.285478,
        42.481102,
        1148.5
      ],
      [
        -6.286183,
        42.481024,
        1149.75
      ],
      [
        -6.286229,
        42.481019,
        1149.75
      ],
      [
        -6.287695,
        42.48087,
        1149.5
      ],
      [
        -6.287821,
        42.480857,
        1150.0
      ],
      [
        -6.291342,
        42.480483,
        1161.75
      ],
      [
        -6.291863,
        42.480455,
        1163.25
      ],
      [
        -6.29209,
        42.480472,
        1164.0
      ],
      [
        -6.292345,
        42.480521,
        1165.25
      ],
      [
        -6.292768,
        42.480629,
        1167.75
      ],
      [
        -6.292959,
        42.480688,
        1167.75
      ],
      [
        -6.293284,
        42.480825,
        1168.75
      ],
      [
        -6.294357,
        42.4814,
        1172.0
      ],
      [
        -6.296226,
        42.482379,
        1180.25
      ],
      [
        -6.296527,
        42.482526,
        1182.75
      ],
      [
        -6.29679,
        42.482629,
        1185.25
      ],
      [
        -6.297231,
        42.482779,
        1187.0
      ],
      [
        -6.297515,
        42.482892,
        1188.5
      ],
      [
        -6.298216,
        42.483238,
        1192.75
      ],
      [
        -6.298828,
        42.48359,
        1196.5
      ],
      [
        -6.301219,
        42.485097,
        1210.25
      ],
      [
        -6.301433,
        42.48522,
        1212.5
      ],
      [
        -6.301699,
        42.485331,
        1213.75
      ],
      [
        -6.304284,
        42.486281,
        1229.5
      ],
      [
        -6.304795,
        42.486463,
        1232.25
      ],
      [
        -6.304985,
        42.486542,
        1232.75
      ],
      [
        -6.305111,
        42.486616,
        1233.5
      ],
      [
        -6.305795,
        42.487072,
        1238.25
      ],
      [
        -6.305991,
        42.487196,
        1238.75
      ],
      [
        -6.30623,
        42.487325,
        1240.75
      ],
      [
        -6.306367,
        42.487372,
        1241.75
      ],
      [
        -6.306562,
        42.48742,
        1242.25
      ],
      [
        -6.306907,
        42.487489,
        1241.75
      ],
      [
        -6.307261,
        42.487545,
        1243.75
      ],
      [
        -6.307385,
        42.487552,
        1245.0
      ],
      [
        -6.307535,
        42.487548,
        1246.0
      ],
      [
        -6.308238,
        42.487381,
        1249.5
      ],
      [
        -6.308381,
        42.487329,
        1250.0
      ],
      [
        -6.308445,
        42.487287,
        1249.5
      ],
      [
        -6.308509,
        42.48723,
        1248.5
      ],
      [
        -6.308579,
        42.487104,
        1248.75
      ],
      [
        -6.308749,
        42.486734,
        1249.75
      ],
      [
        -6.308825,
        42.486588,
        1251.0
      ],
      [
        -6.308881,
        42.486498,
        1252.0
      ],
      [
        -6.309062,
        42.48631,
        1253.0
      ],
      [
        -6.309188,
        42.486205,
        1253.75
      ],
      [
        -6.309262,
        42.486156,
        1254.25
      ],
      [
        -6.309337,
        42.486123,
        1254.75
      ],
      [
        -6.309459,
        42.486088,
        1255.75
      ],
      [
        -6.309587,
        42.486065,
        1256.5
      ],
      [
        -6.3103,
        42.486013,
        1260.5
      ],
      [
        -6.3105,
        42.486004,
        1261.25
      ],
      [
        -6.310669,
        42.486014,
        1262.0
      ],
      [
        -6.310837,
        42.486037,
        1262.75
      ],
      [
        -6.311133,
        42.486094,
        1264.75
      ],
      [
        -6.311475,
        42.486173,
        1266.0
      ],
      [
        -6.311732,
        42.486249,
        1267.25
      ],
      [
        -6.311958,
        42.486362,
        1268.5
      ],
      [
        -6.313039,
        42.487131,
        1275.5
      ],
      [
        -6.313331,
        42.487415,
        1277.25
      ],
      [
        -6.313794,
        42.487943,
        1280.75
      ],
      [
        -6.313951,
        42.488076,
        1282.0
      ],
      [
        -6.314074,
        42.488149,
        1282.75
      ],
      [
        -6.314241,
        42.488214,
        1283.25
      ],
      [
        -6.314351,
        42.488233,
        1284.0
      ],
      [
        -6.314411,
        42.488232,
        1284.25
      ],
      [
        -6.314465,
        42.488223,
        1284.5
      ],
      [
        -6.314546,
        42.488194,
        1285.25
      ],
      [
        -6.314767,
        42.488074,
        1285.75
      ],
      [
        -6.314997,
        42.487988,
        1286.75
      ],
      [
        -6.315248,
        42.48794,
        1287.75
      ],
      [
        -6.315415,
        42.487925,
        1288.0
      ],
      [
        -6.315579,
        42.487941,
        1288.75
      ],
      [
        -6.316124,
        42.48806,
        1292.0
      ],
      [
        -6.317188,
        42.488306,
        1296.25
      ],
      [
        -6.317329,
        42.488355,
        1297.25
      ],
      [
        -6.317463,
        42.488424,
        1298.25
      ],
      [
        -6.317905,
        42.488724,
        1301.0
      ],
      [
        -6.318219,
        42.488924,
        1303.0
      ],
      [
        -6.318598,
        42.4892,
        1304.5
      ],
      [
        -6.318732,
        42.489325,
        1305.5
      ],
      [
        -6.31905,
        42.489696,
        1309.25
      ],
      [
        -6.319202,
        42.489809,
        1310.75
      ],
      [
        -6.319324,
        42.489847,
        1311.5
      ],
      [
        -6.319429,
        42.489861,
        1311.75
      ],
      [
        -6.319543,
        42.489844,
        1312.75
      ],
      [
        -6.319627,
        42.489818,
        1313.25
      ],
      [
        -6.32011,
        42.489621,
        1315.25
      ],
      [
        -6.320411,
        42.489533,
        1316.5
      ],
      [
        -6.320746,
        42.489491,
        1318.25
      ],
      [
        -6.321308,
        42.489462,
        1320.75
      ],
      [
        -6.321512,
        42.489471,
        1321.75
      ],
      [
        -6.321668,
        42.489498,
        1322.75
      ],
      [
        -6.321945,
        42.489563,
        1323.5
      ],
      [
        -6.322187,
        42.489642,
        1324.25
      ],
      [
        -6.322342,
        42.489705,
        1325.0
      ],
      [
        -6.322509,
        42.489796,
        1326.5
      ],
      [
        -6.323616,
        42.490619,
        1333.0
      ],
      [
        -6.323788,
        42.4907,
        1333.25
      ],
      [
        -6.324109,
        42.490794,
        1333.25
      ],
      [
        -6.326292,
        42.491288,
        1340.75
      ],
      [
        -6.326416,
        42.491307,
        1341.5
      ],
      [
        -6.32651,
        42.491307,
        1342.0
      ],
      [
        -6.326597,
        42.491295,
        1342.0
      ],
      [
        -6.326774,
        42.491237,
        1341.75
      ],
      [
        -6.326949,
        42.491145,
        1341.75
      ],
      [
        -6.327049,
        42.491067,
        1342.5
      ],
      [
        -6.327233,
        42.490834,
        1341.25
      ],
      [
        -6.327517,
        42.490412,
        1343.25
      ],
      [
        -6.327884,
        42.489838,
        1348.75
      ],
      [
        -6.327965,
        42.489742,
        1349.25
      ],
      [
        -6.328359,
        42.489484,
        1352.25
      ],
      [
        -6.328635,
        42.489313,
        1355.0
      ],
      [
        -6.328749,
        42.489249,
        1355.5
      ],
      [
        -6.328989,
        42.489154,
        1356.75
      ],
      [
        -6.32911,
        42.489119,
        1357.25
      ],
      [
        -6.329267,
        42.48909,
        1358.25
      ],
      [
        -6.329414,
        42.489079,
        1359.25
      ],
      [
        -6.330685,
        42.489049,
        1366.25
      ],
      [
        -6.330981,
        42.489063,
        1367.75
      ],
      [
        -6.331236,
        42.489107,
        1369.0
      ],
      [
        -6.331445,
        42.489167,
        1370.0
      ],
      [
        -6.331628,
        42.489242,
        1371.5
      ],
      [
        -6.331775,
        42.48932,
        1372.5
      ],
      [
        -6.332457,
        42.489752,
        1376.75
      ],
      [
        -6.332971,
        42.490093,
        1379.75
      ],
      [
        -6.333256,
        42.490303,
        1381.0
      ],
      [
        -6.333389,
        42.490434,
        1381.75
      ],
      [
        -6.333794,
        42.490971,
        1386.0
      ],
      [
        -6.333941,
        42.491135,
        1387.0
      ],
      [
        -6.33401,
        42.491186,
        1387.5
      ],
      [
        -6.334331,
        42.491345,
        1388.25
      ],
      [
        -6.334511,
        42.491387,
        1389.0
      ],
      [
        -6.334608,
        42.491387,
        1389.5
      ],
      [
        -6.33474,
        42.491369,
        1389.75
      ],
      [
        -6.334834,
        42.49133,
        1389.5
      ],
      [
        -6.335025,
        42.491218,
        1389.5
      ],
      [
        -6.335302,
        42.491027,
        1392.25
      ],
      [
        -6.335488,
        42.49091,
        1393.0
      ],
      [
        -6.335708,
        42.490813,
        1393.75
      ],
      [
        -6.335963,
        42.490736,
        1394.75
      ],
      [
        -6.336605,
        42.490584,
        1397.5
      ],
      [
        -6.336916,
        42.490556,
        1399.75
      ],
      [
        -6.337358,
        42.490577,
        1401.75
      ],
      [
        -6.338012,
        42.49062,
        1405.5
      ],
      [
        -6.338439,
        42.490696,
        1407.25
      ],
      [
        -6.338927,
        42.490819,
        1409.0
      ],
      [
        -6.339505,
        42.490689,
        1412.0
      ],
      [
        -6.339636,
        42.490678,
        1412.5
      ],
      [
        -6.339824,
        42.49069,
        1413.25
      ],
      [
        -6.340523,
        42.490759,
        1415.0
      ],
      [
        -6.340994,
        42.490842,
        1416.5
      ],
      [
        -6.341274,
        42.490863,
        1418.0
      ],
      [
        -6.341647,
        42.490878,
        1419.25
      ],
      [
        -6.3419,
        42.490929,
        1421.5
      ],
      [
        -6.342303,
        42.491098,
        1424.5
      ],
      [
        -6.342635,
        42.491263,
        1428.0
      ],
      [
        -6.342735,
        42.491334,
        1428.5
      ],
      [
        -6.342886,
        42.49148,
        1430.75
      ],
      [
        -6.342907,
        42.491508,
        1432.0
      ],
      [
        -6.342886,
        42.49148,
        1430.75
      ],
      [
        -6.342735,
        42.491334,
        1428.5
      ],
      [
        -6.342635,
        42.491263,
        1428.0
      ],
      [
        -6.342303,
        42.491098,
        1424.5
      ],
      [
        -6.3419,
        42.490929,
        1421.5
      ],
      [
        -6.341647,
        42.490878,
        1419.25
      ],
      [
        -6.341321,
        42.491376,
        1418.25
      ],
      [
        -6.341596,
        42.49144,
        1419.25
      ],
      [
        -6.341754,
        42.49151,
        1420.75
      ],
      [
        -6.34185,
        42.491627,
        1422.25
      ],
      [
        -6.341886,
        42.491744,
        1423.25
      ],
      [
        -6.341955,
        42.492475,
        1428.75
      ],
      [
        -6.341984,
        42.493056,
        1432.5
      ],
      [
        -6.341965,
        42.493173,
        1433.75
      ],
      [
        -6.341729,
        42.493618,
        1437.5
      ],
      [
        -6.341624,
        42.493799,
        1438.25
      ],
      [
        -6.341579,
        42.493943,
        1438.75
      ],
      [
        -6.341581,
        42.494053,
        1439.25
      ],
      [
        -6.341603,
        42.494148,
        1440.0
      ],
      [
        -6.341747,
        42.49448,
        1441.0
      ],
      [
        -6.341821,
        42.494625,
        1441.5
      ],
      [
        -6.341877,
        42.494693,
        1442.0
      ],
      [
        -6.342014,
        42.494794,
        1443.0
      ],
      [
        -6.342272,
        42.494939,
        1445.0
      ],
      [
        -6.342963,
        42.49524,
        1450.75
      ],
      [
        -6.343912,
        42.495536,
        1458.25
      ],
      [
        -6.344116,
        42.495562,
        1459.5
      ],
      [
        -6.344333,
        42.495574,
        1460.75
      ],
      [
        -6.344808,
        42.495502,
        1464.75
      ],
      [
        -6.346953,
        42.495064,
        1480.5
      ],
      [
        -6.34795,
        42.494901,
        1486.25
      ],
      [
        -6.348673,
        42.494793,
        1488.75
      ],
      [
        -6.349575,
        42.494647,
        1494.25
      ],
      [
        -6.349779,
        42.49462,
        1495.0
      ],
      [
        -6.349889,
        42.494579,
        1495.25
      ],
      [
        -6.34999,
        42.494497,
        1495.75
      ],
      [
        -6.350058,
        42.494414,
        1496.25
      ],
      [
        -6.350209,
        42.494078,
        1497.75
      ],
      [
        -6.350301,
        42.493895,
        1499.0
      ],
      [
        -6.350527,
        42.493634,
        1498.75
      ],
      [
        -6.350887,
        42.493311,
        1498.25
      ],
      [
        -6.351573,
        42.492783,
        1496.25
      ],
      [
        -6.351797,
        42.492627,
        1496.0
      ],
      [
        -6.352143,
        42.492441,
        1495.0
      ],
      [
        -6.353278,
        42.491878,
        1491.5
      ],
      [
        -6.353552,
        42.491766,
        1490.75
      ],
      [
        -6.353772,
        42.491732,
        1489.75
      ],
      [
        -6.354254,
        42.491696,
        1486.0
      ],
      [
        -6.354493,
        42.491665,
        1483.75
      ],
      [
        -6.354695,
        42.491605,
        1482.25
      ],
      [
        -6.354805,
        42.49152,
        1482.5
      ],
      [
        -6.354994,
        42.49132,
        1483.0
      ],
      [
        -6.355239,
        42.491095,
        1484.75
      ],
      [
        -6.355551,
        42.490834,
        1486.75
      ],
      [
        -6.355655,
        42.490766,
        1486.75
      ],
      [
        -6.355734,
        42.490732,
        1487.25
      ],
      [
        -6.355832,
        42.490709,
        1488.25
      ],
      [
        -6.356134,
        42.490679,
        1489.75
      ],
      [
        -6.35669,
        42.490653,
        1491.5
      ],
      [
        -6.357176,
        42.490639,
        1492.5
      ],
      [
        -6.357428,
        42.490624,
        1493.0
      ],
      [
        -6.357711,
        42.490592,
        1492.75
      ],
      [
        -6.357891,
        42.490565,
        1492.5
      ],
      [
        -6.358151,
        42.490504,
        1492.75
      ],
      [
        -6.358274,
        42.490461,
        1492.75
      ],
      [
        -6.358599,
        42.490315,
        1491.5
      ],
      [
        -6.35876,
        42.490251,
        1491.5
      ],
      [
        -6.359385,
        42.490033,
        1492.5
      ],
      [
        -6.359518,
        42.489972,
        1492.0
      ],
      [
        -6.359682,
        42.489883,
        1491.75
      ],
      [
        -6.359859,
        42.489775,
        1491.75
      ],
      [
        -6.36047,
        42.489342,
        1494.75
      ],
      [
        -6.361175,
        42.488878,
        1496.25
      ],
      [
        -6.361323,
        42.488779,
        1497.0
      ],
      [
        -6.361406,
        42.488733,
        1497.25
      ],
      [
        -6.361594,
        42.488648,
        1497.0
      ],
      [
        -6.361705,
        42.488612,
        1497.0
      ],
      [
        -6.361819,
        42.488581,
        1496.75
      ],
      [
        -6.362074,
        42.48853,
        1496.25
      ],
      [
        -6.36236,
        42.4885,
        1495.5
      ],
      [
        -6.36264,
        42.488487,
        1494.75
      ],
      [
        -6.362867,
        42.488489,
        1494.0
      ],
      [
        -6.363107,
        42.488504,
        1492.5
      ],
      [
        -6.363368,
        42.488532,
        1491.25
      ],
      [
        -6.363709,
        42.488586,
        1489.0
      ],
      [
        -6.36386,
        42.488618,
        1488.25
      ],
      [
        -6.364049,
        42.488669,
        1487.75
      ],
      [
        -6.364703,
        42.488863,
        1484.75
      ],
      [
        -6.365248,
        42.489031,
        1483.0
      ],
      [
        -6.365537,
        42.489105,
        1481.0
      ],
      [
        -6.365916,
        42.48915,
        1479.5
      ],
      [
        -6.366337,
        42.489184,
        1478.25
      ],
      [
        -6.366625,
        42.489188,
        1477.25
      ],
      [
        -6.366737,
        42.48918,
        1476.75
      ],
      [
        -6.366884,
        42.489159,
        1476.0
      ],
      [
        -6.36765,
        42.489036,
        1475.0
      ],
      [
        -6.367839,
        42.489011,
        1475.0
      ],
      [
        -6.367978,
        42.489004,
        1475.0
      ],
      [
        -6.368332,
        42.489005,
        1474.5
      ],
      [
        -6.368955,
        42.489028,
        1474.25
      ],
      [
        -6.369598,
        42.489033,
        1474.0
      ],
      [
        -6.369774,
        42.489037,
        1473.75
      ],
      [
        -6.369895,
        42.489046,
        1473.75
      ],
      [
        -6.370048,
        42.489067,
        1474.0
      ],
      [
        -6.370205,
        42.489101,
        1475.0
      ],
      [
        -6.371139,
        42.489361,
        1478.0
      ],
      [
        -6.371305,
        42.489415,
        1478.0
      ],
      [
        -6.372369,
        42.489867,
        1477.75
      ],
      [
        -6.3725,
        42.489909,
        1477.5
      ],
      [
        -6.372603,
        42.489933,
        1478.5
      ],
      [
        -6.372764,
        42.489944,
        1479.5
      ],
      [
        -6.372844,
        42.489939,
        1479.75
      ],
      [
        -6.373011,
        42.489907,
        1480.5
      ],
      [
        -6.373194,
        42.489856,
        1481.25
      ],
      [
        -6.373273,
        42.489825,
        1481.75
      ],
      [
        -6.373352,
        42.489781,
        1482.0
      ],
      [
        -6.373394,
        42.489746,
        1482.0
      ],
      [
        -6.373562,
        42.48952,
        1481.25
      ],
      [
        -6.373626,
        42.489422,
        1480.75
      ],
      [
        -6.373789,
        42.489235,
        1479.5
      ],
      [
        -6.373887,
        42.48915,
        1479.0
      ],
      [
        -6.374062,
        42.489017,
        1479.0
      ],
      [
        -6.374248,
        42.48889,
        1478.5
      ],
      [
        -6.374643,
        42.488665,
        1477.25
      ],
      [
        -6.37475,
        42.488618,
        1476.75
      ],
      [
        -6.375028,
        42.488516,
        1475.5
      ],
      [
        -6.375588,
        42.488331,
        1474.75
      ],
      [
        -6.37571,
        42.488303,
        1474.0
      ],
      [
        -6.3758,
        42.488291,
        1473.75
      ],
      [
        -6.375895,
        42.488287,
        1473.5
      ],
      [
        -6.376057,
        42.488296,
        1472.75
      ],
      [
        -6.37657,
        42.488366,
        1470.0
      ],
      [
        -6.376741,
        42.488379,
        1469.5
      ],
      [
        -6.37763,
        42.48842,
        1466.5
      ],
      [
        -6.37775,
        42.488417,
        1466.5
      ],
      [
        -6.378335,
        42.488346,
        1465.5
      ],
      [
        -6.378496,
        42.488309,
        1465.75
      ],
      [
        -6.378568,
        42.488279,
        1465.75
      ],
      [
        -6.378633,
        42.488236,
        1465.75
      ],
      [
        -6.378747,
        42.488127,
        1466.25
      ],
      [
        -6.378921,
        42.48794,
        1466.25
      ],
      [
        -6.379101,
        42.487775,
        1465.75
      ],
      [
        -6.379206,
        42.487705,
        1466.0
      ],
      [
        -6.379313,
        42.487655,
        1466.25
      ],
      [
        -6.379432,
        42.487629,
        1466.0
      ],
      [
        -6.379825,
        42.487582,
        1465.5
      ],
      [
        -6.379932,
        42.487552,
        1465.25
      ],
      [
        -6.380035,
        42.487515,
        1465.25
      ],
      [
        -6.38023,
        42.487426,
        1464.75
      ],
      [
        -6.380324,
        42.48739,
        1464.75
      ],
      [
        -6.380436,
        42.487371,
        1464.5
      ],
      [
        -6.380558,
        42.487374,
        1464.0
      ],
      [
        -6.380675,
        42.487397,
        1464.0
      ],
      [
        -6.380854,
        42.48745,
        1463.75
      ],
      [
        -6.381102,
        42.487496,
        1464.0
      ],
      [
        -6.381309,
        42.487509,
        1463.25
      ],
      [
        -6.381531,
        42.487494,
        1461.75
      ],
      [
        -6.38165,
        42.487492,
        1461.0
      ],
      [
        -6.381777,
        42.487502,
        1460.0
      ],
      [
        -6.382016,
        42.487562,
        1458.75
      ],
      [
        -6.382355,
        42.487663,
        1457.5
      ],
      [
        -6.382562,
        42.487712,
        1456.75
      ],
      [
        -6.382807,
        42.487749,
        1455.25
      ],
      [
        -6.38308,
        42.487778,
        1454.75
      ],
      [
        -6.38323,
        42.4878,
        1454.0
      ],
      [
        -6.38363,
        42.4879,
        1453.5
      ],
      [
        -6.384228,
        42.488068,
        1452.5
      ],
      [
        -6.384369,
        42.488125,
        1452.25
      ],
      [
        -6.384501,
        42.488194,
        1451.75
      ],
      [
        -6.384586,
        42.488263,
        1451.5
      ],
      [
        -6.384664,
        42.48836,
        1450.75
      ],
      [
        -6.384757,
        42.48855,
        1449.75
      ],
      [
        -6.384908,
        42.488904,
        1447.5
      ],
      [
        -6.38499,
        42.489106,
        1446.25
      ],
      [
        -6.38506,
        42.489198,
        1445.5
      ],
      [
        -6.385138,
        42.489256,
        1445.0
      ],
      [
        -6.385324,
        42.489359,
        1445.0
      ],
      [
        -6.386074,
        42.489726,
        1445.25
      ],
      [
        -6.386316,
        42.489891,
        1445.0
      ],
      [
        -6.386424,
        42.489975,
        1444.5
      ],
      [
        -6.386527,
        42.490075,
        1443.75
      ],
      [
        -6.386613,
        42.49018,
        1442.75
      ],
      [
        -6.386673,
        42.490233,
        1442.0
      ],
      [
        -6.386765,
        42.490295,
        1441.25
      ],
      [
        -6.386717,
        42.490341,
        1442.0
      ],
      [
        -6.386527,
        42.490399,
        1443.5
      ],
      [
        -6.386437,
        42.490416,
        1444.25
      ],
      [
        -6.386527,
        42.490399,
        1443.5
      ],
      [
        -6.386717,
        42.490341,
        1442.0
      ],
      [
        -6.386765,
        42.490295,
        1441.25
      ],
      [
        -6.386862,
        42.490326,
        1440.75
      ],
      [
        -6.387021,
        42.490362,
        1440.0
      ],
      [
        -6.387281,
        42.490397,
        1438.75
      ],
      [
        -6.387415,
        42.490443,
        1438.25
      ],
      [
        -6.387524,
        42.490496,
        1438.25
      ],
      [
        -6.387589,
        42.490519,
        1438.0
      ],
      [
        -6.387714,
        42.490542,
        1438.0
      ],
      [
        -6.387789,
        42.490548,
        1437.75
      ],
      [
        -6.387876,
        42.490544,
        1437.25
      ],
      [
        -6.388532,
        42.490435,
        1434.25
      ],
      [
        -6.388678,
        42.490404,
        1434.0
      ],
      [
        -6.388813,
        42.490365,
        1434.0
      ],
      [
        -6.388911,
        42.490329,
        1434.0
      ],
      [
        -6.389122,
        42.490232,
        1434.5
      ],
      [
        -6.389282,
        42.490172,
        1435.5
      ],
      [
        -6.389473,
        42.490135,
        1437.0
      ],
      [
        -6.389578,
        42.490128,
        1437.5
      ],
      [
        -6.389691,
        42.490128,
        1438.25
      ],
      [
        -6.390981,
        42.490251,
        1445.75
      ],
      [
        -6.391068,
        42.490265,
        1446.5
      ],
      [
        -6.391318,
        42.490328,
        1447.75
      ],
      [
        -6.391411,
        42.49037,
        1448.5
      ],
      [
        -6.391501,
        42.490423,
        1448.75
      ],
      [
        -6.391663,
        42.490538,
        1449.75
      ],
      [
        -6.392528,
        42.491245,
        1451.0
      ],
      [
        -6.392696,
        42.491363,
        1450.25
      ],
      [
        -6.392948,
        42.491489,
        1450.5
      ],
      [
        -6.393168,
        42.491587,
        1450.75
      ],
      [
        -6.393305,
        42.491623,
        1450.75
      ],
      [
        -6.393415,
        42.491631,
        1451.5
      ],
      [
        -6.393515,
        42.49162,
        1452.0
      ],
      [
        -6.393611,
        42.491588,
        1452.0
      ],
      [
        -6.393744,
        42.491505,
        1452.75
      ],
      [
        -6.393888,
        42.491398,
        1453.0
      ],
      [
        -6.393983,
        42.491347,
        1453.25
      ],
      [
        -6.394068,
        42.491319,
        1454.0
      ],
      [
        -6.394198,
        42.491297,
        1455.5
      ],
      [
        -6.39435,
        42.491292,
        1456.0
      ],
      [
        -6.394601,
        42.491308,
        1456.75
      ],
      [
        -6.394822,
        42.491333,
        1457.5
      ],
      [
        -6.395013,
        42.491363,
        1458.0
      ],
      [
        -6.395216,
        42.49141,
        1458.5
      ],
      [
        -6.395973,
        42.491649,
        1460.0
      ],
      [
        -6.396304,
        42.491761,
        1461.0
      ],
      [
        -6.396649,
        42.491896,
        1461.25
      ],
      [
        -6.396802,
        42.491966,
        1461.25
      ],
      [
        -6.397281,
        42.492206,
        1460.25
      ],
      [
        -6.397514,
        42.492333,
        1460.75
      ],
      [
        -6.397884,
        42.492553,
        1459.5
      ],
      [
        -6.398024,
        42.492593,
        1458.75
      ],
      [
        -6.39812,
        42.492596,
        1459.0
      ],
      [
        -6.398217,
        42.492586,
        1459.5
      ],
      [
        -6.398414,
        42.492508,
        1459.0
      ],
      [
        -6.39875,
        42.492361,
        1459.25
      ],
      [
        -6.399021,
        42.492255,
        1460.0
      ],
      [
        -6.399153,
        42.492218,
        1460.5
      ],
      [
        -6.3993,
        42.492196,
        1461.0
      ],
      [
        -6.39945,
        42.492198,
        1462.25
      ],
      [
        -6.399615,
        42.492217,
        1464.0
      ],
      [
        -6.399852,
        42.492258,
        1466.25
      ],
      [
        -6.400606,
        42.492463,
        1469.25
      ],
      [
        -6.400807,
        42.492509,
        1470.0
      ],
      [
        -6.401111,
        42.492557,
        1468.75
      ],
      [
        -6.401664,
        42.492624,
        1468.25
      ],
      [
        -6.402163,
        42.492708,
        1465.0
      ],
      [
        -6.402314,
        42.492728,
        1464.75
      ],
      [
        -6.402681,
        42.492736,
        1463.5
      ],
      [
        -6.402889,
        42.492732,
        1463.25
      ],
      [
        -6.40329,
        42.492688,
        1463.25
      ],
      [
        -6.403904,
        42.492577,
        1463.5
      ],
      [
        -6.404478,
        42.492471,
        1465.25
      ],
      [
        -6.404773,
        42.492415,
        1465.0
      ],
      [
        -6.404975,
        42.492369,
        1465.75
      ],
      [
        -6.405194,
        42.492299,
        1468.0
      ],
      [
        -6.405323,
        42.492234,
        1469.5
      ],
      [
        -6.405437,
        42.492155,
        1469.25
      ],
      [
        -6.405492,
        42.492087,
        1469.0
      ],
      [
        -6.405551,
        42.491992,
        1468.5
      ],
      [
        -6.405619,
        42.491844,
        1467.75
      ],
      [
        -6.405673,
        42.491637,
        1466.75
      ],
      [
        -6.40571,
        42.491454,
        1467.75
      ],
      [
        -6.405737,
        42.491237,
        1469.25
      ],
      [
        -6.405736,
        42.491106,
        1469.75
      ],
      [
        -6.405758,
        42.490951,
        1469.5
      ],
      [
        -6.40579,
        42.490867,
        1470.25
      ],
      [
        -6.405848,
        42.490779,
        1471.0
      ],
      [
        -6.406006,
        42.490616,
        1473.25
      ],
      [
        -6.406115,
        42.490492,
        1475.5
      ],
      [
        -6.406161,
        42.490428,
        1477.25
      ],
      [
        -6.406187,
        42.490355,
        1477.5
      ],
      [
        -6.406245,
        42.490046,
        1479.25
      ],
      [
        -6.406301,
        42.489902,
        1481.75
      ],
      [
        -6.406396,
        42.489747,
        1486.0
      ],
      [
        -6.406559,
        42.489562,
        1489.25
      ],
      [
        -6.406648,
        42.489494,
        1491.5
      ],
      [
        -6.406741,
        42.489454,
        1492.75
      ],
      [
        -6.406829,
        42.489426,
        1493.5
      ],
      [
        -6.406944,
        42.489424,
        1494.75
      ],
      [
        -6.407046,
        42.489443,
        1494.5
      ],
      [
        -6.407207,
        42.489497,
        1494.75
      ],
      [
        -6.407476,
        42.489608,
        1494.75
      ],
      [
        -6.407777,
        42.48971,
        1494.75
      ],
      [
        -6.407925,
        42.489752,
        1495.5
      ],
      [
        -6.408951,
        42.490093,
        1495.0
      ],
      [
        -6.40952,
        42.490244,
        1494.75
      ],
      [
        -6.409697,
        42.490283,
        1494.25
      ],
      [
        -6.410143,
        42.490368,
        1495.0
      ],
      [
        -6.410394,
        42.490395,
        1494.5
      ],
      [
        -6.410756,
        42.490409,
        1493.75
      ],
      [
        -6.411013,
        42.490395,
        1493.0
      ],
      [
        -6.411213,
        42.490363,
        1492.5
      ],
      [
        -6.411443,
        42.4903,
        1492.0
      ],
      [
        -6.411778,
        42.490183,
        1491.75
      ],
      [
        -6.412215,
        42.49002,
        1492.25
      ],
      [
        -6.412321,
        42.489967,
        1493.0
      ],
      [
        -6.412427,
        42.489896,
        1494.0
      ],
      [
        -6.412619,
        42.489706,
        1494.75
      ],
      [
        -6.412777,
        42.489592,
        1495.5
      ],
      [
        -6.412962,
        42.489514,
        1496.75
      ],
      [
        -6.413134,
        42.489473,
        1497.75
      ],
      [
        -6.413425,
        42.489433,
        1498.0
      ],
      [
        -6.413834,
        42.489422,
        1498.5
      ],
      [
        -6.414394,
        42.489431,
        1500.5
      ],
      [
        -6.41469,
        42.489428,
        1500.75
      ],
      [
        -6.415606,
        42.489382,
        1500.5
      ],
      [
        -6.415849,
        42.489377,
        1501.0
      ],
      [
        -6.416711,
        42.489398,
        1499.25
      ],
      [
        -6.417541,
        42.489396,
        1500.25
      ],
      [
        -6.417736,
        42.489374,
        1500.75
      ],
      [
        -6.417947,
        42.489341,
        1501.5
      ],
      [
        -6.418073,
        42.489314,
        1501.75
      ],
      [
        -6.418206,
        42.489266,
        1502.25
      ],
      [
        -6.418329,
        42.489182,
        1502.0
      ],
      [
        -6.418367,
        42.489133,
        1502.25
      ],
      [
        -6.41855,
        42.488845,
        1502.5
      ],
      [
        -6.418809,
        42.488598,
        1503.5
      ],
      [
        -6.419132,
        42.488336,
        1503.0
      ],
      [
        -6.419327,
        42.488209,
        1504.25
      ],
      [
        -6.419483,
        42.488125,
        1505.0
      ],
      [
        -6.419709,
        42.488042,
        1504.75
      ],
      [
        -6.419939,
        42.487976,
        1504.5
      ],
      [
        -6.420123,
        42.487946,
        1504.5
      ],
      [
        -6.42022,
        42.487938,
        1504.75
      ],
      [
        -6.420358,
        42.487943,
        1504.75
      ],
      [
        -6.42056,
        42.487971,
        1504.75
      ],
      [
        -6.420821,
        42.488054,
        1504.0
      ],
      [
        -6.421729,
        42.488374,
        1499.75
      ],
      [
        -6.422784,
        42.488772,
        1495.0
      ],
      [
        -6.422984,
        42.488823,
        1494.0
      ],
      [
        -6.423182,
        42.488841,
        1493.0
      ],
      [
        -6.423333,
        42.488837,
        1492.5
      ],
      [
        -6.423523,
        42.488808,
        1491.0
      ],
      [
        -6.423836,
        42.488745,
        1488.25
      ],
      [
        -6.423961,
        42.488728,
        1487.5
      ],
      [
        -6.424062,
        42.488724,
        1487.5
      ],
      [
        -6.424192,
        42.48873,
        1487.25
      ],
      [
        -6.424351,
        42.488756,
        1487.75
      ],
      [
        -6.424578,
        42.488814,
        1487.75
      ],
      [
        -6.425983,
        42.489251,
        1478.5
      ],
      [
        -6.426718,
        42.489471,
        1468.25
      ],
      [
        -6.426859,
        42.489531,
        1466.75
      ],
      [
        -6.427003,
        42.489613,
        1464.25
      ],
      [
        -6.427219,
        42.489782,
        1459.5
      ],
      [
        -6.428494,
        42.490854,
        1439.25
      ],
      [
        -6.428563,
        42.4909,
        1438.75
      ],
      [
        -6.428696,
        42.490961,
        1437.5
      ],
      [
        -6.42883,
        42.491002,
        1436.5
      ],
      [
        -6.431347,
        42.491647,
        1415.0
      ],
      [
        -6.431579,
        42.491694,
        1413.75
      ],
      [
        -6.431711,
        42.491712,
        1413.0
      ],
      [
        -6.43183,
        42.491721,
        1412.25
      ],
      [
        -6.432073,
        42.491718,
        1410.75
      ],
      [
        -6.432425,
        42.491679,
        1409.25
      ],
      [
        -6.433126,
        42.491532,
        1406.75
      ],
      [
        -6.433433,
        42.491458,
        1405.5
      ],
      [
        -6.433898,
        42.491299,
        1404.0
      ],
      [
        -6.434243,
        42.491202,
        1402.0
      ],
      [
        -6.434465,
        42.491157,
        1401.75
      ],
      [
        -6.434868,
        42.491098,
        1399.5
      ],
      [
        -6.435092,
        42.491053,
        1399.0
      ],
      [
        -6.435291,
        42.490999,
        1398.5
      ],
      [
        -6.435739,
        42.490859,
        1395.75
      ],
      [
        -6.43591,
        42.490822,
        1394.75
      ],
      [
        -6.436094,
        42.490795,
        1394.25
      ],
      [
        -6.436527,
        42.490762,
        1391.75
      ],
      [
        -6.437167,
        42.490719,
        1386.75
      ],
      [
        -6.437583,
        42.490681,
        1384.75
      ],
      [
        -6.437972,
        42.49062,
        1383.25
      ],
      [
        -6.438241,
        42.490566,
        1381.25
      ],
      [
        -6.438464,
        42.49055,
        1380.25
      ],
      [
        -6.438862,
        42.490543,
        1377.5
      ],
      [
        -6.439259,
        42.490549,
        1375.25
      ],
      [
        -6.439488,
        42.49054,
        1374.25
      ],
      [
        -6.43961,
        42.490517,
        1373.25
      ],
      [
        -6.439706,
        42.490484,
        1372.25
      ],
      [
        -6.439808,
        42.490425,
        1372.25
      ],
      [
        -6.439892,
        42.490364,
        1371.75
      ],
      [
        -6.440029,
        42.490212,
        1370.0
      ],
      [
        -6.440226,
        42.48994,
        1367.75
      ],
      [
        -6.440325,
        42.48976,
        1367.0
      ],
      [
        -6.44037,
        42.489648,
        1365.75
      ],
      [
        -6.440436,
        42.489561,
        1366.0
      ],
      [
        -6.440577,
        42.489442,
        1368.25
      ],
      [
        -6.440845,
        42.48925,
        1369.75
      ],
      [
        -6.440951,
        42.489178,
        1369.75
      ],
      [
        -6.441036,
        42.489159,
        1370.75
      ],
      [
        -6.441097,
        42.489154,
        1371.5
      ],
      [
        -6.441213,
        42.489184,
        1372.25
      ],
      [
        -6.441396,
        42.489318,
        1374.5
      ],
      [
        -6.441817,
        42.489698,
        1374.5
      ],
      [
        -6.442128,
        42.490178,
        1371.5
      ],
      [
        -6.442341,
        42.490664,
        1370.0
      ],
      [
        -6.442516,
        42.491003,
        1367.0
      ],
      [
        -6.442713,
        42.491336,
        1362.25
      ],
      [
        -6.4428,
        42.49156,
        1359.25
      ],
      [
        -6.442824,
        42.491682,
        1358.0
      ],
      [
        -6.442793,
        42.491763,
        1357.0
      ],
      [
        -6.442751,
        42.491822,
        1356.5
      ],
      [
        -6.44262,
        42.491923,
        1355.5
      ],
      [
        -6.442283,
        42.492139,
        1354.5
      ],
      [
        -6.441951,
        42.492316,
        1354.0
      ],
      [
        -6.441841,
        42.492387,
        1354.0
      ],
      [
        -6.441757,
        42.492469,
        1354.0
      ],
      [
        -6.441717,
        42.492529,
        1354.25
      ],
      [
        -6.441705,
        42.492595,
        1354.5
      ],
      [
        -6.441712,
        42.492641,
        1354.75
      ],
      [
        -6.441732,
        42.492686,
        1354.5
      ],
      [
        -6.441823,
        42.492826,
        1353.0
      ],
      [
        -6.442095,
        42.493173,
        1347.5
      ],
      [
        -6.442221,
        42.493368,
        1343.75
      ],
      [
        -6.442296,
        42.493527,
        1341.75
      ],
      [
        -6.442377,
        42.493754,
        1338.0
      ],
      [
        -6.442433,
        42.493949,
        1334.5
      ],
      [
        -6.442472,
        42.494181,
        1330.25
      ],
      [
        -6.442524,
        42.494413,
        1326.75
      ],
      [
        -6.442627,
        42.494703,
        1323.25
      ],
      [
        -6.442764,
        42.495007,
        1319.0
      ],
      [
        -6.44282,
        42.4951,
        1319.0
      ],
      [
        -6.442897,
        42.495176,
        1318.5
      ],
      [
        -6.442993,
        42.495237,
        1317.5
      ],
      [
        -6.443082,
        42.495277,
        1316.5
      ],
      [
        -6.443345,
        42.495377,
        1314.0
      ],
      [
        -6.443845,
        42.495549,
        1308.5
      ],
      [
        -6.444046,
        42.495611,
        1306.0
      ],
      [
        -6.444438,
        42.495756,
        1301.25
      ],
      [
        -6.44481,
        42.495903,
        1296.5
      ],
      [
        -6.445007,
        42.495992,
        1294.0
      ],
      [
        -6.445183,
        42.496103,
        1292.25
      ],
      [
        -6.44528,
        42.496191,
        1290.25
      ],
      [
        -6.445377,
        42.496307,
        1288.5
      ],
      [
        -6.445425,
        42.496407,
        1287.75
      ],
      [
        -6.445474,
        42.49652,
        1286.75
      ],
      [
        -6.4455,
        42.496648,
        1285.5
      ],
      [
        -6.445489,
        42.496738,
        1284.75
      ],
      [
        -6.445443,
        42.49682,
        1284.25
      ],
      [
        -6.445389,
        42.496889,
        1283.75
      ],
      [
        -6.444728,
        42.497382,
        1278.5
      ],
      [
        -6.444346,
        42.49754,
        1274.25
      ],
      [
        -6.444244,
        42.497617,
        1273.0
      ],
      [
        -6.444193,
        42.497655,
        1272.5
      ],
      [
        -6.444171,
        42.497797,
        1270.5
      ],
      [
        -6.44434,
        42.497988,
        1267.25
      ],
      [
        -6.444548,
        42.49813,
        1264.5
      ],
      [
        -6.445258,
        42.498436,
        1257.0
      ],
      [
        -6.445995,
        42.498605,
        1248.25
      ],
      [
        -6.446487,
        42.498605,
        1243.25
      ],
      [
        -6.447731,
        42.498384,
        1228.75
      ],
      [
        -6.448482,
        42.498308,
        1221.25
      ],
      [
        -6.448786,
        42.498311,
        1219.0
      ],
      [
        -6.448785,
        42.498452,
        1216.25
      ],
      [
        -6.448884,
        42.498607,
        1212.0
      ],
      [
        -6.448699,
        42.498725,
        1211.75
      ],
      [
        -6.448551,
        42.499134,
        1209.5
      ],
      [
        -6.448391,
        42.499452,
        1211.25
      ],
      [
        -6.448206,
        42.499706,
        1211.75
      ],
      [
        -6.447898,
        42.499979,
        1211.5
      ],
      [
        -6.448206,
        42.499706,
        1211.75
      ],
      [
        -6.448391,
        42.499452,
        1211.25
      ],
      [
        -6.448551,
        42.499134,
        1209.5
      ],
      [
        -6.448699,
        42.498725,
        1211.75
      ],
      [
        -6.448884,
        42.498607,
        1212.0
      ],
      [
        -6.448785,
        42.498452,
        1216.25
      ],
      [
        -6.448786,
        42.498311,
        1219.0
      ],
      [
        -6.448854,
        42.498311,
        1218.75
      ],
      [
        -6.449229,
        42.49836,
        1216.25
      ],
      [
        -6.449615,
        42.498487,
        1215.75
      ],
      [
        -6.45005,
        42.498768,
        1214.25
      ],
      [
        -6.450212,
        42.49884,
        1214.5
      ],
      [
        -6.450416,
        42.498903,
        1212.5
      ],
      [
        -6.450853,
        42.498982,
        1208.5
      ],
      [
        -6.451292,
        42.499037,
        1206.0
      ],
      [
        -6.451829,
        42.499125,
        1200.75
      ],
      [
        -6.452299,
        42.499232,
        1198.5
      ],
      [
        -6.452342,
        42.499236,
        1198.25
      ],
      [
        -6.452557,
        42.499257,
        1197.25
      ],
      [
        -6.452849,
        42.49926,
        1195.75
      ],
      [
        -6.453103,
        42.499248,
        1193.5
      ],
      [
        -6.453358,
        42.499212,
        1189.0
      ],
      [
        -6.453486,
        42.499176,
        1187.0
      ],
      [
        -6.453626,
        42.499109,
        1185.75
      ],
      [
        -6.453831,
        42.498951,
        1183.75
      ],
      [
        -6.454049,
        42.498721,
        1181.75
      ],
      [
        -6.454256,
        42.498551,
        1179.75
      ],
      [
        -6.454383,
        42.498488,
        1178.75
      ],
      [
        -6.454586,
        42.498425,
        1175.5
      ],
      [
        -6.455074,
        42.498315,
        1170.0
      ],
      [
        -6.455216,
        42.49827,
        1169.75
      ],
      [
        -6.455358,
        42.498209,
        1168.5
      ],
      [
        -6.455489,
        42.498137,
        1166.5
      ],
      [
        -6.455579,
        42.498066,
        1165.25
      ],
      [
        -6.455638,
        42.498007,
        1165.25
      ],
      [
        -6.455715,
        42.497864,
        1165.25
      ],
      [
        -6.455761,
        42.497751,
        1164.75
      ],
      [
        -6.455786,
        42.497715,
        1164.0
      ],
      [
        -6.455821,
        42.497689,
        1163.0
      ],
      [
        -6.455855,
        42.497684,
        1162.25
      ],
      [
        -6.455892,
        42.49769,
        1161.75
      ],
      [
        -6.455928,
        42.497709,
        1161.25
      ],
      [
        -6.455969,
        42.497749,
        1160.5
      ],
      [
        -6.456015,
        42.497834,
        1159.5
      ],
      [
        -6.456047,
        42.497939,
        1158.0
      ],
      [
        -6.456085,
        42.498051,
        1156.5
      ],
      [
        -6.456104,
        42.498097,
        1156.25
      ],
      [
        -6.456122,
        42.498143,
        1156.0
      ],
      [
        -6.456209,
        42.49825,
        1155.5
      ],
      [
        -6.456455,
        42.498435,
        1151.75
      ],
      [
        -6.456716,
        42.498605,
        1149.75
      ],
      [
        -6.456937,
        42.498777,
        1149.0
      ],
      [
        -6.457003,
        42.49884,
        1148.5
      ],
      [
        -6.457116,
        42.498923,
        1147.25
      ],
      [
        -6.457301,
        42.499043,
        1145.5
      ],
      [
        -6.457461,
        42.499115,
        1144.5
      ],
      [
        -6.457597,
        42.499163,
        1143.5
      ],
      [
        -6.457704,
        42.499189,
        1142.75
      ],
      [
        -6.457845,
        42.499243,
        1142.0
      ],
      [
        -6.457933,
        42.499284,
        1141.75
      ],
      [
        -6.458084,
        42.499373,
        1141.0
      ],
      [
        -6.458259,
        42.499516,
        1140.0
      ],
      [
        -6.458304,
        42.499568,
        1139.5
      ],
      [
        -6.458368,
        42.499693,
        1137.75
      ],
      [
        -6.458423,
        42.499905,
        1136.75
      ],
      [
        -6.458429,
        42.500059,
        1135.5
      ],
      [
        -6.458468,
        42.500264,
        1134.5
      ],
      [
        -6.45855,
        42.500469,
        1132.0
      ],
      [
        -6.458582,
        42.500521,
        1131.25
      ],
      [
        -6.458724,
        42.500688,
        1130.25
      ],
      [
        -6.458888,
        42.500835,
        1127.75
      ],
      [
        -6.458954,
        42.500904,
        1127.75
      ],
      [
        -6.459091,
        42.501018,
        1126.5
      ],
      [
        -6.459247,
        42.501207,
        1124.5
      ],
      [
        -6.459427,
        42.501475,
        1122.25
      ],
      [
        -6.459561,
        42.501653,
        1121.25
      ],
      [
        -6.46035,
        42.502421,
        1114.75
      ],
      [
        -6.460828,
        42.502991,
        1111.5
      ],
      [
        -6.460956,
        42.503091,
        1110.5
      ],
      [
        -6.461285,
        42.50329,
        1107.25
      ],
      [
        -6.461421,
        42.503381,
        1105.75
      ],
      [
        -6.461631,
        42.503565,
        1104.0
      ],
      [
        -6.462275,
        42.504164,
        1100.75
      ],
      [
        -6.462694,
        42.504584,
        1098.25
      ],
      [
        -6.463101,
        42.504846,
        1096.25
      ],
      [
        -6.463294,
        42.504954,
        1094.25
      ],
      [
        -6.463484,
        42.505045,
        1093.25
      ],
      [
        -6.464023,
        42.505273,
        1090.75
      ],
      [
        -6.464313,
        42.505428,
        1090.0
      ],
      [
        -6.464946,
        42.505794,
        1085.5
      ],
      [
        -6.465905,
        42.506274,
        1078.0
      ],
      [
        -6.466515,
        42.506614,
        1074.5
      ],
      [
        -6.467043,
        42.506881,
        1069.5
      ],
      [
        -6.467182,
        42.506962,
        1068.75
      ],
      [
        -6.467305,
        42.507054,
        1067.5
      ],
      [
        -6.467624,
        42.507325,
        1062.5
      ],
      [
        -6.46781,
        42.507513,
        1059.25
      ],
      [
        -6.467908,
        42.50764,
        1057.5
      ],
      [
        -6.467968,
        42.507749,
        1056.25
      ],
      [
        -6.468014,
        42.507891,
        1054.0
      ],
      [
        -6.468015,
        42.507962,
        1053.0
      ],
      [
        -6.467994,
        42.50803,
        1052.25
      ],
      [
        -6.467813,
        42.508277,
        1049.0
      ],
      [
        -6.467777,
        42.50834,
        1047.75
      ],
      [
        -6.467763,
        42.508556,
        1045.0
      ],
      [
        -6.467788,
        42.508806,
        1041.0
      ],
      [
        -6.467862,
        42.509211,
        1037.25
      ],
      [
        -6.467929,
        42.509444,
        1036.25
      ],
      [
        -6.468054,
        42.509648,
        1034.25
      ],
      [
        -6.468196,
        42.509832,
        1032.75
      ],
      [
        -6.468281,
        42.509919,
        1032.0
      ],
      [
        -6.468486,
        42.510088,
        1031.25
      ],
      [
        -6.469626,
        42.511079,
        1025.75
      ],
      [
        -6.470533,
        42.511898,
        1017.0
      ],
      [
        -6.470834,
        42.512156,
        1013.0
      ],
      [
        -6.471655,
        42.512771,
        1003.0
      ],
      [
        -6.471998,
        42.51304,
        999.75
      ],
      [
        -6.472041,
        42.513103,
        999.0
      ],
      [
        -6.472063,
        42.513165,
        998.0
      ],
      [
        -6.472048,
        42.513265,
        996.75
      ],
      [
        -6.471916,
        42.513564,
        993.5
      ],
      [
        -6.471822,
        42.513851,
        991.5
      ],
      [
        -6.471796,
        42.514056,
        990.5
      ],
      [
        -6.471772,
        42.514536,
        988.75
      ],
      [
        -6.471748,
        42.514621,
        988.5
      ],
      [
        -6.471665,
        42.514729,
        988.75
      ],
      [
        -6.471581,
        42.514782,
        987.75
      ],
      [
        -6.471301,
        42.514898,
        985.5
      ],
      [
        -6.471034,
        42.51505,
        983.5
      ],
      [
        -6.470954,
        42.515124,
        982.75
      ],
      [
        -6.470906,
        42.515188,
        982.25
      ],
      [
        -6.470843,
        42.515398,
        981.0
      ],
      [
        -6.470758,
        42.515593,
        979.75
      ],
      [
        -6.470609,
        42.515762,
        978.0
      ],
      [
        -6.470541,
        42.515859,
        976.5
      ],
      [
        -6.470523,
        42.515949,
        975.25
      ],
      [
        -6.47052,
        42.516182,
        973.75
      ],
      [
        -6.470568,
        42.5163,
        974.5
      ],
      [
        -6.470655,
        42.516391,
        973.75
      ],
      [
        -6.470878,
        42.516519,
        973.0
      ],
      [
        -6.472453,
        42.517282,
        965.5
      ],
      [
        -6.475817,
        42.518972,
        956.5
      ],
      [
        -6.476857,
        42.519463,
        954.75
      ],
      [
        -6.477032,
        42.51956,
        953.75
      ],
      [
        -6.477151,
        42.519645,
        953.0
      ],
      [
        -6.477257,
        42.519758,
        952.5
      ],
      [
        -6.477401,
        42.519951,
        950.5
      ],
      [
        -6.477768,
        42.520495,
        947.75
      ],
      [
        -6.478242,
        42.520663,
        940.75
      ],
      [
        -6.478274,
        42.52068,
        940.25
      ],
      [
        -6.478303,
        42.52071,
        940.0
      ],
      [
        -6.478398,
        42.520826,
        938.75
      ],
      [
        -6.478448,
        42.520883,
        937.5
      ],
      [
        -6.478478,
        42.520979,
        936.5
      ],
      [
        -6.478705,
        42.520941,
        933.5
      ],
      [
        -6.47874,
        42.52102,
        932.75
      ],
      [
        -6.478779,
        42.521138,
        931.5
      ],
      [
        -6.478795,
        42.521193,
        931.5
      ],
      [
        -6.478932,
        42.521395,
        929.25
      ],
      [
        -6.478991,
        42.521473,
        929.25
      ],
      [
        -6.479131,
        42.521621,
        927.5
      ],
      [
        -6.47918,
        42.52168,
        927.0
      ],
      [
        -6.47932,
        42.521818,
        926.5
      ],
      [
        -6.479353,
        42.521845,
        926.0
      ],
      [
        -6.479441,
        42.521882,
        924.5
      ],
      [
        -6.479483,
        42.52191,
        924.5
      ],
      [
        -6.479535,
        42.521968,
        924.75
      ],
      [
        -6.479588,
        42.522069,
        925.0
      ],
      [
        -6.479647,
        42.522236,
        925.0
      ],
      [
        -6.479678,
        42.522267,
        925.0
      ],
      [
        -6.479837,
        42.522346,
        924.0
      ],
      [
        -6.479845,
        42.522351,
        924.0
      ],
      [
        -6.480293,
        42.522549,
        922.5
      ],
      [
        -6.480326,
        42.522616,
        922.0
      ],
      [
        -6.480301,
        42.522719,
        921.25
      ],
      [
        -6.479998,
        42.522804,
        922.0
      ],
      [
        -6.479646,
        42.522956,
        921.0
      ],
      [
        -6.479544,
        42.523051,
        920.5
      ],
      [
        -6.479395,
        42.523255,
        919.75
      ],
      [
        -6.479355,
        42.523339,
        919.25
      ],
      [
        -6.479334,
        42.523422,
        920.0
      ],
      [
        -6.479337,
        42.523445,
        920.25
      ],
      [
        -6.479361,
        42.523493,
        920.25
      ],
      [
        -6.479444,
        42.523545,
        920.25
      ],
      [
        -6.479504,
        42.523574,
        920.5
      ],
      [
        -6.479715,
        42.523651,
        922.25
      ],
      [
        -6.479817,
        42.52368,
        923.0
      ],
      [
        -6.479993,
        42.523757,
        924.0
      ],
      [
        -6.480102,
        42.523813,
        924.25
      ],
      [
        -6.480209,
        42.523879,
        925.0
      ],
      [
        -6.480346,
        42.524002,
        925.5
      ],
      [
        -6.480984,
        42.524222,
        921.25
      ],
      [
        -6.481336,
        42.52436,
        918.5
      ],
      [
        -6.482078,
        42.524734,
        914.25
      ],
      [
        -6.483334,
        42.525382,
        905.0
      ],
      [
        -6.484,
        42.525824,
        900.25
      ],
      [
        -6.48488,
        42.526201,
        896.25
      ],
      [
        -6.485033,
        42.526349,
        895.75
      ],
      [
        -6.48506,
        42.526469,
        894.5
      ],
      [
        -6.485005,
        42.526611,
        893.5
      ],
      [
        -6.484749,
        42.526769,
        894.75
      ],
      [
        -6.484688,
        42.526889,
        891.5
      ],
      [
        -6.484672,
        42.527004,
        890.75
      ],
      [
        -6.484798,
        42.527135,
        891.25
      ],
      [
        -6.484918,
        42.527228,
        892.25
      ],
      [
        -6.485142,
        42.527315,
        893.5
      ],
      [
        -6.485284,
        42.527337,
        893.25
      ],
      [
        -6.485524,
        42.527337,
        891.25
      ],
      [
        -6.485732,
        42.527288,
        888.75
      ],
      [
        -6.486414,
        42.526813,
        884.5
      ],
      [
        -6.486889,
        42.526513,
        881.75
      ],
      [
        -6.487053,
        42.526458,
        881.25
      ],
      [
        -6.487261,
        42.526414,
        880.5
      ],
      [
        -6.487833,
        42.526331,
        877.75
      ],
      [
        -6.488105,
        42.526306,
        876.75
      ],
      [
        -6.488251,
        42.526302,
        876.0
      ],
      [
        -6.48935,
        42.526402,
        871.0
      ],
      [
        -6.489514,
        42.526398,
        870.25
      ],
      [
        -6.489935,
        42.526348,
        868.75
      ],
      [
        -6.490095,
        42.526337,
        867.5
      ],
      [
        -6.490283,
        42.526351,
        866.0
      ],
      [
        -6.491607,
        42.526504,
        860.75
      ],
      [
        -6.491738,
        42.526508,
        860.25
      ],
      [
        -6.491862,
        42.526501,
        859.75
      ],
      [
        -6.492243,
        42.52639,
        857.75
      ],
      [
        -6.492396,
        42.526364,
        856.75
      ],
      [
        -6.492521,
        42.526366,
        856.25
      ],
      [
        -6.49265,
        42.526401,
        855.5
      ],
      [
        -6.493041,
        42.52658,
        852.5
      ],
      [
        -6.493155,
        42.52665,
        851.25
      ],
      [
        -6.493241,
        42.526713,
        850.25
      ],
      [
        -6.493304,
        42.526789,
        849.75
      ],
      [
        -6.49337,
        42.52687,
        849.25
      ],
      [
        -6.493529,
        42.527124,
        847.0
      ],
      [
        -6.493563,
        42.527233,
        846.25
      ],
      [
        -6.493593,
        42.527459,
        844.25
      ],
      [
        -6.493628,
        42.527595,
        843.75
      ],
      [
        -6.493691,
        42.527738,
        843.0
      ],
      [
        -6.493841,
        42.527987,
        842.0
      ],
      [
        -6.493916,
        42.528075,
        841.5
      ],
      [
        -6.493985,
        42.528126,
        840.75
      ],
      [
        -6.494273,
        42.528284,
        839.25
      ],
      [
        -6.494494,
        42.528348,
        838.0
      ],
      [
        -6.494563,
        42.528355,
        837.75
      ],
      [
        -6.494838,
        42.528334,
        836.5
      ],
      [
        -6.495717,
        42.528248,
        833.75
      ],
      [
        -6.496122,
        42.528198,
        832.0
      ],
      [
        -6.496269,
        42.52812,
        830.25
      ],
      [
        -6.496337,
        42.528028,
        828.75
      ],
      [
        -6.496348,
        42.527962,
        827.75
      ],
      [
        -6.496329,
        42.527895,
        826.75
      ],
      [
        -6.496079,
        42.52744,
        823.25
      ],
      [
        -6.496067,
        42.527279,
        821.5
      ],
      [
        -6.49613,
        42.527137,
        821.0
      ],
      [
        -6.496239,
        42.527015,
        820.25
      ],
      [
        -6.496369,
        42.526934,
        819.5
      ],
      [
        -6.496698,
        42.526817,
        819.75
      ],
      [
        -6.497146,
        42.526578,
        815.75
      ],
      [
        -6.49737,
        42.526403,
        813.5
      ],
      [
        -6.497528,
        42.526201,
        811.75
      ],
      [
        -6.497655,
        42.525954,
        811.0
      ],
      [
        -6.497722,
        42.525886,
        810.25
      ],
      [
        -6.497856,
        42.525847,
        809.25
      ],
      [
        -6.498227,
        42.525797,
        807.0
      ],
      [
        -6.498391,
        42.525746,
        805.75
      ],
      [
        -6.498522,
        42.525649,
        804.25
      ],
      [
        -6.498716,
        42.525392,
        802.25
      ],
      [
        -6.498772,
        42.525286,
        802.25
      ],
      [
        -6.498779,
        42.525185,
        800.75
      ],
      [
        -6.498724,
        42.525065,
        799.25
      ],
      [
        -6.498478,
        42.524885,
        798.0
      ],
      [
        -6.498435,
        42.524788,
        795.75
      ],
      [
        -6.498449,
        42.524573,
        794.75
      ],
      [
        -6.498494,
        42.524479,
        795.0
      ],
      [
        -6.498602,
        42.524418,
        795.75
      ],
      [
        -6.498949,
        42.524339,
        795.75
      ],
      [
        -6.499073,
        42.524269,
        795.25
      ],
      [
        -6.499277,
        42.524062,
        794.5
      ],
      [
        -6.499679,
        42.523761,
        793.5
      ],
      [
        -6.499839,
        42.523715,
        792.75
      ],
      [
        -6.500137,
        42.523684,
        790.5
      ],
      [
        -6.500788,
        42.523585,
        789.75
      ],
      [
        -6.500982,
        42.52359,
        789.25
      ],
      [
        -6.501631,
        42.523702,
        785.5
      ],
      [
        -6.501824,
        42.523688,
        784.5
      ],
      [
        -6.501987,
        42.523633,
        784.25
      ],
      [
        -6.502559,
        42.523362,
        782.75
      ],
      [
        -6.502789,
        42.523289,
        783.25
      ],
      [
        -6.503176,
        42.523231,
        782.0
      ],
      [
        -6.503435,
        42.523161,
        781.0
      ],
      [
        -6.503651,
        42.52308,
        780.75
      ],
      [
        -6.504325,
        42.522643,
        782.75
      ],
      [
        -6.504446,
        42.522595,
        782.0
      ],
      [
        -6.504545,
        42.522596,
        781.75
      ],
      [
        -6.504647,
        42.522642,
        779.5
      ],
      [
        -6.504667,
        42.522728,
        776.0
      ],
      [
        -6.504616,
        42.522794,
        773.25
      ],
      [
        -6.504519,
        42.522856,
        770.5
      ],
      [
        -6.50436,
        42.522899,
        770.75
      ],
      [
        -6.503669,
        42.523338,
        766.75
      ],
      [
        -6.503501,
        42.523414,
        765.75
      ],
      [
        -6.503089,
        42.523491,
        766.75
      ],
      [
        -6.502944,
        42.523544,
        765.25
      ],
      [
        -6.50288,
        42.523613,
        762.0
      ],
      [
        -6.502883,
        42.52368,
        763.25
      ],
      [
        -6.502943,
        42.523748,
        763.75
      ],
      [
        -6.503527,
        42.523872,
        758.25
      ],
      [
        -6.503745,
        42.523885,
        755.75
      ],
      [
        -6.504225,
        42.52386,
        753.0
      ],
      [
        -6.504534,
        42.523799,
        752.0
      ],
      [
        -6.505046,
        42.523648,
        748.25
      ],
      [
        -6.505328,
        42.523605,
        746.5
      ],
      [
        -6.505647,
        42.523591,
        744.25
      ],
      [
        -6.506184,
        42.523623,
        740.5
      ],
      [
        -6.507315,
        42.523853,
        734.75
      ],
      [
        -6.507986,
        42.523798,
        731.0
      ],
      [
        -6.508238,
        42.523825,
        728.5
      ],
      [
        -6.508456,
        42.52388,
        727.25
      ],
      [
        -6.508631,
        42.524006,
        726.0
      ],
      [
        -6.508729,
        42.524137,
        724.25
      ],
      [
        -6.508773,
        42.524672,
        723.0
      ],
      [
        -6.508898,
        42.525519,
        714.5
      ],
      [
        -6.508874,
        42.525644,
        711.0
      ],
      [
        -6.508772,
        42.525709,
        711.0
      ],
      [
        -6.508595,
        42.525774,
        712.25
      ],
      [
        -6.508536,
        42.525833,
        709.5
      ],
      [
        -6.508538,
        42.525939,
        714.5
      ],
      [
        -6.508614,
        42.526002,
        715.75
      ],
      [
        -6.508886,
        42.526097,
        709.5
      ],
      [
        -6.509178,
        42.526342,
        705.75
      ],
      [
        -6.509382,
        42.526528,
        705.5
      ],
      [
        -6.509532,
        42.526629,
        704.75
      ],
      [
        -6.509854,
        42.526723,
        703.25
      ],
      [
        -6.510024,
        42.526747,
        703.0
      ],
      [
        -6.510173,
        42.526728,
        701.5
      ],
      [
        -6.510588,
        42.526631,
        696.25
      ],
      [
        -6.510736,
        42.526637,
        696.0
      ],
      [
        -6.510837,
        42.526686,
        698.5
      ],
      [
        -6.510968,
        42.526804,
        696.0
      ],
      [
        -6.511221,
        42.527194,
        692.25
      ],
      [
        -6.511289,
        42.527363,
        691.0
      ],
      [
        -6.511291,
        42.527572,
        690.25
      ],
      [
        -6.511282,
        42.527803,
        687.0
      ],
      [
        -6.511318,
        42.528056,
        686.25
      ],
      [
        -6.511226,
        42.528679,
        680.0
      ],
      [
        -6.511149,
        42.528941,
        677.5
      ],
      [
        -6.511036,
        42.529648,
        673.0
      ],
      [
        -6.510995,
        42.529719,
        673.25
      ],
      [
        -6.510739,
        42.529955,
        669.5
      ],
      [
        -6.510699,
        42.530026,
        668.25
      ],
      [
        -6.510684,
        42.530071,
        669.25
      ],
      [
        -6.510681,
        42.530123,
        670.25
      ],
      [
        -6.510699,
        42.530166,
        670.5
      ],
      [
        -6.510768,
        42.530213,
        669.25
      ],
      [
        -6.510854,
        42.530251,
        667.25
      ],
      [
        -6.511292,
        42.530392,
        665.25
      ],
      [
        -6.511678,
        42.530535,
        662.0
      ],
      [
        -6.511887,
        42.530622,
        661.75
      ],
      [
        -6.512064,
        42.530733,
        659.75
      ],
      [
        -6.512276,
        42.530912,
        657.5
      ],
      [
        -6.512431,
        42.531101,
        656.75
      ],
      [
        -6.512616,
        42.531284,
        654.25
      ],
      [
        -6.512721,
        42.531362,
        653.0
      ],
      [
        -6.512771,
        42.531447,
        652.0
      ],
      [
        -6.512798,
        42.531544,
        650.5
      ],
      [
        -6.512786,
        42.531633,
        650.75
      ],
      [
        -6.512762,
        42.5317,
        650.0
      ],
      [
        -6.512722,
        42.531743,
        649.5
      ],
      [
        -6.51254,
        42.53189,
        648.25
      ],
      [
        -6.51251,
        42.531958,
        647.0
      ],
      [
        -6.512502,
        42.532015,
        648.75
      ],
      [
        -6.512525,
        42.532067,
        649.75
      ],
      [
        -6.512862,
        42.532341,
        644.25
      ],
      [
        -6.512949,
        42.532467,
        644.25
      ],
      [
        -6.512984,
        42.53256,
        642.75
      ],
      [
        -6.512994,
        42.532623,
        641.5
      ],
      [
        -6.512979,
        42.532677,
        641.25
      ],
      [
        -6.512607,
        42.533372,
        634.75
      ],
      [
        -6.512527,
        42.533498,
        635.75
      ],
      [
        -6.512401,
        42.533606,
        636.5
      ],
      [
        -6.512167,
        42.533785,
        638.0
      ],
      [
        -6.51206,
        42.533905,
        637.75
      ],
      [
        -6.511904,
        42.534113,
        635.5
      ],
      [
        -6.511875,
        42.534181,
        634.75
      ],
      [
        -6.511868,
        42.534239,
        634.75
      ],
      [
        -6.51189,
        42.534295,
        634.0
      ],
      [
        -6.511942,
        42.534343,
        633.0
      ],
      [
        -6.512031,
        42.534377,
        633.5
      ],
      [
        -6.512089,
        42.534385,
        634.0
      ],
      [
        -6.512115,
        42.534382,
        634.25
      ],
      [
        -6.512198,
        42.534353,
        634.0
      ],
      [
        -6.512697,
        42.53404,
        632.0
      ],
      [
        -6.512944,
        42.533938,
        627.5
      ],
      [
        -6.513606,
        42.533804,
        623.25
      ],
      [
        -6.513703,
        42.533791,
        621.75
      ],
      [
        -6.513815,
        42.53379,
        620.5
      ],
      [
        -6.513926,
        42.533821,
        620.0
      ],
      [
        -6.514016,
        42.533866,
        618.75
      ],
      [
        -6.514553,
        42.534277,
        616.25
      ],
      [
        -6.514654,
        42.534335,
        616.0
      ],
      [
        -6.514762,
        42.534384,
        616.0
      ],
      [
        -6.515273,
        42.534536,
        613.25
      ],
      [
        -6.51551,
        42.53465,
        610.5
      ],
      [
        -6.515633,
        42.534698,
        610.75
      ],
      [
        -6.515791,
        42.534731,
        611.0
      ],
      [
        -6.516205,
        42.534793,
        606.25
      ],
      [
        -6.516295,
        42.534826,
        605.5
      ],
      [
        -6.516444,
        42.53491,
        605.0
      ],
      [
        -6.516609,
        42.535057,
        605.25
      ],
      [
        -6.516678,
        42.535129,
        604.25
      ],
      [
        -6.516753,
        42.535238,
        603.5
      ],
      [
        -6.51691,
        42.535504,
        601.25
      ],
      [
        -6.517395,
        42.536453,
        592.0
      ],
      [
        -6.517456,
        42.536803,
        591.25
      ],
      [
        -6.517488,
        42.536868,
        590.25
      ],
      [
        -6.517664,
        42.537131,
        588.5
      ],
      [
        -6.517735,
        42.537224,
        587.25
      ],
      [
        -6.517804,
        42.537304,
        587.75
      ],
      [
        -6.517863,
        42.537352,
        587.75
      ],
      [
        -6.517971,
        42.537421,
        586.25
      ],
      [
        -6.518045,
        42.537487,
        585.0
      ],
      [
        -6.518137,
        42.537587,
        584.25
      ],
      [
        -6.518184,
        42.537588,
        582.75
      ],
      [
        -6.518208,
        42.537589,
        582.25
      ],
      [
        -6.518976,
        42.53759,
        581.0
      ],
      [
        -6.519085,
        42.537606,
        581.0
      ],
      [
        -6.519232,
        42.537647,
        581.0
      ],
      [
        -6.519256,
        42.537562,
        581.25
      ],
      [
        -6.519516,
        42.537195,
        585.0
      ],
      [
        -6.519543,
        42.537108,
        585.75
      ],
      [
        -6.519411,
        42.53667,
        587.75
      ],
      [
        -6.519414,
        42.536557,
        587.5
      ],
      [
        -6.51954,
        42.536179,
        588.25
      ],
      [
        -6.519562,
        42.536057,
        588.75
      ],
      [
        -6.519579,
        42.535815,
        591.25
      ],
      [
        -6.519355,
        42.535667,
        592.0
      ],
      [
        -6.519177,
        42.535529,
        592.25
      ],
      [
        -6.519099,
        42.535354,
        597.0
      ],
      [
        -6.518777,
        42.535158,
        598.75
      ],
      [
        -6.518412,
        42.534884,
        600.5
      ],
      [
        -6.518094,
        42.534599,
        601.25
      ],
      [
        -6.518043,
        42.534413,
        605.5
      ],
      [
        -6.51794,
        42.534224,
        608.25
      ],
      [
        -6.517721,
        42.53413,
        604.25
      ],
      [
        -6.517589,
        42.534024,
        608.5
      ],
      [
        -6.517426,
        42.533986,
        608.0
      ],
      [
        -6.51727,
        42.533927,
        611.0
      ],
      [
        -6.517134,
        42.533822,
        619.25
      ],
      [
        -6.517012,
        42.533856,
        616.25
      ],
      [
        -6.516849,
        42.53387,
        615.25
      ],
      [
        -6.516694,
        42.533844,
        616.75
      ],
      [
        -6.516554,
        42.533794,
        617.75
      ],
      [
        -6.516694,
        42.533844,
        616.75
      ],
      [
        -6.516849,
        42.53387,
        615.25
      ],
      [
        -6.517012,
        42.533856,
        616.25
      ],
      [
        -6.517134,
        42.533822,
        619.25
      ],
      [
        -6.51727,
        42.533927,
        611.0
      ],
      [
        -6.517426,
        42.533986,
        608.0
      ],
      [
        -6.517589,
        42.534024,
        608.5
      ],
      [
        -6.517721,
        42.53413,
        604.25
      ],
      [
        -6.51794,
        42.534224,
        608.25
      ],
      [
        -6.518043,
        42.534413,
        605.5
      ],
      [
        -6.518094,
        42.534599,
        601.25
      ],
      [
        -6.518412,
        42.534884,
        600.5
      ],
      [
        -6.518777,
        42.535158,
        598.75
      ],
      [
        -6.519099,
        42.535354,
        597.0
      ],
      [
        -6.519177,
        42.535529,
        592.25
      ],
      [
        -6.519355,
        42.535667,
        592.0
      ],
      [
        -6.519579,
        42.535815,
        591.25
      ],
      [
        -6.519562,
        42.536057,
        588.75
      ],
      [
        -6.51954,
        42.536179,
        588.25
      ],
      [
        -6.519414,
        42.536557,
        587.5
      ],
      [
        -6.519411,
        42.53667,
        587.75
      ],
      [
        -6.519543,
        42.537108,
        585.75
      ],
      [
        -6.519516,
        42.537195,
        585.0
      ],
      [
        -6.519256,
        42.537562,
        581.25
      ],
      [
        -6.519232,
        42.537647,
        581.0
      ],
      [
        -6.519475,
        42.537715,
        581.25
      ],
      [
        -6.519616,
        42.537755,
        581.0
      ],
      [
        -6.519991,
        42.537877,
        580.5
      ],
      [
        -6.52013,
        42.537913,
        580.5
      ],
      [
        -6.520435,
        42.538019,
        579.5
      ],
      [
        -6.520762,
        42.538118,
        578.75
      ],
      [
        -6.520822,
        42.538139,
        578.5
      ],
      [
        -6.521152,
        42.538245,
        577.5
      ],
      [
        -6.521373,
        42.538319,
        577.0
      ],
      [
        -6.521495,
        42.538361,
        577.0
      ],
      [
        -6.521772,
        42.538455,
        577.0
      ],
      [
        -6.521838,
        42.538477,
        577.0
      ],
      [
        -6.522115,
        42.538576,
        577.5
      ],
      [
        -6.522258,
        42.538639,
        578.0
      ],
      [
        -6.522422,
        42.538707,
        578.5
      ],
      [
        -6.522563,
        42.53881,
        579.5
      ],
      [
        -6.522758,
        42.539001,
        580.25
      ],
      [
        -6.522865,
        42.539105,
        579.75
      ],
      [
        -6.523027,
        42.539156,
        579.0
      ],
      [
        -6.523146,
        42.539202,
        578.25
      ],
      [
        -6.524132,
        42.53964,
        576.25
      ],
      [
        -6.525063,
        42.540096,
        574.75
      ],
      [
        -6.52596,
        42.540548,
        576.0
      ],
      [
        -6.527276,
        42.541449,
        571.75
      ],
      [
        -6.52746,
        42.541569,
        572.0
      ],
      [
        -6.527645,
        42.54169,
        571.75
      ],
      [
        -6.528056,
        42.54194,
        572.0
      ],
      [
        -6.528352,
        42.54209,
        571.5
      ],
      [
        -6.528461,
        42.542146,
        571.25
      ],
      [
        -6.529226,
        42.542509,
        570.0
      ],
      [
        -6.531635,
        42.543623,
        567.75
      ],
      [
        -6.532001,
        42.543794,
        567.75
      ],
      [
        -6.533021,
        42.544268,
        567.0
      ],
      [
        -6.53479,
        42.545107,
        567.5
      ],
      [
        -6.535653,
        42.5455,
        571.0
      ],
      [
        -6.53596,
        42.545595,
        572.25
      ],
      [
        -6.536105,
        42.545608,
        573.0
      ],
      [
        -6.53633,
        42.545608,
        573.75
      ],
      [
        -6.536935,
        42.545555,
        576.75
      ],
      [
        -6.537088,
        42.545548,
        577.5
      ],
      [
        -6.537271,
        42.545548,
        578.25
      ],
      [
        -6.537556,
        42.545572,
        579.75
      ],
      [
        -6.537964,
        42.545637,
        580.5
      ],
      [
        -6.538109,
        42.545674,
        581.0
      ],
      [
        -6.538263,
        42.545731,
        582.0
      ],
      [
        -6.538438,
        42.54581,
        582.5
      ],
      [
        -6.538809,
        42.546012,
        582.25
      ],
      [
        -6.539016,
        42.546105,
        582.5
      ],
      [
        -6.539211,
        42.546171,
        582.5
      ],
      [
        -6.539276,
        42.546188,
        582.75
      ],
      [
        -6.53946,
        42.546217,
        583.5
      ],
      [
        -6.541835,
        42.546339,
        587.75
      ],
      [
        -6.542145,
        42.546342,
        589.0
      ],
      [
        -6.542732,
        42.546302,
        590.75
      ],
      [
        -6.542838,
        42.546294,
        591.0
      ],
      [
        -6.547698,
        42.545867,
        606.75
      ],
      [
        -6.548199,
        42.545824,
        607.5
      ],
      [
        -6.548388,
        42.5458,
        609.0
      ],
      [
        -6.548567,
        42.545758,
        611.75
      ],
      [
        -6.548697,
        42.545717,
        613.25
      ],
      [
        -6.548834,
        42.545662,
        613.25
      ],
      [
        -6.549335,
        42.545426,
        612.75
      ],
      [
        -6.549381,
        42.545405,
        612.75
      ],
      [
        -6.54947,
        42.545374,
        612.5
      ],
      [
        -6.549644,
        42.54533,
        611.25
      ],
      [
        -6.549876,
        42.545297,
        609.0
      ],
      [
        -6.550181,
        42.545288,
        607.25
      ],
      [
        -6.550319,
        42.545299,
        606.75
      ],
      [
        -6.55065,
        42.545365,
        605.0
      ],
      [
        -6.551318,
        42.545585,
        600.5
      ],
      [
        -6.55153,
        42.545642,
        599.0
      ],
      [
        -6.551707,
        42.545677,
        597.5
      ],
      [
        -6.55194,
        42.545685,
        595.75
      ],
      [
        -6.55209,
        42.545673,
        595.25
      ],
      [
        -6.552271,
        42.545635,
        594.25
      ],
      [
        -6.552459,
        42.545576,
        593.25
      ],
      [
        -6.553164,
        42.545304,
        589.0
      ],
      [
        -6.553376,
        42.545236,
        587.5
      ],
      [
        -6.55355,
        42.545193,
        587.0
      ],
      [
        -6.553759,
        42.545165,
        586.75
      ],
      [
        -6.553939,
        42.545154,
        586.25
      ],
      [
        -6.55411,
        42.545157,
        585.0
      ],
      [
        -6.556421,
        42.545387,
        574.0
      ],
      [
        -6.556649,
        42.545411,
        573.0
      ],
      [
        -6.556947,
        42.545439,
        571.75
      ],
      [
        -6.557128,
        42.545457,
        571.0
      ],
      [
        -6.55937,
        42.545684,
        559.0
      ],
      [
        -6.56004,
        42.545745,
        556.0
      ],
      [
        -6.560486,
        42.545773,
        553.25
      ],
      [
        -6.560816,
        42.545766,
        552.0
      ],
      [
        -6.561211,
        42.545732,
        551.0
      ],
      [
        -6.56175,
        42.545643,
        549.25
      ],
      [
        -6.562623,
        42.545465,
        543.75
      ],
      [
        -6.563656,
        42.545244,
        537.25
      ],
      [
        -6.564066,
        42.545241,
        534.75
      ],
      [
        -6.564462,
        42.545292,
        532.75
      ],
      [
        -6.564725,
        42.545402,
        530.75
      ],
      [
        -6.564831,
        42.545446,
        530.25
      ],
      [
        -6.565042,
        42.545567,
        528.75
      ],
      [
        -6.565254,
        42.545759,
        526.5
      ],
      [
        -6.5655,
        42.546266,
        523.5
      ],
      [
        -6.565575,
        42.546384,
        522.0
      ],
      [
        -6.56564,
        42.546429,
        522.0
      ],
      [
        -6.565675,
        42.546453,
        522.0
      ],
      [
        -6.565801,
        42.546507,
        522.0
      ],
      [
        -6.565906,
        42.546542,
        520.75
      ],
      [
        -6.567173,
        42.546776,
        518.25
      ],
      [
        -6.567235,
        42.546781,
        519.25
      ],
      [
        -6.567331,
        42.546766,
        520.25
      ],
      [
        -6.56744,
        42.546741,
        521.0
      ],
      [
        -6.567606,
        42.54667,
        521.5
      ],
      [
        -6.568397,
        42.5462,
        523.5
      ],
      [
        -6.568792,
        42.546012,
        522.25
      ],
      [
        -6.570704,
        42.545287,
        521.0
      ],
      [
        -6.571062,
        42.545177,
        521.25
      ],
      [
        -6.57142,
        42.545104,
        521.25
      ],
      [
        -6.571684,
        42.545065,
        521.25
      ],
      [
        -6.57196,
        42.545044,
        522.0
      ],
      [
        -6.572668,
        42.545019,
        521.5
      ],
      [
        -6.573583,
        42.544998,
        521.75
      ],
      [
        -6.573878,
        42.545016,
        522.0
      ],
      [
        -6.574143,
        42.545051,
        522.5
      ],
      [
        -6.57699,
        42.545485,
        525.25
      ],
      [
        -6.577158,
        42.545528,
        525.0
      ],
      [
        -6.577332,
        42.545619,
        525.5
      ],
      [
        -6.577533,
        42.545769,
        527.25
      ],
      [
        -6.577632,
        42.545858,
        529.0
      ],
      [
        -6.577741,
        42.545955,
        530.0
      ],
      [
        -6.577851,
        42.546033,
        530.0
      ],
      [
        -6.577996,
        42.546101,
        529.25
      ],
      [
        -6.578144,
        42.546135,
        529.5
      ],
      [
        -6.578305,
        42.546155,
        530.25
      ],
      [
        -6.578476,
        42.546152,
        531.0
      ],
      [
        -6.578678,
        42.546141,
        531.5
      ],
      [
        -6.578911,
        42.546114,
        532.0
      ],
      [
        -6.579598,
        42.546017,
        533.0
      ],
      [
        -6.579705,
        42.54603,
        533.0
      ],
      [
        -6.580368,
        42.545945,
        533.75
      ],
      [
        -6.580482,
        42.546262,
        534.5
      ],
      [
        -6.58058,
        42.546535,
        536.0
      ],
      [
        -6.580951,
        42.546463,
        535.25
      ],
      [
        -6.581122,
        42.546509,
        535.25
      ],
      [
        -6.582082,
        42.546852,
        536.75
      ],
      [
        -6.582181,
        42.546884,
        537.25
      ],
      [
        -6.582151,
        42.547312,
        539.25
      ],
      [
        -6.582237,
        42.547534,
        541.25
      ],
      [
        -6.582435,
        42.547938,
        546.5
      ],
      [
        -6.582546,
        42.548185,
        548.25
      ],
      [
        -6.582639,
        42.54828,
        549.0
      ],
      [
        -6.582837,
        42.548444,
        549.25
      ],
      [
        -6.582872,
        42.548577,
        549.75
      ],
      [
        -6.582944,
        42.548773,
        550.0
      ],
      [
        -6.583035,
        42.548949,
        550.0
      ],
      [
        -6.583186,
        42.549209,
        550.0
      ],
      [
        -6.583247,
        42.549333,
        550.75
      ],
      [
        -6.58322,
        42.549373,
        551.0
      ],
      [
        -6.583212,
        42.549417,
        551.25
      ],
      [
        -6.583223,
        42.549455,
        551.25
      ],
      [
        -6.583248,
        42.54949,
        551.25
      ],
      [
        -6.583281,
        42.549514,
        551.0
      ],
      [
        -6.583321,
        42.549531,
        551.0
      ],
      [
        -6.583366,
        42.54954,
        550.75
      ],
      [
        -6.583413,
        42.549539,
        550.5
      ],
      [
        -6.583492,
        42.549684,
        550.25
      ],
      [
        -6.583659,
        42.550018,
        549.75
      ],
      [
        -6.583692,
        42.550085,
        549.5
      ],
      [
        -6.583429,
        42.550166,
        550.25
      ],
      [
        -6.583692,
        42.550085,
        549.5
      ],
      [
        -6.583986,
        42.55063,
        549.0
      ],
      [
        -6.584014,
        42.550683,
        549.0
      ],
      [
        -6.584239,
        42.551056,
        549.0
      ],
      [
        -6.5843,
        42.551163,
        549.0
      ],
      [
        -6.584504,
        42.55152,
        549.0
      ],
      [
        -6.584695,
        42.551856,
        549.0
      ],
      [
        -6.584709,
        42.551879,
        549.0
      ],
      [
        -6.58471,
        42.551936,
        549.0
      ],
      [
        -6.584691,
        42.551953,
        549.0
      ],
      [
        -6.584681,
        42.551973,
        549.0
      ],
      [
        -6.584681,
        42.551995,
        549.0
      ],
      [
        -6.584708,
        42.552033,
        549.0
      ],
      [
        -6.584732,
        42.552045,
        549.0
      ],
      [
        -6.58476,
        42.55205,
        549.0
      ],
      [
        -6.584833,
        42.552178,
        549.0
      ],
      [
        -6.585027,
        42.552556,
        547.75
      ],
      [
        -6.585212,
        42.552829,
        546.25
      ],
      [
        -6.586066,
        42.55394,
        535.5
      ],
      [
        -6.587006,
        42.555227,
        525.5
      ],
      [
        -6.58712,
        42.555344,
        525.5
      ],
      [
        -6.587219,
        42.555409,
        525.5
      ],
      [
        -6.587342,
        42.555474,
        524.5
      ],
      [
        -6.587508,
        42.555527,
        523.75
      ],
      [
        -6.587646,
        42.555555,
        522.75
      ],
      [
        -6.587765,
        42.555565,
        522.0
      ],
      [
        -6.588121,
        42.555532,
        521.5
      ],
      [
        -6.588208,
        42.555511,
        521.25
      ],
      [
        -6.588426,
        42.555493,
        521.0
      ],
      [
        -6.588521,
        42.555526,
        521.0
      ],
      [
        -6.588642,
        42.555539,
        521.0
      ],
      [
        -6.588768,
        42.55552,
        521.0
      ],
      [
        -6.589049,
        42.555628,
        520.5
      ],
      [
        -6.589149,
        42.555679,
        520.5
      ],
      [
        -6.589343,
        42.555806,
        519.75
      ],
      [
        -6.59149,
        42.557099,
        519.75
      ],
      [
        -6.591634,
        42.557199,
        523.25
      ],
      [
        -6.591765,
        42.557332,
        524.25
      ],
      [
        -6.591762,
        42.557404,
        524.25
      ],
      [
        -6.591771,
        42.55744,
        524.25
      ],
      [
        -6.591812,
        42.557514,
        524.5
      ],
      [
        -6.591837,
        42.557566,
        524.5
      ],
      [
        -6.591843,
        42.557598,
        524.75
      ],
      [
        -6.591837,
        42.557681,
        524.75
      ],
      [
        -6.591823,
        42.557728,
        524.75
      ],
      [
        -6.591792,
        42.557781,
        525.0
      ],
      [
        -6.59172,
        42.557867,
        525.25
      ],
      [
        -6.591601,
        42.557936,
        525.25
      ],
      [
        -6.590826,
        42.558093,
        526.0
      ],
      [
        -6.590327,
        42.558194,
        525.25
      ],
      [
        -6.589251,
        42.558404,
        528.5
      ],
      [
        -6.588931,
        42.558474,
        529.25
      ],
      [
        -6.588645,
        42.558561,
        531.0
      ],
      [
        -6.588492,
        42.558635,
        532.5
      ],
      [
        -6.58845,
        42.558632,
        532.5
      ],
      [
        -6.588409,
        42.558637,
        532.75
      ],
      [
        -6.588371,
        42.55865,
        533.0
      ],
      [
        -6.58834,
        42.558671,
        533.25
      ],
      [
        -6.588317,
        42.558697,
        533.5
      ],
      [
        -6.588305,
        42.558726,
        533.75
      ],
      [
        -6.588304,
        42.558757,
        534.0
      ],
      [
        -6.588315,
        42.558787,
        534.25
      ],
      [
        -6.588343,
        42.558819,
        534.25
      ],
      [
        -6.588384,
        42.558842,
        534.25
      ],
      [
        -6.588433,
        42.558854,
        534.25
      ],
      [
        -6.588485,
        42.558854,
        534.0
      ],
      [
        -6.588533,
        42.55884,
        533.75
      ],
      [
        -6.588647,
        42.558986,
        534.75
      ],
      [
        -6.588883,
        42.559163,
        535.0
      ],
      [
        -6.590097,
        42.560069,
        535.0
      ],
      [
        -6.590433,
        42.560329,
        535.75
      ],
      [
        -6.591985,
        42.561465,
        537.25
      ],
      [
        -6.592839,
        42.562104,
        537.75
      ],
      [
        -6.592876,
        42.562131,
        537.5
      ],
      [
        -6.592744,
        42.562235,
        537.75
      ],
      [
        -6.592324,
        42.562536,
        538.5
      ],
      [
        -6.592292,
        42.562551,
        538.75
      ],
      [
        -6.592162,
        42.56265,
        539.0
      ],
      [
        -6.592718,
        42.563055,
        538.0
      ],
      [
        -6.593077,
        42.563314,
        537.75
      ],
      [
        -6.593713,
        42.563784,
        536.5
      ],
      [
        -6.594363,
        42.564262,
        535.25
      ],
      [
        -6.594954,
        42.56468,
        534.0
      ],
      [
        -6.595178,
        42.564671,
        534.0
      ],
      [
        -6.595675,
        42.564585,
        533.5
      ],
      [
        -6.596443,
        42.564392,
        533.0
      ],
      [
        -6.597453,
        42.565173,
        533.0
      ],
      [
        -6.597637,
        42.565303,
        533.0
      ],
      [
        -6.597747,
        42.565422,
        533.0
      ],
      [
        -6.597833,
        42.565483,
        533.0
      ],
      [
        -6.597882,
        42.565528,
        533.0
      ],
      [
        -6.598025,
        42.565698,
        533.5
      ],
      [
        -6.598057,
        42.56571,
        533.5
      ],
      [
        -6.598132,
        42.565716,
        533.25
      ],
      [
        -6.598183,
        42.565832,
        533.5
      ],
      [
        -6.598234,
        42.565897,
        533.5
      ],
      [
        -6.598333,
        42.566038,
        533.5
      ],
      [
        -6.598633,
        42.566348,
        533.5
      ],
      [
        -6.59887,
        42.566615,
        533.75
      ],
      [
        -6.599131,
        42.566846,
        534.0
      ],
      [
        -6.599412,
        42.567067,
        534.5
      ],
      [
        -6.599691,
        42.56733,
        536.0
      ],
      [
        -6.600015,
        42.567614,
        537.0
      ],
      [
        -6.600305,
        42.567844,
        537.5
      ],
      [
        -6.600432,
        42.567962,
        538.0
      ],
      [
        -6.600508,
        42.568097,
        538.75
      ],
      [
        -6.600789,
        42.568366,
        539.5
      ],
      [
        -6.601074,
        42.568673,
        540.75
      ],
      [
        -6.60128,
        42.568954,
        542.0
      ],
      [
        -6.601416,
        42.569239,
        543.5
      ],
      [
        -6.601492,
        42.569441,
        544.75
      ],
      [
        -6.601506,
        42.569559,
        545.0
      ],
      [
        -6.601562,
        42.569732,
        545.25
      ],
      [
        -6.601605,
        42.569798,
        544.5
      ],
      [
        -6.601699,
        42.569909,
        543.25
      ],
      [
        -6.601782,
        42.57003,
        541.5
      ],
      [
        -6.601879,
        42.570231,
        541.0
      ],
      [
        -6.601991,
        42.570509,
        540.75
      ],
      [
        -6.60206,
        42.570636,
        540.0
      ],
      [
        -6.602111,
        42.570661,
        539.5
      ],
      [
        -6.60218,
        42.57068,
        538.75
      ],
      [
        -6.602322,
        42.570715,
        538.0
      ],
      [
        -6.60257,
        42.570765,
        537.75
      ],
      [
        -6.602815,
        42.570825,
        538.75
      ],
      [
        -6.602987,
        42.570889,
        539.25
      ],
      [
        -6.603221,
        42.571,
        540.75
      ],
      [
        -6.603536,
        42.571198,
        543.75
      ],
      [
        -6.603785,
        42.571388,
        544.75
      ],
      [
        -6.603931,
        42.571527,
        544.75
      ],
      [
        -6.603989,
        42.571599,
        544.75
      ],
      [
        -6.603987,
        42.571697,
        545.0
      ],
      [
        -6.603997,
        42.571776,
        545.0
      ],
      [
        -6.604031,
        42.571825,
        545.0
      ],
      [
        -6.604098,
        42.571867,
        545.0
      ],
      [
        -6.604686,
        42.572039,
        544.25
      ],
      [
        -6.605104,
        42.572168,
        543.25
      ],
      [
        -6.605189,
        42.572177,
        543.25
      ],
      [
        -6.605331,
        42.572179,
        543.25
      ],
      [
        -6.605484,
        42.572196,
        543.25
      ],
      [
        -6.605898,
        42.572257,
        541.5
      ],
      [
        -6.606143,
        42.572278,
        540.5
      ],
      [
        -6.607247,
        42.572336,
        534.75
      ],
      [
        -6.607431,
        42.57236,
        534.0
      ],
      [
        -6.607688,
        42.572373,
        533.5
      ],
      [
        -6.60777,
        42.572369,
        533.5
      ],
      [
        -6.607996,
        42.572438,
        532.0
      ],
      [
        -6.608076,
        42.572504,
        531.75
      ],
      [
        -6.608155,
        42.572543,
        531.25
      ],
      [
        -6.608295,
        42.572578,
        530.25
      ],
      [
        -6.608359,
        42.572587,
        529.75
      ],
      [
        -6.608469,
        42.572586,
        529.5
      ],
      [
        -6.608549,
        42.572569,
        529.0
      ],
      [
        -6.608651,
        42.572552,
        528.75
      ],
      [
        -6.608704,
        42.572541,
        528.5
      ],
      [
        -6.60992,
        42.572881,
        525.5
      ],
      [
        -6.610209,
        42.572976,
        525.0
      ],
      [
        -6.610498,
        42.573105,
        524.25
      ],
      [
        -6.610661,
        42.573194,
        524.25
      ],
      [
        -6.610923,
        42.573332,
        523.5
      ],
      [
        -6.610976,
        42.573348,
        523.25
      ],
      [
        -6.611172,
        42.573385,
        523.0
      ],
      [
        -6.611283,
        42.573498,
        523.0
      ],
      [
        -6.611388,
        42.573611,
        523.0
      ],
      [
        -6.611652,
        42.573895,
        522.0
      ],
      [
        -6.611711,
        42.573967,
        522.0
      ],
      [
        -6.61184,
        42.574126,
        522.0
      ],
      [
        -6.611922,
        42.574249,
        522.0
      ],
      [
        -6.612026,
        42.574283,
        522.0
      ],
      [
        -6.612162,
        42.57407,
        522.0
      ],
      [
        -6.612276,
        42.574005,
        522.0
      ],
      [
        -6.612162,
        42.57407,
        522.0
      ],
      [
        -6.612026,
        42.574283,
        522.0
      ],
      [
        -6.612132,
        42.574361,
        522.0
      ],
      [
        -6.612313,
        42.574463,
        521.5
      ],
      [
        -6.612444,
        42.574494,
        521.25
      ],
      [
        -6.612617,
        42.574525,
        521.25
      ],
      [
        -6.612997,
        42.574559,
        521.5
      ],
      [
        -6.613666,
        42.574593,
        521.0
      ],
      [
        -6.61575,
        42.574753,
        519.75
      ],
      [
        -6.616324,
        42.57481,
        519.0
      ],
      [
        -6.617261,
        42.574973,
        518.75
      ],
      [
        -6.617806,
        42.575053,
        518.0
      ],
      [
        -6.619776,
        42.575279,
        517.0
      ],
      [
        -6.620095,
        42.575302,
        517.0
      ],
      [
        -6.621205,
        42.575328,
        516.0
      ],
      [
        -6.622072,
        42.575409,
        516.0
      ],
      [
        -6.622606,
        42.575449,
        515.5
      ],
      [
        -6.623213,
        42.575477,
        515.25
      ],
      [
        -6.624241,
        42.57555,
        515.0
      ],
      [
        -6.62483,
        42.575604,
        514.75
      ],
      [
        -6.625598,
        42.575757,
        514.5
      ],
      [
        -6.626388,
        42.575853,
        514.0
      ],
      [
        -6.627213,
        42.575918,
        513.0
      ],
      [
        -6.627829,
        42.576067,
        513.0
      ],
      [
        -6.62856,
        42.57633,
        513.0
      ],
      [
        -6.629203,
        42.576607,
        512.0
      ],
      [
        -6.629606,
        42.576839,
        512.0
      ],
      [
        -6.630226,
        42.577272,
        511.0
      ],
      [
        -6.630426,
        42.577402,
        511.0
      ],
      [
        -6.630948,
        42.577677,
        510.5
      ],
      [
        -6.631378,
        42.577846,
        510.0
      ],
      [
        -6.631709,
        42.577959,
        510.0
      ],
      [
        -6.632087,
        42.57806,
        509.75
      ],
      [
        -6.632197,
        42.578083,
        509.75
      ],
      [
        -6.632387,
        42.57808,
        509.25
      ],
      [
        -6.632718,
        42.578033,
        509.0
      ],
      [
        -6.633994,
        42.577759,
        508.25
      ],
      [
        -6.634294,
        42.577676,
        508.25
      ],
      [
        -6.634982,
        42.577405,
        508.0
      ],
      [
        -6.635365,
        42.577273,
        508.0
      ],
      [
        -6.635521,
        42.577226,
        508.0
      ],
      [
        -6.636307,
        42.577061,
        507.25
      ],
      [
        -6.636509,
        42.577066,
        507.0
      ],
      [
        -6.636914,
        42.577056,
        507.0
      ],
      [
        -6.637078,
        42.577038,
        507.0
      ],
      [
        -6.637681,
        42.576909,
        507.25
      ],
      [
        -6.637989,
        42.57686,
        507.0
      ],
      [
        -6.638281,
        42.576835,
        507.0
      ],
      [
        -6.638511,
        42.576837,
        507.0
      ],
      [
        -6.638594,
        42.576823,
        507.0
      ],
      [
        -6.638664,
        42.576801,
        506.75
      ],
      [
        -6.639004,
        42.576769,
        506.5
      ],
      [
        -6.63935,
        42.576794,
        506.25
      ],
      [
        -6.639425,
        42.576803,
        506.25
      ],
      [
        -6.639611,
        42.576845,
        506.25
      ],
      [
        -6.640109,
        42.577018,
        506.0
      ],
      [
        -6.64044,
        42.577117,
        506.0
      ],
      [
        -6.640862,
        42.577289,
        505.75
      ],
      [
        -6.640949,
        42.577311,
        505.5
      ],
      [
        -6.641012,
        42.577323,
        505.5
      ],
      [
        -6.641411,
        42.577355,
        505.0
      ],
      [
        -6.642741,
        42.577361,
        504.5
      ],
      [
        -6.643308,
        42.577353,
        505.0
      ],
      [
        -6.64433,
        42.577363,
        504.0
      ],
      [
        -6.644501,
        42.577371,
        504.0
      ],
      [
        -6.64458,
        42.577381,
        504.0
      ],
      [
        -6.644774,
        42.577401,
        504.0
      ],
      [
        -6.644901,
        42.577399,
        504.0
      ],
      [
        -6.645943,
        42.577318,
        503.25
      ],
      [
        -6.64664,
        42.577219,
        503.0
      ],
      [
        -6.647068,
        42.577175,
        503.0
      ],
      [
        -6.647722,
        42.577136,
        502.25
      ],
      [
        -6.648314,
        42.577088,
        502.0
      ],
      [
        -6.649331,
        42.576997,
        501.75
      ],
      [
        -6.650132,
        42.576941,
        501.0
      ],
      [
        -6.650687,
        42.576927,
        501.0
      ],
      [
        -6.651324,
        42.576938,
        500.75
      ],
      [
        -6.652212,
        42.576999,
        500.0
      ],
      [
        -6.653214,
        42.57711,
        498.75
      ],
      [
        -6.65332,
        42.577117,
        498.25
      ],
      [
        -6.653608,
        42.577111,
        498.25
      ],
      [
        -6.653788,
        42.577091,
        498.25
      ],
      [
        -6.654438,
        42.576942,
        498.0
      ],
      [
        -6.654727,
        42.576899,
        498.0
      ],
      [
        -6.654964,
        42.576894,
        498.0
      ],
      [
        -6.655254,
        42.57692,
        497.0
      ],
      [
        -6.655777,
        42.576987,
        497.0
      ],
      [
        -6.656123,
        42.576993,
        497.0
      ],
      [
        -6.656726,
        42.576957,
        496.75
      ],
      [
        -6.656946,
        42.576933,
        497.0
      ],
      [
        -6.657158,
        42.576886,
        497.0
      ],
      [
        -6.657339,
        42.576829,
        496.75
      ],
      [
        -6.657515,
        42.576756,
        496.5
      ],
      [
        -6.657741,
        42.576631,
        497.0
      ],
      [
        -6.657944,
        42.576537,
        497.0
      ],
      [
        -6.658132,
        42.576468,
        496.75
      ],
      [
        -6.658349,
        42.576402,
        496.0
      ],
      [
        -6.6586,
        42.576354,
        496.75
      ],
      [
        -6.659153,
        42.576268,
        496.0
      ],
      [
        -6.65997,
        42.576156,
        495.75
      ],
      [
        -6.660684,
        42.576081,
        495.0
      ],
      [
        -6.660766,
        42.576069,
        495.0
      ],
      [
        -6.660898,
        42.57605,
        495.0
      ],
      [
        -6.661013,
        42.576103,
        495.0
      ],
      [
        -6.662138,
        42.57658,
        493.75
      ],
      [
        -6.662322,
        42.576657,
        493.75
      ],
      [
        -6.662415,
        42.576696,
        493.75
      ],
      [
        -6.663565,
        42.577121,
        493.0
      ],
      [
        -6.66404,
        42.577292,
        492.0
      ],
      [
        -6.664267,
        42.577373,
        492.0
      ],
      [
        -6.665117,
        42.577678,
        492.0
      ],
      [
        -6.665207,
        42.577709,
        492.0
      ],
      [
        -6.665326,
        42.577749,
        491.75
      ],
      [
        -6.66567,
        42.577869,
        491.0
      ],
      [
        -6.665943,
        42.577975,
        491.0
      ],
      [
        -6.666305,
        42.578166,
        491.0
      ],
      [
        -6.666595,
        42.578358,
        490.75
      ],
      [
        -6.666928,
        42.578559,
        491.0
      ],
      [
        -6.667084,
        42.578654,
        491.0
      ],
      [
        -6.667035,
        42.578706,
        491.0
      ],
      [
        -6.667017,
        42.578751,
        491.0
      ],
      [
        -6.667017,
        42.578798,
        491.0
      ],
      [
        -6.667029,
        42.578834,
        491.0
      ],
      [
        -6.667052,
        42.578868,
        491.0
      ],
      [
        -6.667105,
        42.57891,
        491.0
      ],
      [
        -6.667174,
        42.578937,
        490.75
      ],
      [
        -6.667251,
        42.578945,
        491.0
      ],
      [
        -6.667327,
        42.578934,
        491.0
      ],
      [
        -6.667394,
        42.578904,
        491.0
      ],
      [
        -6.667598,
        42.579038,
        491.0
      ],
      [
        -6.667619,
        42.579053,
        491.0
      ],
      [
        -6.667906,
        42.579207,
        491.0
      ],
      [
        -6.66827,
        42.579368,
        491.0
      ],
      [
        -6.668343,
        42.5794,
        490.75
      ],
      [
        -6.668327,
        42.579439,
        490.75
      ],
      [
        -6.66808,
        42.580027,
        491.0
      ],
      [
        -6.667871,
        42.580816,
        491.5
      ],
      [
        -6.667865,
        42.580921,
        492.0
      ],
      [
        -6.667788,
        42.58213,
        495.25
      ],
      [
        -6.66775,
        42.582694,
        500.75
      ],
      [
        -6.667598,
        42.58272,
        500.5
      ],
      [
        -6.667566,
        42.582772,
        501.0
      ],
      [
        -6.667548,
        42.583408,
        513.25
      ],
      [
        -6.667168,
        42.583514,
        513.25
      ],
      [
        -6.666953,
        42.583497,
        513.5
      ],
      [
        -6.666748,
        42.583472,
        513.25
      ],
      [
        -6.666628,
        42.583449,
        512.75
      ],
      [
        -6.666748,
        42.583472,
        513.25
      ],
      [
        -6.666953,
        42.583497,
        513.5
      ],
      [
        -6.667168,
        42.583514,
        513.25
      ],
      [
        -6.667548,
        42.583408,
        513.25
      ],
      [
        -6.667566,
        42.582772,
        501.0
      ],
      [
        -6.667598,
        42.58272,
        500.5
      ],
      [
        -6.66775,
        42.582694,
        500.75
      ],
      [
        -6.667788,
        42.58213,
        495.25
      ],
      [
        -6.667865,
        42.580921,
        492.0
      ],
      [
        -6.667871,
        42.580816,
        491.5
      ],
      [
        -6.66808,
        42.580027,
        491.0
      ],
      [
        -6.668327,
        42.579439,
        490.75
      ],
      [
        -6.668343,
        42.5794,
        490.75
      ],
      [
        -6.668552,
        42.579491,
        490.0
      ],
      [
        -6.668671,
        42.579543,
        490.0
      ],
      [
        -6.668743,
        42.579575,
        490.0
      ],
      [
        -6.66903,
        42.579701,
        490.0
      ],
      [
        -6.669916,
        42.580092,
        490.0
      ],
      [
        -6.670015,
        42.580135,
        490.0
      ],
      [
        -6.670274,
        42.580252,
        490.0
      ],
      [
        -6.670381,
        42.5803,
        490.0
      ],
      [
        -6.670394,
        42.580306,
        490.0
      ],
      [
        -6.670607,
        42.580397,
        490.0
      ],
      [
        -6.670644,
        42.580413,
        490.0
      ],
      [
        -6.670715,
        42.580445,
        490.0
      ],
      [
        -6.670851,
        42.580505,
        490.0
      ],
      [
        -6.670935,
        42.580542,
        490.0
      ],
      [
        -6.671073,
        42.580603,
        490.0
      ],
      [
        -6.671176,
        42.580649,
        490.0
      ],
      [
        -6.671482,
        42.580791,
        490.0
      ],
      [
        -6.671986,
        42.581026,
        489.75
      ],
      [
        -6.672145,
        42.581114,
        490.0
      ],
      [
        -6.672383,
        42.581305,
        490.75
      ],
      [
        -6.673796,
        42.582637,
        492.5
      ],
      [
        -6.674118,
        42.582938,
        493.0
      ],
      [
        -6.674463,
        42.583267,
        493.0
      ],
      [
        -6.674598,
        42.58342,
        493.5
      ],
      [
        -6.674577,
        42.583456,
        493.25
      ],
      [
        -6.674574,
        42.583504,
        493.25
      ],
      [
        -6.674595,
        42.583548,
        493.5
      ],
      [
        -6.674638,
        42.583584,
        493.5
      ],
      [
        -6.674685,
        42.583602,
        493.75
      ],
      [
        -6.674737,
        42.583609,
        493.75
      ],
      [
        -6.674806,
        42.58364,
        494.0
      ],
      [
        -6.67492,
        42.583715,
        494.25
      ],
      [
        -6.675058,
        42.583858,
        494.75
      ],
      [
        -6.675163,
        42.58398,
        495.0
      ],
      [
        -6.675285,
        42.584119,
        495.75
      ],
      [
        -6.675466,
        42.584552,
        496.5
      ],
      [
        -6.675558,
        42.584792,
        497.25
      ],
      [
        -6.675812,
        42.5855,
        499.0
      ],
      [
        -6.675845,
        42.585592,
        499.25
      ],
      [
        -6.675989,
        42.585986,
        501.5
      ],
      [
        -6.676029,
        42.586129,
        501.5
      ],
      [
        -6.676029,
        42.586235,
        501.5
      ],
      [
        -6.676,
        42.586446,
        501.75
      ],
      [
        -6.675947,
        42.586491,
        501.75
      ],
      [
        -6.675912,
        42.586544,
        501.75
      ],
      [
        -6.675895,
        42.586602,
        501.75
      ],
      [
        -6.675902,
        42.586671,
        502.25
      ],
      [
        -6.675936,
        42.586735,
        502.25
      ],
      [
        -6.675994,
        42.586789,
        502.5
      ],
      [
        -6.67607,
        42.586829,
        502.25
      ],
      [
        -6.676159,
        42.58685,
        502.25
      ],
      [
        -6.676347,
        42.58703,
        504.5
      ],
      [
        -6.676529,
        42.587559,
        505.75
      ],
      [
        -6.676457,
        42.587771,
        505.0
      ],
      [
        -6.67639,
        42.587828,
        505.0
      ],
      [
        -6.67635,
        42.587898,
        505.25
      ],
      [
        -6.676343,
        42.587974,
        505.5
      ],
      [
        -6.676366,
        42.588044,
        505.75
      ],
      [
        -6.676417,
        42.588107,
        505.75
      ],
      [
        -6.676491,
        42.588155,
        506.0
      ],
      [
        -6.676582,
        42.588185,
        506.5
      ],
      [
        -6.676766,
        42.58832,
        506.75
      ],
      [
        -6.676823,
        42.588388,
        507.0
      ],
      [
        -6.676876,
        42.588488,
        507.25
      ],
      [
        -6.676917,
        42.588638,
        507.75
      ],
      [
        -6.676969,
        42.58879,
        508.5
      ],
      [
        -6.676992,
        42.58886,
        509.0
      ],
      [
        -6.677396,
        42.590006,
        513.25
      ],
      [
        -6.677462,
        42.590182,
        513.75
      ],
      [
        -6.677537,
        42.590369,
        514.0
      ],
      [
        -6.677642,
        42.590553,
        514.5
      ],
      [
        -6.6778,
        42.590773,
        514.25
      ],
      [
        -6.677924,
        42.590924,
        514.0
      ],
      [
        -6.678152,
        42.591145,
        514.25
      ],
      [
        -6.678404,
        42.591351,
        514.0
      ],
      [
        -6.678728,
        42.591577,
        513.0
      ],
      [
        -6.678824,
        42.591635,
        511.75
      ],
      [
        -6.67912,
        42.591796,
        510.25
      ],
      [
        -6.679416,
        42.591942,
        508.0
      ],
      [
        -6.679705,
        42.592048,
        507.0
      ],
      [
        -6.67989,
        42.59211,
        506.0
      ],
      [
        -6.68045,
        42.592236,
        504.25
      ],
      [
        -6.680588,
        42.59226,
        503.75
      ],
      [
        -6.682384,
        42.592568,
        501.5
      ],
      [
        -6.682488,
        42.592585,
        501.25
      ],
      [
        -6.685724,
        42.59314,
        501.25
      ],
      [
        -6.688282,
        42.593581,
        501.0
      ],
      [
        -6.69085,
        42.594023,
        500.25
      ],
      [
        -6.692328,
        42.594276,
        499.25
      ],
      [
        -6.692428,
        42.594293,
        499.25
      ],
      [
        -6.695505,
        42.594825,
        498.75
      ],
      [
        -6.695626,
        42.594842,
        499.0
      ],
      [
        -6.695849,
        42.594863,
        500.25
      ],
      [
        -6.696069,
        42.59487,
        500.0
      ],
      [
        -6.696288,
        42.594869,
        499.5
      ],
      [
        -6.696508,
        42.594853,
        499.0
      ],
      [
        -6.697,
        42.594785,
        500.0
      ],
      [
        -6.69932,
        42.594402,
        507.5
      ],
      [
        -6.699996,
        42.594306,
        509.25
      ],
      [
        -6.700686,
        42.594248,
        508.75
      ],
      [
        -6.704517,
        42.59404,
        510.25
      ],
      [
        -6.704644,
        42.594037,
        510.0
      ],
      [
        -6.704833,
        42.594128,
        510.5
      ],
      [
        -6.705545,
        42.594377,
        511.75
      ],
      [
        -6.705972,
        42.594527,
        513.75
      ],
      [
        -6.706087,
        42.594567,
        514.25
      ],
      [
        -6.706928,
        42.59492,
        515.0
      ],
      [
        -6.708436,
        42.595543,
        508.5
      ],
      [
        -6.70994,
        42.596137,
        505.0
      ],
      [
        -6.71001,
        42.596164,
        505.0
      ],
      [
        -6.710784,
        42.596463,
        505.0
      ],
      [
        -6.711233,
        42.59663,
        504.75
      ],
      [
        -6.713058,
        42.597311,
        504.75
      ],
      [
        -6.713186,
        42.597369,
        504.75
      ],
      [
        -6.713288,
        42.59744,
        504.75
      ],
      [
        -6.713422,
        42.597545,
        505.0
      ],
      [
        -6.713495,
        42.597603,
        505.0
      ],
      [
        -6.713851,
        42.597939,
        505.0
      ],
      [
        -6.714006,
        42.598087,
        504.75
      ],
      [
        -6.714131,
        42.598206,
        504.5
      ],
      [
        -6.714459,
        42.598512,
        502.5
      ],
      [
        -6.714511,
        42.598556,
        502.0
      ],
      [
        -6.714629,
        42.598618,
        500.5
      ],
      [
        -6.714798,
        42.59867,
        500.0
      ],
      [
        -6.714852,
        42.598693,
        499.75
      ],
      [
        -6.715062,
        42.598781,
        497.5
      ],
      [
        -6.715224,
        42.59888,
        494.0
      ],
      [
        -6.715499,
        42.599106,
        490.25
      ],
      [
        -6.715702,
        42.599256,
        487.25
      ],
      [
        -6.715922,
        42.599373,
        485.25
      ],
      [
        -6.71643,
        42.599522,
        484.0
      ],
      [
        -6.716575,
        42.599558,
        484.0
      ],
      [
        -6.716562,
        42.599575,
        484.0
      ],
      [
        -6.716561,
        42.599595,
        484.0
      ],
      [
        -6.71657,
        42.599614,
        484.0
      ],
      [
        -6.716594,
        42.59963,
        484.0
      ],
      [
        -6.716626,
        42.599635,
        484.0
      ],
      [
        -6.716656,
        42.599627,
        484.0
      ],
      [
        -6.716678,
        42.59961,
        483.75
      ],
      [
        -6.716686,
        42.599587,
        483.75
      ],
      [
        -6.71702,
        42.599595,
        483.75
      ],
      [
        -6.717739,
        42.599615,
        483.75
      ],
      [
        -6.717863,
        42.599618,
        483.5
      ],
      [
        -6.718221,
        42.599624,
        483.0
      ],
      [
        -6.719532,
        42.599665,
        483.0
      ],
      [
        -6.719561,
        42.599666,
        483.0
      ],
      [
        -6.720142,
        42.599677,
        483.0
      ],
      [
        -6.720583,
        42.599685,
        483.0
      ],
      [
        -6.721231,
        42.599715,
        483.0
      ],
      [
        -6.721484,
        42.599727,
        483.0
      ],
      [
        -6.721766,
        42.599752,
        483.0
      ],
      [
        -6.721854,
        42.59976,
        483.0
      ],
      [
        -6.722105,
        42.599778,
        483.0
      ],
      [
        -6.7221,
        42.599933,
        483.0
      ],
      [
        -6.722145,
        42.599997,
        483.0
      ],
      [
        -6.722144,
        42.60004,
        483.0
      ],
      [
        -6.722322,
        42.600169,
        483.0
      ],
      [
        -6.72263,
        42.60038,
        483.25
      ],
      [
        -6.723016,
        42.60067,
        483.5
      ],
      [
        -6.723241,
        42.60081,
        482.25
      ],
      [
        -6.723355,
        42.600781,
        482.0
      ],
      [
        -6.723612,
        42.60073,
        480.5
      ],
      [
        -6.723781,
        42.600714,
        480.0
      ],
      [
        -6.724113,
        42.600723,
        478.75
      ],
      [
        -6.724193,
        42.600716,
        478.75
      ],
      [
        -6.724347,
        42.60067,
        479.0
      ],
      [
        -6.724628,
        42.600564,
        479.25
      ],
      [
        -6.724842,
        42.600491,
        478.75
      ],
      [
        -6.724873,
        42.60048,
        478.75
      ],
      [
        -6.724977,
        42.600462,
        478.5
      ],
      [
        -6.725402,
        42.600439,
        478.0
      ],
      [
        -6.725977,
        42.600464,
        477.5
      ],
      [
        -6.726314,
        42.600391,
        477.25
      ],
      [
        -6.726381,
        42.600378,
        477.0
      ],
      [
        -6.72662,
        42.600384,
        476.5
      ],
      [
        -6.726807,
        42.600422,
        476.5
      ],
      [
        -6.727159,
        42.600572,
        476.75
      ],
      [
        -6.727267,
        42.600601,
        477.0
      ],
      [
        -6.727456,
        42.600635,
        477.5
      ],
      [
        -6.727602,
        42.600645,
        477.0
      ],
      [
        -6.727696,
        42.600168,
        476.5
      ],
      [
        -6.727737,
        42.599996,
        476.75
      ],
      [
        -6.727766,
        42.599891,
        476.5
      ],
      [
        -6.727874,
        42.599943,
        476.25
      ],
      [
        -6.727954,
        42.599969,
        476.0
      ],
      [
        -6.728045,
        42.599985,
        475.75
      ],
      [
        -6.728259,
        42.599994,
        475.5
      ],
      [
        -6.729078,
        42.600001,
        474.75
      ],
      [
        -6.729992,
        42.600035,
        474.75
      ],
      [
        -6.730435,
        42.600056,
        474.75
      ],
      [
        -6.730559,
        42.600059,
        474.75
      ],
      [
        -6.730744,
        42.600065,
        474.75
      ],
      [
        -6.730972,
        42.600072,
        474.75
      ],
      [
        -6.731232,
        42.600082,
        474.5
      ],
      [
        -6.731427,
        42.600102,
        474.5
      ],
      [
        -6.731637,
        42.60014,
        474.75
      ],
      [
        -6.732483,
        42.600359,
        475.5
      ],
      [
        -6.733201,
        42.600535,
        475.75
      ],
      [
        -6.733796,
        42.600682,
        475.25
      ],
      [
        -6.734154,
        42.600768,
        475.75
      ],
      [
        -6.735004,
        42.600996,
        476.0
      ],
      [
        -6.735086,
        42.60102,
        476.0
      ],
      [
        -6.735278,
        42.601075,
        476.0
      ],
      [
        -6.736928,
        42.601564,
        477.5
      ],
      [
        -6.737342,
        42.601705,
        478.25
      ],
      [
        -6.737487,
        42.601762,
        478.5
      ],
      [
        -6.737971,
        42.601999,
        479.0
      ],
      [
        -6.738833,
        42.60246,
        480.0
      ],
      [
        -6.739502,
        42.602807,
        482.0
      ],
      [
        -6.73989,
        42.603006,
        484.25
      ],
      [
        -6.740886,
        42.603516,
        489.5
      ],
      [
        -6.741854,
        42.604012,
        495.25
      ],
      [
        -6.742257,
        42.604228,
        499.0
      ],
      [
        -6.742754,
        42.604466,
        503.75
      ],
      [
        -6.742984,
        42.604544,
        505.5
      ],
      [
        -6.74322,
        42.604604,
        507.75
      ],
      [
        -6.743504,
        42.604663,
        509.5
      ],
      [
        -6.746013,
        42.605069,
        520.0
      ],
      [
        -6.746101,
        42.605083,
        520.25
      ],
      [
        -6.748129,
        42.60541,
        532.5
      ],
      [
        -6.748304,
        42.605438,
        534.0
      ],
      [
        -6.749092,
        42.605563,
        535.5
      ],
      [
        -6.749314,
        42.6056,
        536.75
      ],
      [
        -6.749373,
        42.60565,
        536.75
      ],
      [
        -6.7494,
        42.605663,
        536.75
      ],
      [
        -6.749184,
        42.605992,
        533.25
      ],
      [
        -6.74917,
        42.606004,
        533.0
      ],
      [
        -6.749033,
        42.60612,
        530.25
      ],
      [
        -6.748928,
        42.606093,
        527.75
      ],
      [
        -6.748753,
        42.60605,
        527.75
      ],
      [
        -6.748755,
        42.605937,
        528.75
      ],
      [
        -6.748784,
        42.605833,
        529.75
      ],
      [
        -6.748863,
        42.60575,
        531.75
      ],
      [
        -6.749051,
        42.605592,
        535.25
      ],
      [
        -6.749092,
        42.605563,
        535.5
      ],
      [
        -6.749314,
        42.6056,
        536.75
      ],
      [
        -6.749908,
        42.605698,
        540.5
      ],
      [
        -6.750844,
        42.605851,
        542.75
      ],
      [
        -6.751646,
        42.605939,
        545.0
      ],
      [
        -6.752461,
        42.606005,
        547.0
      ],
      [
        -6.752643,
        42.606019,
        548.25
      ],
      [
        -6.754268,
        42.606148,
        557.0
      ],
      [
        -6.754672,
        42.60617,
        559.25
      ],
      [
        -6.754907,
        42.606172,
        561.0
      ],
      [
        -6.755344,
        42.606149,
        564.0
      ],
      [
        -6.755532,
        42.606123,
        564.75
      ],
      [
        -6.755692,
        42.60609,
        566.25
      ],
      [
        -6.757957,
        42.605567,
        560.5
      ],
      [
        -6.759219,
        42.605288,
        554.0
      ],
      [
        -6.760059,
        42.605102,
        549.25
      ],
      [
        -6.760332,
        42.605028,
        548.0
      ],
      [
        -6.760572,
        42.604954,
        546.25
      ],
      [
        -6.7619,
        42.604515,
        541.0
      ],
      [
        -6.76234,
        42.604386,
        536.75
      ],
      [
        -6.762463,
        42.604362,
        536.5
      ],
      [
        -6.762584,
        42.604349,
        535.75
      ],
      [
        -6.762892,
        42.604341,
        534.0
      ],
      [
        -6.764446,
        42.604368,
        524.5
      ],
      [
        -6.764836,
        42.604348,
        522.5
      ],
      [
        -6.765261,
        42.604285,
        521.75
      ],
      [
        -6.765565,
        42.604218,
        522.0
      ],
      [
        -6.765796,
        42.604145,
        521.75
      ],
      [
        -6.766046,
        42.604044,
        521.0
      ],
      [
        -6.766241,
        42.603952,
        520.75
      ],
      [
        -6.766889,
        42.603591,
        520.0
      ],
      [
        -6.768151,
        42.602879,
        518.75
      ],
      [
        -6.768332,
        42.602751,
        519.75
      ],
      [
        -6.768778,
        42.602384,
        522.0
      ],
      [
        -6.769829,
        42.601557,
        533.25
      ],
      [
        -6.770046,
        42.601425,
        534.0
      ],
      [
        -6.770199,
        42.601364,
        533.75
      ],
      [
        -6.770363,
        42.601321,
        534.5
      ],
      [
        -6.770543,
        42.601306,
        536.0
      ],
      [
        -6.77073,
        42.601304,
        535.75
      ],
      [
        -6.772282,
        42.601418,
        532.5
      ],
      [
        -6.772616,
        42.601448,
        532.75
      ],
      [
        -6.772863,
        42.601483,
        532.5
      ],
      [
        -6.773842,
        42.601659,
        525.0
      ],
      [
        -6.77415,
        42.601706,
        523.25
      ],
      [
        -6.774383,
        42.601728,
        522.25
      ],
      [
        -6.774608,
        42.601733,
        522.0
      ],
      [
        -6.774674,
        42.601729,
        522.0
      ],
      [
        -6.774803,
        42.60172,
        521.5
      ],
      [
        -6.775013,
        42.601691,
        521.0
      ],
      [
        -6.775291,
        42.60163,
        521.25
      ],
      [
        -6.77572,
        42.601481,
        518.75
      ],
      [
        -6.776338,
        42.601192,
        519.75
      ],
      [
        -6.777503,
        42.600644,
        522.5
      ],
      [
        -6.779157,
        42.59984,
        534.75
      ],
      [
        -6.779612,
        42.599653,
        536.0
      ],
      [
        -6.779963,
        42.599603,
        536.25
      ],
      [
        -6.780706,
        42.59961,
        534.25
      ],
      [
        -6.782212,
        42.599648,
        530.25
      ],
      [
        -6.784918,
        42.599697,
        526.5
      ],
      [
        -6.788464,
        42.599754,
        536.25
      ],
      [
        -6.791489,
        42.599832,
        534.0
      ],
      [
        -6.793972,
        42.599856,
        527.5
      ],
      [
        -6.795699,
        42.599885,
        529.0
      ],
      [
        -6.796445,
        42.599892,
        523.0
      ],
      [
        -6.796624,
        42.59989,
        524.5
      ],
      [
        -6.796787,
        42.599903,
        525.75
      ],
      [
        -6.796982,
        42.599908,
        527.5
      ],
      [
        -6.797266,
        42.599906,
        530.0
      ],
      [
        -6.797385,
        42.599904,
        530.5
      ],
      [
        -6.797975,
        42.599913,
        533.5
      ],
      [
        -6.801013,
        42.59999,
        541.25
      ],
      [
        -6.802075,
        42.600011,
        543.0
      ],
      [
        -6.804401,
        42.600051,
        542.25
      ],
      [
        -6.804536,
        42.60006,
        542.25
      ],
      [
        -6.804668,
        42.600081,
        542.75
      ],
      [
        -6.804877,
        42.600127,
        542.75
      ],
      [
        -6.805133,
        42.6002,
        541.5
      ],
      [
        -6.805571,
        42.600346,
        539.0
      ],
      [
        -6.805654,
        42.600369,
        538.5
      ],
      [
        -6.806526,
        42.600676,
        535.25
      ],
      [
        -6.806899,
        42.600791,
        533.0
      ],
      [
        -6.807118,
        42.600866,
        532.5
      ],
      [
        -6.807278,
        42.600943,
        531.75
      ],
      [
        -6.80739,
        42.60102,
        531.25
      ],
      [
        -6.807483,
        42.601104,
        531.0
      ],
      [
        -6.807582,
        42.601236,
        531.0
      ],
      [
        -6.809155,
        42.603827,
        529.5
      ],
      [
        -6.809375,
        42.60413,
        527.5
      ],
      [
        -6.809493,
        42.604241,
        526.0
      ],
      [
        -6.809618,
        42.604337,
        524.75
      ],
      [
        -6.809766,
        42.604432,
        523.75
      ],
      [
        -6.809842,
        42.60446,
        523.25
      ],
      [
        -6.809893,
        42.604474,
        523.0
      ],
      [
        -6.810013,
        42.604467,
        522.75
      ],
      [
        -6.810747,
        42.60425,
        522.25
      ],
      [
        -6.810794,
        42.604245,
        522.0
      ],
      [
        -6.810851,
        42.604251,
        521.75
      ],
      [
        -6.810895,
        42.604267,
        521.5
      ],
      [
        -6.810942,
        42.604303,
        521.5
      ],
      [
        -6.810969,
        42.604347,
        521.0
      ],
      [
        -6.811251,
        42.60489,
        513.25
      ],
      [
        -6.811263,
        42.604915,
        513.0
      ],
      [
        -6.811266,
        42.604964,
        512.75
      ],
      [
        -6.811273,
        42.605084,
        511.5
      ],
      [
        -6.811255,
        42.605087,
        511.75
      ],
      [
        -6.811226,
        42.605105,
        511.75
      ],
      [
        -6.811217,
        42.605132,
        511.5
      ],
      [
        -6.811231,
        42.605158,
        511.0
      ],
      [
        -6.811257,
        42.605172,
        510.75
      ],
      [
        -6.81129,
        42.605174,
        510.5
      ],
      [
        -6.81122,
        42.605226,
        510.25
      ],
      [
        -6.811088,
        42.605356,
        508.5
      ],
      [
        -6.810994,
        42.605407,
        506.25
      ],
      [
        -6.811088,
        42.605356,
        508.5
      ],
      [
        -6.81122,
        42.605226,
        510.25
      ],
      [
        -6.81129,
        42.605174,
        510.5
      ],
      [
        -6.811325,
        42.605161,
        510.25
      ],
      [
        -6.811336,
        42.605148,
        510.25
      ],
      [
        -6.81134,
        42.60512,
        510.5
      ],
      [
        -6.811407,
        42.605091,
        510.0
      ],
      [
        -6.811442,
        42.605067,
        510.0
      ],
      [
        -6.812037,
        42.604655,
        509.0
      ],
      [
        -6.812299,
        42.604479,
        509.0
      ],
      [
        -6.8126,
        42.604276,
        508.75
      ],
      [
        -6.812746,
        42.604145,
        509.0
      ],
      [
        -6.812813,
        42.604064,
        509.0
      ],
      [
        -6.812856,
        42.603994,
        509.0
      ],
      [
        -6.812901,
        42.603897,
        509.5
      ],
      [
        -6.812938,
        42.603789,
        509.5
      ],
      [
        -6.812963,
        42.603668,
        509.5
      ],
      [
        -6.812965,
        42.603585,
        509.5
      ],
      [
        -6.812967,
        42.603502,
        509.25
      ],
      [
        -6.81295,
        42.603429,
        509.25
      ],
      [
        -6.812927,
        42.603344,
        509.0
      ],
      [
        -6.812888,
        42.603217,
        508.25
      ],
      [
        -6.812755,
        42.603028,
        507.0
      ],
      [
        -6.812567,
        42.602793,
        506.75
      ],
      [
        -6.812504,
        42.602715,
        506.25
      ],
      [
        -6.812334,
        42.602506,
        506.25
      ],
      [
        -6.812302,
        42.602422,
        505.5
      ],
      [
        -6.812294,
        42.602377,
        505.0
      ],
      [
        -6.812318,
        42.602343,
        504.25
      ],
      [
        -6.81235,
        42.602322,
        503.75
      ],
      [
        -6.812431,
        42.602327,
        503.25
      ],
      [
        -6.812602,
        42.602383,
        501.5
      ],
      [
        -6.814051,
        42.603159,
        498.5
      ],
      [
        -6.814322,
        42.603311,
        496.25
      ],
      [
        -6.814488,
        42.603421,
        495.0
      ],
      [
        -6.814595,
        42.603506,
        494.25
      ],
      [
        -6.814745,
        42.603644,
        492.5
      ],
      [
        -6.81481,
        42.603711,
        491.75
      ],
      [
        -6.814839,
        42.603754,
        491.5
      ],
      [
        -6.815022,
        42.604006,
        491.0
      ],
      [
        -6.815094,
        42.604174,
        490.5
      ],
      [
        -6.815411,
        42.604911,
        488.75
      ],
      [
        -6.815983,
        42.606226,
        494.25
      ],
      [
        -6.816012,
        42.606298,
        494.5
      ],
      [
        -6.816346,
        42.607056,
        493.0
      ],
      [
        -6.816403,
        42.607166,
        494.0
      ],
      [
        -6.816457,
        42.607293,
        495.0
      ],
      [
        -6.816543,
        42.607461,
        496.25
      ],
      [
        -6.816587,
        42.607535,
        496.5
      ],
      [
        -6.816651,
        42.607631,
        496.75
      ],
      [
        -6.816716,
        42.607713,
        497.5
      ],
      [
        -6.816836,
        42.607868,
        501.75
      ],
      [
        -6.816896,
        42.607934,
        501.75
      ],
      [
        -6.817273,
        42.608402,
        503.25
      ],
      [
        -6.819825,
        42.610954,
        512.25
      ],
      [
        -6.819864,
        42.610989,
        512.25
      ],
      [
        -6.820217,
        42.611322,
        505.75
      ],
      [
        -6.820369,
        42.611481,
        507.75
      ],
      [
        -6.820493,
        42.611644,
        508.0
      ],
      [
        -6.820936,
        42.612373,
        509.5
      ],
      [
        -6.82128,
        42.612983,
        508.5
      ],
      [
        -6.821344,
        42.613172,
        508.0
      ],
      [
        -6.821349,
        42.613268,
        508.0
      ],
      [
        -6.821338,
        42.61337,
        508.75
      ],
      [
        -6.821268,
        42.613537,
        510.75
      ],
      [
        -6.821016,
        42.61407,
        509.25
      ],
      [
        -6.82098,
        42.61426,
        510.0
      ],
      [
        -6.820988,
        42.61439,
        510.5
      ],
      [
        -6.821026,
        42.614521,
        511.0
      ],
      [
        -6.82112,
        42.614674,
        508.25
      ],
      [
        -6.821232,
        42.614795,
        511.5
      ],
      [
        -6.82137,
        42.614897,
        511.5
      ],
      [
        -6.821491,
        42.614964,
        510.75
      ],
      [
        -6.821596,
        42.615009,
        510.25
      ],
      [
        -6.821728,
        42.615052,
        511.75
      ],
      [
        -6.822,
        42.615091,
        513.0
      ],
      [
        -6.822146,
        42.615102,
        513.0
      ],
      [
        -6.822368,
        42.615085,
        511.75
      ],
      [
        -6.823309,
        42.614935,
        511.0
      ],
      [
        -6.823398,
        42.614932,
        511.5
      ],
      [
        -6.823482,
        42.614928,
        511.75
      ],
      [
        -6.823662,
        42.614933,
        512.5
      ],
      [
        -6.823852,
        42.61495,
        512.5
      ],
      [
        -6.824039,
        42.614977,
        512.25
      ],
      [
        -6.824326,
        42.615066,
        515.5
      ],
      [
        -6.824527,
        42.615171,
        515.0
      ],
      [
        -6.824722,
        42.615314,
        514.0
      ],
      [
        -6.824845,
        42.615455,
        515.25
      ],
      [
        -6.825375,
        42.61614,
        517.0
      ],
      [
        -6.825842,
        42.616602,
        517.25
      ],
      [
        -6.826248,
        42.616919,
        521.0
      ],
      [
        -6.82669,
        42.617197,
        520.75
      ],
      [
        -6.827138,
        42.617413,
        523.5
      ],
      [
        -6.827606,
        42.617594,
        527.25
      ],
      [
        -6.828929,
        42.618063,
        525.0
      ],
      [
        -6.82911,
        42.618154,
        526.75
      ],
      [
        -6.829296,
        42.618272,
        525.5
      ],
      [
        -6.829449,
        42.61842,
        526.5
      ],
      [
        -6.829552,
        42.618555,
        526.75
      ],
      [
        -6.829761,
        42.618895,
        524.75
      ],
      [
        -6.830122,
        42.619609,
        524.0
      ],
      [
        -6.830437,
        42.62025,
        525.75
      ],
      [
        -6.830483,
        42.620388,
        525.0
      ],
      [
        -6.830502,
        42.620523,
        524.25
      ],
      [
        -6.830502,
        42.620639,
        523.5
      ],
      [
        -6.830455,
        42.62086,
        522.75
      ],
      [
        -6.83036,
        42.621052,
        519.25
      ],
      [
        -6.829755,
        42.621868,
        520.75
      ],
      [
        -6.829672,
        42.621998,
        520.5
      ],
      [
        -6.829605,
        42.622132,
        521.0
      ],
      [
        -6.829566,
        42.622251,
        520.0
      ],
      [
        -6.829558,
        42.622405,
        520.25
      ],
      [
        -6.829588,
        42.622616,
        520.75
      ],
      [
        -6.829628,
        42.622724,
        520.75
      ],
      [
        -6.82968,
        42.622823,
        521.25
      ],
      [
        -6.829758,
        42.622921,
        521.25
      ],
      [
        -6.829867,
        42.623026,
        521.25
      ],
      [
        -6.830007,
        42.623129,
        521.75
      ],
      [
        -6.830103,
        42.623192,
        521.75
      ],
      [
        -6.830205,
        42.623248,
        521.5
      ],
      [
        -6.830353,
        42.623308,
        521.0
      ],
      [
        -6.830629,
        42.623376,
        522.0
      ],
      [
        -6.83079,
        42.623391,
        522.75
      ],
      [
        -6.830912,
        42.623393,
        522.5
      ],
      [
        -6.831045,
        42.623393,
        522.0
      ],
      [
        -6.831271,
        42.623379,
        521.5
      ],
      [
        -6.831708,
        42.623331,
        519.75
      ],
      [
        -6.832075,
        42.623274,
        521.25
      ],
      [
        -6.832303,
        42.623233,
        524.25
      ],
      [
        -6.832522,
        42.623184,
        526.0
      ],
      [
        -6.83281,
        42.62311,
        523.25
      ],
      [
        -6.833046,
        42.62303,
        521.25
      ],
      [
        -6.833282,
        42.622933,
        523.5
      ],
      [
        -6.833459,
        42.62285,
        523.5
      ],
      [
        -6.833751,
        42.622684,
        524.5
      ],
      [
        -6.83401,
        42.622512,
        523.75
      ],
      [
        -6.834738,
        42.621883,
        523.0
      ],
      [
        -6.834954,
        42.621724,
        524.0
      ],
      [
        -6.835451,
        42.621233,
        525.25
      ],
      [
        -6.835567,
        42.621156,
        525.25
      ],
      [
        -6.835757,
        42.621094,
        525.0
      ],
      [
        -6.835936,
        42.621054,
        527.0
      ],
      [
        -6.836153,
        42.621039,
        529.5
      ],
      [
        -6.836324,
        42.621041,
        529.25
      ],
      [
        -6.836476,
        42.621056,
        527.75
      ],
      [
        -6.836672,
        42.621086,
        524.75
      ],
      [
        -6.836812,
        42.621149,
        525.5
      ],
      [
        -6.836953,
        42.621231,
        524.75
      ],
      [
        -6.837077,
        42.621313,
        524.5
      ],
      [
        -6.837208,
        42.621455,
        525.75
      ],
      [
        -6.837327,
        42.621607,
        524.25
      ],
      [
        -6.837474,
        42.621822,
        525.25
      ],
      [
        -6.837598,
        42.622052,
        527.75
      ],
      [
        -6.837778,
        42.622273,
        528.25
      ],
      [
        -6.838021,
        42.622477,
        528.5
      ],
      [
        -6.838157,
        42.622578,
        529.5
      ],
      [
        -6.838323,
        42.622678,
        530.25
      ],
      [
        -6.838521,
        42.622771,
        529.0
      ],
      [
        -6.838833,
        42.622896,
        531.0
      ],
      [
        -6.838851,
        42.622975,
        530.25
      ],
      [
        -6.83889,
        42.623062,
        529.0
      ],
      [
        -6.839003,
        42.62326,
        530.5
      ],
      [
        -6.839273,
        42.623604,
        530.75
      ],
      [
        -6.83945,
        42.623813,
        532.5
      ],
      [
        -6.839679,
        42.62397,
        532.5
      ],
      [
        -6.839812,
        42.624041,
        532.75
      ],
      [
        -6.84042,
        42.624297,
        532.25
      ],
      [
        -6.841285,
        42.624682,
        535.25
      ],
      [
        -6.841541,
        42.624786,
        535.25
      ],
      [
        -6.841832,
        42.624889,
        535.0
      ],
      [
        -6.841996,
        42.624965,
        535.25
      ],
      [
        -6.842274,
        42.62512,
        536.25
      ],
      [
        -6.842976,
        42.625455,
        540.0
      ],
      [
        -6.843058,
        42.625502,
        540.0
      ],
      [
        -6.843357,
        42.625725,
        541.0
      ],
      [
        -6.843516,
        42.625836,
        540.5
      ],
      [
        -6.84358,
        42.625894,
        540.5
      ],
      [
        -6.8437,
        42.626005,
        540.5
      ],
      [
        -6.843812,
        42.626095,
        540.25
      ],
      [
        -6.843841,
        42.626111,
        540.25
      ],
      [
        -6.844366,
        42.626232,
        540.5
      ],
      [
        -6.844563,
        42.62629,
        539.5
      ],
      [
        -6.844837,
        42.626407,
        538.5
      ],
      [
        -6.84495,
        42.626433,
        538.75
      ],
      [
        -6.845239,
        42.626458,
        538.0
      ],
      [
        -6.845532,
        42.626501,
        536.75
      ],
      [
        -6.846095,
        42.626612,
        532.0
      ],
      [
        -6.846217,
        42.626835,
        531.5
      ],
      [
        -6.846326,
        42.6271,
        532.5
      ],
      [
        -6.846415,
        42.627424,
        530.5
      ],
      [
        -6.846521,
        42.627876,
        530.5
      ],
      [
        -6.846607,
        42.628187,
        531.75
      ],
      [
        -6.846713,
        42.628474,
        531.5
      ],
      [
        -6.846873,
        42.628805,
        532.25
      ],
      [
        -6.847031,
        42.629075,
        532.75
      ],
      [
        -6.847336,
        42.629459,
        532.5
      ],
      [
        -6.847541,
        42.629689,
        532.0
      ],
      [
        -6.847749,
        42.629894,
        533.0
      ],
      [
        -6.848145,
        42.63024,
        533.75
      ],
      [
        -6.849783,
        42.631615,
        535.75
      ],
      [
        -6.850605,
        42.632266,
        537.0
      ],
      [
        -6.850981,
        42.632523,
        536.5
      ],
      [
        -6.852232,
        42.633464,
        537.75
      ],
      [
        -6.852318,
        42.633543,
        537.5
      ],
      [
        -6.852386,
        42.633634,
        537.75
      ],
      [
        -6.852443,
        42.633728,
        538.0
      ],
      [
        -6.852484,
        42.633815,
        537.75
      ],
      [
        -6.852773,
        42.634665,
        538.75
      ],
      [
        -6.852841,
        42.634812,
        539.75
      ],
      [
        -6.852946,
        42.634973,
        540.75
      ],
      [
        -6.853175,
        42.635304,
        540.5
      ],
      [
        -6.853589,
        42.635813,
        539.25
      ],
      [
        -6.854064,
        42.636361,
        541.25
      ],
      [
        -6.854671,
        42.637046,
        542.0
      ],
      [
        -6.854944,
        42.637288,
        542.25
      ],
      [
        -6.855644,
        42.637765,
        542.25
      ],
      [
        -6.856371,
        42.638202,
        545.75
      ],
      [
        -6.856561,
        42.638308,
        544.75
      ],
      [
        -6.856747,
        42.638396,
        544.5
      ],
      [
        -6.857011,
        42.638486,
        548.25
      ],
      [
        -6.857274,
        42.638549,
        548.0
      ],
      [
        -6.857672,
        42.638613,
        543.75
      ],
      [
        -6.85848,
        42.638723,
        547.0
      ],
      [
        -6.860048,
        42.638908,
        545.75
      ],
      [
        -6.860181,
        42.638909,
        546.5
      ],
      [
        -6.860353,
        42.638894,
        546.0
      ],
      [
        -6.860507,
        42.63887,
        545.5
      ],
      [
        -6.860717,
        42.638815,
        547.0
      ],
      [
        -6.860874,
        42.638748,
        548.25
      ],
      [
        -6.8611,
        42.638623,
        547.5
      ],
      [
        -6.861218,
        42.638542,
        549.25
      ],
      [
        -6.861561,
        42.638274,
        549.25
      ],
      [
        -6.86173,
        42.638154,
        551.0
      ],
      [
        -6.861907,
        42.638068,
        549.5
      ],
      [
        -6.862088,
        42.638,
        551.75
      ],
      [
        -6.862256,
        42.637959,
        555.25
      ],
      [
        -6.862497,
        42.637929,
        558.5
      ],
      [
        -6.862698,
        42.637929,
        554.0
      ],
      [
        -6.862892,
        42.637954,
        550.5
      ],
      [
        -6.86308,
        42.638003,
        548.75
      ],
      [
        -6.863359,
        42.638105,
        550.0
      ],
      [
        -6.863766,
        42.638338,
        549.5
      ],
      [
        -6.864308,
        42.638659,
        550.5
      ],
      [
        -6.865255,
        42.63915,
        548.0
      ],
      [
        -6.866639,
        42.639803,
        550.5
      ],
      [
        -6.867458,
        42.640161,
        549.5
      ],
      [
        -6.867614,
        42.640237,
        548.5
      ],
      [
        -6.867842,
        42.640346,
        549.25
      ],
      [
        -6.868272,
        42.640574,
        551.25
      ],
      [
        -6.868467,
        42.640667,
        552.25
      ],
      [
        -6.868927,
        42.640924,
        552.25
      ],
      [
        -6.869749,
        42.641467,
        553.25
      ],
      [
        -6.870319,
        42.641878,
        555.0
      ],
      [
        -6.870599,
        42.642102,
        555.75
      ],
      [
        -6.871332,
        42.642759,
        556.0
      ],
      [
        -6.872005,
        42.643452,
        557.75
      ],
      [
        -6.87298,
        42.644483,
        558.75
      ],
      [
        -6.87357,
        42.645032,
        557.5
      ],
      [
        -6.874063,
        42.645449,
        557.25
      ],
      [
        -6.874257,
        42.645598,
        557.5
      ],
      [
        -6.874867,
        42.646066,
        556.5
      ],
      [
        -6.875053,
        42.646182,
        557.25
      ],
      [
        -6.875155,
        42.646301,
        557.0
      ],
      [
        -6.875157,
        42.646367,
        556.75
      ],
      [
        -6.87519,
        42.64643,
        556.25
      ],
      [
        -6.87525,
        42.64648,
        556.0
      ],
      [
        -6.87533,
        42.646512,
        555.75
      ],
      [
        -6.875419,
        42.646523,
        556.0
      ],
      [
        -6.875509,
        42.64651,
        556.5
      ],
      [
        -6.875634,
        42.646565,
        556.25
      ],
      [
        -6.876341,
        42.646923,
        556.5
      ],
      [
        -6.876449,
        42.646963,
        556.5
      ],
      [
        -6.877384,
        42.647409,
        556.5
      ],
      [
        -6.877486,
        42.647451,
        556.75
      ],
      [
        -6.878344,
        42.647783,
        556.75
      ],
      [
        -6.878718,
        42.647915,
        554.5
      ],
      [
        -6.879342,
        42.648105,
        555.75
      ],
      [
        -6.879967,
        42.648279,
        556.75
      ],
      [
        -6.880718,
        42.64845,
        558.0
      ],
      [
        -6.88132,
        42.648572,
        558.5
      ],
      [
        -6.881719,
        42.648639,
        559.75
      ],
      [
        -6.881694,
        42.648766,
        559.75
      ],
      [
        -6.881597,
        42.649411,
        567.25
      ],
      [
        -6.881958,
        42.649401,
        567.5
      ],
      [
        -6.882057,
        42.649405,
        567.5
      ],
      [
        -6.882174,
        42.649425,
        567.5
      ],
      [
        -6.882508,
        42.649449,
        569.0
      ],
      [
        -6.882622,
        42.649469,
        569.5
      ],
      [
        -6.882585,
        42.64959,
        572.25
      ],
      [
        -6.882421,
        42.649654,
        573.25
      ],
      [
        -6.88226,
        42.64978,
        577.5
      ],
      [
        -6.882129,
        42.64987,
        580.5
      ],
      [
        -6.882342,
        42.649894,
        582.75
      ],
      [
        -6.882746,
        42.649967,
        587.25
      ],
      [
        -6.882849,
        42.650013,
        588.75
      ],
      [
        -6.882905,
        42.650054,
        590.25
      ],
      [
        -6.883,
        42.650076,
        590.25
      ],
      [
        -6.883143,
        42.65005,
        589.0
      ],
      [
        -6.883302,
        42.650049,
        589.75
      ],
      [
        -6.883519,
        42.650122,
        593.25
      ],
      [
        -6.883699,
        42.65014,
        594.5
      ],
      [
        -6.884166,
        42.650156,
        597.5
      ],
      [
        -6.884399,
        42.650197,
        599.5
      ],
      [
        -6.884535,
        42.650242,
        600.75
      ],
      [
        -6.884765,
        42.650347,
        603.75
      ],
      [
        -6.88503,
        42.650496,
        607.25
      ],
      [
        -6.885243,
        42.650658,
        610.75
      ],
      [
        -6.885623,
        42.651015,
        617.0
      ],
      [
        -6.885814,
        42.651301,
        619.25
      ],
      [
        -6.885643,
        42.651345,
        622.5
      ],
      [
        -6.885608,
        42.651269,
        622.5
      ],
      [
        -6.885514,
        42.651199,
        624.5
      ],
      [
        -6.885239,
        42.651048,
        627.75
      ],
      [
        -6.884836,
        42.650865,
        629.5
      ],
      [
        -6.884497,
        42.650757,
        630.75
      ],
      [
        -6.884288,
        42.650704,
        630.25
      ],
      [
        -6.884086,
        42.650678,
        630.75
      ],
      [
        -6.883859,
        42.650671,
        632.0
      ],
      [
        -6.88368,
        42.650686,
        632.5
      ],
      [
        -6.883526,
        42.650723,
        633.5
      ],
      [
        -6.883407,
        42.650762,
        634.25
      ],
      [
        -6.88322,
        42.650873,
        637.5
      ],
      [
        -6.88314,
        42.650899,
        638.0
      ],
      [
        -6.883046,
        42.650896,
        636.75
      ],
      [
        -6.8829,
        42.650875,
        636.0
      ],
      [
        -6.882814,
        42.650874,
        636.25
      ],
      [
        -6.882267,
        42.650939,
        639.75
      ],
      [
        -6.882141,
        42.650965,
        639.5
      ],
      [
        -6.882051,
        42.651004,
        639.75
      ],
      [
        -6.881938,
        42.651072,
        641.0
      ],
      [
        -6.881862,
        42.651105,
        642.5
      ],
      [
        -6.881814,
        42.65111,
        642.75
      ],
      [
        -6.88174,
        42.651097,
        642.25
      ],
      [
        -6.881647,
        42.651064,
        641.0
      ],
      [
        -6.881523,
        42.651035,
        641.0
      ],
      [
        -6.881371,
        42.651022,
        642.0
      ],
      [
        -6.881199,
        42.65103,
        643.0
      ],
      [
        -6.880982,
        42.651067,
        644.5
      ],
      [
        -6.880677,
        42.651164,
        646.5
      ],
      [
        -6.880227,
        42.651395,
        651.0
      ],
      [
        -6.880036,
        42.651537,
        653.25
      ],
      [
        -6.879887,
        42.651694,
        658.25
      ],
      [
        -6.879823,
        42.651723,
        659.0
      ],
      [
        -6.879695,
        42.651717,
        658.0
      ],
      [
        -6.879489,
        42.651635,
        659.75
      ],
      [
        -6.879355,
        42.651593,
        660.75
      ],
      [
        -6.879221,
        42.651579,
        662.25
      ],
      [
        -6.878935,
        42.651607,
        665.5
      ],
      [
        -6.87868,
        42.651717,
        669.5
      ],
      [
        -6.878459,
        42.651856,
        672.75
      ],
      [
        -6.878292,
        42.651999,
        676.75
      ],
      [
        -6.878185,
        42.652037,
        679.25
      ],
      [
        -6.878114,
        42.652024,
        679.0
      ],
      [
        -6.878035,
        42.651965,
        677.5
      ],
      [
        -6.877781,
        42.651679,
        678.25
      ],
      [
        -6.877034,
        42.651307,
        686.0
      ],
      [
        -6.876811,
        42.651162,
        686.5
      ],
      [
        -6.876596,
        42.651055,
        687.75
      ],
      [
        -6.876402,
        42.650985,
        690.0
      ],
      [
        -6.876297,
        42.650975,
        689.5
      ],
      [
        -6.876198,
        42.651006,
        690.25
      ],
      [
        -6.876149,
        42.651057,
        691.5
      ],
      [
        -6.876158,
        42.651134,
        692.5
      ],
      [
        -6.876224,
        42.651198,
        692.0
      ],
      [
        -6.876471,
        42.651364,
        695.75
      ],
      [
        -6.877017,
        42.651787,
        703.25
      ],
      [
        -6.877514,
        42.65238,
        710.75
      ],
      [
        -6.877935,
        42.652709,
        716.75
      ],
      [
        -6.87821,
        42.652879,
        721.75
      ],
      [
        -6.878285,
        42.652882,
        721.5
      ],
      [
        -6.878575,
        42.652803,
        722.25
      ],
      [
        -6.878671,
        42.652788,
        722.5
      ],
      [
        -6.878741,
        42.652794,
        723.0
      ],
      [
        -6.879194,
        42.652891,
        726.5
      ],
      [
        -6.879397,
        42.652944,
        727.5
      ],
      [
        -6.879719,
        42.65306,
        731.25
      ],
      [
        -6.879817,
        42.653082,
        732.75
      ],
      [
        -6.879932,
        42.653089,
        733.5
      ],
      [
        -6.880748,
        42.652937,
        737.25
      ],
      [
        -6.880816,
        42.652938,
        738.0
      ],
      [
        -6.880884,
        42.65295,
        738.0
      ],
      [
        -6.880948,
        42.652986,
        738.75
      ],
      [
        -6.881007,
        42.653057,
        740.0
      ],
      [
        -6.881019,
        42.653114,
        739.75
      ],
      [
        -6.880997,
        42.653194,
        740.25
      ],
      [
        -6.88097,
        42.65323,
        740.75
      ],
      [
        -6.880817,
        42.653323,
        744.0
      ],
      [
        -6.880734,
        42.653365,
        744.25
      ],
      [
        -6.880608,
        42.653418,
        744.75
      ],
      [
        -6.880468,
        42.653459,
        745.5
      ],
      [
        -6.880338,
        42.653481,
        746.5
      ],
      [
        -6.880182,
        42.653495,
        747.75
      ],
      [
        -6.88007,
        42.653491,
        748.75
      ],
      [
        -6.880062,
        42.653552,
        749.25
      ],
      [
        -6.88003,
        42.653575,
        750.0
      ],
      [
        -6.879915,
        42.653595,
        751.75
      ],
      [
        -6.879731,
        42.653647,
        754.75
      ],
      [
        -6.879597,
        42.653697,
        757.5
      ],
      [
        -6.879451,
        42.653799,
        761.0
      ],
      [
        -6.879339,
        42.653855,
        764.5
      ],
      [
        -6.879276,
        42.653911,
        766.5
      ],
      [
        -6.879217,
        42.653996,
        768.0
      ],
      [
        -6.878998,
        42.654174,
        773.5
      ],
      [
        -6.878878,
        42.654249,
        775.25
      ],
      [
        -6.878819,
        42.654272,
        776.25
      ],
      [
        -6.87874,
        42.65429,
        777.75
      ],
      [
        -6.878691,
        42.654288,
        778.75
      ],
      [
        -6.878456,
        42.654256,
        784.5
      ],
      [
        -6.87822,
        42.65421,
        789.0
      ],
      [
        -6.878137,
        42.654184,
        790.0
      ],
      [
        -6.877787,
        42.654227,
        795.0
      ],
      [
        -6.877564,
        42.654231,
        798.0
      ],
      [
        -6.877295,
        42.654292,
        802.75
      ],
      [
        -6.877167,
        42.654331,
        804.25
      ],
      [
        -6.877127,
        42.65437,
        805.25
      ],
      [
        -6.877122,
        42.654396,
        806.25
      ],
      [
        -6.877131,
        42.654421,
        807.25
      ],
      [
        -6.877189,
        42.654476,
        809.5
      ],
      [
        -6.87728,
        42.654591,
        812.25
      ],
      [
        -6.87733,
        42.654741,
        815.5
      ],
      [
        -6.877398,
        42.655073,
        821.0
      ],
      [
        -6.877388,
        42.655112,
        821.5
      ],
      [
        -6.87737,
        42.655142,
        822.25
      ],
      [
        -6.877306,
        42.655155,
        823.5
      ],
      [
        -6.877234,
        42.655144,
        824.75
      ],
      [
        -6.877088,
        42.655101,
        826.75
      ],
      [
        -6.876976,
        42.655089,
        828.25
      ],
      [
        -6.876893,
        42.655124,
        829.25
      ],
      [
        -6.87664,
        42.655347,
        833.5
      ],
      [
        -6.876402,
        42.655512,
        835.5
      ],
      [
        -6.876125,
        42.65566,
        841.0
      ],
      [
        -6.87604,
        42.65574,
        843.0
      ],
      [
        -6.875986,
        42.65581,
        844.5
      ],
      [
        -6.875949,
        42.655937,
        846.0
      ],
      [
        -6.875885,
        42.656073,
        848.5
      ],
      [
        -6.875805,
        42.656165,
        850.5
      ],
      [
        -6.875644,
        42.656284,
        854.25
      ],
      [
        -6.87511,
        42.656549,
        860.5
      ],
      [
        -6.874904,
        42.656646,
        863.25
      ],
      [
        -6.874683,
        42.65678,
        867.25
      ],
      [
        -6.874474,
        42.65692,
        871.25
      ],
      [
        -6.874256,
        42.657018,
        874.5
      ],
      [
        -6.87408,
        42.657068,
        876.5
      ],
      [
        -6.873816,
        42.657104,
        880.0
      ],
      [
        -6.873639,
        42.657136,
        881.75
      ],
      [
        -6.873428,
        42.657223,
        884.75
      ],
      [
        -6.873264,
        42.657316,
        886.5
      ],
      [
        -6.873106,
        42.657392,
        888.0
      ],
      [
        -6.873003,
        42.657404,
        889.5
      ],
      [
        -6.872967,
        42.657383,
        890.5
      ],
      [
        -6.872819,
        42.65743,
        891.75
      ],
      [
        -6.872685,
        42.657458,
        892.75
      ],
      [
        -6.872524,
        42.657473,
        894.25
      ],
      [
        -6.872287,
        42.657481,
        896.75
      ],
      [
        -6.872012,
        42.657476,
        899.0
      ],
      [
        -6.871886,
        42.657463,
        900.25
      ],
      [
        -6.871441,
        42.65738,
        904.0
      ],
      [
        -6.871063,
        42.657283,
        907.5
      ],
      [
        -6.87084,
        42.65724,
        907.5
      ],
      [
        -6.870446,
        42.657182,
        908.75
      ],
      [
        -6.870184,
        42.657152,
        909.25
      ],
      [
        -6.869771,
        42.657119,
        910.25
      ],
      [
        -6.869601,
        42.657128,
        910.25
      ],
      [
        -6.869493,
        42.657148,
        910.25
      ],
      [
        -6.869393,
        42.657185,
        910.25
      ],
      [
        -6.869309,
        42.657245,
        910.5
      ],
      [
        -6.868986,
        42.657559,
        913.0
      ],
      [
        -6.868879,
        42.657643,
        914.0
      ],
      [
        -6.86881,
        42.657677,
        914.5
      ],
      [
        -6.868719,
        42.657705,
        915.0
      ],
      [
        -6.86854,
        42.657739,
        915.75
      ],
      [
        -6.867999,
        42.657819,
        918.75
      ],
      [
        -6.86742,
        42.657874,
        922.5
      ],
      [
        -6.867131,
        42.657892,
        924.0
      ],
      [
        -6.866723,
        42.657904,
        926.75
      ],
      [
        -6.866545,
        42.657921,
        928.0
      ],
      [
        -6.866376,
        42.657946,
        929.25
      ],
      [
        -6.866174,
        42.657995,
        930.25
      ],
      [
        -6.866055,
        42.658035,
        930.75
      ],
      [
        -6.866001,
        42.658062,
        931.25
      ],
      [
        -6.865843,
        42.658227,
        932.0
      ],
      [
        -6.865593,
        42.65856,
        930.75
      ],
      [
        -6.865541,
        42.65868,
        930.5
      ],
      [
        -6.865498,
        42.659077,
        930.75
      ],
      [
        -6.865335,
        42.659361,
        931.75
      ],
      [
        -6.865129,
        42.659677,
        931.75
      ],
      [
        -6.865129,
        42.659834,
        932.0
      ],
      [
        -6.865157,
        42.659987,
        932.25
      ],
      [
        -6.865202,
        42.660143,
        932.75
      ],
      [
        -6.865189,
        42.660295,
        932.0
      ],
      [
        -6.865134,
        42.660477,
        932.0
      ],
      [
        -6.865094,
        42.660534,
        931.75
      ],
      [
        -6.864964,
        42.660665,
        932.5
      ],
      [
        -6.864769,
        42.660845,
        932.75
      ],
      [
        -6.864729,
        42.660873,
        932.25
      ],
      [
        -6.864769,
        42.660845,
        932.75
      ],
      [
        -6.864964,
        42.660665,
        932.5
      ],
      [
        -6.865094,
        42.660534,
        931.75
      ],
      [
        -6.865134,
        42.660477,
        932.0
      ],
      [
        -6.865189,
        42.660295,
        932.0
      ],
      [
        -6.865202,
        42.660143,
        932.75
      ],
      [
        -6.865157,
        42.659987,
        932.25
      ],
      [
        -6.865129,
        42.659834,
        932.0
      ],
      [
        -6.865129,
        42.659677,
        931.75
      ],
      [
        -6.865335,
        42.659361,
        931.75
      ],
      [
        -6.865498,
        42.659077,
        930.75
      ],
      [
        -6.865541,
        42.65868,
        930.5
      ],
      [
        -6.865593,
        42.65856,
        930.75
      ],
      [
        -6.865843,
        42.658227,
        932.0
      ],
      [
        -6.866001,
        42.658062,
        931.25
      ],
      [
        -6.866055,
        42.658035,
        930.75
      ],
      [
        -6.866174,
        42.657995,
        930.25
      ],
      [
        -6.866376,
        42.657946,
        929.25
      ],
      [
        -6.866545,
        42.657921,
        928.0
      ],
      [
        -6.866723,
        42.657904,
        926.75
      ],
      [
        -6.867131,
        42.657892,
        924.0
      ],
      [
        -6.86742,
        42.657874,
        922.5
      ],
      [
        -6.867999,
        42.657819,
        918.75
      ],
      [
        -6.86854,
        42.657739,
        915.75
      ],
      [
        -6.868719,
        42.657705,
        915.0
      ],
      [
        -6.86881,
        42.657677,
        914.5
      ],
      [
        -6.868879,
        42.657643,
        914.0
      ],
      [
        -6.868986,
        42.657559,
        913.0
      ],
      [
        -6.869309,
        42.657245,
        910.5
      ],
      [
        -6.869393,
        42.657185,
        910.25
      ],
      [
        -6.869493,
        42.657148,
        910.25
      ],
      [
        -6.869601,
        42.657128,
        910.25
      ],
      [
        -6.869771,
        42.657119,
        910.25
      ],
      [
        -6.870184,
        42.657152,
        909.25
      ],
      [
        -6.870446,
        42.657182,
        908.75
      ],
      [
        -6.87084,
        42.65724,
        907.5
      ],
      [
        -6.871063,
        42.657283,
        907.5
      ],
      [
        -6.871441,
        42.65738,
        904.0
      ],
      [
        -6.871886,
        42.657463,
        900.25
      ],
      [
        -6.872012,
        42.657476,
        899.0
      ],
      [
        -6.872287,
        42.657481,
        896.75
      ],
      [
        -6.872524,
        42.657473,
        894.25
      ],
      [
        -6.872685,
        42.657458,
        892.75
      ],
      [
        -6.872819,
        42.65743,
        891.75
      ],
      [
        -6.872967,
        42.657383,
        890.5
      ],
      [
        -6.873089,
        42.657316,
        889.5
      ],
      [
        -6.873249,
        42.657187,
        888.5
      ],
      [
        -6.873395,
        42.657085,
        886.75
      ],
      [
        -6.873638,
        42.656943,
        884.5
      ],
      [
        -6.873717,
        42.656884,
        883.5
      ],
      [
        -6.873742,
        42.656829,
        882.75
      ],
      [
        -6.87374,
        42.65678,
        882.5
      ],
      [
        -6.873682,
        42.656677,
        882.5
      ],
      [
        -6.873575,
        42.656616,
        881.5
      ],
      [
        -6.873293,
        42.656501,
        881.0
      ],
      [
        -6.87316,
        42.656429,
        880.5
      ],
      [
        -6.8731,
        42.656361,
        880.0
      ],
      [
        -6.873074,
        42.656302,
        880.25
      ],
      [
        -6.873072,
        42.656239,
        880.0
      ],
      [
        -6.873244,
        42.655731,
        874.5
      ],
      [
        -6.873246,
        42.655649,
        873.75
      ],
      [
        -6.873232,
        42.655578,
        873.5
      ],
      [
        -6.873192,
        42.655491,
        872.5
      ],
      [
        -6.873051,
        42.655328,
        871.5
      ],
      [
        -6.872905,
        42.655195,
        871.0
      ],
      [
        -6.872815,
        42.655087,
        870.25
      ],
      [
        -6.872777,
        42.655018,
        869.5
      ],
      [
        -6.872749,
        42.654939,
        868.75
      ],
      [
        -6.872746,
        42.654844,
        867.5
      ],
      [
        -6.872773,
        42.654686,
        865.25
      ],
      [
        -6.872917,
        42.654377,
        862.0
      ],
      [
        -6.872936,
        42.654291,
        861.25
      ],
      [
        -6.872929,
        42.654223,
        861.25
      ],
      [
        -6.872894,
        42.654159,
        861.75
      ],
      [
        -6.872824,
        42.654067,
        861.0
      ],
      [
        -6.872721,
        42.653969,
        860.25
      ],
      [
        -6.872613,
        42.653881,
        859.5
      ],
      [
        -6.872481,
        42.653792,
        858.5
      ],
      [
        -6.872288,
        42.653704,
        857.25
      ],
      [
        -6.872092,
        42.653658,
        856.25
      ],
      [
        -6.87194,
        42.653629,
        855.75
      ],
      [
        -6.871786,
        42.653627,
        855.0
      ],
      [
        -6.871652,
        42.653637,
        855.0
      ],
      [
        -6.871505,
        42.653662,
        854.0
      ],
      [
        -6.871395,
        42.653688,
        853.75
      ],
      [
        -6.871318,
        42.653692,
        853.75
      ],
      [
        -6.87123,
        42.653681,
        853.0
      ],
      [
        -6.871104,
        42.653641,
        851.0
      ],
      [
        -6.870871,
        42.653516,
        848.25
      ],
      [
        -6.870589,
        42.653285,
        844.25
      ],
      [
        -6.87053,
        42.65322,
        843.25
      ],
      [
        -6.870161,
        42.652817,
        839.0
      ],
      [
        -6.870096,
        42.652736,
        837.75
      ],
      [
        -6.870034,
        42.652634,
        836.75
      ],
      [
        -6.869912,
        42.652345,
        834.0
      ],
      [
        -6.869826,
        42.652201,
        832.5
      ],
      [
        -6.869527,
        42.65189,
        828.0
      ],
      [
        -6.869489,
        42.651824,
        827.25
      ],
      [
        -6.869496,
        42.651785,
        827.0
      ],
      [
        -6.869532,
        42.651749,
        827.0
      ],
      [
        -6.86958,
        42.651737,
        826.75
      ],
      [
        -6.869635,
        42.651736,
        826.75
      ],
      [
        -6.869822,
        42.651772,
        826.5
      ],
      [
        -6.870549,
        42.651994,
        823.5
      ],
      [
        -6.870732,
        42.65207,
        822.25
      ],
      [
        -6.87092,
        42.652161,
        820.75
      ],
      [
        -6.871051,
        42.652241,
        819.75
      ],
      [
        -6.871274,
        42.652426,
        817.0
      ],
      [
        -6.87136,
        42.652516,
        816.0
      ],
      [
        -6.871459,
        42.652662,
        814.5
      ],
      [
        -6.871537,
        42.652865,
        815.75
      ],
      [
        -6.871566,
        42.6529,
        816.0
      ],
      [
        -6.871642,
        42.652934,
        815.25
      ],
      [
        -6.871784,
        42.652952,
        813.75
      ],
      [
        -6.872232,
        42.65296,
        810.75
      ],
      [
        -6.872336,
        42.652943,
        811.0
      ],
      [
        -6.872605,
        42.652861,
        808.5
      ],
      [
        -6.872883,
        42.6528,
        805.75
      ],
      [
        -6.872992,
        42.652801,
        805.25
      ],
      [
        -6.873097,
        42.652822,
        805.25
      ],
      [
        -6.873231,
        42.65286,
        804.75
      ],
      [
        -6.873831,
        42.653079,
        801.25
      ],
      [
        -6.874005,
        42.653126,
        800.0
      ],
      [
        -6.874392,
        42.653195,
        796.75
      ],
      [
        -6.874634,
        42.653253,
        795.0
      ],
      [
        -6.87483,
        42.653319,
        794.0
      ],
      [
        -6.875317,
        42.653513,
        790.75
      ],
      [
        -6.875524,
        42.653614,
        789.75
      ],
      [
        -6.875721,
        42.653731,
        788.0
      ],
      [
        -6.875835,
        42.653813,
        786.5
      ],
      [
        -6.875887,
        42.653871,
        786.25
      ],
      [
        -6.875939,
        42.653958,
        785.0
      ],
      [
        -6.875965,
        42.654075,
        784.75
      ],
      [
        -6.875975,
        42.654352,
        783.5
      ],
      [
        -6.876009,
        42.654405,
        783.0
      ],
      [
        -6.876072,
        42.654437,
        782.75
      ],
      [
        -6.876153,
        42.654442,
        783.5
      ],
      [
        -6.876234,
        42.654429,
        784.25
      ],
      [
        -6.87637,
        42.654343,
        782.75
      ],
      [
        -6.876742,
        42.654034,
        779.0
      ],
      [
        -6.876871,
        42.653838,
        776.75
      ],
      [
        -6.876957,
        42.653623,
        773.25
      ],
      [
        -6.876999,
        42.653585,
        772.25
      ],
      [
        -6.877056,
        42.65355,
        771.25
      ],
      [
        -6.877164,
        42.653536,
        770.75
      ],
      [
        -6.877343,
        42.65356,
        770.0
      ],
      [
        -6.877797,
        42.653638,
        767.25
      ],
      [
        -6.878021,
        42.653661,
        766.25
      ],
      [
        -6.878165,
        42.653656,
        765.25
      ],
      [
        -6.878313,
        42.653642,
        764.0
      ],
      [
        -6.878418,
        42.653623,
        763.5
      ],
      [
        -6.878757,
        42.653524,
        760.5
      ],
      [
        -6.878948,
        42.653483,
        758.25
      ],
      [
        -6.879106,
        42.653461,
        756.0
      ],
      [
        -6.879343,
        42.653463,
        754.25
      ],
      [
        -6.88007,
        42.653491,
        748.75
      ],
      [
        -6.880182,
        42.653495,
        747.75
      ],
      [
        -6.880338,
        42.653481,
        746.5
      ],
      [
        -6.880468,
        42.653459,
        745.5
      ],
      [
        -6.880608,
        42.653418,
        744.75
      ],
      [
        -6.880734,
        42.653365,
        744.25
      ],
      [
        -6.880817,
        42.653323,
        744.0
      ],
      [
        -6.88097,
        42.65323,
        740.75
      ],
      [
        -6.880997,
        42.653194,
        740.25
      ],
      [
        -6.881019,
        42.653114,
        739.75
      ],
      [
        -6.881007,
        42.653057,
        740.0
      ],
      [
        -6.880948,
        42.652986,
        738.75
      ],
      [
        -6.880884,
        42.65295,
        738.0
      ],
      [
        -6.880816,
        42.652938,
        738.0
      ],
      [
        -6.880748,
        42.652937,
        737.25
      ],
      [
        -6.879932,
        42.653089,
        733.5
      ],
      [
        -6.879817,
        42.653082,
        732.75
      ],
      [
        -6.879719,
        42.65306,
        731.25
      ],
      [
        -6.879397,
        42.652944,
        727.5
      ],
      [
        -6.879194,
        42.652891,
        726.5
      ],
      [
        -6.878741,
        42.652794,
        723.0
      ],
      [
        -6.878671,
        42.652788,
        722.5
      ],
      [
        -6.878575,
        42.652803,
        722.25
      ],
      [
        -6.878285,
        42.652882,
        721.5
      ],
      [
        -6.87821,
        42.652879,
        721.75
      ],
      [
        -6.877935,
        42.652709,
        716.75
      ],
      [
        -6.877514,
        42.65238,
        710.75
      ],
      [
        -6.877017,
        42.651787,
        703.25
      ],
      [
        -6.876471,
        42.651364,
        695.75
      ],
      [
        -6.876224,
        42.651198,
        692.0
      ],
      [
        -6.876158,
        42.651134,
        692.5
      ],
      [
        -6.876149,
        42.651057,
        691.5
      ],
      [
        -6.876198,
        42.651006,
        690.25
      ],
      [
        -6.876297,
        42.650975,
        689.5
      ],
      [
        -6.876402,
        42.650985,
        690.0
      ],
      [
        -6.876596,
        42.651055,
        687.75
      ],
      [
        -6.876811,
        42.651162,
        686.5
      ],
      [
        -6.877034,
        42.651307,
        686.0
      ],
      [
        -6.877781,
        42.651679,
        678.25
      ],
      [
        -6.878035,
        42.651965,
        677.5
      ],
      [
        -6.878114,
        42.652024,
        679.0
      ],
      [
        -6.878185,
        42.652037,
        679.25
      ],
      [
        -6.878292,
        42.651999,
        676.75
      ],
      [
        -6.878459,
        42.651856,
        672.75
      ],
      [
        -6.87868,
        42.651717,
        669.5
      ],
      [
        -6.878935,
        42.651607,
        665.5
      ],
      [
        -6.879221,
        42.651579,
        662.25
      ],
      [
        -6.879355,
        42.651593,
        660.75
      ],
      [
        -6.879489,
        42.651635,
        659.75
      ],
      [
        -6.879695,
        42.651717,
        658.0
      ],
      [
        -6.879823,
        42.651723,
        659.0
      ],
      [
        -6.879887,
        42.651694,
        658.25
      ],
      [
        -6.880036,
        42.651537,
        653.25
      ],
      [
        -6.880227,
        42.651395,
        651.0
      ],
      [
        -6.880677,
        42.651164,
        646.5
      ],
      [
        -6.880982,
        42.651067,
        644.5
      ],
      [
        -6.881199,
        42.65103,
        643.0
      ],
      [
        -6.881371,
        42.651022,
        642.0
      ],
      [
        -6.881523,
        42.651035,
        641.0
      ],
      [
        -6.881647,
        42.651064,
        641.0
      ],
      [
        -6.88174,
        42.651097,
        642.25
      ],
      [
        -6.881814,
        42.65111,
        642.75
      ],
      [
        -6.881862,
        42.651105,
        642.5
      ],
      [
        -6.881938,
        42.651072,
        641.0
      ],
      [
        -6.882051,
        42.651004,
        639.75
      ],
      [
        -6.882141,
        42.650965,
        639.5
      ],
      [
        -6.882267,
        42.650939,
        639.75
      ],
      [
        -6.882814,
        42.650874,
        636.25
      ],
      [
        -6.8829,
        42.650875,
        636.0
      ],
      [
        -6.883046,
        42.650896,
        636.75
      ],
      [
        -6.88314,
        42.650899,
        638.0
      ],
      [
        -6.88322,
        42.650873,
        637.5
      ],
      [
        -6.883407,
        42.650762,
        634.25
      ],
      [
        -6.883526,
        42.650723,
        633.5
      ],
      [
        -6.88368,
        42.650686,
        632.5
      ],
      [
        -6.883859,
        42.650671,
        632.0
      ],
      [
        -6.884086,
        42.650678,
        630.75
      ],
      [
        -6.884288,
        42.650704,
        630.25
      ],
      [
        -6.884497,
        42.650757,
        630.75
      ],
      [
        -6.884836,
        42.650865,
        629.5
      ],
      [
        -6.885239,
        42.651048,
        627.75
      ],
      [
        -6.885514,
        42.651199,
        624.5
      ],
      [
        -6.885608,
        42.651269,
        622.5
      ],
      [
        -6.885643,
        42.651345,
        622.5
      ],
      [
        -6.885643,
        42.651427,
        623.25
      ],
      [
        -6.885677,
        42.651842,
        623.25
      ],
      [
        -6.885703,
        42.651902,
        622.0
      ],
      [
        -6.885795,
        42.651944,
        619.0
      ],
      [
        -6.886501,
        42.65214,
        614.5
      ],
      [
        -6.886816,
        42.652242,
        610.75
      ],
      [
        -6.886956,
        42.652316,
        609.75
      ],
      [
        -6.887364,
        42.652585,
        605.25
      ],
      [
        -6.887444,
        42.652631,
        604.75
      ],
      [
        -6.887512,
        42.652643,
        603.5
      ],
      [
        -6.887617,
        42.652626,
        601.75
      ],
      [
        -6.887667,
        42.652588,
        600.0
      ],
      [
        -6.887696,
        42.65254,
        598.0
      ],
      [
        -6.8877,
        42.652373,
        596.25
      ],
      [
        -6.887718,
        42.652275,
        595.5
      ],
      [
        -6.887759,
        42.652209,
        594.75
      ],
      [
        -6.887851,
        42.652156,
        594.0
      ],
      [
        -6.888129,
        42.652048,
        588.75
      ],
      [
        -6.888209,
        42.652001,
        588.0
      ],
      [
        -6.888239,
        42.651933,
        588.0
      ],
      [
        -6.888226,
        42.651869,
        586.75
      ],
      [
        -6.888171,
        42.651798,
        586.25
      ],
      [
        -6.887943,
        42.651585,
        585.0
      ],
      [
        -6.88777,
        42.651398,
        585.25
      ],
      [
        -6.887751,
        42.651364,
        585.0
      ],
      [
        -6.887753,
        42.65133,
        584.25
      ],
      [
        -6.887586,
        42.651126,
        585.0
      ],
      [
        -6.887492,
        42.650974,
        587.25
      ],
      [
        -6.887419,
        42.650871,
        589.75
      ],
      [
        -6.887383,
        42.650794,
        590.75
      ],
      [
        -6.887232,
        42.650596,
        589.25
      ],
      [
        -6.887139,
        42.650525,
        589.0
      ],
      [
        -6.887007,
        42.650465,
        589.25
      ],
      [
        -6.886887,
        42.650437,
        588.75
      ],
      [
        -6.88661,
        42.650414,
        587.0
      ],
      [
        -6.886392,
        42.650411,
        585.75
      ],
      [
        -6.886182,
        42.650393,
        585.0
      ],
      [
        -6.885888,
        42.650293,
        584.0
      ],
      [
        -6.885193,
        42.649937,
        579.5
      ],
      [
        -6.884864,
        42.649828,
        579.25
      ],
      [
        -6.884716,
        42.649785,
        578.75
      ],
      [
        -6.884276,
        42.64973,
        575.25
      ],
      [
        -6.883852,
        42.649711,
        574.5
      ],
      [
        -6.883662,
        42.649683,
        573.75
      ],
      [
        -6.883578,
        42.649665,
        573.25
      ],
      [
        -6.88306,
        42.649545,
        570.5
      ],
      [
        -6.882622,
        42.649469,
        569.5
      ],
      [
        -6.882508,
        42.649449,
        569.0
      ],
      [
        -6.882174,
        42.649425,
        567.5
      ],
      [
        -6.882057,
        42.649405,
        567.5
      ],
      [
        -6.881958,
        42.649401,
        567.5
      ]
    ]
  }
}
