{
  "type": "Feature",
  "properties": {
    "source": "BRouter trekking",
    "coordinateHash": "abbb4110523a8e11f6bd3d3a12f5213ec12635184b86c4a32e93d44c2e3a75b9"
  },
  "geometry": {
    "type": "LineString",
    "coordinates": [
      [
        -8.131385,
        42.930457,
        305.0
      ],
      [
        -8.131698,
        42.930451,
        306.75
      ],
      [
        -8.131854,
        42.930464,
        307.75
      ],
      [
        -8.132295,
        42.930532,
        310.25
      ],
      [
        -8.132318,
        42.930535,
        310.5
      ],
      [
        -8.132464,
        42.93011,
        309.25
      ],
      [
        -8.133608,
        42.92694,
        305.75
      ],
      [
        -8.133786,
        42.926384,
        304.5
      ],
      [
        -8.134261,
        42.925061,
        314.0
      ],
      [
        -8.134368,
        42.924795,
        315.25
      ],
      [
        -8.134412,
        42.924728,
        315.75
      ],
      [
        -8.134478,
        42.924662,
        316.5
      ],
      [
        -8.134007,
        42.924157,
        316.25
      ],
      [
        -8.133827,
        42.924041,
        315.75
      ],
      [
        -8.133655,
        42.923986,
        314.25
      ],
      [
        -8.133274,
        42.923941,
        311.75
      ],
      [
        -8.133411,
        42.923872,
        312.25
      ],
      [
        -8.133309,
        42.92242,
        311.25
      ],
      [
        -8.133226,
        42.921958,
        313.5
      ],
      [
        -8.133226,
        42.921719,
        313.25
      ],
      [
        -8.133256,
        42.921313,
        312.5
      ],
      [
        -8.133613,
        42.920746,
        309.5
      ],
      [
        -8.133811,
        42.92049,
        306.75
      ],
      [
        -8.134038,
        42.920373,
        305.0
      ],
      [
        -8.134623,
        42.920229,
        302.5
      ],
      [
        -8.135109,
        42.920217,
        303.25
      ],
      [
        -8.136013,
        42.92024,
        307.0
      ],
      [
        -8.136894,
        42.920134,
        314.0
      ],
      [
        -8.13814,
        42.920023,
        325.0
      ],
      [
        -8.138527,
        42.919945,
        327.75
      ],
      [
        -8.140137,
        42.919461,
        338.75
      ],
      [
        -8.141125,
        42.918933,
        332.75
      ],
      [
        -8.141976,
        42.918454,
        320.5
      ],
      [
        -8.144593,
        42.916703,
        314.0
      ],
      [
        -8.145791,
        42.916959,
        318.0
      ],
      [
        -8.146451,
        42.9171,
        318.75
      ],
      [
        -8.14658,
        42.917154,
        318.25
      ],
      [
        -8.146651,
        42.917197,
        318.0
      ],
      [
        -8.146728,
        42.917272,
        317.75
      ],
      [
        -8.147109,
        42.917831,
        316.0
      ],
      [
        -8.147282,
        42.918048,
        315.5
      ],
      [
        -8.147538,
        42.918295,
        315.75
      ],
      [
        -8.147619,
        42.918274,
        316.0
      ],
      [
        -8.147693,
        42.918263,
        316.25
      ],
      [
        -8.148099,
        42.918274,
        319.0
      ],
      [
        -8.148304,
        42.918267,
        320.5
      ],
      [
        -8.148492,
        42.918247,
        321.25
      ],
      [
        -8.14861,
        42.918221,
        321.5
      ],
      [
        -8.14868,
        42.918205,
        321.5
      ],
      [
        -8.148997,
        42.918101,
        321.5
      ],
      [
        -8.14916,
        42.918059,
        322.0
      ],
      [
        -8.149633,
        42.917987,
        323.0
      ],
      [
        -8.150078,
        42.917909,
        323.75
      ],
      [
        -8.15029,
        42.917884,
        323.75
      ],
      [
        -8.150433,
        42.917842,
        323.25
      ],
      [
        -8.150554,
        42.917789,
        323.0
      ],
      [
        -8.150511,
        42.9177,
        322.25
      ],
      [
        -8.150507,
        42.917649,
        322.0
      ],
      [
        -8.15053,
        42.917582,
        321.5
      ],
      [
        -8.150623,
        42.917431,
        321.0
      ],
      [
        -8.150724,
        42.917316,
        320.5
      ],
      [
        -8.150776,
        42.917124,
        319.5
      ],
      [
        -8.150848,
        42.916951,
        319.0
      ],
      [
        -8.150917,
        42.91681,
        318.5
      ],
      [
        -8.150941,
        42.91673,
        318.0
      ],
      [
        -8.15094,
        42.916655,
        317.5
      ],
      [
        -8.15083,
        42.916367,
        315.75
      ],
      [
        -8.150818,
        42.916304,
        315.25
      ],
      [
        -8.150828,
        42.916267,
        315.0
      ],
      [
        -8.150836,
        42.916239,
        314.75
      ],
      [
        -8.151278,
        42.915601,
        312.0
      ],
      [
        -8.15146,
        42.915387,
        311.5
      ],
      [
        -8.151695,
        42.915204,
        311.25
      ],
      [
        -8.152341,
        42.914842,
        309.75
      ],
      [
        -8.153806,
        42.913976,
        321.25
      ],
      [
        -8.153948,
        42.913901,
        321.0
      ],
      [
        -8.15412,
        42.91384,
        321.0
      ],
      [
        -8.156311,
        42.913431,
        319.0
      ],
      [
        -8.157928,
        42.913131,
        313.75
      ],
      [
        -8.158401,
        42.913033,
        308.25
      ],
      [
        -8.158637,
        42.912997,
        305.75
      ],
      [
        -8.158843,
        42.912955,
        303.25
      ],
      [
        -8.158991,
        42.912904,
        302.0
      ],
      [
        -8.159102,
        42.912839,
        301.25
      ],
      [
        -8.159177,
        42.912743,
        300.75
      ],
      [
        -8.159279,
        42.912389,
        300.25
      ],
      [
        -8.159428,
        42.911452,
        313.75
      ],
      [
        -8.159461,
        42.911337,
        315.5
      ],
      [
        -8.159538,
        42.911226,
        317.0
      ],
      [
        -8.159637,
        42.911144,
        318.25
      ],
      [
        -8.159814,
        42.911057,
        320.0
      ],
      [
        -8.160235,
        42.910911,
        321.75
      ],
      [
        -8.161022,
        42.910615,
        322.75
      ],
      [
        -8.161176,
        42.910582,
        322.75
      ],
      [
        -8.161022,
        42.910293,
        320.25
      ],
      [
        -8.16098,
        42.910235,
        319.5
      ],
      [
        -8.160937,
        42.910192,
        318.5
      ],
      [
        -8.160873,
        42.91014,
        317.5
      ],
      [
        -8.160787,
        42.910085,
        316.75
      ],
      [
        -8.160685,
        42.910034,
        316.25
      ],
      [
        -8.160194,
        42.909857,
        315.25
      ],
      [
        -8.160009,
        42.909771,
        315.25
      ],
      [
        -8.15987,
        42.909677,
        315.25
      ],
      [
        -8.159731,
        42.909499,
        315.0
      ],
      [
        -8.159683,
        42.909379,
        314.75
      ],
      [
        -8.159662,
        42.909247,
        314.0
      ],
      [
        -8.159657,
        42.909114,
        313.25
      ],
      [
        -8.159735,
        42.908629,
        310.0
      ],
      [
        -8.159898,
        42.907809,
        302.75
      ],
      [
        -8.16002,
        42.907103,
        297.5
      ],
      [
        -8.160038,
        42.907002,
        297.0
      ],
      [
        -8.160095,
        42.906834,
        295.5
      ],
      [
        -8.160199,
        42.906632,
        292.0
      ],
      [
        -8.16086,
        42.905644,
        279.75
      ],
      [
        -8.16103,
        42.905366,
        276.5
      ],
      [
        -8.161081,
        42.905242,
        274.75
      ],
      [
        -8.161091,
        42.90519,
        274.0
      ],
      [
        -8.161079,
        42.905122,
        273.25
      ],
      [
        -8.161048,
        42.905066,
        272.25
      ],
      [
        -8.161176,
        42.905042,
        272.5
      ],
      [
        -8.163657,
        42.904957,
        276.5
      ],
      [
        -8.16464,
        42.904912,
        279.5
      ],
      [
        -8.164802,
        42.904925,
        281.0
      ],
      [
        -8.165071,
        42.904228,
        281.25
      ],
      [
        -8.166232,
        42.901415,
        292.25
      ],
      [
        -8.167165,
        42.899226,
        278.25
      ],
      [
        -8.167275,
        42.89899,
        278.5
      ],
      [
        -8.167484,
        42.898443,
        282.0
      ],
      [
        -8.167555,
        42.898218,
        284.5
      ],
      [
        -8.167738,
        42.897334,
        286.5
      ],
      [
        -8.167853,
        42.896709,
        289.25
      ],
      [
        -8.167893,
        42.896594,
        289.75
      ],
      [
        -8.167941,
        42.896544,
        290.0
      ],
      [
        -8.167415,
        42.89597,
        286.75
      ],
      [
        -8.167267,
        42.895753,
        285.25
      ],
      [
        -8.167102,
        42.895394,
        281.75
      ],
      [
        -8.167077,
        42.89525,
        281.0
      ],
      [
        -8.167089,
        42.89515,
        280.25
      ],
      [
        -8.167144,
        42.895048,
        279.25
      ],
      [
        -8.167269,
        42.894941,
        278.25
      ],
      [
        -8.167538,
        42.894751,
        275.75
      ],
      [
        -8.167902,
        42.894528,
        273.75
      ],
      [
        -8.168114,
        42.894438,
        272.0
      ],
      [
        -8.168309,
        42.894393,
        271.25
      ],
      [
        -8.168732,
        42.894356,
        268.25
      ],
      [
        -8.169157,
        42.894304,
        268.5
      ],
      [
        -8.16924,
        42.89428,
        268.75
      ],
      [
        -8.169346,
        42.894213,
        268.75
      ],
      [
        -8.169416,
        42.894142,
        269.0
      ],
      [
        -8.169459,
        42.894081,
        269.0
      ],
      [
        -8.169469,
        42.894039,
        269.25
      ],
      [
        -8.169461,
        42.893999,
        269.75
      ],
      [
        -8.169426,
        42.893956,
        269.75
      ],
      [
        -8.16935,
        42.893911,
        270.25
      ],
      [
        -8.169247,
        42.893878,
        270.5
      ],
      [
        -8.169082,
        42.893844,
        271.0
      ],
      [
        -8.168979,
        42.893798,
        271.5
      ],
      [
        -8.168905,
        42.893735,
        272.0
      ],
      [
        -8.16881,
        42.89362,
        271.75
      ],
      [
        -8.168749,
        42.89351,
        271.75
      ],
      [
        -8.168724,
        42.893394,
        272.75
      ],
      [
        -8.168735,
        42.893291,
        273.5
      ],
      [
        -8.168765,
        42.893212,
        273.5
      ],
      [
        -8.168842,
        42.893111,
        273.75
      ],
      [
        -8.168992,
        42.892939,
        274.5
      ],
      [
        -8.169168,
        42.892773,
        275.75
      ],
      [
        -8.169527,
        42.892541,
        277.75
      ],
      [
        -8.169769,
        42.892424,
        278.75
      ],
      [
        -8.170102,
        42.892327,
        280.25
      ],
      [
        -8.170412,
        42.892302,
        281.75
      ],
      [
        -8.170969,
        42.892289,
        284.5
      ],
      [
        -8.171202,
        42.892254,
        285.25
      ],
      [
        -8.171403,
        42.892178,
        286.25
      ],
      [
        -8.171592,
        42.892063,
        287.25
      ],
      [
        -8.172058,
        42.891701,
        290.5
      ],
      [
        -8.172227,
        42.89161,
        291.25
      ],
      [
        -8.172343,
        42.891575,
        292.5
      ],
      [
        -8.172417,
        42.89157,
        293.5
      ],
      [
        -8.172444,
        42.89158,
        294.0
      ],
      [
        -8.172554,
        42.891495,
        294.25
      ],
      [
        -8.173148,
        42.891087,
        296.5
      ],
      [
        -8.173721,
        42.890741,
        301.0
      ],
      [
        -8.174519,
        42.890333,
        307.75
      ],
      [
        -8.175276,
        42.890029,
        312.25
      ],
      [
        -8.175753,
        42.889855,
        313.25
      ],
      [
        -8.17616,
        42.889692,
        314.5
      ],
      [
        -8.176509,
        42.889504,
        315.0
      ],
      [
        -8.176659,
        42.889403,
        316.25
      ],
      [
        -8.176854,
        42.889248,
        316.25
      ],
      [
        -8.17725,
        42.888881,
        318.25
      ],
      [
        -8.17755,
        42.888604,
        319.5
      ],
      [
        -8.177751,
        42.888458,
        320.5
      ],
      [
        -8.177974,
        42.888326,
        320.5
      ],
      [
        -8.178223,
        42.888212,
        322.0
      ],
      [
        -8.178498,
        42.888118,
        323.0
      ],
      [
        -8.178831,
        42.888032,
        323.5
      ],
      [
        -8.179791,
        42.887841,
        327.5
      ],
      [
        -8.180206,
        42.887733,
        329.0
      ],
      [
        -8.180484,
        42.887627,
        329.75
      ],
      [
        -8.180694,
        42.887548,
        329.5
      ],
      [
        -8.181141,
        42.887311,
        329.25
      ],
      [
        -8.182031,
        42.88669,
        335.5
      ],
      [
        -8.182367,
        42.886474,
        338.5
      ],
      [
        -8.182983,
        42.886177,
        341.5
      ],
      [
        -8.183299,
        42.886023,
        343.75
      ],
      [
        -8.183622,
        42.885856,
        346.0
      ],
      [
        -8.18387,
        42.885705,
        348.25
      ],
      [
        -8.183944,
        42.885648,
        348.75
      ],
      [
        -8.184154,
        42.88549,
        349.75
      ],
      [
        -8.184378,
        42.885246,
        351.25
      ],
      [
        -8.184898,
        42.884481,
        351.25
      ],
      [
        -8.185092,
        42.884233,
        352.0
      ],
      [
        -8.185223,
        42.884109,
        352.0
      ],
      [
        -8.185114,
        42.883999,
        352.0
      ],
      [
        -8.185046,
        42.883897,
        352.0
      ],
      [
        -8.185007,
        42.883773,
        352.25
      ],
      [
        -8.185003,
        42.883666,
        352.75
      ],
      [
        -8.185007,
        42.883773,
        352.25
      ],
      [
        -8.185046,
        42.883897,
        352.0
      ],
      [
        -8.185114,
        42.883999,
        352.0
      ],
      [
        -8.185223,
        42.884109,
        352.0
      ],
      [
        -8.18532,
        42.884024,
        352.5
      ],
      [
        -8.185505,
        42.883884,
        353.75
      ],
      [
        -8.1857,
        42.883762,
        355.25
      ],
      [
        -8.185948,
        42.88364,
        356.25
      ],
      [
        -8.186234,
        42.883533,
        357.5
      ],
      [
        -8.186427,
        42.883475,
        358.5
      ],
      [
        -8.186727,
        42.883412,
        360.25
      ],
      [
        -8.187205,
        42.883349,
        361.75
      ],
      [
        -8.188512,
        42.883212,
        365.0
      ],
      [
        -8.192011,
        42.88284,
        367.5
      ],
      [
        -8.192304,
        42.882814,
        368.25
      ],
      [
        -8.192564,
        42.882804,
        368.75
      ],
      [
        -8.192723,
        42.882832,
        368.75
      ],
      [
        -8.19284,
        42.882882,
        368.5
      ],
      [
        -8.192907,
        42.882904,
        368.75
      ],
      [
        -8.192941,
        42.882912,
        368.75
      ],
      [
        -8.192972,
        42.88294,
        368.75
      ],
      [
        -8.193011,
        42.882976,
        368.75
      ],
      [
        -8.195223,
        42.884246,
        364.5
      ],
      [
        -8.1954,
        42.884385,
        363.0
      ],
      [
        -8.197886,
        42.886747,
        355.25
      ],
      [
        -8.199339,
        42.888127,
        359.5
      ],
      [
        -8.199433,
        42.888267,
        359.75
      ],
      [
        -8.199469,
        42.888377,
        359.75
      ],
      [
        -8.199462,
        42.888507,
        359.25
      ],
      [
        -8.199312,
        42.889419,
        355.0
      ],
      [
        -8.199312,
        42.88958,
        354.5
      ],
      [
        -8.199346,
        42.889692,
        354.25
      ],
      [
        -8.199364,
        42.889752,
        354.0
      ],
      [
        -8.19953,
        42.890046,
        353.0
      ],
      [
        -8.199801,
        42.890455,
        352.0
      ],
      [
        -8.199922,
        42.890693,
        352.25
      ],
      [
        -8.2005,
        42.89207,
        349.75
      ],
      [
        -8.200874,
        42.893058,
        344.0
      ],
      [
        -8.200907,
        42.89329,
        344.5
      ],
      [
        -8.200903,
        42.893421,
        345.25
      ],
      [
        -8.20084,
        42.89358,
        345.75
      ],
      [
        -8.200524,
        42.894045,
        346.25
      ],
      [
        -8.20048,
        42.894129,
        346.5
      ],
      [
        -8.200444,
        42.894197,
        346.75
      ],
      [
        -8.200399,
        42.894514,
        347.5
      ],
      [
        -8.200419,
        42.894699,
        347.5
      ],
      [
        -8.20085,
        42.897015,
        331.5
      ],
      [
        -8.200877,
        42.897198,
        332.75
      ],
      [
        -8.201255,
        42.8992,
        345.5
      ],
      [
        -8.201219,
        42.899255,
        345.5
      ],
      [
        -8.201127,
        42.899354,
        345.0
      ],
      [
        -8.20102,
        42.899432,
        344.5
      ],
      [
        -8.201619,
        42.899386,
        347.5
      ],
      [
        -8.201729,
        42.899377,
        348.0
      ],
      [
        -8.203706,
        42.899226,
        355.75
      ],
      [
        -8.205169,
        42.899114,
        358.25
      ],
      [
        -8.205755,
        42.899069,
        360.25
      ],
      [
        -8.20907,
        42.898816,
        362.5
      ],
      [
        -8.210327,
        42.898719,
        367.0
      ],
      [
        -8.21163,
        42.89862,
        373.75
      ],
      [
        -8.211909,
        42.89862,
        376.5
      ],
      [
        -8.213244,
        42.898739,
        384.25
      ],
      [
        -8.213333,
        42.898773,
        384.75
      ],
      [
        -8.213369,
        42.898787,
        385.0
      ],
      [
        -8.213479,
        42.898871,
        385.5
      ],
      [
        -8.213589,
        42.898997,
        387.0
      ],
      [
        -8.214915,
        42.901264,
        369.0
      ],
      [
        -8.215188,
        42.901633,
        368.0
      ],
      [
        -8.216849,
        42.903684,
        372.75
      ],
      [
        -8.217014,
        42.903902,
        374.5
      ],
      [
        -8.217084,
        42.903966,
        375.5
      ],
      [
        -8.21716,
        42.904,
        376.0
      ],
      [
        -8.217266,
        42.904031,
        376.5
      ],
      [
        -8.217597,
        42.904093,
        377.25
      ],
      [
        -8.217676,
        42.904126,
        377.5
      ],
      [
        -8.217703,
        42.904153,
        377.5
      ],
      [
        -8.217716,
        42.90418,
        377.75
      ],
      [
        -8.217712,
        42.90421,
        378.0
      ],
      [
        -8.217676,
        42.904246,
        378.25
      ],
      [
        -8.217445,
        42.904371,
        378.75
      ],
      [
        -8.217324,
        42.904492,
        378.75
      ],
      [
        -8.217272,
        42.904596,
        378.75
      ],
      [
        -8.217198,
        42.904838,
        379.25
      ],
      [
        -8.21721,
        42.904883,
        379.5
      ],
      [
        -8.217331,
        42.905022,
        380.5
      ],
      [
        -8.217354,
        42.905091,
        380.75
      ],
      [
        -8.217521,
        42.90704,
        385.75
      ],
      [
        -8.217476,
        42.907059,
        385.5
      ],
      [
        -8.217445,
        42.907097,
        385.75
      ],
      [
        -8.217427,
        42.907139,
        386.0
      ],
      [
        -8.216802,
        42.907242,
        384.5
      ],
      [
        -8.216262,
        42.907331,
        383.75
      ],
      [
        -8.215729,
        42.907482,
        381.5
      ],
      [
        -8.215586,
        42.90755,
        381.25
      ],
      [
        -8.215281,
        42.907694,
        379.25
      ],
      [
        -8.215047,
        42.90786,
        378.0
      ],
      [
        -8.214784,
        42.908086,
        375.25
      ],
      [
        -8.214604,
        42.908308,
        373.75
      ],
      [
        -8.214568,
        42.908352,
        373.25
      ],
      [
        -8.214405,
        42.908644,
        370.25
      ],
      [
        -8.214319,
        42.908986,
        367.5
      ],
      [
        -8.214301,
        42.909234,
        367.0
      ],
      [
        -8.214319,
        42.909491,
        363.5
      ],
      [
        -8.21442,
        42.909797,
        359.75
      ],
      [
        -8.214571,
        42.910075,
        358.0
      ],
      [
        -8.214925,
        42.910518,
        356.25
      ],
      [
        -8.215879,
        42.911625,
        351.5
      ],
      [
        -8.215999,
        42.911801,
        350.25
      ],
      [
        -8.21604,
        42.911876,
        349.25
      ],
      [
        -8.216063,
        42.911971,
        348.0
      ],
      [
        -8.21606,
        42.912104,
        347.5
      ],
      [
        -8.216028,
        42.912223,
        346.75
      ],
      [
        -8.21597,
        42.912314,
        345.75
      ],
      [
        -8.215884,
        42.912397,
        345.75
      ],
      [
        -8.215772,
        42.912473,
        346.25
      ],
      [
        -8.215613,
        42.912537,
        345.75
      ],
      [
        -8.215422,
        42.912575,
        344.75
      ],
      [
        -8.215094,
        42.912574,
        345.25
      ],
      [
        -8.214763,
        42.912554,
        346.25
      ],
      [
        -8.214596,
        42.912556,
        346.75
      ],
      [
        -8.214321,
        42.912588,
        347.5
      ],
      [
        -8.2141,
        42.912658,
        348.0
      ],
      [
        -8.213077,
        42.913129,
        349.5
      ],
      [
        -8.212561,
        42.913378,
        349.5
      ],
      [
        -8.212311,
        42.913505,
        349.0
      ],
      [
        -8.212198,
        42.913574,
        348.75
      ],
      [
        -8.21212,
        42.913637,
        348.5
      ],
      [
        -8.211947,
        42.913799,
        348.0
      ],
      [
        -8.211848,
        42.913924,
        347.5
      ],
      [
        -8.211816,
        42.913964,
        347.5
      ],
      [
        -8.211178,
        42.914782,
        344.25
      ],
      [
        -8.211071,
        42.914908,
        343.5
      ],
      [
        -8.210993,
        42.914986,
        343.0
      ],
      [
        -8.210897,
        42.915067,
        342.5
      ],
      [
        -8.210787,
        42.915149,
        342.5
      ],
      [
        -8.210677,
        42.915212,
        343.0
      ],
      [
        -8.210547,
        42.915273,
        343.75
      ],
      [
        -8.210417,
        42.915321,
        344.0
      ],
      [
        -8.210191,
        42.915388,
        344.75
      ],
      [
        -8.209997,
        42.91543,
        345.0
      ],
      [
        -8.210384,
        42.916083,
        349.25
      ],
      [
        -8.210552,
        42.916258,
        350.5
      ],
      [
        -8.210736,
        42.916421,
        351.5
      ],
      [
        -8.210789,
        42.916496,
        351.75
      ],
      [
        -8.210814,
        42.916593,
        352.5
      ],
      [
        -8.210801,
        42.916702,
        353.25
      ],
      [
        -8.210732,
        42.916858,
        354.5
      ],
      [
        -8.210506,
        42.917207,
        356.0
      ],
      [
        -8.210451,
        42.91733,
        356.5
      ],
      [
        -8.210443,
        42.917442,
        356.5
      ],
      [
        -8.210466,
        42.917633,
        357.25
      ],
      [
        -8.210497,
        42.917781,
        358.0
      ],
      [
        -8.210569,
        42.917927,
        359.0
      ],
      [
        -8.210705,
        42.918078,
        359.5
      ],
      [
        -8.21091,
        42.918213,
        360.25
      ],
      [
        -8.211202,
        42.918385,
        361.5
      ],
      [
        -8.21142,
        42.918565,
        363.5
      ],
      [
        -8.211512,
        42.918663,
        364.0
      ],
      [
        -8.211565,
        42.91876,
        364.5
      ],
      [
        -8.21159,
        42.918924,
        365.0
      ],
      [
        -8.211611,
        42.918999,
        365.25
      ],
      [
        -8.21167,
        42.919093,
        365.5
      ],
      [
        -8.21189,
        42.91931,
        366.75
      ],
      [
        -8.212988,
        42.920005,
        371.0
      ],
      [
        -8.213292,
        42.919836,
        371.25
      ],
      [
        -8.213518,
        42.919737,
        371.5
      ],
      [
        -8.213692,
        42.919684,
        372.0
      ],
      [
        -8.213891,
        42.919631,
        372.25
      ],
      [
        -8.214125,
        42.919595,
        372.0
      ],
      [
        -8.214387,
        42.919576,
        372.5
      ],
      [
        -8.214478,
        42.919577,
        373.0
      ],
      [
        -8.214373,
        42.919865,
        374.25
      ],
      [
        -8.214325,
        42.920057,
        375.25
      ],
      [
        -8.214338,
        42.920105,
        375.5
      ],
      [
        -8.214369,
        42.920134,
        375.75
      ],
      [
        -8.214849,
        42.920295,
        377.0
      ],
      [
        -8.21491,
        42.920335,
        377.25
      ],
      [
        -8.214935,
        42.920372,
        377.5
      ],
      [
        -8.214952,
        42.920423,
        378.0
      ],
      [
        -8.214879,
        42.920864,
        381.0
      ],
      [
        -8.214659,
        42.921562,
        384.5
      ],
      [
        -8.214568,
        42.921946,
        387.0
      ],
      [
        -8.214556,
        42.922161,
        387.75
      ],
      [
        -8.214564,
        42.922306,
        388.0
      ],
      [
        -8.214621,
        42.922633,
        388.75
      ],
      [
        -8.214631,
        42.922823,
        388.75
      ],
      [
        -8.214575,
        42.923498,
        389.0
      ],
      [
        -8.214494,
        42.923953,
        389.25
      ],
      [
        -8.214456,
        42.924638,
        390.75
      ],
      [
        -8.214355,
        42.925697,
        390.75
      ],
      [
        -8.214387,
        42.925983,
        386.75
      ],
      [
        -8.214458,
        42.926826,
        388.25
      ],
      [
        -8.214473,
        42.926954,
        393.0
      ],
      [
        -8.214537,
        42.927535,
        394.75
      ],
      [
        -8.214602,
        42.927766,
        396.0
      ],
      [
        -8.214682,
        42.927988,
        397.25
      ],
      [
        -8.214875,
        42.928365,
        398.5
      ],
      [
        -8.214566,
        42.928536,
        397.25
      ],
      [
        -8.214875,
        42.928365,
        398.5
      ],
      [
        -8.215091,
        42.928294,
        399.0
      ],
      [
        -8.21552,
        42.928106,
        399.25
      ],
      [
        -8.215826,
        42.927986,
        398.25
      ],
      [
        -8.2163,
        42.927811,
        395.75
      ],
      [
        -8.216798,
        42.927619,
        393.0
      ],
      [
        -8.217108,
        42.927507,
        391.5
      ],
      [
        -8.21747,
        42.92736,
        391.5
      ],
      [
        -8.217681,
        42.927275,
        390.5
      ],
      [
        -8.217891,
        42.927188,
        389.5
      ],
      [
        -8.217957,
        42.92714,
        389.25
      ],
      [
        -8.218005,
        42.927068,
        388.75
      ],
      [
        -8.218034,
        42.92699,
        388.25
      ],
      [
        -8.218597,
        42.926867,
        384.25
      ],
      [
        -8.219601,
        42.926593,
        379.5
      ],
      [
        -8.221723,
        42.925994,
        383.75
      ],
      [
        -8.222037,
        42.925905,
        384.5
      ],
      [
        -8.222235,
        42.925887,
        385.0
      ],
      [
        -8.222317,
        42.925879,
        385.5
      ],
      [
        -8.222574,
        42.925894,
        386.5
      ],
      [
        -8.222784,
        42.925905,
        387.5
      ],
      [
        -8.222854,
        42.925902,
        387.25
      ],
      [
        -8.222907,
        42.925899,
        387.25
      ],
      [
        -8.223051,
        42.925864,
        387.0
      ],
      [
        -8.223151,
        42.925829,
        387.25
      ],
      [
        -8.223891,
        42.925573,
        389.0
      ],
      [
        -8.224063,
        42.925519,
        388.75
      ],
      [
        -8.224077,
        42.92525,
        387.75
      ],
      [
        -8.224083,
        42.925045,
        387.0
      ],
      [
        -8.224151,
        42.922589,
        379.25
      ],
      [
        -8.225291,
        42.92257,
        379.25
      ],
      [
        -8.225657,
        42.922543,
        379.25
      ],
      [
        -8.225906,
        42.922508,
        380.0
      ],
      [
        -8.226144,
        42.922448,
        379.5
      ],
      [
        -8.226423,
        42.922343,
        379.0
      ],
      [
        -8.226697,
        42.922205,
        380.5
      ],
      [
        -8.227056,
        42.921988,
        382.25
      ],
      [
        -8.228152,
        42.921363,
        385.0
      ],
      [
        -8.228739,
        42.921066,
        385.25
      ],
      [
        -8.229396,
        42.92084,
        384.0
      ],
      [
        -8.230043,
        42.920627,
        382.0
      ],
      [
        -8.230868,
        42.920356,
        380.5
      ],
      [
        -8.232801,
        42.919702,
        376.75
      ],
      [
        -8.235746,
        42.918762,
        372.0
      ],
      [
        -8.236057,
        42.918663,
        369.75
      ],
      [
        -8.238346,
        42.917892,
        359.75
      ],
      [
        -8.238666,
        42.917754,
        359.75
      ],
      [
        -8.238971,
        42.917555,
        358.75
      ],
      [
        -8.239137,
        42.917412,
        359.0
      ],
      [
        -8.23927,
        42.917256,
        359.25
      ],
      [
        -8.239374,
        42.917051,
        358.5
      ],
      [
        -8.23945,
        42.916864,
        357.5
      ],
      [
        -8.239665,
        42.916933,
        358.0
      ],
      [
        -8.240276,
        42.917108,
        360.0
      ],
      [
        -8.241012,
        42.91729,
        353.5
      ],
      [
        -8.24151,
        42.917399,
        350.0
      ],
      [
        -8.241662,
        42.917444,
        348.25
      ],
      [
        -8.241731,
        42.91748,
        348.0
      ],
      [
        -8.241785,
        42.917517,
        347.75
      ],
      [
        -8.24189,
        42.917513,
        347.75
      ],
      [
        -8.242071,
        42.917481,
        347.5
      ],
      [
        -8.242372,
        42.917447,
        346.75
      ],
      [
        -8.242401,
        42.917536,
        346.25
      ],
      [
        -8.242459,
        42.917638,
        345.5
      ],
      [
        -8.242575,
        42.917734,
        344.5
      ],
      [
        -8.242905,
        42.917793,
        342.0
      ],
      [
        -8.242982,
        42.917831,
        341.25
      ],
      [
        -8.243149,
        42.917844,
        339.75
      ],
      [
        -8.243212,
        42.917849,
        339.75
      ],
      [
        -8.24341,
        42.917897,
        338.0
      ],
      [
        -8.243475,
        42.917924,
        337.25
      ],
      [
        -8.243513,
        42.917911,
        337.0
      ],
      [
        -8.243558,
        42.917884,
        336.5
      ],
      [
        -8.2436,
        42.917848,
        336.0
      ],
      [
        -8.243648,
        42.917762,
        335.5
      ],
      [
        -8.243672,
        42.917653,
        335.5
      ],
      [
        -8.243715,
        42.917639,
        335.25
      ],
      [
        -8.244107,
        42.917638,
        334.0
      ],
      [
        -8.2443,
        42.917601,
        334.0
      ],
      [
        -8.244387,
        42.917589,
        334.0
      ],
      [
        -8.244469,
        42.917586,
        334.0
      ],
      [
        -8.244493,
        42.917617,
        334.0
      ],
      [
        -8.244695,
        42.917538,
        334.0
      ],
      [
        -8.244743,
        42.917508,
        334.0
      ],
      [
        -8.24477,
        42.917478,
        334.25
      ],
      [
        -8.244749,
        42.915863,
        335.75
      ],
      [
        -8.244731,
        42.915778,
        335.5
      ],
      [
        -8.244951,
        42.915708,
        336.0
      ],
      [
        -8.245594,
        42.915417,
        339.5
      ],
      [
        -8.246051,
        42.91515,
        341.75
      ],
      [
        -8.247803,
        42.914281,
        347.75
      ],
      [
        -8.248173,
        42.914127,
        348.5
      ],
      [
        -8.249798,
        42.913702,
        349.0
      ],
      [
        -8.250314,
        42.913553,
        348.25
      ],
      [
        -8.250942,
        42.913411,
        347.5
      ],
      [
        -8.25126,
        42.913408,
        346.75
      ],
      [
        -8.251551,
        42.913421,
        345.5
      ],
      [
        -8.251817,
        42.913463,
        344.25
      ],
      [
        -8.252101,
        42.913563,
        344.25
      ],
      [
        -8.252539,
        42.913809,
        343.0
      ],
      [
        -8.253465,
        42.914581,
        343.0
      ],
      [
        -8.253769,
        42.914781,
        343.25
      ],
      [
        -8.254239,
        42.915107,
        343.25
      ],
      [
        -8.255317,
        42.915771,
        342.0
      ],
      [
        -8.256459,
        42.916563,
        340.25
      ],
      [
        -8.257552,
        42.917243,
        342.25
      ],
      [
        -8.258904,
        42.917876,
        342.75
      ],
      [
        -8.259563,
        42.918198,
        346.25
      ],
      [
        -8.2602,
        42.918589,
        347.75
      ],
      [
        -8.260245,
        42.918616,
        348.0
      ],
      [
        -8.264096,
        42.921261,
        354.25
      ],
      [
        -8.265374,
        42.921979,
        355.0
      ],
      [
        -8.266947,
        42.922508,
        356.0
      ],
      [
        -8.267079,
        42.922543,
        356.0
      ],
      [
        -8.268648,
        42.922953,
        360.0
      ],
      [
        -8.269141,
        42.923114,
        360.25
      ],
      [
        -8.269594,
        42.92331,
        360.0
      ],
      [
        -8.270693,
        42.923836,
        361.5
      ],
      [
        -8.272097,
        42.924472,
        365.0
      ],
      [
        -8.274341,
        42.925331,
        366.0
      ],
      [
        -8.275009,
        42.925588,
        366.0
      ],
      [
        -8.275505,
        42.925752,
        364.25
      ],
      [
        -8.275927,
        42.925869,
        364.75
      ],
      [
        -8.276317,
        42.925964,
        364.75
      ],
      [
        -8.276757,
        42.926036,
        364.75
      ],
      [
        -8.277199,
        42.926096,
        364.0
      ],
      [
        -8.279448,
        42.926348,
        360.75
      ],
      [
        -8.279963,
        42.926376,
        361.75
      ],
      [
        -8.280022,
        42.926373,
        361.75
      ],
      [
        -8.280262,
        42.926364,
        361.75
      ],
      [
        -8.280585,
        42.926327,
        361.5
      ],
      [
        -8.280934,
        42.926252,
        361.5
      ],
      [
        -8.28126,
        42.926162,
        362.25
      ],
      [
        -8.281593,
        42.926051,
        363.5
      ],
      [
        -8.281906,
        42.925927,
        363.75
      ],
      [
        -8.282246,
        42.925771,
        365.0
      ],
      [
        -8.282574,
        42.925586,
        366.25
      ],
      [
        -8.282709,
        42.92551,
        366.5
      ],
      [
        -8.282978,
        42.925315,
        366.75
      ],
      [
        -8.283231,
        42.925116,
        367.5
      ],
      [
        -8.283321,
        42.925031,
        368.0
      ],
      [
        -8.283641,
        42.924732,
        369.0
      ],
      [
        -8.284201,
        42.924176,
        372.25
      ],
      [
        -8.284432,
        42.923997,
        373.0
      ],
      [
        -8.28473,
        42.923819,
        373.0
      ],
      [
        -8.285062,
        42.923697,
        374.75
      ],
      [
        -8.285434,
        42.923627,
        375.0
      ],
      [
        -8.285635,
        42.923617,
        375.0
      ],
      [
        -8.28592,
        42.923622,
        375.25
      ],
      [
        -8.286404,
        42.923703,
        376.5
      ],
      [
        -8.287287,
        42.924012,
        376.5
      ],
      [
        -8.288052,
        42.924269,
        379.5
      ],
      [
        -8.288416,
        42.924363,
        382.0
      ],
      [
        -8.288638,
        42.924401,
        382.5
      ],
      [
        -8.288836,
        42.924412,
        382.75
      ],
      [
        -8.289002,
        42.924416,
        383.25
      ],
      [
        -8.289197,
        42.924404,
        384.0
      ],
      [
        -8.289541,
        42.924338,
        385.0
      ],
      [
        -8.289778,
        42.924272,
        385.5
      ],
      [
        -8.290324,
        42.924098,
        387.0
      ],
      [
        -8.290406,
        42.924074,
        387.25
      ],
      [
        -8.291841,
        42.923613,
        392.75
      ],
      [
        -8.292559,
        42.923398,
        396.5
      ],
      [
        -8.293061,
        42.923283,
        398.0
      ],
      [
        -8.293997,
        42.923115,
        398.25
      ],
      [
        -8.294372,
        42.92303,
        398.0
      ],
      [
        -8.294727,
        42.922932,
        397.25
      ],
      [
        -8.295936,
        42.922555,
        393.0
      ],
      [
        -8.296335,
        42.922413,
        392.5
      ],
      [
        -8.296631,
        42.922297,
        390.75
      ],
      [
        -8.29696,
        42.922149,
        389.0
      ],
      [
        -8.297294,
        42.921968,
        387.5
      ],
      [
        -8.297702,
        42.92171,
        385.5
      ],
      [
        -8.299106,
        42.923288,
        381.5
      ],
      [
        -8.299173,
        42.923349,
        382.0
      ],
      [
        -8.300016,
        42.922185,
        381.75
      ],
      [
        -8.300373,
        42.92174,
        384.25
      ],
      [
        -8.300465,
        42.921592,
        384.25
      ],
      [
        -8.300884,
        42.920968,
        384.25
      ],
      [
        -8.301204,
        42.92054,
        383.25
      ],
      [
        -8.301319,
        42.920436,
        383.25
      ],
      [
        -8.301412,
        42.920378,
        383.25
      ],
      [
        -8.301576,
        42.920331,
        383.75
      ],
      [
        -8.301763,
        42.920313,
        384.25
      ],
      [
        -8.302398,
        42.920335,
        385.75
      ],
      [
        -8.303096,
        42.920376,
        386.5
      ],
      [
        -8.303299,
        42.920201,
        385.25
      ],
      [
        -8.303687,
        42.919865,
        384.5
      ],
      [
        -8.303746,
        42.919814,
        384.25
      ],
      [
        -8.304014,
        42.919634,
        383.5
      ],
      [
        -8.304204,
        42.919529,
        383.0
      ],
      [
        -8.304718,
        42.919367,
        381.0
      ],
      [
        -8.304842,
        42.919322,
        380.0
      ],
      [
        -8.304985,
        42.919249,
        378.75
      ],
      [
        -8.30512,
        42.919135,
        377.75
      ],
      [
        -8.305171,
        42.919065,
        377.25
      ],
      [
        -8.305271,
        42.918811,
        375.5
      ],
      [
        -8.30551,
        42.918826,
        374.25
      ],
      [
        -8.305548,
        42.918837,
        373.75
      ],
      [
        -8.30551,
        42.918826,
        374.25
      ],
      [
        -8.305271,
        42.918811,
        375.5
      ],
      [
        -8.305306,
        42.918555,
        374.5
      ],
      [
        -8.305246,
        42.917939,
        371.5
      ],
      [
        -8.31043,
        42.917409,
        369.0
      ],
      [
        -8.312405,
        42.917212,
        375.5
      ],
      [
        -8.312469,
        42.917206,
        375.75
      ],
      [
        -8.315492,
        42.916899,
        380.75
      ],
      [
        -8.316161,
        42.916835,
        382.5
      ],
      [
        -8.316707,
        42.916773,
        383.25
      ],
      [
        -8.317151,
        42.91671,
        384.5
      ],
      [
        -8.317507,
        42.916649,
        385.75
      ],
      [
        -8.317754,
        42.916599,
        386.75
      ],
      [
        -8.31812,
        42.9165,
        387.75
      ],
      [
        -8.318591,
        42.916337,
        389.75
      ],
      [
        -8.318993,
        42.916184,
        391.75
      ],
      [
        -8.319994,
        42.91579,
        395.75
      ],
      [
        -8.320413,
        42.915654,
        397.25
      ],
      [
        -8.320757,
        42.91556,
        398.5
      ],
      [
        -8.321045,
        42.915495,
        399.5
      ],
      [
        -8.321394,
        42.915428,
        400.5
      ],
      [
        -8.322075,
        42.915359,
        401.75
      ],
      [
        -8.322549,
        42.915338,
        403.0
      ],
      [
        -8.322736,
        42.915344,
        403.0
      ],
      [
        -8.32277,
        42.915577,
        404.0
      ],
      [
        -8.323033,
        42.915583,
        405.0
      ],
      [
        -8.32277,
        42.915577,
        404.0
      ],
      [
        -8.322736,
        42.915344,
        403.0
      ],
      [
        -8.323031,
        42.915352,
        404.0
      ],
      [
        -8.32338,
        42.915378,
        405.0
      ],
      [
        -8.323746,
        42.91542,
        406.0
      ],
      [
        -8.324145,
        42.915491,
        405.5
      ],
      [
        -8.324344,
        42.915531,
        405.0
      ],
      [
        -8.324502,
        42.91557,
        405.0
      ],
      [
        -8.324713,
        42.915621,
        405.0
      ],
      [
        -8.3252,
        42.91577,
        402.0
      ],
      [
        -8.325499,
        42.91579,
        400.75
      ],
      [
        -8.325736,
        42.915822,
        400.75
      ],
      [
        -8.326533,
        42.915993,
        398.5
      ],
      [
        -8.326768,
        42.915998,
        398.0
      ],
      [
        -8.326866,
        42.915983,
        397.25
      ],
      [
        -8.326947,
        42.915945,
        397.0
      ],
      [
        -8.327074,
        42.915833,
        397.0
      ],
      [
        -8.327156,
        42.915658,
        395.75
      ],
      [
        -8.327271,
        42.915474,
        394.5
      ],
      [
        -8.327539,
        42.915138,
        393.75
      ],
      [
        -8.32771,
        42.915042,
        392.5
      ],
      [
        -8.327929,
        42.915019,
        390.5
      ],
      [
        -8.328073,
        42.915072,
        389.25
      ],
      [
        -8.328148,
        42.915165,
        389.0
      ],
      [
        -8.328301,
        42.915643,
        385.75
      ],
      [
        -8.328407,
        42.91579,
        384.5
      ],
      [
        -8.328778,
        42.916071,
        382.5
      ],
      [
        -8.32969,
        42.916634,
        380.0
      ],
      [
        -8.32994,
        42.916721,
        379.75
      ],
      [
        -8.330212,
        42.916778,
        379.25
      ],
      [
        -8.330995,
        42.916767,
        374.75
      ],
      [
        -8.331054,
        42.916768,
        374.25
      ],
      [
        -8.331343,
        42.91676,
        373.0
      ],
      [
        -8.331611,
        42.916796,
        372.0
      ],
      [
        -8.331998,
        42.916924,
        370.75
      ],
      [
        -8.332409,
        42.91716,
        368.5
      ],
      [
        -8.332809,
        42.917403,
        366.25
      ],
      [
        -8.332883,
        42.917233,
        365.25
      ],
      [
        -8.333061,
        42.916403,
        362.75
      ],
      [
        -8.333101,
        42.915799,
        360.25
      ],
      [
        -8.333197,
        42.915386,
        359.5
      ],
      [
        -8.333517,
        42.915076,
        357.0
      ],
      [
        -8.334197,
        42.91463,
        351.0
      ],
      [
        -8.335082,
        42.913733,
        343.75
      ],
      [
        -8.33621,
        42.91324,
        338.5
      ],
      [
        -8.336627,
        42.91308,
        336.0
      ],
      [
        -8.336909,
        42.912827,
        334.25
      ],
      [
        -8.337005,
        42.912597,
        334.0
      ],
      [
        -8.337234,
        42.912445,
        333.25
      ],
      [
        -8.337702,
        42.912116,
        333.25
      ],
      [
        -8.337816,
        42.911925,
        334.75
      ],
      [
        -8.337816,
        42.911792,
        335.25
      ],
      [
        -8.337848,
        42.911659,
        335.75
      ],
      [
        -8.338011,
        42.911569,
        336.0
      ],
      [
        -8.338111,
        42.911533,
        336.0
      ],
      [
        -8.338342,
        42.911603,
        334.5
      ],
      [
        -8.33846,
        42.911623,
        334.25
      ],
      [
        -8.339026,
        42.911413,
        335.25
      ],
      [
        -8.339325,
        42.911313,
        333.75
      ],
      [
        -8.339424,
        42.911363,
        333.0
      ],
      [
        -8.339583,
        42.911586,
        331.0
      ],
      [
        -8.340054,
        42.912296,
        324.5
      ],
      [
        -8.34024,
        42.912565,
        323.25
      ],
      [
        -8.340394,
        42.912648,
        322.25
      ],
      [
        -8.340725,
        42.912715,
        321.0
      ],
      [
        -8.34095,
        42.912663,
        320.75
      ],
      [
        -8.341238,
        42.912645,
        319.75
      ],
      [
        -8.342232,
        42.912701,
        310.5
      ],
      [
        -8.343078,
        42.912907,
        294.25
      ],
      [
        -8.343488,
        42.913034,
        285.75
      ],
      [
        -8.343949,
        42.913199,
        283.75
      ],
      [
        -8.34443,
        42.913357,
        285.0
      ],
      [
        -8.345984,
        42.913283,
        281.0
      ],
      [
        -8.349507,
        42.913116,
        278.0
      ],
      [
        -8.350381,
        42.914291,
        277.5
      ],
      [
        -8.350409,
        42.914426,
        277.5
      ],
      [
        -8.35044,
        42.91452,
        277.25
      ],
      [
        -8.350881,
        42.914396,
        275.75
      ],
      [
        -8.351305,
        42.914259,
        275.0
      ],
      [
        -8.351439,
        42.914212,
        274.0
      ],
      [
        -8.351305,
        42.914259,
        275.0
      ],
      [
        -8.350881,
        42.914396,
        275.75
      ],
      [
        -8.35044,
        42.91452,
        277.25
      ],
      [
        -8.350409,
        42.914426,
        277.5
      ],
      [
        -8.350381,
        42.914291,
        277.5
      ],
      [
        -8.349507,
        42.913116,
        278.0
      ],
      [
        -8.349373,
        42.912921,
        276.5
      ],
      [
        -8.34914,
        42.912592,
        273.5
      ],
      [
        -8.348933,
        42.912321,
        271.5
      ],
      [
        -8.348298,
        42.911426,
        270.25
      ],
      [
        -8.348275,
        42.911156,
        269.25
      ],
      [
        -8.348278,
        42.910771,
        268.0
      ],
      [
        -8.34832,
        42.910623,
        268.0
      ],
      [
        -8.348374,
        42.910497,
        267.75
      ],
      [
        -8.34832,
        42.910623,
        268.0
      ],
      [
        -8.348278,
        42.910771,
        268.0
      ],
      [
        -8.348275,
        42.911156,
        269.25
      ],
      [
        -8.348298,
        42.911426,
        270.25
      ],
      [
        -8.348933,
        42.912321,
        271.5
      ],
      [
        -8.34914,
        42.912592,
        273.5
      ],
      [
        -8.349373,
        42.912921,
        276.5
      ],
      [
        -8.349507,
        42.913116,
        278.0
      ],
      [
        -8.350381,
        42.914291,
        277.5
      ],
      [
        -8.350409,
        42.914426,
        277.5
      ],
      [
        -8.35044,
        42.91452,
        277.25
      ],
      [
        -8.350881,
        42.914396,
        275.75
      ],
      [
        -8.351305,
        42.914259,
        275.0
      ],
      [
        -8.352069,
        42.913992,
        274.0
      ],
      [
        -8.352262,
        42.913918,
        274.0
      ],
      [
        -8.352682,
        42.913748,
        273.5
      ],
      [
        -8.352967,
        42.913621,
        273.25
      ],
      [
        -8.353048,
        42.91356,
        273.0
      ],
      [
        -8.353686,
        42.912978,
        271.0
      ],
      [
        -8.354313,
        42.912772,
        268.5
      ],
      [
        -8.355287,
        42.912518,
        262.75
      ],
      [
        -8.355393,
        42.912479,
        262.5
      ],
      [
        -8.355525,
        42.912465,
        262.0
      ],
      [
        -8.356599,
        42.912464,
        254.0
      ],
      [
        -8.356802,
        42.912443,
        254.25
      ],
      [
        -8.357101,
        42.912367,
        256.5
      ],
      [
        -8.357374,
        42.912272,
        259.5
      ],
      [
        -8.357501,
        42.912291,
        260.75
      ],
      [
        -8.357728,
        42.911601,
        261.75
      ],
      [
        -8.35783,
        42.911363,
        262.5
      ],
      [
        -8.357954,
        42.910979,
        263.0
      ],
      [
        -8.358155,
        42.910434,
        263.0
      ],
      [
        -8.358218,
        42.910258,
        262.0
      ],
      [
        -8.358373,
        42.909787,
        263.0
      ],
      [
        -8.358441,
        42.909588,
        264.0
      ],
      [
        -8.358489,
        42.909435,
        265.0
      ],
      [
        -8.358562,
        42.909293,
        265.25
      ],
      [
        -8.35859,
        42.909279,
        265.5
      ],
      [
        -8.358625,
        42.909237,
        265.75
      ],
      [
        -8.35863,
        42.909212,
        265.75
      ],
      [
        -8.358612,
        42.909165,
        266.0
      ],
      [
        -8.35861,
        42.909094,
        266.25
      ],
      [
        -8.35862,
        42.908989,
        266.5
      ],
      [
        -8.358672,
        42.9088,
        267.5
      ],
      [
        -8.3589,
        42.907997,
        272.25
      ],
      [
        -8.358993,
        42.907726,
        273.5
      ],
      [
        -8.359093,
        42.907495,
        274.25
      ],
      [
        -8.35925,
        42.907187,
        275.75
      ],
      [
        -8.359295,
        42.907124,
        276.25
      ],
      [
        -8.359465,
        42.906882,
        277.25
      ],
      [
        -8.359694,
        42.906631,
        277.75
      ],
      [
        -8.359912,
        42.906379,
        278.5
      ],
      [
        -8.360238,
        42.906039,
        279.5
      ],
      [
        -8.360472,
        42.905824,
        279.75
      ],
      [
        -8.360727,
        42.905612,
        280.5
      ],
      [
        -8.360991,
        42.905438,
        280.25
      ],
      [
        -8.361327,
        42.905216,
        281.25
      ],
      [
        -8.361652,
        42.905031,
        282.0
      ],
      [
        -8.362251,
        42.904686,
        282.5
      ],
      [
        -8.36243,
        42.90459,
        283.0
      ],
      [
        -8.362686,
        42.904469,
        283.0
      ],
      [
        -8.362833,
        42.904407,
        282.75
      ],
      [
        -8.362975,
        42.904365,
        282.5
      ],
      [
        -8.363141,
        42.904336,
        282.5
      ],
      [
        -8.3641,
        42.90421,
        280.25
      ],
      [
        -8.364898,
        42.904113,
        278.25
      ],
      [
        -8.365038,
        42.904095,
        278.0
      ],
      [
        -8.365398,
        42.904055,
        277.5
      ],
      [
        -8.367329,
        42.903818,
        274.0
      ],
      [
        -8.367498,
        42.903798,
        274.0
      ],
      [
        -8.367562,
        42.903791,
        273.75
      ],
      [
        -8.368656,
        42.903665,
        273.25
      ],
      [
        -8.368734,
        42.903657,
        273.25
      ],
      [
        -8.369002,
        42.903642,
        273.25
      ],
      [
        -8.36912,
        42.903645,
        273.25
      ],
      [
        -8.369331,
        42.903662,
        272.5
      ],
      [
        -8.369525,
        42.903692,
        271.5
      ],
      [
        -8.3696,
        42.903704,
        270.75
      ],
      [
        -8.370156,
        42.903805,
        267.5
      ],
      [
        -8.370431,
        42.903838,
        267.0
      ],
      [
        -8.370611,
        42.903849,
        266.25
      ],
      [
        -8.370714,
        42.903848,
        266.0
      ],
      [
        -8.370853,
        42.903838,
        265.25
      ],
      [
        -8.370991,
        42.903817,
        264.25
      ],
      [
        -8.371233,
        42.903753,
        263.5
      ],
      [
        -8.37137,
        42.903704,
        263.5
      ],
      [
        -8.371601,
        42.903615,
        264.5
      ],
      [
        -8.371816,
        42.903524,
        264.25
      ],
      [
        -8.374297,
        42.902424,
        270.5
      ],
      [
        -8.378785,
        42.900422,
        272.25
      ],
      [
        -8.37913,
        42.900269,
        272.0
      ],
      [
        -8.379438,
        42.900129,
        272.25
      ],
      [
        -8.379733,
        42.900009,
        272.0
      ],
      [
        -8.379984,
        42.899924,
        272.0
      ],
      [
        -8.380179,
        42.899871,
        272.25
      ],
      [
        -8.380445,
        42.899816,
        272.25
      ],
      [
        -8.380583,
        42.899798,
        272.25
      ],
      [
        -8.380757,
        42.899784,
        272.0
      ],
      [
        -8.380933,
        42.89978,
        272.0
      ],
      [
        -8.381109,
        42.899785,
        272.0
      ],
      [
        -8.381266,
        42.899797,
        272.0
      ],
      [
        -8.381453,
        42.899823,
        271.75
      ],
      [
        -8.381626,
        42.899857,
        271.5
      ],
      [
        -8.382019,
        42.899955,
        270.5
      ],
      [
        -8.385808,
        42.901011,
        265.5
      ],
      [
        -8.388121,
        42.90167,
        264.75
      ],
      [
        -8.38841,
        42.901759,
        263.5
      ],
      [
        -8.388777,
        42.901895,
        262.0
      ],
      [
        -8.3891,
        42.902041,
        260.5
      ],
      [
        -8.389259,
        42.902126,
        260.25
      ],
      [
        -8.389476,
        42.902244,
        259.75
      ],
      [
        -8.389735,
        42.902402,
        258.75
      ],
      [
        -8.391911,
        42.903894,
        250.0
      ],
      [
        -8.391211,
        42.904603,
        250.5
      ],
      [
        -8.391147,
        42.904664,
        250.25
      ],
      [
        -8.391134,
        42.904698,
        250.0
      ],
      [
        -8.391129,
        42.904743,
        249.75
      ],
      [
        -8.391137,
        42.904789,
        249.75
      ],
      [
        -8.391168,
        42.904845,
        249.75
      ],
      [
        -8.391188,
        42.904882,
        249.75
      ],
      [
        -8.391355,
        42.905061,
        249.5
      ],
      [
        -8.391486,
        42.905187,
        249.0
      ],
      [
        -8.391586,
        42.905298,
        248.75
      ],
      [
        -8.391829,
        42.9054,
        248.25
      ],
      [
        -8.393025,
        42.905815,
        247.75
      ],
      [
        -8.393431,
        42.905964,
        248.25
      ],
      [
        -8.393492,
        42.905965,
        248.5
      ],
      [
        -8.39386,
        42.905934,
        250.5
      ],
      [
        -8.393902,
        42.906093,
        251.75
      ],
      [
        -8.393937,
        42.906195,
        252.25
      ],
      [
        -8.393982,
        42.906293,
        252.5
      ],
      [
        -8.394089,
        42.906465,
        253.0
      ],
      [
        -8.394209,
        42.906618,
        254.0
      ],
      [
        -8.394354,
        42.906766,
        254.5
      ],
      [
        -8.394501,
        42.906881,
        256.0
      ],
      [
        -8.39467,
        42.906991,
        256.75
      ],
      [
        -8.394892,
        42.907103,
        257.75
      ],
      [
        -8.395273,
        42.907251,
        258.5
      ],
      [
        -8.395765,
        42.907433,
        260.25
      ],
      [
        -8.39666,
        42.907731,
        264.75
      ],
      [
        -8.398486,
        42.90834,
        274.0
      ],
      [
        -8.398632,
        42.908385,
        274.25
      ],
      [
        -8.398949,
        42.908462,
        275.5
      ],
      [
        -8.399227,
        42.908503,
        276.75
      ],
      [
        -8.399395,
        42.908519,
        277.75
      ],
      [
        -8.399563,
        42.908527,
        278.75
      ],
      [
        -8.399937,
        42.908527,
        280.25
      ],
      [
        -8.400395,
        42.908495,
        280.75
      ],
      [
        -8.40088,
        42.908449,
        282.25
      ],
      [
        -8.403159,
        42.908208,
        294.0
      ],
      [
        -8.403674,
        42.908165,
        295.75
      ],
      [
        -8.403886,
        42.908156,
        296.25
      ],
      [
        -8.404057,
        42.908158,
        297.0
      ],
      [
        -8.404201,
        42.908162,
        297.75
      ],
      [
        -8.40434,
        42.908175,
        298.25
      ],
      [
        -8.404472,
        42.908194,
        298.5
      ],
      [
        -8.404724,
        42.90825,
        299.25
      ],
      [
        -8.404869,
        42.908298,
        300.0
      ],
      [
        -8.405086,
        42.90839,
        301.0
      ],
      [
        -8.405224,
        42.90847,
        301.5
      ],
      [
        -8.40531,
        42.908528,
        302.25
      ],
      [
        -8.405396,
        42.908598,
        302.75
      ],
      [
        -8.405525,
        42.908735,
        304.0
      ],
      [
        -8.405648,
        42.908904,
        305.75
      ],
      [
        -8.405698,
        42.908995,
        306.25
      ],
      [
        -8.405767,
        42.909131,
        307.0
      ],
      [
        -8.405818,
        42.909257,
        308.0
      ],
      [
        -8.405895,
        42.909512,
        309.75
      ],
      [
        -8.40593,
        42.909762,
        311.0
      ],
      [
        -8.406064,
        42.910339,
        313.5
      ],
      [
        -8.406184,
        42.91077,
        315.25
      ],
      [
        -8.406248,
        42.910968,
        316.5
      ],
      [
        -8.40633,
        42.911148,
        317.75
      ],
      [
        -8.406402,
        42.911299,
        318.75
      ],
      [
        -8.406552,
        42.911552,
        320.0
      ],
      [
        -8.406613,
        42.91167,
        320.5
      ],
      [
        -8.406643,
        42.911788,
        320.75
      ],
      [
        -8.406648,
        42.911867,
        320.75
      ],
      [
        -8.406638,
        42.912046,
        320.75
      ],
      [
        -8.406634,
        42.912088,
        320.75
      ],
      [
        -8.406601,
        42.912146,
        320.5
      ],
      [
        -8.406592,
        42.912209,
        320.5
      ],
      [
        -8.406607,
        42.912271,
        320.75
      ],
      [
        -8.406646,
        42.912328,
        321.0
      ],
      [
        -8.406706,
        42.912375,
        321.5
      ],
      [
        -8.406781,
        42.912407,
        321.75
      ],
      [
        -8.406866,
        42.912423,
        321.75
      ],
      [
        -8.406954,
        42.91242,
        322.0
      ],
      [
        -8.407017,
        42.912405,
        322.0
      ],
      [
        -8.407169,
        42.912442,
        322.25
      ],
      [
        -8.407245,
        42.912452,
        322.5
      ],
      [
        -8.407491,
        42.912397,
        325.5
      ],
      [
        -8.407533,
        42.912391,
        325.75
      ],
      [
        -8.407626,
        42.912332,
        326.25
      ],
      [
        -8.408514,
        42.912679,
        328.25
      ],
      [
        -8.408691,
        42.912757,
        328.75
      ],
      [
        -8.40884,
        42.912834,
        329.75
      ],
      [
        -8.409052,
        42.912967,
        331.0
      ],
      [
        -8.409189,
        42.913064,
        333.0
      ],
      [
        -8.409356,
        42.91321,
        333.5
      ],
      [
        -8.409498,
        42.913356,
        335.0
      ],
      [
        -8.409623,
        42.913501,
        336.0
      ],
      [
        -8.410017,
        42.914036,
        340.0
      ],
      [
        -8.410153,
        42.914196,
        341.5
      ],
      [
        -8.410243,
        42.914284,
        342.5
      ],
      [
        -8.410379,
        42.914388,
        343.5
      ],
      [
        -8.410473,
        42.914437,
        344.25
      ],
      [
        -8.41056,
        42.914457,
        345.0
      ],
      [
        -8.410731,
        42.914364,
        346.25
      ],
      [
        -8.411872,
        42.914222,
        354.25
      ],
      [
        -8.412139,
        42.914173,
        355.5
      ],
      [
        -8.412521,
        42.914092,
        357.25
      ],
      [
        -8.413003,
        42.913978,
        359.75
      ],
      [
        -8.413955,
        42.913772,
        363.0
      ],
      [
        -8.414078,
        42.913751,
        363.0
      ],
      [
        -8.414175,
        42.913739,
        363.0
      ],
      [
        -8.414297,
        42.913739,
        363.0
      ],
      [
        -8.414558,
        42.913751,
        362.75
      ],
      [
        -8.414748,
        42.913751,
        362.25
      ],
      [
        -8.415677,
        42.913739,
        358.75
      ],
      [
        -8.41602,
        42.913748,
        357.5
      ],
      [
        -8.416898,
        42.913757,
        354.0
      ],
      [
        -8.417577,
        42.913745,
        351.0
      ],
      [
        -8.41905,
        42.913755,
        346.0
      ],
      [
        -8.420241,
        42.913748,
        343.0
      ],
      [
        -8.420337,
        42.913738,
        342.5
      ],
      [
        -8.420398,
        42.91372,
        341.75
      ],
      [
        -8.420639,
        42.913595,
        339.0
      ],
      [
        -8.420743,
        42.91356,
        338.0
      ],
      [
        -8.420819,
        42.913543,
        337.25
      ],
      [
        -8.420959,
        42.913524,
        336.25
      ],
      [
        -8.42107,
        42.913519,
        335.5
      ],
      [
        -8.421264,
        42.913518,
        333.75
      ],
      [
        -8.421415,
        42.913524,
        332.5
      ],
      [
        -8.421585,
        42.91354,
        333.25
      ],
      [
        -8.421958,
        42.913605,
        334.75
      ],
      [
        -8.422026,
        42.913609,
        335.25
      ],
      [
        -8.422112,
        42.913605,
        335.5
      ],
      [
        -8.422213,
        42.913588,
        335.5
      ],
      [
        -8.422496,
        42.913513,
        334.5
      ],
      [
        -8.422665,
        42.913452,
        334.5
      ],
      [
        -8.422833,
        42.913379,
        335.75
      ],
      [
        -8.423003,
        42.913287,
        336.0
      ],
      [
        -8.423349,
        42.913073,
        336.25
      ],
      [
        -8.423555,
        42.912906,
        333.75
      ],
      [
        -8.423734,
        42.912755,
        335.0
      ],
      [
        -8.423905,
        42.912569,
        335.5
      ],
      [
        -8.424109,
        42.91227,
        335.25
      ],
      [
        -8.424195,
        42.912087,
        336.75
      ],
      [
        -8.424248,
        42.911917,
        337.25
      ],
      [
        -8.42431,
        42.911595,
        339.75
      ],
      [
        -8.424321,
        42.911334,
        340.5
      ],
      [
        -8.424282,
        42.911059,
        340.75
      ],
      [
        -8.424215,
        42.910808,
        340.75
      ],
      [
        -8.424149,
        42.910618,
        341.0
      ],
      [
        -8.424124,
        42.910545,
        340.75
      ],
      [
        -8.423473,
        42.908785,
        340.0
      ],
      [
        -8.42344,
        42.908695,
        339.75
      ],
      [
        -8.42349,
        42.90869,
        339.5
      ],
      [
        -8.423543,
        42.908686,
        339.5
      ],
      [
        -8.423804,
        42.908713,
        338.25
      ],
      [
        -8.424553,
        42.908788,
        334.75
      ],
      [
        -8.424885,
        42.908834,
        333.25
      ],
      [
        -8.425093,
        42.908877,
        332.5
      ],
      [
        -8.425401,
        42.908981,
        331.75
      ],
      [
        -8.425534,
        42.909007,
        331.5
      ],
      [
        -8.425706,
        42.908995,
        330.5
      ],
      [
        -8.425946,
        42.908962,
        330.25
      ],
      [
        -8.425991,
        42.908948,
        330.25
      ],
      [
        -8.426013,
        42.909072,
        330.0
      ],
      [
        -8.426253,
        42.90914,
        330.0
      ],
      [
        -8.426343,
        42.909132,
        330.0
      ],
      [
        -8.42643,
        42.909107,
        330.0
      ],
      [
        -8.426491,
        42.909201,
        330.0
      ],
      [
        -8.426571,
        42.909301,
        330.0
      ],
      [
        -8.426632,
        42.90933,
        330.0
      ],
      [
        -8.426816,
        42.909354,
        329.5
      ],
      [
        -8.426916,
        42.909388,
        329.25
      ],
      [
        -8.427004,
        42.909444,
        328.5
      ],
      [
        -8.427159,
        42.909592,
        327.5
      ],
      [
        -8.427412,
        42.909767,
        325.75
      ],
      [
        -8.427641,
        42.91002,
        323.5
      ],
      [
        -8.428045,
        42.9104,
        323.75
      ],
      [
        -8.42845,
        42.91095,
        319.25
      ],
      [
        -8.428632,
        42.911272,
        315.0
      ],
      [
        -8.428954,
        42.911421,
        312.25
      ],
      [
        -8.429276,
        42.911429,
        310.5
      ],
      [
        -8.429606,
        42.911505,
        311.75
      ],
      [
        -8.429692,
        42.911542,
        313.0
      ],
      [
        -8.43025,
        42.911744,
        313.5
      ],
      [
        -8.430332,
        42.911767,
        312.5
      ],
      [
        -8.431309,
        42.912036,
        310.0
      ],
      [
        -8.431675,
        42.912101,
        309.25
      ],
      [
        -8.43209,
        42.912158,
        310.25
      ],
      [
        -8.433181,
        42.912152,
        312.0
      ],
      [
        -8.43325,
        42.912178,
        312.0
      ],
      [
        -8.433305,
        42.912193,
        312.0
      ],
      [
        -8.433408,
        42.912221,
        312.25
      ],
      [
        -8.43379,
        42.912393,
        311.5
      ],
      [
        -8.434321,
        42.91253,
        309.25
      ],
      [
        -8.435395,
        42.912833,
        308.25
      ],
      [
        -8.436377,
        42.913211,
        310.0
      ],
      [
        -8.436944,
        42.913415,
        310.0
      ],
      [
        -8.437666,
        42.912574,
        308.0
      ],
      [
        -8.439067,
        42.911005,
        301.25
      ],
      [
        -8.439249,
        42.91002,
        303.0
      ],
      [
        -8.439451,
        42.909502,
        304.75
      ],
      [
        -8.440435,
        42.907716,
        315.5
      ],
      [
        -8.441336,
        42.90608,
        321.0
      ],
      [
        -8.441972,
        42.904925,
        316.75
      ],
      [
        -8.442247,
        42.904425,
        312.75
      ],
      [
        -8.442395,
        42.904156,
        311.5
      ],
      [
        -8.442514,
        42.90394,
        310.0
      ],
      [
        -8.44257,
        42.90352,
        308.0
      ],
      [
        -8.442643,
        42.903326,
        306.75
      ],
      [
        -8.442655,
        42.903253,
        306.25
      ],
      [
        -8.442567,
        42.902518,
        306.0
      ],
      [
        -8.442636,
        42.902136,
        304.5
      ],
      [
        -8.44263,
        42.901954,
        304.0
      ],
      [
        -8.442612,
        42.901807,
        303.75
      ],
      [
        -8.442622,
        42.90165,
        303.5
      ],
      [
        -8.442655,
        42.901488,
        303.0
      ],
      [
        -8.442917,
        42.901353,
        302.25
      ],
      [
        -8.443198,
        42.901196,
        302.0
      ],
      [
        -8.443537,
        42.901073,
        301.75
      ],
      [
        -8.443806,
        42.900982,
        301.0
      ],
      [
        -8.443946,
        42.900943,
        301.0
      ],
      [
        -8.444775,
        42.900721,
        301.25
      ],
      [
        -8.444883,
        42.900745,
        301.25
      ],
      [
        -8.444944,
        42.900748,
        301.25
      ],
      [
        -8.445056,
        42.900716,
        301.25
      ],
      [
        -8.445761,
        42.90059,
        300.75
      ],
      [
        -8.446622,
        42.900382,
        299.75
      ],
      [
        -8.446649,
        42.90037,
        298.75
      ],
      [
        -8.44674,
        42.900331,
        298.75
      ],
      [
        -8.446821,
        42.90026,
        297.5
      ],
      [
        -8.446885,
        42.900155,
        296.25
      ],
      [
        -8.44688,
        42.899998,
        295.75
      ],
      [
        -8.446844,
        42.899859,
        295.75
      ],
      [
        -8.446811,
        42.899823,
        295.75
      ],
      [
        -8.446761,
        42.899816,
        296.5
      ],
      [
        -8.446707,
        42.899826,
        297.25
      ],
      [
        -8.446653,
        42.899826,
        297.75
      ],
      [
        -8.446612,
        42.899812,
        298.0
      ],
      [
        -8.446579,
        42.899788,
        298.25
      ],
      [
        -8.446574,
        42.899763,
        298.0
      ],
      [
        -8.446557,
        42.899669,
        297.5
      ],
      [
        -8.446495,
        42.899544,
        296.5
      ],
      [
        -8.446185,
        42.899469,
        297.5
      ],
      [
        -8.445869,
        42.899411,
        299.0
      ],
      [
        -8.445703,
        42.899403,
        299.5
      ],
      [
        -8.445433,
        42.899407,
        300.25
      ],
      [
        -8.444884,
        42.89926,
        299.5
      ],
      [
        -8.444843,
        42.89924,
        299.5
      ],
      [
        -8.444793,
        42.899189,
        299.0
      ],
      [
        -8.444751,
        42.899146,
        298.5
      ],
      [
        -8.444719,
        42.899099,
        298.5
      ],
      [
        -8.444588,
        42.89873,
        295.5
      ],
      [
        -8.444499,
        42.898583,
        294.75
      ],
      [
        -8.444435,
        42.898522,
        294.75
      ],
      [
        -8.444313,
        42.89848,
        294.75
      ],
      [
        -8.444189,
        42.89838,
        293.5
      ],
      [
        -8.444173,
        42.898347,
        293.0
      ],
      [
        -8.444162,
        42.898326,
        292.75
      ],
      [
        -8.444146,
        42.898281,
        293.0
      ],
      [
        -8.444124,
        42.89822,
        293.0
      ],
      [
        -8.444099,
        42.898103,
        293.0
      ],
      [
        -8.444102,
        42.898048,
        293.0
      ],
      [
        -8.444121,
        42.898013,
        293.25
      ],
      [
        -8.444154,
        42.897989,
        293.5
      ],
      [
        -8.444223,
        42.897976,
        293.75
      ],
      [
        -8.444333,
        42.898018,
        293.25
      ],
      [
        -8.444511,
        42.898127,
        292.5
      ],
      [
        -8.444589,
        42.898155,
        292.5
      ],
      [
        -8.444705,
        42.898183,
        292.5
      ],
      [
        -8.444822,
        42.898184,
        292.5
      ],
      [
        -8.44496,
        42.898158,
        292.5
      ],
      [
        -8.445096,
        42.898114,
        293.25
      ],
      [
        -8.445159,
        42.89808,
        294.0
      ],
      [
        -8.445363,
        42.897926,
        295.75
      ],
      [
        -8.445526,
        42.897821,
        296.5
      ],
      [
        -8.445799,
        42.897697,
        299.5
      ],
      [
        -8.446089,
        42.897581,
        302.75
      ],
      [
        -8.446479,
        42.897441,
        306.75
      ],
      [
        -8.446731,
        42.897354,
        309.5
      ],
      [
        -8.446987,
        42.897295,
        312.0
      ],
      [
        -8.447226,
        42.89723,
        313.75
      ],
      [
        -8.447339,
        42.897216,
        314.75
      ],
      [
        -8.447438,
        42.897179,
        316.25
      ],
      [
        -8.447535,
        42.897116,
        317.75
      ],
      [
        -8.447595,
        42.897003,
        319.5
      ],
      [
        -8.447588,
        42.896694,
        323.5
      ],
      [
        -8.447596,
        42.89647,
        324.0
      ],
      [
        -8.447542,
        42.896116,
        323.25
      ],
      [
        -8.447559,
        42.895928,
        321.75
      ],
      [
        -8.447622,
        42.895893,
        322.5
      ],
      [
        -8.447731,
        42.895783,
        323.5
      ],
      [
        -8.447814,
        42.895612,
        323.5
      ],
      [
        -8.447826,
        42.895418,
        323.5
      ],
      [
        -8.447823,
        42.895208,
        323.75
      ],
      [
        -8.447809,
        42.895152,
        323.75
      ],
      [
        -8.447774,
        42.895094,
        323.5
      ],
      [
        -8.447679,
        42.895018,
        324.75
      ],
      [
        -8.447546,
        42.894943,
        327.0
      ],
      [
        -8.447264,
        42.894818,
        331.5
      ],
      [
        -8.447204,
        42.894781,
        332.0
      ],
      [
        -8.447158,
        42.894738,
        332.0
      ],
      [
        -8.447133,
        42.894685,
        331.75
      ],
      [
        -8.447126,
        42.894557,
        331.5
      ],
      [
        -8.447139,
        42.894492,
        331.5
      ],
      [
        -8.447162,
        42.894432,
        332.0
      ],
      [
        -8.447202,
        42.894366,
        334.0
      ],
      [
        -8.447246,
        42.894321,
        335.25
      ],
      [
        -8.447367,
        42.894238,
        336.75
      ],
      [
        -8.447628,
        42.894122,
        339.0
      ],
      [
        -8.44775,
        42.894048,
        341.0
      ],
      [
        -8.447788,
        42.894006,
        341.75
      ],
      [
        -8.447909,
        42.893817,
        345.0
      ],
      [
        -8.448024,
        42.893605,
        348.0
      ],
      [
        -8.44811,
        42.893448,
        348.75
      ],
      [
        -8.448169,
        42.893366,
        349.25
      ],
      [
        -8.448514,
        42.893051,
        349.25
      ],
      [
        -8.44903,
        42.892648,
        349.0
      ],
      [
        -8.449206,
        42.892527,
        349.25
      ],
      [
        -8.449313,
        42.892486,
        349.0
      ],
      [
        -8.449792,
        42.892167,
        348.0
      ],
      [
        -8.449837,
        42.892126,
        348.25
      ],
      [
        -8.449859,
        42.892016,
        349.75
      ],
      [
        -8.449856,
        42.891951,
        350.75
      ],
      [
        -8.449834,
        42.89189,
        351.25
      ],
      [
        -8.449773,
        42.891768,
        352.0
      ],
      [
        -8.449712,
        42.891687,
        352.75
      ],
      [
        -8.449629,
        42.891603,
        353.75
      ],
      [
        -8.449655,
        42.89158,
        353.5
      ],
      [
        -8.449804,
        42.891552,
        353.0
      ],
      [
        -8.450109,
        42.891514,
        353.0
      ],
      [
        -8.450576,
        42.891406,
        353.0
      ],
      [
        -8.450804,
        42.891409,
        353.0
      ],
      [
        -8.450927,
        42.891423,
        352.0
      ],
      [
        -8.451021,
        42.891446,
        351.0
      ],
      [
        -8.451128,
        42.891452,
        350.0
      ],
      [
        -8.451503,
        42.891412,
        349.0
      ],
      [
        -8.451759,
        42.891394,
        350.5
      ],
      [
        -8.452487,
        42.89137,
        356.75
      ],
      [
        -8.452598,
        42.891344,
        357.5
      ],
      [
        -8.452808,
        42.891178,
        359.0
      ],
      [
        -8.453032,
        42.891015,
        360.25
      ],
      [
        -8.453095,
        42.890987,
        360.75
      ],
      [
        -8.453157,
        42.890972,
        361.0
      ],
      [
        -8.453298,
        42.890954,
        362.0
      ],
      [
        -8.454655,
        42.890879,
        367.25
      ],
      [
        -8.45474,
        42.890865,
        367.25
      ],
      [
        -8.454819,
        42.890841,
        367.75
      ],
      [
        -8.454953,
        42.890763,
        368.0
      ],
      [
        -8.455195,
        42.890605,
        368.0
      ],
      [
        -8.455506,
        42.890439,
        368.75
      ],
      [
        -8.456272,
        42.890176,
        370.75
      ],
      [
        -8.456476,
        42.890154,
        371.5
      ],
      [
        -8.45694,
        42.890117,
        372.0
      ],
      [
        -8.457493,
        42.890144,
        373.5
      ],
      [
        -8.457788,
        42.890173,
        374.5
      ],
      [
        -8.458017,
        42.890245,
        375.5
      ],
      [
        -8.458347,
        42.89037,
        378.25
      ],
      [
        -8.458435,
        42.890386,
        378.75
      ],
      [
        -8.458727,
        42.890398,
        379.5
      ],
      [
        -8.458987,
        42.890442,
        380.5
      ],
      [
        -8.459635,
        42.890571,
        381.25
      ],
      [
        -8.459738,
        42.890578,
        381.0
      ],
      [
        -8.460133,
        42.890591,
        381.0
      ],
      [
        -8.460348,
        42.890582,
        381.0
      ],
      [
        -8.461347,
        42.890393,
        381.5
      ],
      [
        -8.461763,
        42.890372,
        381.5
      ],
      [
        -8.462671,
        42.890384,
        382.0
      ],
      [
        -8.463275,
        42.890401,
        382.0
      ],
      [
        -8.463627,
        42.890429,
        382.25
      ],
      [
        -8.465636,
        42.890725,
        384.25
      ],
      [
        -8.468553,
        42.891124,
        387.75
      ],
      [
        -8.46921,
        42.891232,
        389.25
      ],
      [
        -8.469707,
        42.891311,
        389.25
      ],
      [
        -8.47139,
        42.891543,
        386.25
      ],
      [
        -8.475878,
        42.892081,
        380.25
      ],
      [
        -8.476092,
        42.892118,
        380.0
      ],
      [
        -8.476289,
        42.892186,
        379.25
      ],
      [
        -8.47643,
        42.892252,
        379.0
      ],
      [
        -8.476485,
        42.892288,
        379.0
      ],
      [
        -8.476536,
        42.89232,
        379.0
      ],
      [
        -8.476604,
        42.892295,
        379.0
      ],
      [
        -8.47662,
        42.892287,
        379.0
      ],
      [
        -8.476609,
        42.892246,
        378.75
      ],
      [
        -8.476323,
        42.891143,
        380.0
      ],
      [
        -8.476173,
        42.890592,
        380.75
      ],
      [
        -8.476177,
        42.890564,
        380.75
      ],
      [
        -8.47621,
        42.890545,
        380.5
      ],
      [
        -8.476262,
        42.89052,
        380.5
      ],
      [
        -8.476331,
        42.890505,
        380.25
      ],
      [
        -8.476405,
        42.890504,
        380.0
      ],
      [
        -8.484228,
        42.890725,
        378.75
      ],
      [
        -8.48579,
        42.89076,
        373.5
      ],
      [
        -8.48589,
        42.89076,
        373.0
      ],
      [
        -8.485929,
        42.890745,
        372.5
      ],
      [
        -8.485954,
        42.890727,
        372.5
      ],
      [
        -8.486017,
        42.890642,
        372.0
      ],
      [
        -8.486073,
        42.890607,
        371.25
      ],
      [
        -8.48611,
        42.890596,
        371.0
      ],
      [
        -8.486264,
        42.890593,
        369.75
      ],
      [
        -8.486462,
        42.890621,
        368.25
      ],
      [
        -8.487337,
        42.890793,
        361.25
      ],
      [
        -8.48737,
        42.890799,
        361.0
      ],
      [
        -8.487443,
        42.891164,
        360.75
      ],
      [
        -8.487471,
        42.891226,
        360.5
      ],
      [
        -8.487535,
        42.891313,
        360.0
      ],
      [
        -8.487673,
        42.891449,
        359.75
      ],
      [
        -8.487703,
        42.891478,
        360.0
      ],
      [
        -8.487789,
        42.891553,
        360.0
      ],
      [
        -8.487836,
        42.891533,
        360.0
      ],
      [
        -8.487878,
        42.891515,
        360.0
      ],
      [
        -8.488006,
        42.891489,
        360.0
      ],
      [
        -8.488269,
        42.891451,
        360.0
      ],
      [
        -8.489028,
        42.891343,
        359.75
      ],
      [
        -8.489095,
        42.891326,
        359.75
      ],
      [
        -8.48959,
        42.891143,
        360.5
      ],
      [
        -8.489755,
        42.891089,
        361.0
      ],
      [
        -8.49037,
        42.890966,
        363.5
      ],
      [
        -8.490946,
        42.890851,
        366.0
      ],
      [
        -8.491202,
        42.890803,
        365.75
      ],
      [
        -8.49139,
        42.890752,
        365.5
      ],
      [
        -8.491632,
        42.890644,
        365.25
      ],
      [
        -8.492591,
        42.890245,
        367.25
      ],
      [
        -8.492784,
        42.890145,
        368.0
      ],
      [
        -8.492825,
        42.890123,
        368.25
      ],
      [
        -8.49288,
        42.890095,
        368.5
      ],
      [
        -8.493026,
        42.890056,
        370.0
      ],
      [
        -8.493413,
        42.889951,
        370.75
      ],
      [
        -8.494015,
        42.889731,
        371.75
      ],
      [
        -8.494105,
        42.889719,
        372.0
      ],
      [
        -8.494096,
        42.889679,
        372.0
      ],
      [
        -8.494087,
        42.889632,
        372.5
      ],
      [
        -8.494015,
        42.889525,
        373.25
      ],
      [
        -8.493893,
        42.889562,
        374.0
      ],
      [
        -8.494015,
        42.889525,
        373.25
      ],
      [
        -8.494087,
        42.889632,
        372.5
      ],
      [
        -8.494096,
        42.889679,
        372.0
      ],
      [
        -8.494105,
        42.889719,
        372.0
      ],
      [
        -8.494294,
        42.889695,
        372.0
      ],
      [
        -8.494359,
        42.889678,
        372.0
      ],
      [
        -8.494425,
        42.889653,
        372.0
      ],
      [
        -8.494569,
        42.889584,
        371.5
      ],
      [
        -8.495032,
        42.8894,
        370.0
      ],
      [
        -8.495894,
        42.889092,
        366.5
      ],
      [
        -8.497375,
        42.888553,
        353.75
      ],
      [
        -8.497678,
        42.888452,
        351.0
      ],
      [
        -8.498146,
        42.888319,
        347.0
      ],
      [
        -8.498583,
        42.888208,
        342.5
      ],
      [
        -8.499902,
        42.887852,
        332.75
      ],
      [
        -8.500005,
        42.887832,
        331.5
      ],
      [
        -8.5002,
        42.887814,
        329.75
      ],
      [
        -8.50042,
        42.887821,
        327.75
      ],
      [
        -8.500557,
        42.887835,
        326.25
      ],
      [
        -8.501583,
        42.887993,
        313.75
      ],
      [
        -8.501712,
        42.888006,
        312.0
      ],
      [
        -8.501819,
        42.888007,
        310.75
      ],
      [
        -8.501899,
        42.887997,
        310.0
      ],
      [
        -8.502043,
        42.887962,
        309.0
      ],
      [
        -8.502311,
        42.887858,
        307.75
      ],
      [
        -8.503235,
        42.887557,
        305.5
      ],
      [
        -8.503516,
        42.887492,
        304.25
      ],
      [
        -8.503737,
        42.887435,
        303.0
      ],
      [
        -8.503831,
        42.887454,
        301.5
      ],
      [
        -8.50388,
        42.887486,
        300.25
      ],
      [
        -8.503926,
        42.887543,
        298.75
      ],
      [
        -8.503953,
        42.887607,
        297.5
      ],
      [
        -8.503935,
        42.887697,
        296.5
      ],
      [
        -8.50389,
        42.887789,
        295.75
      ],
      [
        -8.503756,
        42.888003,
        295.0
      ],
      [
        -8.5037,
        42.888093,
        294.5
      ],
      [
        -8.503633,
        42.888239,
        293.0
      ],
      [
        -8.50358,
        42.888353,
        292.25
      ],
      [
        -8.503521,
        42.888449,
        292.75
      ],
      [
        -8.503437,
        42.888492,
        293.25
      ],
      [
        -8.50297,
        42.888691,
        295.0
      ],
      [
        -8.502728,
        42.888792,
        296.0
      ],
      [
        -8.502767,
        42.888831,
        296.0
      ],
      [
        -8.502824,
        42.888853,
        295.5
      ],
      [
        -8.502862,
        42.888911,
        295.0
      ],
      [
        -8.502871,
        42.88894,
        294.5
      ],
      [
        -8.502701,
        42.889318,
        292.75
      ],
      [
        -8.502691,
        42.889585,
        291.0
      ],
      [
        -8.502712,
        42.889691,
        291.0
      ],
      [
        -8.502819,
        42.889878,
        291.0
      ],
      [
        -8.502994,
        42.890092,
        290.75
      ],
      [
        -8.503206,
        42.890294,
        290.5
      ],
      [
        -8.50337,
        42.890477,
        290.0
      ],
      [
        -8.503471,
        42.890662,
        289.75
      ],
      [
        -8.503519,
        42.891131,
        294.0
      ],
      [
        -8.503568,
        42.891362,
        294.25
      ],
      [
        -8.503593,
        42.891407,
        294.25
      ],
      [
        -8.503656,
        42.89145,
        292.75
      ],
      [
        -8.504603,
        42.891605,
        284.0
      ],
      [
        -8.504703,
        42.891633,
        285.25
      ],
      [
        -8.504791,
        42.891681,
        284.75
      ],
      [
        -8.505106,
        42.8919,
        281.75
      ],
      [
        -8.505308,
        42.892089,
        280.75
      ],
      [
        -8.505576,
        42.892403,
        280.0
      ],
      [
        -8.505726,
        42.89269,
        279.75
      ],
      [
        -8.505829,
        42.892795,
        279.0
      ],
      [
        -8.505896,
        42.892686,
        278.25
      ],
      [
        -8.505995,
        42.892285,
        276.5
      ],
      [
        -8.506048,
        42.892148,
        276.25
      ],
      [
        -8.506104,
        42.892147,
        276.0
      ],
      [
        -8.506325,
        42.892183,
        274.5
      ],
      [
        -8.506623,
        42.892231,
        274.0
      ],
      [
        -8.506776,
        42.892259,
        274.75
      ],
      [
        -8.506811,
        42.892265,
        275.0
      ],
      [
        -8.506849,
        42.892272,
        275.5
      ],
      [
        -8.507024,
        42.892298,
        278.0
      ],
      [
        -8.507377,
        42.892376,
        279.0
      ],
      [
        -8.507455,
        42.892385,
        278.0
      ],
      [
        -8.508385,
        42.892517,
        281.0
      ],
      [
        -8.50846,
        42.892533,
        281.0
      ],
      [
        -8.508547,
        42.892564,
        281.25
      ],
      [
        -8.508616,
        42.892539,
        281.25
      ],
      [
        -8.508678,
        42.892503,
        281.5
      ],
      [
        -8.509064,
        42.892233,
        281.0
      ],
      [
        -8.509428,
        42.892013,
        280.25
      ],
      [
        -8.509503,
        42.891951,
        280.25
      ],
      [
        -8.509565,
        42.891882,
        280.5
      ],
      [
        -8.509631,
        42.891779,
        280.5
      ],
      [
        -8.509707,
        42.891612,
        279.75
      ],
      [
        -8.509717,
        42.89157,
        279.75
      ],
      [
        -8.509713,
        42.891517,
        279.75
      ],
      [
        -8.509757,
        42.891445,
        280.0
      ],
      [
        -8.509814,
        42.891431,
        280.0
      ],
      [
        -8.50988,
        42.891431,
        280.0
      ],
      [
        -8.510025,
        42.891468,
        280.25
      ],
      [
        -8.510742,
        42.891756,
        281.25
      ],
      [
        -8.510951,
        42.891815,
        281.75
      ],
      [
        -8.511621,
        42.891508,
        281.25
      ],
      [
        -8.511983,
        42.891349,
        280.0
      ],
      [
        -8.51269,
        42.891037,
        279.5
      ],
      [
        -8.513165,
        42.890828,
        278.75
      ],
      [
        -8.513862,
        42.890524,
        277.75
      ],
      [
        -8.51429,
        42.890331,
        278.25
      ],
      [
        -8.514697,
        42.890158,
        279.75
      ],
      [
        -8.514838,
        42.890077,
        280.25
      ],
      [
        -8.515099,
        42.889919,
        281.5
      ],
      [
        -8.515164,
        42.889869,
        282.0
      ],
      [
        -8.515309,
        42.88964,
        283.0
      ],
      [
        -8.515337,
        42.889595,
        283.0
      ],
      [
        -8.515365,
        42.88955,
        283.25
      ],
      [
        -8.515597,
        42.889176,
        285.0
      ],
      [
        -8.515683,
        42.889041,
        284.75
      ],
      [
        -8.515778,
        42.88887,
        284.5
      ],
      [
        -8.515963,
        42.888564,
        285.25
      ],
      [
        -8.516091,
        42.888342,
        284.75
      ],
      [
        -8.516118,
        42.888293,
        285.0
      ],
      [
        -8.516232,
        42.888091,
        285.0
      ],
      [
        -8.516327,
        42.887952,
        284.75
      ],
      [
        -8.516474,
        42.887831,
        285.25
      ],
      [
        -8.516648,
        42.887709,
        285.75
      ],
      [
        -8.516763,
        42.88758,
        286.0
      ],
      [
        -8.516839,
        42.887462,
        286.0
      ],
      [
        -8.51689,
        42.887175,
        286.75
      ],
      [
        -8.516948,
        42.886973,
        287.0
      ],
      [
        -8.517004,
        42.886979,
        287.0
      ],
      [
        -8.517408,
        42.887019,
        287.5
      ],
      [
        -8.517445,
        42.887023,
        287.75
      ],
      [
        -8.517479,
        42.887028,
        287.75
      ],
      [
        -8.517549,
        42.887047,
        288.0
      ],
      [
        -8.51764,
        42.88707,
        288.5
      ],
      [
        -8.517958,
        42.887152,
        289.0
      ],
      [
        -8.518561,
        42.887226,
        290.0
      ],
      [
        -8.518714,
        42.887261,
        290.25
      ],
      [
        -8.518736,
        42.887324,
        290.25
      ],
      [
        -8.519143,
        42.887439,
        291.0
      ],
      [
        -8.519849,
        42.887576,
        292.0
      ],
      [
        -8.520681,
        42.8877,
        292.25
      ],
      [
        -8.520856,
        42.887729,
        292.5
      ],
      [
        -8.520939,
        42.887742,
        292.5
      ],
      [
        -8.521015,
        42.887742,
        292.5
      ],
      [
        -8.521963,
        42.887719,
        293.75
      ],
      [
        -8.522621,
        42.887708,
        294.0
      ],
      [
        -8.522854,
        42.887709,
        294.0
      ],
      [
        -8.52319,
        42.887798,
        293.75
      ],
      [
        -8.523222,
        42.887819,
        294.25
      ],
      [
        -8.523268,
        42.887849,
        294.75
      ],
      [
        -8.523376,
        42.887787,
        293.25
      ],
      [
        -8.523422,
        42.887743,
        292.5
      ],
      [
        -8.523448,
        42.887693,
        291.5
      ],
      [
        -8.523455,
        42.887643,
        290.5
      ],
      [
        -8.52345,
        42.887599,
        289.75
      ],
      [
        -8.523511,
        42.887588,
        289.0
      ],
      [
        -8.524801,
        42.887817,
        290.5
      ],
      [
        -8.524884,
        42.887831,
        290.5
      ],
      [
        -8.524963,
        42.887851,
        290.75
      ],
      [
        -8.525073,
        42.887844,
        290.75
      ],
      [
        -8.525296,
        42.887847,
        291.0
      ],
      [
        -8.525524,
        42.887865,
        291.5
      ],
      [
        -8.525597,
        42.887849,
        291.5
      ],
      [
        -8.525868,
        42.887892,
        291.75
      ],
      [
        -8.526379,
        42.88795,
        292.5
      ],
      [
        -8.526439,
        42.887953,
        292.5
      ],
      [
        -8.52668,
        42.887964,
        293.0
      ],
      [
        -8.526738,
        42.887967,
        293.25
      ],
      [
        -8.527181,
        42.887982,
        294.25
      ],
      [
        -8.527617,
        42.887979,
        295.0
      ],
      [
        -8.527738,
        42.888003,
        295.0
      ],
      [
        -8.527866,
        42.888063,
        295.0
      ],
      [
        -8.527922,
        42.888086,
        295.0
      ],
      [
        -8.527984,
        42.888098,
        295.0
      ],
      [
        -8.528043,
        42.888097,
        295.0
      ],
      [
        -8.528099,
        42.888085,
        295.0
      ],
      [
        -8.52815,
        42.888064,
        295.0
      ],
      [
        -8.528213,
        42.888014,
        294.75
      ],
      [
        -8.528235,
        42.887984,
        294.75
      ],
      [
        -8.528243,
        42.887917,
        294.75
      ],
      [
        -8.52823,
        42.887869,
        294.75
      ],
      [
        -8.528199,
        42.887826,
        294.5
      ],
      [
        -8.528148,
        42.887788,
        294.25
      ],
      [
        -8.528084,
        42.887764,
        293.75
      ],
      [
        -8.528013,
        42.887755,
        294.0
      ],
      [
        -8.527967,
        42.887728,
        294.0
      ],
      [
        -8.527938,
        42.887701,
        294.0
      ],
      [
        -8.527891,
        42.887621,
        294.0
      ],
      [
        -8.527887,
        42.887608,
        294.0
      ],
      [
        -8.527881,
        42.887581,
        294.0
      ],
      [
        -8.527975,
        42.887481,
        292.75
      ],
      [
        -8.528011,
        42.887457,
        292.25
      ],
      [
        -8.528062,
        42.887441,
        291.75
      ],
      [
        -8.528151,
        42.887445,
        291.0
      ],
      [
        -8.528192,
        42.887465,
        290.75
      ],
      [
        -8.528373,
        42.887559,
        290.75
      ],
      [
        -8.528448,
        42.887587,
        290.75
      ],
      [
        -8.528515,
        42.887602,
        291.0
      ],
      [
        -8.528609,
        42.887613,
        290.75
      ],
      [
        -8.528696,
        42.887616,
        290.75
      ],
      [
        -8.529184,
        42.88757,
        288.75
      ],
      [
        -8.52938,
        42.887539,
        287.25
      ],
      [
        -8.529577,
        42.887481,
        286.25
      ],
      [
        -8.529699,
        42.887425,
        286.5
      ],
      [
        -8.529799,
        42.887366,
        286.75
      ],
      [
        -8.530182,
        42.887084,
        287.5
      ],
      [
        -8.530409,
        42.886927,
        287.25
      ],
      [
        -8.530511,
        42.886863,
        287.5
      ],
      [
        -8.530716,
        42.886754,
        288.25
      ],
      [
        -8.530804,
        42.88672,
        288.25
      ],
      [
        -8.530986,
        42.886672,
        288.5
      ],
      [
        -8.531131,
        42.886653,
        288.75
      ],
      [
        -8.531216,
        42.886649,
        288.75
      ],
      [
        -8.531321,
        42.886647,
        288.75
      ],
      [
        -8.531723,
        42.886677,
        287.75
      ],
      [
        -8.531939,
        42.886703,
        287.0
      ],
      [
        -8.532237,
        42.886756,
        286.5
      ],
      [
        -8.532414,
        42.88679,
        284.75
      ],
      [
        -8.532438,
        42.886795,
        284.5
      ],
      [
        -8.532455,
        42.886798,
        284.25
      ],
      [
        -8.532527,
        42.886842,
        283.75
      ],
      [
        -8.532585,
        42.886878,
        283.5
      ],
      [
        -8.532597,
        42.886897,
        283.5
      ],
      [
        -8.532638,
        42.886929,
        283.25
      ],
      [
        -8.532697,
        42.886945,
        283.25
      ],
      [
        -8.53273,
        42.886945,
        283.0
      ],
      [
        -8.532774,
        42.886935,
        282.75
      ],
      [
        -8.532806,
        42.886918,
        283.0
      ],
      [
        -8.532838,
        42.886885,
        283.0
      ],
      [
        -8.532848,
        42.886846,
        282.75
      ],
      [
        -8.532834,
        42.886802,
        282.5
      ],
      [
        -8.532787,
        42.886764,
        282.25
      ],
      [
        -8.532801,
        42.886628,
        281.75
      ],
      [
        -8.532832,
        42.886476,
        280.75
      ],
      [
        -8.532852,
        42.886416,
        280.25
      ],
      [
        -8.533062,
        42.886054,
        277.5
      ],
      [
        -8.533389,
        42.885475,
        274.0
      ],
      [
        -8.533503,
        42.885283,
        272.5
      ],
      [
        -8.53356,
        42.885134,
        271.25
      ],
      [
        -8.533576,
        42.884992,
        269.75
      ],
      [
        -8.533572,
        42.884897,
        269.25
      ],
      [
        -8.533563,
        42.884777,
        269.0
      ],
      [
        -8.533681,
        42.884662,
        269.0
      ],
      [
        -8.533741,
        42.884592,
        269.0
      ],
      [
        -8.533812,
        42.884485,
        268.75
      ],
      [
        -8.533925,
        42.884307,
        269.5
      ],
      [
        -8.534026,
        42.884142,
        270.25
      ],
      [
        -8.534071,
        42.884043,
        270.5
      ],
      [
        -8.534121,
        42.883868,
        270.25
      ],
      [
        -8.534209,
        42.883371,
        271.5
      ],
      [
        -8.534363,
        42.882637,
        273.25
      ],
      [
        -8.534408,
        42.882496,
        272.5
      ],
      [
        -8.534477,
        42.882393,
        273.0
      ],
      [
        -8.53491,
        42.881907,
        275.75
      ],
      [
        -8.534948,
        42.881878,
        276.0
      ],
      [
        -8.535006,
        42.881844,
        276.25
      ],
      [
        -8.535074,
        42.881819,
        277.0
      ],
      [
        -8.535239,
        42.881778,
        278.0
      ],
      [
        -8.535256,
        42.881818,
        278.25
      ],
      [
        -8.535267,
        42.881885,
        278.5
      ],
      [
        -8.535317,
        42.882391,
        283.5
      ],
      [
        -8.535326,
        42.882504,
        284.25
      ],
      [
        -8.535363,
        42.882524,
        284.75
      ],
      [
        -8.535398,
        42.882532,
        285.0
      ],
      [
        -8.535414,
        42.882535,
        285.25
      ],
      [
        -8.535474,
        42.882522,
        285.5
      ],
      [
        -8.535785,
        42.882369,
        286.75
      ],
      [
        -8.535859,
        42.88233,
        286.75
      ],
      [
        -8.536159,
        42.882207,
        284.0
      ],
      [
        -8.536242,
        42.882187,
        284.0
      ],
      [
        -8.536436,
        42.882154,
        284.25
      ],
      [
        -8.536782,
        42.882082,
        283.25
      ],
      [
        -8.537114,
        42.882024,
        282.5
      ],
      [
        -8.537491,
        42.881947,
        281.0
      ],
      [
        -8.537646,
        42.88193,
        280.5
      ],
      [
        -8.538064,
        42.881902,
        277.75
      ],
      [
        -8.538464,
        42.881882,
        273.5
      ],
      [
        -8.538635,
        42.881881,
        272.25
      ],
      [
        -8.538769,
        42.881906,
        270.75
      ],
      [
        -8.5392,
        42.88204,
        266.25
      ],
      [
        -8.53965,
        42.882206,
        265.5
      ],
      [
        -8.539698,
        42.882181,
        264.75
      ],
      [
        -8.539952,
        42.88204,
        262.5
      ],
      [
        -8.539958,
        42.882027,
        262.5
      ],
      [
        -8.539937,
        42.882001,
        262.25
      ],
      [
        -8.53995,
        42.881951,
        262.0
      ],
      [
        -8.539965,
        42.881897,
        261.75
      ],
      [
        -8.539985,
        42.881779,
        261.25
      ],
      [
        -8.540071,
        42.881757,
        261.75
      ],
      [
        -8.540107,
        42.881748,
        261.75
      ],
      [
        -8.540123,
        42.881746,
        262.0
      ],
      [
        -8.540165,
        42.88174,
        262.25
      ],
      [
        -8.540166,
        42.88171,
        262.25
      ],
      [
        -8.540171,
        42.881435,
        261.0
      ],
      [
        -8.540173,
        42.881329,
        260.75
      ],
      [
        -8.540187,
        42.881209,
        261.0
      ],
      [
        -8.540238,
        42.881044,
        260.75
      ],
      [
        -8.540277,
        42.880945,
        260.75
      ],
      [
        -8.540376,
        42.880736,
        260.75
      ],
      [
        -8.540393,
        42.880704,
        260.75
      ],
      [
        -8.540409,
        42.880671,
        260.5
      ],
      [
        -8.540424,
        42.880641,
        260.25
      ],
      [
        -8.540444,
        42.880605,
        260.25
      ],
      [
        -8.540462,
        42.880571,
        260.0
      ],
      [
        -8.540784,
        42.879943,
        259.75
      ],
      [
        -8.540831,
        42.879832,
        259.0
      ],
      [
        -8.541075,
        42.879121,
        259.0
      ],
      [
        -8.541194,
        42.878785,
        258.5
      ],
      [
        -8.541211,
        42.878743,
        258.5
      ],
      [
        -8.541221,
        42.878717,
        258.25
      ],
      [
        -8.541232,
        42.878686,
        258.25
      ],
      [
        -8.541247,
        42.878655,
        258.0
      ],
      [
        -8.541363,
        42.87843,
        257.0
      ],
      [
        -8.54147,
        42.878256,
        257.5
      ],
      [
        -8.54155,
        42.878141,
        257.75
      ],
      [
        -8.541629,
        42.878052,
        257.75
      ],
      [
        -8.541719,
        42.877973,
        258.5
      ],
      [
        -8.541848,
        42.877889,
        259.0
      ],
      [
        -8.542106,
        42.877774,
        258.25
      ],
      [
        -8.542392,
        42.877653,
        257.75
      ],
      [
        -8.542462,
        42.877622,
        257.75
      ],
      [
        -8.542963,
        42.877399,
        257.75
      ],
      [
        -8.543705,
        42.877077,
        256.0
      ],
      [
        -8.543721,
        42.877071,
        256.0
      ],
      [
        -8.543988,
        42.876959,
        255.0
      ],
      [
        -8.54403,
        42.876945,
        255.0
      ],
      [
        -8.544078,
        42.876929,
        254.75
      ],
      [
        -8.544105,
        42.87692,
        254.75
      ],
      [
        -8.54414,
        42.876909,
        254.75
      ],
      [
        -8.544174,
        42.876898,
        254.75
      ],
      [
        -8.544177,
        42.876927,
        254.75
      ],
      [
        -8.544195,
        42.877049,
        255.75
      ],
      [
        -8.544164,
        42.877419,
        257.5
      ],
      [
        -8.544142,
        42.877473,
        257.75
      ],
      [
        -8.544377,
        42.877523,
        257.25
      ],
      [
        -8.544215,
        42.87771,
        257.75
      ],
      [
        -8.544443,
        42.877781,
        257.0
      ]
    ]
  }
}
